<?xml version="1.0" encoding="UTF-8"?>
<gpx creator="Garmin Connect" version="1.1"
  xsi:schemaLocation="http://www.topografix.com/GPX/1/1 http://www.topografix.com/GPX/11.xsd"
  xmlns:ns3="http://www.garmin.com/xmlschemas/TrackPointExtension/v1"
  xmlns="http://www.topografix.com/GPX/1/1"
  xmlns:xsi="http://www.w3.org/2001/XMLSchema-instance" xmlns:ns2="http://www.garmin.com/xmlschemas/GpxExtensions/v3">
  <metadata>
    <link href="connect.garmin.com">
      <text>Garmin Connect</text>
    </link>
    <time>2025-08-12T23:44:13.000Z</time>
  </metadata>
  <trk>
    <name>Bayan-Ölgii Cycling</name>
    <type>cycling</type>
    <trkseg>
      <trkpt lat="48.4539650380611419677734375" lon="90.29345956631004810333251953125">
        <ele>2115.199951171875</ele>
        <time>2025-08-12T23:44:13.000Z</time>
        <extensions>
          <ns3:TrackPointExtension>
            <ns3:atemp>17.0</ns3:atemp>
          </ns3:TrackPointExtension>
        </extensions>
      </trkpt>
      <trkpt lat="48.453963696956634521484375" lon="90.29346040450036525726318359375">
        <ele>2115.199951171875</ele>
        <time>2025-08-12T23:44:14.000Z</time>
        <extensions>
          <ns3:TrackPointExtension>
            <ns3:atemp>17.0</ns3:atemp>
          </ns3:TrackPointExtension>
        </extensions>
      </trkpt>
      <trkpt lat="48.4539330191910266876220703125" lon="90.293397121131420135498046875">
        <ele>2115.199951171875</ele>
        <time>2025-08-12T23:44:19.000Z</time>
        <extensions>
          <ns3:TrackPointExtension>
            <ns3:atemp>17.0</ns3:atemp>
          </ns3:TrackPointExtension>
        </extensions>
      </trkpt>
      <trkpt lat="48.45391784794628620147705078125" lon="90.2933473326265811920166015625">
        <ele>2115.199951171875</ele>
        <time>2025-08-12T23:44:21.000Z</time>
        <extensions>
          <ns3:TrackPointExtension>
            <ns3:atemp>16.0</ns3:atemp>
          </ns3:TrackPointExtension>
        </extensions>
      </trkpt>
      <trkpt lat="48.45389731228351593017578125" lon="90.2931867353618144989013671875">
        <ele>2115.199951171875</ele>
        <time>2025-08-12T23:44:27.000Z</time>
        <extensions>
          <ns3:TrackPointExtension>
            <ns3:atemp>16.0</ns3:atemp>
          </ns3:TrackPointExtension>
        </extensions>
      </trkpt>
      <trkpt lat="48.45384593121707439422607421875" lon="90.2930506132543087005615234375">
        <ele>2115.39990234375</ele>
        <time>2025-08-12T23:44:34.000Z</time>
        <extensions>
          <ns3:TrackPointExtension>
            <ns3:atemp>16.0</ns3:atemp>
          </ns3:TrackPointExtension>
        </extensions>
      </trkpt>
      <trkpt lat="48.45383436419069766998291015625" lon="90.29305170290172100067138671875">
        <ele>2115.39990234375</ele>
        <time>2025-08-12T23:44:35.000Z</time>
        <extensions>
          <ns3:TrackPointExtension>
            <ns3:atemp>16.0</ns3:atemp>
          </ns3:TrackPointExtension>
        </extensions>
      </trkpt>
      <trkpt lat="48.45378692261874675750732421875" lon="90.29306075535714626312255859375">
        <ele>2115.199951171875</ele>
        <time>2025-08-12T23:44:38.000Z</time>
        <extensions>
          <ns3:TrackPointExtension>
            <ns3:atemp>16.0</ns3:atemp>
          </ns3:TrackPointExtension>
        </extensions>
      </trkpt>
      <trkpt lat="48.45369656570255756378173828125" lon="90.29302337206900119781494140625">
        <ele>2115.199951171875</ele>
        <time>2025-08-12T23:44:45.000Z</time>
        <extensions>
          <ns3:TrackPointExtension>
            <ns3:atemp>16.0</ns3:atemp>
          </ns3:TrackPointExtension>
        </extensions>
      </trkpt>
      <trkpt lat="48.4536835737526416778564453125" lon="90.2930060215294361114501953125">
        <ele>2115.199951171875</ele>
        <time>2025-08-12T23:44:46.000Z</time>
        <extensions>
          <ns3:TrackPointExtension>
            <ns3:atemp>16.0</ns3:atemp>
          </ns3:TrackPointExtension>
        </extensions>
      </trkpt>
      <trkpt lat="48.4536512196063995361328125" lon="90.292897559702396392822265625">
        <ele>2115</ele>
        <time>2025-08-12T23:44:51.000Z</time>
        <extensions>
          <ns3:TrackPointExtension>
            <ns3:atemp>16.0</ns3:atemp>
          </ns3:TrackPointExtension>
        </extensions>
      </trkpt>
      <trkpt lat="48.45362213440239429473876953125" lon="90.292847268283367156982421875">
        <ele>2115</ele>
        <time>2025-08-12T23:44:54.000Z</time>
        <extensions>
          <ns3:TrackPointExtension>
            <ns3:atemp>16.0</ns3:atemp>
          </ns3:TrackPointExtension>
        </extensions>
      </trkpt>
      <trkpt lat="48.45359246246516704559326171875" lon="90.29284416697919368743896484375">
        <ele>2115</ele>
        <time>2025-08-12T23:44:57.000Z</time>
        <extensions>
          <ns3:TrackPointExtension>
            <ns3:atemp>16.0</ns3:atemp>
          </ns3:TrackPointExtension>
        </extensions>
      </trkpt>
      <trkpt lat="48.45358575694262981414794921875" lon="90.2928447537124156951904296875">
        <ele>2115</ele>
        <time>2025-08-12T23:44:58.000Z</time>
        <extensions>
          <ns3:TrackPointExtension>
            <ns3:atemp>16.0</ns3:atemp>
          </ns3:TrackPointExtension>
        </extensions>
      </trkpt>
      <trkpt lat="48.4535699151456356048583984375" lon="90.29280711896717548370361328125">
        <ele>2114.800048828125</ele>
        <time>2025-08-12T23:45:01.000Z</time>
        <extensions>
          <ns3:TrackPointExtension>
            <ns3:atemp>16.0</ns3:atemp>
          </ns3:TrackPointExtension>
        </extensions>
      </trkpt>
      <trkpt lat="48.45355130732059478759765625" lon="90.29265758581459522247314453125">
        <ele>2114.800048828125</ele>
        <time>2025-08-12T23:45:08.000Z</time>
        <extensions>
          <ns3:TrackPointExtension>
            <ns3:atemp>16.0</ns3:atemp>
          </ns3:TrackPointExtension>
        </extensions>
      </trkpt>
      <trkpt lat="48.45348827540874481201171875" lon="90.29243462719023227691650390625">
        <ele>2114.60009765625</ele>
        <time>2025-08-12T23:45:16.000Z</time>
        <extensions>
          <ns3:TrackPointExtension>
            <ns3:atemp>16.0</ns3:atemp>
          </ns3:TrackPointExtension>
        </extensions>
      </trkpt>
      <trkpt lat="48.453455083072185516357421875" lon="90.29236773960292339324951171875">
        <ele>2114.39990234375</ele>
        <time>2025-08-12T23:45:18.000Z</time>
        <extensions>
          <ns3:TrackPointExtension>
            <ns3:atemp>16.0</ns3:atemp>
          </ns3:TrackPointExtension>
        </extensions>
      </trkpt>
      <trkpt lat="48.4534052945673465728759765625" lon="90.292266570031642913818359375">
        <ele>2114.199951171875</ele>
        <time>2025-08-12T23:45:21.000Z</time>
        <extensions>
          <ns3:TrackPointExtension>
            <ns3:atemp>16.0</ns3:atemp>
          </ns3:TrackPointExtension>
        </extensions>
      </trkpt>
      <trkpt lat="48.45338995568454265594482421875" lon="90.2922399155795574188232421875">
        <ele>2114.199951171875</ele>
        <time>2025-08-12T23:45:22.000Z</time>
        <extensions>
          <ns3:TrackPointExtension>
            <ns3:atemp>16.0</ns3:atemp>
          </ns3:TrackPointExtension>
        </extensions>
      </trkpt>
      <trkpt lat="48.453354500234127044677734375" lon="90.2921743690967559814453125">
        <ele>2114</ele>
        <time>2025-08-12T23:45:25.000Z</time>
        <extensions>
          <ns3:TrackPointExtension>
            <ns3:atemp>16.0</ns3:atemp>
          </ns3:TrackPointExtension>
        </extensions>
      </trkpt>
      <trkpt lat="48.45335206948220729827880859375" lon="90.29212969355285167694091796875">
        <ele>2113.800048828125</ele>
        <time>2025-08-12T23:45:27.000Z</time>
        <extensions>
          <ns3:TrackPointExtension>
            <ns3:atemp>15.0</ns3:atemp>
          </ns3:TrackPointExtension>
        </extensions>
      </trkpt>
      <trkpt lat="48.45334502868354320526123046875" lon="90.29200128279626369476318359375">
        <ele>2113.60009765625</ele>
        <time>2025-08-12T23:45:33.000Z</time>
        <extensions>
          <ns3:TrackPointExtension>
            <ns3:atemp>15.0</ns3:atemp>
          </ns3:TrackPointExtension>
        </extensions>
      </trkpt>
      <trkpt lat="48.45325098372995853424072265625" lon="90.2918972633779048919677734375">
        <ele>2113.60009765625</ele>
        <time>2025-08-12T23:45:40.000Z</time>
        <extensions>
          <ns3:TrackPointExtension>
            <ns3:atemp>15.0</ns3:atemp>
          </ns3:TrackPointExtension>
        </extensions>
      </trkpt>
      <trkpt lat="48.45318250358104705810546875" lon="90.29190815985202789306640625">
        <ele>2113.39990234375</ele>
        <time>2025-08-12T23:45:46.000Z</time>
        <extensions>
          <ns3:TrackPointExtension>
            <ns3:atemp>15.0</ns3:atemp>
          </ns3:TrackPointExtension>
        </extensions>
      </trkpt>
      <trkpt lat="48.453177474439144134521484375" lon="90.29192425310611724853515625">
        <ele>2113.39990234375</ele>
        <time>2025-08-12T23:45:47.000Z</time>
        <extensions>
          <ns3:TrackPointExtension>
            <ns3:atemp>15.0</ns3:atemp>
          </ns3:TrackPointExtension>
        </extensions>
      </trkpt>
      <trkpt lat="48.45312617719173431396484375" lon="90.29200463555753231048583984375">
        <ele>2113.39990234375</ele>
        <time>2025-08-12T23:45:52.000Z</time>
        <extensions>
          <ns3:TrackPointExtension>
            <ns3:atemp>15.0</ns3:atemp>
          </ns3:TrackPointExtension>
        </extensions>
      </trkpt>
      <trkpt lat="48.4530841000378131866455078125" lon="90.29201771132647991180419921875">
        <ele>2113.39990234375</ele>
        <time>2025-08-12T23:45:54.000Z</time>
        <extensions>
          <ns3:TrackPointExtension>
            <ns3:atemp>15.0</ns3:atemp>
          </ns3:TrackPointExtension>
        </extensions>
      </trkpt>
      <trkpt lat="48.45300623215734958648681640625" lon="90.29205475933849811553955078125">
        <ele>2113.39990234375</ele>
        <time>2025-08-12T23:45:58.000Z</time>
        <extensions>
          <ns3:TrackPointExtension>
            <ns3:atemp>15.0</ns3:atemp>
          </ns3:TrackPointExtension>
        </extensions>
      </trkpt>
      <trkpt lat="48.45292157493531703948974609375" lon="90.2920617163181304931640625">
        <ele>2113.199951171875</ele>
        <time>2025-08-12T23:46:02.000Z</time>
        <extensions>
          <ns3:TrackPointExtension>
            <ns3:atemp>15.0</ns3:atemp>
          </ns3:TrackPointExtension>
        </extensions>
      </trkpt>
      <trkpt lat="48.45290078781545162200927734375" lon="90.29205727390944957733154296875">
        <ele>2113.199951171875</ele>
        <time>2025-08-12T23:46:03.000Z</time>
        <extensions>
          <ns3:TrackPointExtension>
            <ns3:atemp>15.0</ns3:atemp>
          </ns3:TrackPointExtension>
        </extensions>
      </trkpt>
      <trkpt lat="48.45276097767055034637451171875" lon="90.29194445349276065826416015625">
        <ele>2112.800048828125</ele>
        <time>2025-08-12T23:46:10.000Z</time>
        <extensions>
          <ns3:TrackPointExtension>
            <ns3:atemp>15.0</ns3:atemp>
          </ns3:TrackPointExtension>
        </extensions>
      </trkpt>
      <trkpt lat="48.45271118916571140289306640625" lon="90.29181964695453643798828125">
        <ele>2112.60009765625</ele>
        <time>2025-08-12T23:46:15.000Z</time>
        <extensions>
          <ns3:TrackPointExtension>
            <ns3:atemp>15.0</ns3:atemp>
          </ns3:TrackPointExtension>
        </extensions>
      </trkpt>
      <trkpt lat="48.45267682336270809173583984375" lon="90.29169852845370769500732421875">
        <ele>2112.60009765625</ele>
        <time>2025-08-12T23:46:21.000Z</time>
        <extensions>
          <ns3:TrackPointExtension>
            <ns3:atemp>15.0</ns3:atemp>
          </ns3:TrackPointExtension>
        </extensions>
      </trkpt>
      <trkpt lat="48.45267598517239093780517578125" lon="90.29166097752749919891357421875">
        <ele>2112.60009765625</ele>
        <time>2025-08-12T23:46:23.000Z</time>
        <extensions>
          <ns3:TrackPointExtension>
            <ns3:atemp>15.0</ns3:atemp>
          </ns3:TrackPointExtension>
        </extensions>
      </trkpt>
      <trkpt lat="48.452679254114627838134765625" lon="90.29164471663534641265869140625">
        <ele>2112.800048828125</ele>
        <time>2025-08-12T23:46:25.000Z</time>
        <extensions>
          <ns3:TrackPointExtension>
            <ns3:atemp>15.0</ns3:atemp>
          </ns3:TrackPointExtension>
        </extensions>
      </trkpt>
      <trkpt lat="48.45269978977739810943603515625" lon="90.29151949100196361541748046875">
        <ele>2113</ele>
        <time>2025-08-12T23:46:33.000Z</time>
        <extensions>
          <ns3:TrackPointExtension>
            <ns3:atemp>15.0</ns3:atemp>
          </ns3:TrackPointExtension>
        </extensions>
      </trkpt>
      <trkpt lat="48.45270498655736446380615234375" lon="90.291502475738525390625">
        <ele>2113</ele>
        <time>2025-08-12T23:46:35.000Z</time>
        <extensions>
          <ns3:TrackPointExtension>
            <ns3:atemp>15.0</ns3:atemp>
          </ns3:TrackPointExtension>
        </extensions>
      </trkpt>
      <trkpt lat="48.45271538011729717254638671875" lon="90.291423015296459197998046875">
        <ele>2113.199951171875</ele>
        <time>2025-08-12T23:46:42.000Z</time>
        <extensions>
          <ns3:TrackPointExtension>
            <ns3:atemp>14.0</ns3:atemp>
          </ns3:TrackPointExtension>
        </extensions>
      </trkpt>
      <trkpt lat="48.45271387137472629547119140625" lon="90.29129804112017154693603515625">
        <ele>2113.60009765625</ele>
        <time>2025-08-12T23:46:48.000Z</time>
        <extensions>
          <ns3:TrackPointExtension>
            <ns3:atemp>14.0</ns3:atemp>
          </ns3:TrackPointExtension>
        </extensions>
      </trkpt>
      <trkpt lat="48.4526422061026096343994140625" lon="90.2910879068076610565185546875">
        <ele>2113</ele>
        <time>2025-08-12T23:46:55.000Z</time>
        <extensions>
          <ns3:TrackPointExtension>
            <ns3:atemp>14.0</ns3:atemp>
          </ns3:TrackPointExtension>
        </extensions>
      </trkpt>
      <trkpt lat="48.452538438141345977783203125" lon="90.29083016328513622283935546875">
        <ele>2113</ele>
        <time>2025-08-12T23:47:04.000Z</time>
        <extensions>
          <ns3:TrackPointExtension>
            <ns3:atemp>14.0</ns3:atemp>
          </ns3:TrackPointExtension>
        </extensions>
      </trkpt>
      <trkpt lat="48.45248772762715816497802734375" lon="90.29072036035358905792236328125">
        <ele>2112.800048828125</ele>
        <time>2025-08-12T23:47:08.000Z</time>
        <extensions>
          <ns3:TrackPointExtension>
            <ns3:atemp>14.0</ns3:atemp>
          </ns3:TrackPointExtension>
        </extensions>
      </trkpt>
      <trkpt lat="48.45246995799243450164794921875" lon="90.29070359654724597930908203125">
        <ele>2112.800048828125</ele>
        <time>2025-08-12T23:47:09.000Z</time>
        <extensions>
          <ns3:TrackPointExtension>
            <ns3:atemp>14.0</ns3:atemp>
          </ns3:TrackPointExtension>
        </extensions>
      </trkpt>
      <trkpt lat="48.45242888666689395904541015625" lon="90.29070326127111911773681640625">
        <ele>2112.60009765625</ele>
        <time>2025-08-12T23:47:11.000Z</time>
        <extensions>
          <ns3:TrackPointExtension>
            <ns3:atemp>14.0</ns3:atemp>
          </ns3:TrackPointExtension>
        </extensions>
      </trkpt>
      <trkpt lat="48.4524095244705677032470703125" lon="90.29071751050651073455810546875">
        <ele>2112.60009765625</ele>
        <time>2025-08-12T23:47:12.000Z</time>
        <extensions>
          <ns3:TrackPointExtension>
            <ns3:atemp>14.0</ns3:atemp>
          </ns3:TrackPointExtension>
        </extensions>
      </trkpt>
      <trkpt lat="48.45239125192165374755859375" lon="90.2907358668744564056396484375">
        <ele>2112.39990234375</ele>
        <time>2025-08-12T23:47:13.000Z</time>
        <extensions>
          <ns3:TrackPointExtension>
            <ns3:atemp>14.0</ns3:atemp>
          </ns3:TrackPointExtension>
        </extensions>
      </trkpt>
      <trkpt lat="48.45233065076172351837158203125" lon="90.2907958813011646270751953125">
        <ele>2112.199951171875</ele>
        <time>2025-08-12T23:47:17.000Z</time>
        <extensions>
          <ns3:TrackPointExtension>
            <ns3:atemp>14.0</ns3:atemp>
          </ns3:TrackPointExtension>
        </extensions>
      </trkpt>
      <trkpt lat="48.45224666409194469451904296875" lon="90.29088950715959072113037109375">
        <ele>2112.199951171875</ele>
        <time>2025-08-12T23:47:22.000Z</time>
        <extensions>
          <ns3:TrackPointExtension>
            <ns3:atemp>14.0</ns3:atemp>
          </ns3:TrackPointExtension>
        </extensions>
      </trkpt>
      <trkpt lat="48.452112972736358642578125" lon="90.2910453267395496368408203125">
        <ele>2112</ele>
        <time>2025-08-12T23:47:31.000Z</time>
        <extensions>
          <ns3:TrackPointExtension>
            <ns3:atemp>14.0</ns3:atemp>
          </ns3:TrackPointExtension>
        </extensions>
      </trkpt>
      <trkpt lat="48.4519803710281848907470703125" lon="90.29126308858394622802734375">
        <ele>2112</ele>
        <time>2025-08-12T23:47:39.000Z</time>
        <extensions>
          <ns3:TrackPointExtension>
            <ns3:atemp>14.0</ns3:atemp>
          </ns3:TrackPointExtension>
        </extensions>
      </trkpt>
      <trkpt lat="48.45185422338545322418212890625" lon="90.2914635837078094482421875">
        <ele>2112.199951171875</ele>
        <time>2025-08-12T23:47:47.000Z</time>
        <extensions>
          <ns3:TrackPointExtension>
            <ns3:atemp>14.0</ns3:atemp>
          </ns3:TrackPointExtension>
        </extensions>
      </trkpt>
      <trkpt lat="48.45179286785423755645751953125" lon="90.2915522642433643341064453125">
        <ele>2112.199951171875</ele>
        <time>2025-08-12T23:47:51.000Z</time>
        <extensions>
          <ns3:TrackPointExtension>
            <ns3:atemp>14.0</ns3:atemp>
          </ns3:TrackPointExtension>
        </extensions>
      </trkpt>
      <trkpt lat="48.4517562389373779296875" lon="90.2916059084236621856689453125">
        <ele>2112.199951171875</ele>
        <time>2025-08-12T23:47:53.000Z</time>
        <extensions>
          <ns3:TrackPointExtension>
            <ns3:atemp>13.0</ns3:atemp>
          </ns3:TrackPointExtension>
        </extensions>
      </trkpt>
      <trkpt lat="48.45155867747962474822998046875" lon="90.29184739105403423309326171875">
        <ele>2112.39990234375</ele>
        <time>2025-08-12T23:48:03.000Z</time>
        <extensions>
          <ns3:TrackPointExtension>
            <ns3:atemp>13.0</ns3:atemp>
          </ns3:TrackPointExtension>
        </extensions>
      </trkpt>
      <trkpt lat="48.451422639191150665283203125" lon="90.29201352037489414215087890625">
        <ele>2112.60009765625</ele>
        <time>2025-08-12T23:48:11.000Z</time>
        <extensions>
          <ns3:TrackPointExtension>
            <ns3:atemp>13.0</ns3:atemp>
          </ns3:TrackPointExtension>
        </extensions>
      </trkpt>
      <trkpt lat="48.4512400813400745391845703125" lon="90.29218870215117931365966796875">
        <ele>2112.199951171875</ele>
        <time>2025-08-12T23:48:19.000Z</time>
        <extensions>
          <ns3:TrackPointExtension>
            <ns3:atemp>13.0</ns3:atemp>
          </ns3:TrackPointExtension>
        </extensions>
      </trkpt>
      <trkpt lat="48.45107965171337127685546875" lon="90.29233421199023723602294921875">
        <ele>2111.800048828125</ele>
        <time>2025-08-12T23:48:27.000Z</time>
        <extensions>
          <ns3:TrackPointExtension>
            <ns3:atemp>13.0</ns3:atemp>
          </ns3:TrackPointExtension>
        </extensions>
      </trkpt>
      <trkpt lat="48.4510318748652935028076171875" lon="90.2923529036343097686767578125">
        <ele>2111.39990234375</ele>
        <time>2025-08-12T23:48:32.000Z</time>
        <extensions>
          <ns3:TrackPointExtension>
            <ns3:atemp>13.0</ns3:atemp>
          </ns3:TrackPointExtension>
        </extensions>
      </trkpt>
      <trkpt lat="48.45103137195110321044921875" lon="90.29235265217721462249755859375">
        <ele>2111.39990234375</ele>
        <time>2025-08-12T23:48:33.000Z</time>
        <extensions>
          <ns3:TrackPointExtension>
            <ns3:atemp>13.0</ns3:atemp>
          </ns3:TrackPointExtension>
        </extensions>
      </trkpt>
      <trkpt lat="48.45097697339951992034912109375" lon="90.29230110347270965576171875">
        <ele>2111.60009765625</ele>
        <time>2025-08-12T23:49:01.000Z</time>
        <extensions>
          <ns3:TrackPointExtension>
            <ns3:atemp>13.0</ns3:atemp>
          </ns3:TrackPointExtension>
        </extensions>
      </trkpt>
      <trkpt lat="48.45092467032372951507568359375" lon="90.2922687493264675140380859375">
        <ele>2111.60009765625</ele>
        <time>2025-08-12T23:49:03.000Z</time>
        <extensions>
          <ns3:TrackPointExtension>
            <ns3:atemp>13.0</ns3:atemp>
          </ns3:TrackPointExtension>
        </extensions>
      </trkpt>
      <trkpt lat="48.4507730416953563690185546875" lon="90.2921735309064388275146484375">
        <ele>2111.199951171875</ele>
        <time>2025-08-12T23:49:09.000Z</time>
        <extensions>
          <ns3:TrackPointExtension>
            <ns3:atemp>13.0</ns3:atemp>
          </ns3:TrackPointExtension>
        </extensions>
      </trkpt>
      <trkpt lat="48.450724594295024871826171875" lon="90.29213941656053066253662109375">
        <ele>2111</ele>
        <time>2025-08-12T23:49:11.000Z</time>
        <extensions>
          <ns3:TrackPointExtension>
            <ns3:atemp>13.0</ns3:atemp>
          </ns3:TrackPointExtension>
        </extensions>
      </trkpt>
      <trkpt lat="48.45051362179219722747802734375" lon="90.2919713594019412994384765625">
        <ele>2110.199951171875</ele>
        <time>2025-08-12T23:49:19.000Z</time>
        <extensions>
          <ns3:TrackPointExtension>
            <ns3:atemp>13.0</ns3:atemp>
          </ns3:TrackPointExtension>
        </extensions>
      </trkpt>
      <trkpt lat="48.45048763789236545562744140625" lon="90.29194814153015613555908203125">
        <ele>2110.199951171875</ele>
        <time>2025-08-12T23:49:20.000Z</time>
        <extensions>
          <ns3:TrackPointExtension>
            <ns3:atemp>13.0</ns3:atemp>
          </ns3:TrackPointExtension>
        </extensions>
      </trkpt>
      <trkpt lat="48.45036593265831470489501953125" lon="90.2918379195034503936767578125">
        <ele>2109.60009765625</ele>
        <time>2025-08-12T23:49:25.000Z</time>
        <extensions>
          <ns3:TrackPointExtension>
            <ns3:atemp>12.0</ns3:atemp>
          </ns3:TrackPointExtension>
        </extensions>
      </trkpt>
      <trkpt lat="48.45031362958252429962158203125" lon="90.29181553982198238372802734375">
        <ele>2109.39990234375</ele>
        <time>2025-08-12T23:49:28.000Z</time>
        <extensions>
          <ns3:TrackPointExtension>
            <ns3:atemp>12.0</ns3:atemp>
          </ns3:TrackPointExtension>
        </extensions>
      </trkpt>
      <trkpt lat="48.45027792267501354217529296875" lon="90.29183297418057918548583984375">
        <ele>2109.199951171875</ele>
        <time>2025-08-12T23:49:33.000Z</time>
        <extensions>
          <ns3:TrackPointExtension>
            <ns3:atemp>12.0</ns3:atemp>
          </ns3:TrackPointExtension>
        </extensions>
      </trkpt>
      <trkpt lat="48.45025755465030670166015625" lon="90.29182928614318370819091796875">
        <ele>2108.60009765625</ele>
        <time>2025-08-12T23:49:50.000Z</time>
        <extensions>
          <ns3:TrackPointExtension>
            <ns3:atemp>12.0</ns3:atemp>
          </ns3:TrackPointExtension>
        </extensions>
      </trkpt>
      <trkpt lat="48.4501326642930507659912109375" lon="90.29174722731113433837890625">
        <ele>2108</ele>
        <time>2025-08-12T23:49:57.000Z</time>
        <extensions>
          <ns3:TrackPointExtension>
            <ns3:atemp>12.0</ns3:atemp>
          </ns3:TrackPointExtension>
        </extensions>
      </trkpt>
      <trkpt lat="48.4501262940466403961181640625" lon="90.29173658229410648345947265625">
        <ele>2108</ele>
        <time>2025-08-12T23:49:58.000Z</time>
        <extensions>
          <ns3:TrackPointExtension>
            <ns3:atemp>12.0</ns3:atemp>
          </ns3:TrackPointExtension>
        </extensions>
      </trkpt>
      <trkpt lat="48.45012570731341838836669921875" lon="90.29173390008509159088134765625">
        <ele>2107.800048828125</ele>
        <time>2025-08-12T23:50:00.000Z</time>
        <extensions>
          <ns3:TrackPointExtension>
            <ns3:atemp>12.0</ns3:atemp>
          </ns3:TrackPointExtension>
        </extensions>
      </trkpt>
      <trkpt lat="48.45013207755982875823974609375" lon="90.29136367142200469970703125">
        <ele>2110.60009765625</ele>
        <time>2025-08-12T23:51:51.000Z</time>
        <extensions>
          <ns3:TrackPointExtension>
            <ns3:atemp>12.0</ns3:atemp>
          </ns3:TrackPointExtension>
        </extensions>
      </trkpt>
      <trkpt lat="48.45022729597985744476318359375" lon="90.29110995121300220489501953125">
        <ele>2110.199951171875</ele>
        <time>2025-08-12T23:51:58.000Z</time>
        <extensions>
          <ns3:TrackPointExtension>
            <ns3:atemp>12.0</ns3:atemp>
          </ns3:TrackPointExtension>
        </extensions>
      </trkpt>
      <trkpt lat="48.4503227658569812774658203125" lon="90.29081113636493682861328125">
        <ele>2110.39990234375</ele>
        <time>2025-08-12T23:52:05.000Z</time>
        <extensions>
          <ns3:TrackPointExtension>
            <ns3:atemp>12.0</ns3:atemp>
          </ns3:TrackPointExtension>
        </extensions>
      </trkpt>
      <trkpt lat="48.4504940919578075408935546875" lon="90.29031165875494480133056640625">
        <ele>2110.39990234375</ele>
        <time>2025-08-12T23:52:16.000Z</time>
        <extensions>
          <ns3:TrackPointExtension>
            <ns3:atemp>11.0</ns3:atemp>
          </ns3:TrackPointExtension>
        </extensions>
      </trkpt>
      <trkpt lat="48.45067723654210567474365234375" lon="90.28977270238101482391357421875">
        <ele>2111</ele>
        <time>2025-08-12T23:52:27.000Z</time>
        <extensions>
          <ns3:TrackPointExtension>
            <ns3:atemp>11.0</ns3:atemp>
          </ns3:TrackPointExtension>
        </extensions>
      </trkpt>
      <trkpt lat="48.45075770281255245208740234375" lon="90.28951353393495082855224609375">
        <ele>2111.199951171875</ele>
        <time>2025-08-12T23:52:33.000Z</time>
        <extensions>
          <ns3:TrackPointExtension>
            <ns3:atemp>11.0</ns3:atemp>
          </ns3:TrackPointExtension>
        </extensions>
      </trkpt>
      <trkpt lat="48.45088653266429901123046875" lon="90.28912268579006195068359375">
        <ele>2111.60009765625</ele>
        <time>2025-08-12T23:52:41.000Z</time>
        <extensions>
          <ns3:TrackPointExtension>
            <ns3:atemp>11.0</ns3:atemp>
          </ns3:TrackPointExtension>
        </extensions>
      </trkpt>
      <trkpt lat="48.45094210468232631683349609375" lon="90.28893853537738323211669921875">
        <ele>2111.60009765625</ele>
        <time>2025-08-12T23:52:45.000Z</time>
        <extensions>
          <ns3:TrackPointExtension>
            <ns3:atemp>11.0</ns3:atemp>
          </ns3:TrackPointExtension>
        </extensions>
      </trkpt>
      <trkpt lat="48.45107353292405605316162109375" lon="90.28852011077105998992919921875">
        <ele>2111.60009765625</ele>
        <time>2025-08-12T23:52:54.000Z</time>
        <extensions>
          <ns3:TrackPointExtension>
            <ns3:atemp>11.0</ns3:atemp>
          </ns3:TrackPointExtension>
        </extensions>
      </trkpt>
      <trkpt lat="48.45124184153974056243896484375" lon="90.28796841390430927276611328125">
        <ele>2112</ele>
        <time>2025-08-12T23:53:06.000Z</time>
        <extensions>
          <ns3:TrackPointExtension>
            <ns3:atemp>11.0</ns3:atemp>
          </ns3:TrackPointExtension>
        </extensions>
      </trkpt>
      <trkpt lat="48.451444767415523529052734375" lon="90.28727724216878414154052734375">
        <ele>2112.39990234375</ele>
        <time>2025-08-12T23:53:21.000Z</time>
        <extensions>
          <ns3:TrackPointExtension>
            <ns3:atemp>11.0</ns3:atemp>
          </ns3:TrackPointExtension>
        </extensions>
      </trkpt>
      <trkpt lat="48.45155264250934123992919921875" lon="90.28690609149634838104248046875">
        <ele>2112.60009765625</ele>
        <time>2025-08-12T23:53:29.000Z</time>
        <extensions>
          <ns3:TrackPointExtension>
            <ns3:atemp>11.0</ns3:atemp>
          </ns3:TrackPointExtension>
        </extensions>
      </trkpt>
      <trkpt lat="48.45157921314239501953125" lon="90.286813639104366302490234375">
        <ele>2112.800048828125</ele>
        <time>2025-08-12T23:53:31.000Z</time>
        <extensions>
          <ns3:TrackPointExtension>
            <ns3:atemp>11.0</ns3:atemp>
          </ns3:TrackPointExtension>
        </extensions>
      </trkpt>
      <trkpt lat="48.451735116541385650634765625" lon="90.28627074323594570159912109375">
        <ele>2112.800048828125</ele>
        <time>2025-08-12T23:53:43.000Z</time>
        <extensions>
          <ns3:TrackPointExtension>
            <ns3:atemp>11.0</ns3:atemp>
          </ns3:TrackPointExtension>
        </extensions>
      </trkpt>
      <trkpt lat="48.45188205130398273468017578125" lon="90.2857127599418163299560546875">
        <ele>2113</ele>
        <time>2025-08-12T23:53:55.000Z</time>
        <extensions>
          <ns3:TrackPointExtension>
            <ns3:atemp>11.0</ns3:atemp>
          </ns3:TrackPointExtension>
        </extensions>
      </trkpt>
      <trkpt lat="48.4519957937300205230712890625" lon="90.285301543772220611572265625">
        <ele>2113.199951171875</ele>
        <time>2025-08-12T23:54:04.000Z</time>
        <extensions>
          <ns3:TrackPointExtension>
            <ns3:atemp>11.0</ns3:atemp>
          </ns3:TrackPointExtension>
        </extensions>
      </trkpt>
      <trkpt lat="48.452056311070919036865234375" lon="90.28504648245871067047119140625">
        <ele>2113.199951171875</ele>
        <time>2025-08-12T23:54:09.000Z</time>
        <extensions>
          <ns3:TrackPointExtension>
            <ns3:atemp>11.0</ns3:atemp>
          </ns3:TrackPointExtension>
        </extensions>
      </trkpt>
      <trkpt lat="48.4520953707396984100341796875" lon="90.2848997153341770172119140625">
        <ele>2113.199951171875</ele>
        <time>2025-08-12T23:54:12.000Z</time>
        <extensions>
          <ns3:TrackPointExtension>
            <ns3:atemp>11.0</ns3:atemp>
          </ns3:TrackPointExtension>
        </extensions>
      </trkpt>
      <trkpt lat="48.452214896678924560546875" lon="90.28442152775824069976806640625">
        <ele>2113.199951171875</ele>
        <time>2025-08-12T23:54:22.000Z</time>
        <extensions>
          <ns3:TrackPointExtension>
            <ns3:atemp>11.0</ns3:atemp>
          </ns3:TrackPointExtension>
        </extensions>
      </trkpt>
      <trkpt lat="48.452315814793109893798828125" lon="90.28409144841134548187255859375">
        <ele>2113.39990234375</ele>
        <time>2025-08-12T23:54:29.000Z</time>
        <extensions>
          <ns3:TrackPointExtension>
            <ns3:atemp>11.0</ns3:atemp>
          </ns3:TrackPointExtension>
        </extensions>
      </trkpt>
      <trkpt lat="48.45242285169661045074462890625" lon="90.28365056030452251434326171875">
        <ele>2113</ele>
        <time>2025-08-12T23:54:38.000Z</time>
        <extensions>
          <ns3:TrackPointExtension>
            <ns3:atemp>11.0</ns3:atemp>
          </ns3:TrackPointExtension>
        </extensions>
      </trkpt>
      <trkpt lat="48.4525541961193084716796875" lon="90.28315435163676738739013671875">
        <ele>2113.199951171875</ele>
        <time>2025-08-12T23:54:48.000Z</time>
        <extensions>
          <ns3:TrackPointExtension>
            <ns3:atemp>11.0</ns3:atemp>
          </ns3:TrackPointExtension>
        </extensions>
      </trkpt>
      <trkpt lat="48.4527116082608699798583984375" lon="90.282558985054492950439453125">
        <ele>2113.199951171875</ele>
        <time>2025-08-12T23:55:00.000Z</time>
        <extensions>
          <ns3:TrackPointExtension>
            <ns3:atemp>11.0</ns3:atemp>
          </ns3:TrackPointExtension>
        </extensions>
      </trkpt>
      <trkpt lat="48.45286063849925994873046875" lon="90.28201525099575519561767578125">
        <ele>2113.39990234375</ele>
        <time>2025-08-12T23:55:11.000Z</time>
        <extensions>
          <ns3:TrackPointExtension>
            <ns3:atemp>11.0</ns3:atemp>
          </ns3:TrackPointExtension>
        </extensions>
      </trkpt>
      <trkpt lat="48.4529691003262996673583984375" lon="90.28156313113868236541748046875">
        <ele>2113.39990234375</ele>
        <time>2025-08-12T23:55:20.000Z</time>
        <extensions>
          <ns3:TrackPointExtension>
            <ns3:atemp>11.0</ns3:atemp>
          </ns3:TrackPointExtension>
        </extensions>
      </trkpt>
      <trkpt lat="48.45306624658405780792236328125" lon="90.2812562696635723114013671875">
        <ele>2113.199951171875</ele>
        <time>2025-08-12T23:55:27.000Z</time>
        <extensions>
          <ns3:TrackPointExtension>
            <ns3:atemp>11.0</ns3:atemp>
          </ns3:TrackPointExtension>
        </extensions>
      </trkpt>
      <trkpt lat="48.4531920589506626129150390625" lon="90.28079434297978878021240234375">
        <ele>2113.60009765625</ele>
        <time>2025-08-12T23:55:36.000Z</time>
        <extensions>
          <ns3:TrackPointExtension>
            <ns3:atemp>11.0</ns3:atemp>
          </ns3:TrackPointExtension>
        </extensions>
      </trkpt>
      <trkpt lat="48.453333042562007904052734375" lon="90.28022152371704578399658203125">
        <ele>2113.199951171875</ele>
        <time>2025-08-12T23:55:47.000Z</time>
        <extensions>
          <ns3:TrackPointExtension>
            <ns3:atemp>11.0</ns3:atemp>
          </ns3:TrackPointExtension>
        </extensions>
      </trkpt>
      <trkpt lat="48.45343270339071750640869140625" lon="90.279875099658966064453125">
        <ele>2113.199951171875</ele>
        <time>2025-08-12T23:55:54.000Z</time>
        <extensions>
          <ns3:TrackPointExtension>
            <ns3:atemp>11.0</ns3:atemp>
          </ns3:TrackPointExtension>
        </extensions>
      </trkpt>
      <trkpt lat="48.45345986075699329376220703125" lon="90.279773510992527008056640625">
        <ele>2113.199951171875</ele>
        <time>2025-08-12T23:55:56.000Z</time>
        <extensions>
          <ns3:TrackPointExtension>
            <ns3:atemp>11.0</ns3:atemp>
          </ns3:TrackPointExtension>
        </extensions>
      </trkpt>
      <trkpt lat="48.45363085158169269561767578125" lon="90.27910455130040645599365234375">
        <ele>2112.800048828125</ele>
        <time>2025-08-12T23:56:09.000Z</time>
        <extensions>
          <ns3:TrackPointExtension>
            <ns3:atemp>11.0</ns3:atemp>
          </ns3:TrackPointExtension>
        </extensions>
      </trkpt>
      <trkpt lat="48.4537593461573123931884765625" lon="90.27854807674884796142578125">
        <ele>2113.199951171875</ele>
        <time>2025-08-12T23:56:20.000Z</time>
        <extensions>
          <ns3:TrackPointExtension>
            <ns3:atemp>10.0</ns3:atemp>
          </ns3:TrackPointExtension>
        </extensions>
      </trkpt>
      <trkpt lat="48.45384291373193264007568359375" lon="90.2782993018627166748046875">
        <ele>2113.199951171875</ele>
        <time>2025-08-12T23:56:25.000Z</time>
        <extensions>
          <ns3:TrackPointExtension>
            <ns3:atemp>10.0</ns3:atemp>
          </ns3:TrackPointExtension>
        </extensions>
      </trkpt>
      <trkpt lat="48.45397735945880413055419921875" lon="90.2778029255568981170654296875">
        <ele>2113.199951171875</ele>
        <time>2025-08-12T23:56:34.000Z</time>
        <extensions>
          <ns3:TrackPointExtension>
            <ns3:atemp>10.0</ns3:atemp>
          </ns3:TrackPointExtension>
        </extensions>
      </trkpt>
      <trkpt lat="48.45414231531322002410888671875" lon="90.277175791561603546142578125">
        <ele>2113</ele>
        <time>2025-08-12T23:56:46.000Z</time>
        <extensions>
          <ns3:TrackPointExtension>
            <ns3:atemp>10.0</ns3:atemp>
          </ns3:TrackPointExtension>
        </extensions>
      </trkpt>
      <trkpt lat="48.4543403796851634979248046875" lon="90.276411361992359161376953125">
        <ele>2113</ele>
        <time>2025-08-12T23:57:01.000Z</time>
        <extensions>
          <ns3:TrackPointExtension>
            <ns3:atemp>10.0</ns3:atemp>
          </ns3:TrackPointExtension>
        </extensions>
      </trkpt>
      <trkpt lat="48.45449837855994701385498046875" lon="90.27579185552895069122314453125">
        <ele>2113</ele>
        <time>2025-08-12T23:57:14.000Z</time>
        <extensions>
          <ns3:TrackPointExtension>
            <ns3:atemp>10.0</ns3:atemp>
          </ns3:TrackPointExtension>
        </extensions>
      </trkpt>
      <trkpt lat="48.45453911460936069488525390625" lon="90.27568884193897247314453125">
        <ele>2113</ele>
        <time>2025-08-12T23:57:18.000Z</time>
        <extensions>
          <ns3:TrackPointExtension>
            <ns3:atemp>10.0</ns3:atemp>
          </ns3:TrackPointExtension>
        </extensions>
      </trkpt>
      <trkpt lat="48.45454414375126361846923828125" lon="90.2756895124912261962890625">
        <ele>2112.800048828125</ele>
        <time>2025-08-12T23:57:21.000Z</time>
        <extensions>
          <ns3:TrackPointExtension>
            <ns3:atemp>10.0</ns3:atemp>
          </ns3:TrackPointExtension>
        </extensions>
      </trkpt>
      <trkpt lat="48.45453760586678981781005859375" lon="90.2756051905453205108642578125">
        <ele>2110.800048828125</ele>
        <time>2025-08-13T00:01:09.000Z</time>
        <extensions>
          <ns3:TrackPointExtension>
            <ns3:atemp>10.0</ns3:atemp>
          </ns3:TrackPointExtension>
        </extensions>
      </trkpt>
      <trkpt lat="48.4545428864657878875732421875" lon="90.275573842227458953857421875">
        <ele>2110.800048828125</ele>
        <time>2025-08-13T00:01:10.000Z</time>
        <extensions>
          <ns3:TrackPointExtension>
            <ns3:atemp>10.0</ns3:atemp>
          </ns3:TrackPointExtension>
        </extensions>
      </trkpt>
      <trkpt lat="48.4546116180717945098876953125" lon="90.27535096742212772369384765625">
        <ele>2110.60009765625</ele>
        <time>2025-08-13T00:01:16.000Z</time>
        <extensions>
          <ns3:TrackPointExtension>
            <ns3:atemp>10.0</ns3:atemp>
          </ns3:TrackPointExtension>
        </extensions>
      </trkpt>
      <trkpt lat="48.454688899219036102294921875" lon="90.27505994774401187896728515625">
        <ele>2110.39990234375</ele>
        <time>2025-08-13T00:01:23.000Z</time>
        <extensions>
          <ns3:TrackPointExtension>
            <ns3:atemp>10.0</ns3:atemp>
          </ns3:TrackPointExtension>
        </extensions>
      </trkpt>
      <trkpt lat="48.4547520987689495086669921875" lon="90.27479876764118671417236328125">
        <ele>2110.199951171875</ele>
        <time>2025-08-13T00:01:30.000Z</time>
        <extensions>
          <ns3:TrackPointExtension>
            <ns3:atemp>10.0</ns3:atemp>
          </ns3:TrackPointExtension>
        </extensions>
      </trkpt>
      <trkpt lat="48.45485444180667400360107421875" lon="90.27443834580481052398681640625">
        <ele>2110.199951171875</ele>
        <time>2025-08-13T00:01:38.000Z</time>
        <extensions>
          <ns3:TrackPointExtension>
            <ns3:atemp>10.0</ns3:atemp>
          </ns3:TrackPointExtension>
        </extensions>
      </trkpt>
      <trkpt lat="48.45502325333654880523681640625" lon="90.2737863175570964813232421875">
        <ele>2110.39990234375</ele>
        <time>2025-08-13T00:01:51.000Z</time>
        <extensions>
          <ns3:TrackPointExtension>
            <ns3:atemp>10.0</ns3:atemp>
          </ns3:TrackPointExtension>
        </extensions>
      </trkpt>
      <trkpt lat="48.45518368296325206756591796875" lon="90.27318038977682590484619140625">
        <ele>2110.60009765625</ele>
        <time>2025-08-13T00:02:03.000Z</time>
        <extensions>
          <ns3:TrackPointExtension>
            <ns3:atemp>10.0</ns3:atemp>
          </ns3:TrackPointExtension>
        </extensions>
      </trkpt>
      <trkpt lat="48.45532667823135852813720703125" lon="90.27265836484730243682861328125">
        <ele>2111.39990234375</ele>
        <time>2025-08-13T00:02:14.000Z</time>
        <extensions>
          <ns3:TrackPointExtension>
            <ns3:atemp>10.0</ns3:atemp>
          </ns3:TrackPointExtension>
        </extensions>
      </trkpt>
      <trkpt lat="48.45535249449312686920166015625" lon="90.27256197296082973480224609375">
        <ele>2111.800048828125</ele>
        <time>2025-08-13T00:02:16.000Z</time>
        <extensions>
          <ns3:TrackPointExtension>
            <ns3:atemp>10.0</ns3:atemp>
          </ns3:TrackPointExtension>
        </extensions>
      </trkpt>
      <trkpt lat="48.45546414144337177276611328125" lon="90.27214924804866313934326171875">
        <ele>2112.199951171875</ele>
        <time>2025-08-13T00:02:25.000Z</time>
        <extensions>
          <ns3:TrackPointExtension>
            <ns3:atemp>10.0</ns3:atemp>
          </ns3:TrackPointExtension>
        </extensions>
      </trkpt>
      <trkpt lat="48.4555849246680736541748046875" lon="90.27169528417289257049560546875">
        <ele>2112.800048828125</ele>
        <time>2025-08-13T00:02:35.000Z</time>
        <extensions>
          <ns3:TrackPointExtension>
            <ns3:atemp>10.0</ns3:atemp>
          </ns3:TrackPointExtension>
        </extensions>
      </trkpt>
      <trkpt lat="48.455619625747203826904296875" lon="90.27155262418091297149658203125">
        <ele>2113</ele>
        <time>2025-08-13T00:02:38.000Z</time>
        <extensions>
          <ns3:TrackPointExtension>
            <ns3:atemp>10.0</ns3:atemp>
          </ns3:TrackPointExtension>
        </extensions>
      </trkpt>
      <trkpt lat="48.45572750084102153778076171875" lon="90.27113537304103374481201171875">
        <ele>2113.39990234375</ele>
        <time>2025-08-13T00:02:47.000Z</time>
        <extensions>
          <ns3:TrackPointExtension>
            <ns3:atemp>10.0</ns3:atemp>
          </ns3:TrackPointExtension>
        </extensions>
      </trkpt>
      <trkpt lat="48.45581064932048320770263671875" lon="90.2708078920841217041015625">
        <ele>2113.800048828125</ele>
        <time>2025-08-13T00:02:54.000Z</time>
        <extensions>
          <ns3:TrackPointExtension>
            <ns3:atemp>10.0</ns3:atemp>
          </ns3:TrackPointExtension>
        </extensions>
      </trkpt>
      <trkpt lat="48.45587099902331829071044921875" lon="90.2705691754817962646484375">
        <ele>2114</ele>
        <time>2025-08-13T00:02:59.000Z</time>
        <extensions>
          <ns3:TrackPointExtension>
            <ns3:atemp>10.0</ns3:atemp>
          </ns3:TrackPointExtension>
        </extensions>
      </trkpt>
      <trkpt lat="48.456050790846347808837890625" lon="90.26989451609551906585693359375">
        <ele>2114.60009765625</ele>
        <time>2025-08-13T00:03:13.000Z</time>
        <extensions>
          <ns3:TrackPointExtension>
            <ns3:atemp>10.0</ns3:atemp>
          </ns3:TrackPointExtension>
        </extensions>
      </trkpt>
      <trkpt lat="48.45614508725702762603759765625" lon="90.2695418894290924072265625">
        <ele>2114.800048828125</ele>
        <time>2025-08-13T00:03:20.000Z</time>
        <extensions>
          <ns3:TrackPointExtension>
            <ns3:atemp>10.0</ns3:atemp>
          </ns3:TrackPointExtension>
        </extensions>
      </trkpt>
      <trkpt lat="48.4562061913311481475830078125" lon="90.2692845650017261505126953125">
        <ele>2115.199951171875</ele>
        <time>2025-08-13T00:03:25.000Z</time>
        <extensions>
          <ns3:TrackPointExtension>
            <ns3:atemp>10.0</ns3:atemp>
          </ns3:TrackPointExtension>
        </extensions>
      </trkpt>
      <trkpt lat="48.4562853164970874786376953125" lon="90.2689901925623416900634765625">
        <ele>2115.39990234375</ele>
        <time>2025-08-13T00:03:32.000Z</time>
        <extensions>
          <ns3:TrackPointExtension>
            <ns3:atemp>10.0</ns3:atemp>
          </ns3:TrackPointExtension>
        </extensions>
      </trkpt>
      <trkpt lat="48.45635044388473033905029296875" lon="90.26874518953263759613037109375">
        <ele>2115.60009765625</ele>
        <time>2025-08-13T00:03:38.000Z</time>
        <extensions>
          <ns3:TrackPointExtension>
            <ns3:atemp>10.0</ns3:atemp>
          </ns3:TrackPointExtension>
        </extensions>
      </trkpt>
      <trkpt lat="48.4564261324703693389892578125" lon="90.2684695087373256683349609375">
        <ele>2115.800048828125</ele>
        <time>2025-08-13T00:03:44.000Z</time>
        <extensions>
          <ns3:TrackPointExtension>
            <ns3:atemp>10.0</ns3:atemp>
          </ns3:TrackPointExtension>
        </extensions>
      </trkpt>
      <trkpt lat="48.456460498273372650146484375" lon="90.268324501812458038330078125">
        <ele>2116</ele>
        <time>2025-08-13T00:03:47.000Z</time>
        <extensions>
          <ns3:TrackPointExtension>
            <ns3:atemp>10.0</ns3:atemp>
          </ns3:TrackPointExtension>
        </extensions>
      </trkpt>
      <trkpt lat="48.45655940473079681396484375" lon="90.2679002098739147186279296875">
        <ele>2116.199951171875</ele>
        <time>2025-08-13T00:03:56.000Z</time>
        <extensions>
          <ns3:TrackPointExtension>
            <ns3:atemp>10.0</ns3:atemp>
          </ns3:TrackPointExtension>
        </extensions>
      </trkpt>
      <trkpt lat="48.4565796889364719390869140625" lon="90.26768621988594532012939453125">
        <ele>2116.199951171875</ele>
        <time>2025-08-13T00:04:01.000Z</time>
        <extensions>
          <ns3:TrackPointExtension>
            <ns3:atemp>10.0</ns3:atemp>
          </ns3:TrackPointExtension>
        </extensions>
      </trkpt>
      <trkpt lat="48.456644900143146514892578125" lon="90.26758546940982341766357421875">
        <ele>2116.60009765625</ele>
        <time>2025-08-13T00:04:05.000Z</time>
        <extensions>
          <ns3:TrackPointExtension>
            <ns3:atemp>10.0</ns3:atemp>
          </ns3:TrackPointExtension>
        </extensions>
      </trkpt>
      <trkpt lat="48.45672092400491237640380859375" lon="90.2673362754285335540771484375">
        <ele>2116.60009765625</ele>
        <time>2025-08-13T00:04:11.000Z</time>
        <extensions>
          <ns3:TrackPointExtension>
            <ns3:atemp>10.0</ns3:atemp>
          </ns3:TrackPointExtension>
        </extensions>
      </trkpt>
      <trkpt lat="48.4567617438733577728271484375" lon="90.26715313084423542022705078125">
        <ele>2116.800048828125</ele>
        <time>2025-08-13T00:04:15.000Z</time>
        <extensions>
          <ns3:TrackPointExtension>
            <ns3:atemp>10.0</ns3:atemp>
          </ns3:TrackPointExtension>
        </extensions>
      </trkpt>
      <trkpt lat="48.4568287990987300872802734375" lon="90.2669185213744640350341796875">
        <ele>2117.199951171875</ele>
        <time>2025-08-13T00:04:20.000Z</time>
        <extensions>
          <ns3:TrackPointExtension>
            <ns3:atemp>10.0</ns3:atemp>
          </ns3:TrackPointExtension>
        </extensions>
      </trkpt>
      <trkpt lat="48.45694036222994327545166015625" lon="90.2664910443127155303955078125">
        <ele>2118</ele>
        <time>2025-08-13T00:04:29.000Z</time>
        <extensions>
          <ns3:TrackPointExtension>
            <ns3:atemp>10.0</ns3:atemp>
          </ns3:TrackPointExtension>
        </extensions>
      </trkpt>
      <trkpt lat="48.45696710050106048583984375" lon="90.2663941495120525360107421875">
        <ele>2118.199951171875</ele>
        <time>2025-08-13T00:04:31.000Z</time>
        <extensions>
          <ns3:TrackPointExtension>
            <ns3:atemp>10.0</ns3:atemp>
          </ns3:TrackPointExtension>
        </extensions>
      </trkpt>
      <trkpt lat="48.45709173940122127532958984375" lon="90.265921242535114288330078125">
        <ele>2118.60009765625</ele>
        <time>2025-08-13T00:04:41.000Z</time>
        <extensions>
          <ns3:TrackPointExtension>
            <ns3:atemp>10.0</ns3:atemp>
          </ns3:TrackPointExtension>
        </extensions>
      </trkpt>
      <trkpt lat="48.457144461572170257568359375" lon="90.26573273353278636932373046875">
        <ele>2119</ele>
        <time>2025-08-13T00:04:45.000Z</time>
        <extensions>
          <ns3:TrackPointExtension>
            <ns3:atemp>10.0</ns3:atemp>
          </ns3:TrackPointExtension>
        </extensions>
      </trkpt>
      <trkpt lat="48.457225598394870758056640625" lon="90.26539997197687625885009765625">
        <ele>2119.60009765625</ele>
        <time>2025-08-13T00:04:52.000Z</time>
        <extensions>
          <ns3:TrackPointExtension>
            <ns3:atemp>10.0</ns3:atemp>
          </ns3:TrackPointExtension>
        </extensions>
      </trkpt>
      <trkpt lat="48.457339592278003692626953125" lon="90.2649953775107860565185546875">
        <ele>2120</ele>
        <time>2025-08-13T00:05:00.000Z</time>
        <extensions>
          <ns3:TrackPointExtension>
            <ns3:atemp>10.0</ns3:atemp>
          </ns3:TrackPointExtension>
        </extensions>
      </trkpt>
      <trkpt lat="48.457379825413227081298828125" lon="90.26485028676688671112060546875">
        <ele>2120.199951171875</ele>
        <time>2025-08-13T00:05:03.000Z</time>
        <extensions>
          <ns3:TrackPointExtension>
            <ns3:atemp>10.0</ns3:atemp>
          </ns3:TrackPointExtension>
        </extensions>
      </trkpt>
      <trkpt lat="48.4574363194406032562255859375" lon="90.2646114863455295562744140625">
        <ele>2120.39990234375</ele>
        <time>2025-08-13T00:05:09.000Z</time>
        <extensions>
          <ns3:TrackPointExtension>
            <ns3:atemp>10.0</ns3:atemp>
          </ns3:TrackPointExtension>
        </extensions>
      </trkpt>
      <trkpt lat="48.45753363333642482757568359375" lon="90.264264643192291259765625">
        <ele>2121</ele>
        <time>2025-08-13T00:05:19.000Z</time>
        <extensions>
          <ns3:TrackPointExtension>
            <ns3:atemp>10.0</ns3:atemp>
          </ns3:TrackPointExtension>
        </extensions>
      </trkpt>
      <trkpt lat="48.45754587091505527496337890625" lon="90.26422902010381221771240234375">
        <ele>2121</ele>
        <time>2025-08-13T00:05:20.000Z</time>
        <extensions>
          <ns3:TrackPointExtension>
            <ns3:atemp>10.0</ns3:atemp>
          </ns3:TrackPointExtension>
        </extensions>
      </trkpt>
      <trkpt lat="48.45764695666730403900146484375" lon="90.26382199488580226898193359375">
        <ele>2121.60009765625</ele>
        <time>2025-08-13T00:05:30.000Z</time>
        <extensions>
          <ns3:TrackPointExtension>
            <ns3:atemp>10.0</ns3:atemp>
          </ns3:TrackPointExtension>
        </extensions>
      </trkpt>
      <trkpt lat="48.45773714594542980194091796875" lon="90.26348470710217952728271484375">
        <ele>2122</ele>
        <time>2025-08-13T00:05:38.000Z</time>
        <extensions>
          <ns3:TrackPointExtension>
            <ns3:atemp>10.0</ns3:atemp>
          </ns3:TrackPointExtension>
        </extensions>
      </trkpt>
      <trkpt lat="48.4577679075300693511962890625" lon="90.26336006820201873779296875">
        <ele>2122.199951171875</ele>
        <time>2025-08-13T00:05:41.000Z</time>
        <extensions>
          <ns3:TrackPointExtension>
            <ns3:atemp>10.0</ns3:atemp>
          </ns3:TrackPointExtension>
        </extensions>
      </trkpt>
      <trkpt lat="48.45791048370301723480224609375" lon="90.26281599886715412139892578125">
        <ele>2123</ele>
        <time>2025-08-13T00:05:54.000Z</time>
        <extensions>
          <ns3:TrackPointExtension>
            <ns3:atemp>10.0</ns3:atemp>
          </ns3:TrackPointExtension>
        </extensions>
      </trkpt>
      <trkpt lat="48.4580726735293865203857421875" lon="90.2621576003730297088623046875">
        <ele>2123.60009765625</ele>
        <time>2025-08-13T00:06:09.000Z</time>
        <extensions>
          <ns3:TrackPointExtension>
            <ns3:atemp>10.0</ns3:atemp>
          </ns3:TrackPointExtension>
        </extensions>
      </trkpt>
      <trkpt lat="48.45815607346594333648681640625" lon="90.26179675944149494171142578125">
        <ele>2124</ele>
        <time>2025-08-13T00:06:18.000Z</time>
        <extensions>
          <ns3:TrackPointExtension>
            <ns3:atemp>10.0</ns3:atemp>
          </ns3:TrackPointExtension>
        </extensions>
      </trkpt>
      <trkpt lat="48.45820552669465541839599609375" lon="90.2616452984511852264404296875">
        <ele>2124</ele>
        <time>2025-08-13T00:06:24.000Z</time>
        <extensions>
          <ns3:TrackPointExtension>
            <ns3:atemp>10.0</ns3:atemp>
          </ns3:TrackPointExtension>
        </extensions>
      </trkpt>
      <trkpt lat="48.4582118131220340728759765625" lon="90.26161839254200458526611328125">
        <ele>2124.199951171875</ele>
        <time>2025-08-13T00:06:25.000Z</time>
        <extensions>
          <ns3:TrackPointExtension>
            <ns3:atemp>10.0</ns3:atemp>
          </ns3:TrackPointExtension>
        </extensions>
      </trkpt>
      <trkpt lat="48.458268307149410247802734375" lon="90.26136777363717555999755859375">
        <ele>2124.199951171875</ele>
        <time>2025-08-13T00:06:33.000Z</time>
        <extensions>
          <ns3:TrackPointExtension>
            <ns3:atemp>10.0</ns3:atemp>
          </ns3:TrackPointExtension>
        </extensions>
      </trkpt>
      <trkpt lat="48.4583234600722789764404296875" lon="90.26109251193702220916748046875">
        <ele>2124.199951171875</ele>
        <time>2025-08-13T00:06:42.000Z</time>
        <extensions>
          <ns3:TrackPointExtension>
            <ns3:atemp>10.0</ns3:atemp>
          </ns3:TrackPointExtension>
        </extensions>
      </trkpt>
      <trkpt lat="48.45839864574372768402099609375" lon="90.26083803735673427581787109375">
        <ele>2124.60009765625</ele>
        <time>2025-08-13T00:06:50.000Z</time>
        <extensions>
          <ns3:TrackPointExtension>
            <ns3:atemp>10.0</ns3:atemp>
          </ns3:TrackPointExtension>
        </extensions>
      </trkpt>
      <trkpt lat="48.4584307484328746795654296875" lon="90.2606605924665927886962890625">
        <ele>2124.60009765625</ele>
        <time>2025-08-13T00:06:56.000Z</time>
        <extensions>
          <ns3:TrackPointExtension>
            <ns3:atemp>10.0</ns3:atemp>
          </ns3:TrackPointExtension>
        </extensions>
      </trkpt>
      <trkpt lat="48.45848263241350650787353515625" lon="90.26050711981952190399169921875">
        <ele>2124.800048828125</ele>
        <time>2025-08-13T00:07:02.000Z</time>
        <extensions>
          <ns3:TrackPointExtension>
            <ns3:atemp>10.0</ns3:atemp>
          </ns3:TrackPointExtension>
        </extensions>
      </trkpt>
      <trkpt lat="48.458575420081615447998046875" lon="90.2601452730596065521240234375">
        <ele>2125</ele>
        <time>2025-08-13T00:07:11.000Z</time>
        <extensions>
          <ns3:TrackPointExtension>
            <ns3:atemp>10.0</ns3:atemp>
          </ns3:TrackPointExtension>
        </extensions>
      </trkpt>
      <trkpt lat="48.4586319141089916229248046875" lon="90.259919799864292144775390625">
        <ele>2125.199951171875</ele>
        <time>2025-08-13T00:07:16.000Z</time>
        <extensions>
          <ns3:TrackPointExtension>
            <ns3:atemp>10.0</ns3:atemp>
          </ns3:TrackPointExtension>
        </extensions>
      </trkpt>
      <trkpt lat="48.458686061203479766845703125" lon="90.25968971662223339080810546875">
        <ele>2125.199951171875</ele>
        <time>2025-08-13T00:07:21.000Z</time>
        <extensions>
          <ns3:TrackPointExtension>
            <ns3:atemp>10.0</ns3:atemp>
          </ns3:TrackPointExtension>
        </extensions>
      </trkpt>
      <trkpt lat="48.45879997126758098602294921875" lon="90.25923608802258968353271484375">
        <ele>2125.60009765625</ele>
        <time>2025-08-13T00:07:32.000Z</time>
        <extensions>
          <ns3:TrackPointExtension>
            <ns3:atemp>10.0</ns3:atemp>
          </ns3:TrackPointExtension>
        </extensions>
      </trkpt>
      <trkpt lat="48.4589219279587268829345703125" lon="90.2587381191551685333251953125">
        <ele>2125.800048828125</ele>
        <time>2025-08-13T00:07:43.000Z</time>
        <extensions>
          <ns3:TrackPointExtension>
            <ns3:atemp>10.0</ns3:atemp>
          </ns3:TrackPointExtension>
        </extensions>
      </trkpt>
      <trkpt lat="48.45901639200747013092041015625" lon="90.258369483053684234619140625">
        <ele>2126.199951171875</ele>
        <time>2025-08-13T00:07:51.000Z</time>
        <extensions>
          <ns3:TrackPointExtension>
            <ns3:atemp>10.0</ns3:atemp>
          </ns3:TrackPointExtension>
        </extensions>
      </trkpt>
      <trkpt lat="48.45904757268726825714111328125" lon="90.25823512114584445953369140625">
        <ele>2126.199951171875</ele>
        <time>2025-08-13T00:07:54.000Z</time>
        <extensions>
          <ns3:TrackPointExtension>
            <ns3:atemp>10.0</ns3:atemp>
          </ns3:TrackPointExtension>
        </extensions>
      </trkpt>
      <trkpt lat="48.4591784141957759857177734375" lon="90.25772206485271453857421875">
        <ele>2127</ele>
        <time>2025-08-13T00:08:05.000Z</time>
        <extensions>
          <ns3:TrackPointExtension>
            <ns3:atemp>10.0</ns3:atemp>
          </ns3:TrackPointExtension>
        </extensions>
      </trkpt>
      <trkpt lat="48.45922258682548999786376953125" lon="90.25753322057425975799560546875">
        <ele>2127.199951171875</ele>
        <time>2025-08-13T00:08:09.000Z</time>
        <extensions>
          <ns3:TrackPointExtension>
            <ns3:atemp>10.0</ns3:atemp>
          </ns3:TrackPointExtension>
        </extensions>
      </trkpt>
      <trkpt lat="48.4592776559293270111083984375" lon="90.2573031373322010040283203125">
        <ele>2127.39990234375</ele>
        <time>2025-08-13T00:08:14.000Z</time>
        <extensions>
          <ns3:TrackPointExtension>
            <ns3:atemp>10.0</ns3:atemp>
          </ns3:TrackPointExtension>
        </extensions>
      </trkpt>
      <trkpt lat="48.45940254628658294677734375" lon="90.25679091922938823699951171875">
        <ele>2127.800048828125</ele>
        <time>2025-08-13T00:08:25.000Z</time>
        <extensions>
          <ns3:TrackPointExtension>
            <ns3:atemp>10.0</ns3:atemp>
          </ns3:TrackPointExtension>
        </extensions>
      </trkpt>
      <trkpt lat="48.45949633978307247161865234375" lon="90.25639898143708705902099609375">
        <ele>2128.199951171875</ele>
        <time>2025-08-13T00:08:34.000Z</time>
        <extensions>
          <ns3:TrackPointExtension>
            <ns3:atemp>10.0</ns3:atemp>
          </ns3:TrackPointExtension>
        </extensions>
      </trkpt>
      <trkpt lat="48.45950488932430744171142578125" lon="90.25636528618633747100830078125">
        <ele>2128.199951171875</ele>
        <time>2025-08-13T00:08:35.000Z</time>
        <extensions>
          <ns3:TrackPointExtension>
            <ns3:atemp>10.0</ns3:atemp>
          </ns3:TrackPointExtension>
        </extensions>
      </trkpt>
      <trkpt lat="48.45960278995335102081298828125" lon="90.25597334839403629302978515625">
        <ele>2128.60009765625</ele>
        <time>2025-08-13T00:08:45.000Z</time>
        <extensions>
          <ns3:TrackPointExtension>
            <ns3:atemp>10.0</ns3:atemp>
          </ns3:TrackPointExtension>
        </extensions>
      </trkpt>
      <trkpt lat="48.459713347256183624267578125" lon="90.25553648360073566436767578125">
        <ele>2129</ele>
        <time>2025-08-13T00:08:55.000Z</time>
        <extensions>
          <ns3:TrackPointExtension>
            <ns3:atemp>10.0</ns3:atemp>
          </ns3:TrackPointExtension>
        </extensions>
      </trkpt>
      <trkpt lat="48.45977512188255786895751953125" lon="90.2552602998912334442138671875">
        <ele>2129.199951171875</ele>
        <time>2025-08-13T00:09:01.000Z</time>
        <extensions>
          <ns3:TrackPointExtension>
            <ns3:atemp>10.0</ns3:atemp>
          </ns3:TrackPointExtension>
        </extensions>
      </trkpt>
      <trkpt lat="48.45984385348856449127197265625" lon="90.2549743093550205230712890625">
        <ele>2129.39990234375</ele>
        <time>2025-08-13T00:09:07.000Z</time>
        <extensions>
          <ns3:TrackPointExtension>
            <ns3:atemp>10.0</ns3:atemp>
          </ns3:TrackPointExtension>
        </extensions>
      </trkpt>
      <trkpt lat="48.46000344492495059967041015625" lon="90.2543171681463718414306640625">
        <ele>2130</ele>
        <time>2025-08-13T00:09:22.000Z</time>
        <extensions>
          <ns3:TrackPointExtension>
            <ns3:atemp>10.0</ns3:atemp>
          </ns3:TrackPointExtension>
        </extensions>
      </trkpt>
      <trkpt lat="48.46006195060908794403076171875" lon="90.25408859364688396453857421875">
        <ele>2130.199951171875</ele>
        <time>2025-08-13T00:09:27.000Z</time>
        <extensions>
          <ns3:TrackPointExtension>
            <ns3:atemp>10.0</ns3:atemp>
          </ns3:TrackPointExtension>
        </extensions>
      </trkpt>
      <trkpt lat="48.4601560793817043304443359375" lon="90.2536915428936481475830078125">
        <ele>2130.60009765625</ele>
        <time>2025-08-13T00:09:36.000Z</time>
        <extensions>
          <ns3:TrackPointExtension>
            <ns3:atemp>10.0</ns3:atemp>
          </ns3:TrackPointExtension>
        </extensions>
      </trkpt>
      <trkpt lat="48.4602144174277782440185546875" lon="90.253460370004177093505859375">
        <ele>2130.800048828125</ele>
        <time>2025-08-13T00:09:43.000Z</time>
        <extensions>
          <ns3:TrackPointExtension>
            <ns3:atemp>10.0</ns3:atemp>
          </ns3:TrackPointExtension>
        </extensions>
      </trkpt>
      <trkpt lat="48.460332937538623809814453125" lon="90.2530035562813282012939453125">
        <ele>2131.39990234375</ele>
        <time>2025-08-13T00:09:54.000Z</time>
        <extensions>
          <ns3:TrackPointExtension>
            <ns3:atemp>10.0</ns3:atemp>
          </ns3:TrackPointExtension>
        </extensions>
      </trkpt>
      <trkpt lat="48.46034291200339794158935546875" lon="90.25296106003224849700927734375">
        <ele>2131.39990234375</ele>
        <time>2025-08-13T00:09:55.000Z</time>
        <extensions>
          <ns3:TrackPointExtension>
            <ns3:atemp>10.0</ns3:atemp>
          </ns3:TrackPointExtension>
        </extensions>
      </trkpt>
      <trkpt lat="48.460465706884860992431640625" lon="90.25247692130506038665771484375">
        <ele>2132</ele>
        <time>2025-08-13T00:10:06.000Z</time>
        <extensions>
          <ns3:TrackPointExtension>
            <ns3:atemp>10.0</ns3:atemp>
          </ns3:TrackPointExtension>
        </extensions>
      </trkpt>
      <trkpt lat="48.46055614762008190155029296875" lon="90.25211649946868419647216796875">
        <ele>2132.39990234375</ele>
        <time>2025-08-13T00:10:14.000Z</time>
        <extensions>
          <ns3:TrackPointExtension>
            <ns3:atemp>10.0</ns3:atemp>
          </ns3:TrackPointExtension>
        </extensions>
      </trkpt>
      <trkpt lat="48.4605981409549713134765625" lon="90.25192941538989543914794921875">
        <ele>2132.60009765625</ele>
        <time>2025-08-13T00:10:18.000Z</time>
        <extensions>
          <ns3:TrackPointExtension>
            <ns3:atemp>10.0</ns3:atemp>
          </ns3:TrackPointExtension>
        </extensions>
      </trkpt>
      <trkpt lat="48.46071171574294567108154296875" lon="90.2514700032770633697509765625">
        <ele>2133</ele>
        <time>2025-08-13T00:10:28.000Z</time>
        <extensions>
          <ns3:TrackPointExtension>
            <ns3:atemp>10.0</ns3:atemp>
          </ns3:TrackPointExtension>
        </extensions>
      </trkpt>
      <trkpt lat="48.46076720394194126129150390625" lon="90.25124142877757549285888671875">
        <ele>2133.60009765625</ele>
        <time>2025-08-13T00:10:33.000Z</time>
        <extensions>
          <ns3:TrackPointExtension>
            <ns3:atemp>10.0</ns3:atemp>
          </ns3:TrackPointExtension>
        </extensions>
      </trkpt>
      <trkpt lat="48.46083618700504302978515625" lon="90.25097488425672054290771484375">
        <ele>2133.800048828125</ele>
        <time>2025-08-13T00:10:39.000Z</time>
        <extensions>
          <ns3:TrackPointExtension>
            <ns3:atemp>10.0</ns3:atemp>
          </ns3:TrackPointExtension>
        </extensions>
      </trkpt>
      <trkpt lat="48.4608812816441059112548828125" lon="90.250778831541538238525390625">
        <ele>2134</ele>
        <time>2025-08-13T00:10:45.000Z</time>
        <extensions>
          <ns3:TrackPointExtension>
            <ns3:atemp>10.0</ns3:atemp>
          </ns3:TrackPointExtension>
        </extensions>
      </trkpt>
      <trkpt lat="48.46094775013625621795654296875" lon="90.2504990436136722564697265625">
        <ele>2134.60009765625</ele>
        <time>2025-08-13T00:10:53.000Z</time>
        <extensions>
          <ns3:TrackPointExtension>
            <ns3:atemp>10.0</ns3:atemp>
          </ns3:TrackPointExtension>
        </extensions>
      </trkpt>
      <trkpt lat="48.46096920780837535858154296875" lon="90.2504236064851284027099609375">
        <ele>2134.60009765625</ele>
        <time>2025-08-13T00:10:55.000Z</time>
        <extensions>
          <ns3:TrackPointExtension>
            <ns3:atemp>10.0</ns3:atemp>
          </ns3:TrackPointExtension>
        </extensions>
      </trkpt>
      <trkpt lat="48.461034335196018218994140625" lon="90.25013451464474201202392578125">
        <ele>2135</ele>
        <time>2025-08-13T00:11:02.000Z</time>
        <extensions>
          <ns3:TrackPointExtension>
            <ns3:atemp>10.0</ns3:atemp>
          </ns3:TrackPointExtension>
        </extensions>
      </trkpt>
      <trkpt lat="48.4611622430384159088134765625" lon="90.24957108311355113983154296875">
        <ele>2135.39990234375</ele>
        <time>2025-08-13T00:11:15.000Z</time>
        <extensions>
          <ns3:TrackPointExtension>
            <ns3:atemp>10.0</ns3:atemp>
          </ns3:TrackPointExtension>
        </extensions>
      </trkpt>
      <trkpt lat="48.4612078405916690826416015625" lon="90.24939439259469509124755859375">
        <ele>2135.800048828125</ele>
        <time>2025-08-13T00:11:19.000Z</time>
        <extensions>
          <ns3:TrackPointExtension>
            <ns3:atemp>10.0</ns3:atemp>
          </ns3:TrackPointExtension>
        </extensions>
      </trkpt>
      <trkpt lat="48.4612591378390789031982421875" lon="90.2491804026067256927490234375">
        <ele>2135.800048828125</ele>
        <time>2025-08-13T00:11:25.000Z</time>
        <extensions>
          <ns3:TrackPointExtension>
            <ns3:atemp>10.0</ns3:atemp>
          </ns3:TrackPointExtension>
        </extensions>
      </trkpt>
      <trkpt lat="48.46137036569416522979736328125" lon="90.2487478964030742645263671875">
        <ele>2136.199951171875</ele>
        <time>2025-08-13T00:11:36.000Z</time>
        <extensions>
          <ns3:TrackPointExtension>
            <ns3:atemp>10.0</ns3:atemp>
          </ns3:TrackPointExtension>
        </extensions>
      </trkpt>
      <trkpt lat="48.4614348225295543670654296875" lon="90.24847003631293773651123046875">
        <ele>2136.60009765625</ele>
        <time>2025-08-13T00:11:44.000Z</time>
        <extensions>
          <ns3:TrackPointExtension>
            <ns3:atemp>10.0</ns3:atemp>
          </ns3:TrackPointExtension>
        </extensions>
      </trkpt>
      <trkpt lat="48.46148083917796611785888671875" lon="90.248273313045501708984375">
        <ele>2136.60009765625</ele>
        <time>2025-08-13T00:11:51.000Z</time>
        <extensions>
          <ns3:TrackPointExtension>
            <ns3:atemp>10.0</ns3:atemp>
          </ns3:TrackPointExtension>
        </extensions>
      </trkpt>
      <trkpt lat="48.46149391494691371917724609375" lon="90.24823249317705631256103515625">
        <ele>2136.800048828125</ele>
        <time>2025-08-13T00:11:52.000Z</time>
        <extensions>
          <ns3:TrackPointExtension>
            <ns3:atemp>10.0</ns3:atemp>
          </ns3:TrackPointExtension>
        </extensions>
      </trkpt>
      <trkpt lat="48.46156432293355464935302734375" lon="90.24796762503683567047119140625">
        <ele>2137.199951171875</ele>
        <time>2025-08-13T00:11:59.000Z</time>
        <extensions>
          <ns3:TrackPointExtension>
            <ns3:atemp>10.0</ns3:atemp>
          </ns3:TrackPointExtension>
        </extensions>
      </trkpt>
      <trkpt lat="48.46167328767478466033935546875" lon="90.247500836849212646484375">
        <ele>2137.800048828125</ele>
        <time>2025-08-13T00:12:11.000Z</time>
        <extensions>
          <ns3:TrackPointExtension>
            <ns3:atemp>10.0</ns3:atemp>
          </ns3:TrackPointExtension>
        </extensions>
      </trkpt>
      <trkpt lat="48.46179683692753314971923828125" lon="90.24700722657144069671630859375">
        <ele>2138.39990234375</ele>
        <time>2025-08-13T00:12:22.000Z</time>
        <extensions>
          <ns3:TrackPointExtension>
            <ns3:atemp>10.0</ns3:atemp>
          </ns3:TrackPointExtension>
        </extensions>
      </trkpt>
      <trkpt lat="48.46189741976559162139892578125" lon="90.246599279344081878662109375">
        <ele>2138.800048828125</ele>
        <time>2025-08-13T00:12:31.000Z</time>
        <extensions>
          <ns3:TrackPointExtension>
            <ns3:atemp>10.0</ns3:atemp>
          </ns3:TrackPointExtension>
        </extensions>
      </trkpt>
      <trkpt lat="48.461930863559246063232421875" lon="90.2464623190462589263916015625">
        <ele>2139</ele>
        <time>2025-08-13T00:12:34.000Z</time>
        <extensions>
          <ns3:TrackPointExtension>
            <ns3:atemp>10.0</ns3:atemp>
          </ns3:TrackPointExtension>
        </extensions>
      </trkpt>
      <trkpt lat="48.46206069923937320709228515625" lon="90.24594423361122608184814453125">
        <ele>2139.39990234375</ele>
        <time>2025-08-13T00:12:46.000Z</time>
        <extensions>
          <ns3:TrackPointExtension>
            <ns3:atemp>10.0</ns3:atemp>
          </ns3:TrackPointExtension>
        </extensions>
      </trkpt>
      <trkpt lat="48.462158851325511932373046875" lon="90.24553251452744007110595703125">
        <ele>2139.800048828125</ele>
        <time>2025-08-13T00:12:55.000Z</time>
        <extensions>
          <ns3:TrackPointExtension>
            <ns3:atemp>10.0</ns3:atemp>
          </ns3:TrackPointExtension>
        </extensions>
      </trkpt>
      <trkpt lat="48.4622047841548919677734375" lon="90.24533537216484546661376953125">
        <ele>2140.199951171875</ele>
        <time>2025-08-13T00:12:59.000Z</time>
        <extensions>
          <ns3:TrackPointExtension>
            <ns3:atemp>10.0</ns3:atemp>
          </ns3:TrackPointExtension>
        </extensions>
      </trkpt>
      <trkpt lat="48.462333194911479949951171875" lon="90.24482868611812591552734375">
        <ele>2140.800048828125</ele>
        <time>2025-08-13T00:13:10.000Z</time>
        <extensions>
          <ns3:TrackPointExtension>
            <ns3:atemp>10.0</ns3:atemp>
          </ns3:TrackPointExtension>
        </extensions>
      </trkpt>
      <trkpt lat="48.462352640926837921142578125" lon="90.24475668556988239288330078125">
        <ele>2141</ele>
        <time>2025-08-13T00:13:12.000Z</time>
        <extensions>
          <ns3:TrackPointExtension>
            <ns3:atemp>10.0</ns3:atemp>
          </ns3:TrackPointExtension>
        </extensions>
      </trkpt>
      <trkpt lat="48.46238608472049236297607421875" lon="90.244613103568553924560546875">
        <ele>2141.39990234375</ele>
        <time>2025-08-13T00:13:16.000Z</time>
        <extensions>
          <ns3:TrackPointExtension>
            <ns3:atemp>10.0</ns3:atemp>
          </ns3:TrackPointExtension>
        </extensions>
      </trkpt>
      <trkpt lat="48.4625239670276641845703125" lon="90.2440671063959598541259765625">
        <ele>2141.800048828125</ele>
        <time>2025-08-13T00:13:29.000Z</time>
        <extensions>
          <ns3:TrackPointExtension>
            <ns3:atemp>10.0</ns3:atemp>
          </ns3:TrackPointExtension>
        </extensions>
      </trkpt>
      <trkpt lat="48.46262765116989612579345703125" lon="90.243632756173610687255859375">
        <ele>2142</ele>
        <time>2025-08-13T00:13:39.000Z</time>
        <extensions>
          <ns3:TrackPointExtension>
            <ns3:atemp>10.0</ns3:atemp>
          </ns3:TrackPointExtension>
        </extensions>
      </trkpt>
      <trkpt lat="48.4627310000360012054443359375" lon="90.243255235254764556884765625">
        <ele>2141.800048828125</ele>
        <time>2025-08-13T00:13:48.000Z</time>
        <extensions>
          <ns3:TrackPointExtension>
            <ns3:atemp>10.0</ns3:atemp>
          </ns3:TrackPointExtension>
        </extensions>
      </trkpt>
      <trkpt lat="48.4628020785748958587646484375" lon="90.242965556681156158447265625">
        <ele>2142</ele>
        <time>2025-08-13T00:13:54.000Z</time>
        <extensions>
          <ns3:TrackPointExtension>
            <ns3:atemp>10.0</ns3:atemp>
          </ns3:TrackPointExtension>
        </extensions>
      </trkpt>
      <trkpt lat="48.46283233724534511566162109375" lon="90.24284041486680507659912109375">
        <ele>2142.199951171875</ele>
        <time>2025-08-13T00:13:57.000Z</time>
        <extensions>
          <ns3:TrackPointExtension>
            <ns3:atemp>10.0</ns3:atemp>
          </ns3:TrackPointExtension>
        </extensions>
      </trkpt>
      <trkpt lat="48.462940715253353118896484375" lon="90.2424235828220844268798828125">
        <ele>2142.199951171875</ele>
        <time>2025-08-13T00:14:07.000Z</time>
        <extensions>
          <ns3:TrackPointExtension>
            <ns3:atemp>10.0</ns3:atemp>
          </ns3:TrackPointExtension>
        </extensions>
      </trkpt>
      <trkpt lat="48.463027887046337127685546875" lon="90.24206039495766162872314453125">
        <ele>2142.60009765625</ele>
        <time>2025-08-13T00:14:16.000Z</time>
        <extensions>
          <ns3:TrackPointExtension>
            <ns3:atemp>10.0</ns3:atemp>
          </ns3:TrackPointExtension>
        </extensions>
      </trkpt>
      <trkpt lat="48.46315068192780017852783203125" lon="90.24160877801477909088134765625">
        <ele>2142.60009765625</ele>
        <time>2025-08-13T00:14:26.000Z</time>
        <extensions>
          <ns3:TrackPointExtension>
            <ns3:atemp>10.0</ns3:atemp>
          </ns3:TrackPointExtension>
        </extensions>
      </trkpt>
      <trkpt lat="48.46320834942162036895751953125" lon="90.2413758449256420135498046875">
        <ele>2142.60009765625</ele>
        <time>2025-08-13T00:14:33.000Z</time>
        <extensions>
          <ns3:TrackPointExtension>
            <ns3:atemp>10.0</ns3:atemp>
          </ns3:TrackPointExtension>
        </extensions>
      </trkpt>
      <trkpt lat="48.46327641047537326812744140625" lon="90.24109295569360256195068359375">
        <ele>2142.39990234375</ele>
        <time>2025-08-13T00:14:41.000Z</time>
        <extensions>
          <ns3:TrackPointExtension>
            <ns3:atemp>10.0</ns3:atemp>
          </ns3:TrackPointExtension>
        </extensions>
      </trkpt>
      <trkpt lat="48.46337883733212947845458984375" lon="90.240682326257228851318359375">
        <ele>2142.39990234375</ele>
        <time>2025-08-13T00:14:51.000Z</time>
        <extensions>
          <ns3:TrackPointExtension>
            <ns3:atemp>10.0</ns3:atemp>
          </ns3:TrackPointExtension>
        </extensions>
      </trkpt>
      <trkpt lat="48.46343952231109142303466796875" lon="90.24046397767961025238037109375">
        <ele>2142.39990234375</ele>
        <time>2025-08-13T00:14:56.000Z</time>
        <extensions>
          <ns3:TrackPointExtension>
            <ns3:atemp>10.0</ns3:atemp>
          </ns3:TrackPointExtension>
        </extensions>
      </trkpt>
      <trkpt lat="48.46349467523396015167236328125" lon="90.240237750113010406494140625">
        <ele>2142.800048828125</ele>
        <time>2025-08-13T00:15:01.000Z</time>
        <extensions>
          <ns3:TrackPointExtension>
            <ns3:atemp>10.0</ns3:atemp>
          </ns3:TrackPointExtension>
        </extensions>
      </trkpt>
      <trkpt lat="48.46357748843729496002197265625" lon="90.23991177789866924285888671875">
        <ele>2143.199951171875</ele>
        <time>2025-08-13T00:15:08.000Z</time>
        <extensions>
          <ns3:TrackPointExtension>
            <ns3:atemp>10.0</ns3:atemp>
          </ns3:TrackPointExtension>
        </extensions>
      </trkpt>
      <trkpt lat="48.46365426667034626007080078125" lon="90.23961992003023624420166015625">
        <ele>2143.60009765625</ele>
        <time>2025-08-13T00:15:14.000Z</time>
        <extensions>
          <ns3:TrackPointExtension>
            <ns3:atemp>10.0</ns3:atemp>
          </ns3:TrackPointExtension>
        </extensions>
      </trkpt>
      <trkpt lat="48.4637482278048992156982421875" lon="90.23924625478684902191162109375">
        <ele>2144.39990234375</ele>
        <time>2025-08-13T00:15:21.000Z</time>
        <extensions>
          <ns3:TrackPointExtension>
            <ns3:atemp>10.0</ns3:atemp>
          </ns3:TrackPointExtension>
        </extensions>
      </trkpt>
      <trkpt lat="48.46380011178553104400634765625" lon="90.2390379644930362701416015625">
        <ele>2144.800048828125</ele>
        <time>2025-08-13T00:15:25.000Z</time>
        <extensions>
          <ns3:TrackPointExtension>
            <ns3:atemp>10.0</ns3:atemp>
          </ns3:TrackPointExtension>
        </extensions>
      </trkpt>
      <trkpt lat="48.46393103711307048797607421875" lon="90.2385246567428112030029296875">
        <ele>2144.60009765625</ele>
        <time>2025-08-13T00:15:35.000Z</time>
        <extensions>
          <ns3:TrackPointExtension>
            <ns3:atemp>10.0</ns3:atemp>
          </ns3:TrackPointExtension>
        </extensions>
      </trkpt>
      <trkpt lat="48.46407101489603519439697265625" lon="90.23800439201295375823974609375">
        <ele>2144.39990234375</ele>
        <time>2025-08-13T00:15:45.000Z</time>
        <extensions>
          <ns3:TrackPointExtension>
            <ns3:atemp>10.0</ns3:atemp>
          </ns3:TrackPointExtension>
        </extensions>
      </trkpt>
      <trkpt lat="48.46421048976480960845947265625" lon="90.23744548670947551727294921875">
        <ele>2144.199951171875</ele>
        <time>2025-08-13T00:15:56.000Z</time>
        <extensions>
          <ns3:TrackPointExtension>
            <ns3:atemp>11.0</ns3:atemp>
          </ns3:TrackPointExtension>
        </extensions>
      </trkpt>
      <trkpt lat="48.46430134959518909454345703125" lon="90.23706880398094654083251953125">
        <ele>2144</ele>
        <time>2025-08-13T00:16:05.000Z</time>
        <extensions>
          <ns3:TrackPointExtension>
            <ns3:atemp>11.0</ns3:atemp>
          </ns3:TrackPointExtension>
        </extensions>
      </trkpt>
      <trkpt lat="48.46438081003725528717041015625" lon="90.23675532080233097076416015625">
        <ele>2144.199951171875</ele>
        <time>2025-08-13T00:16:13.000Z</time>
        <extensions>
          <ns3:TrackPointExtension>
            <ns3:atemp>10.0</ns3:atemp>
          </ns3:TrackPointExtension>
        </extensions>
      </trkpt>
      <trkpt lat="48.4645103104412555694580078125" lon="90.23625005967915058135986328125">
        <ele>2144.39990234375</ele>
        <time>2025-08-13T00:16:24.000Z</time>
        <extensions>
          <ns3:TrackPointExtension>
            <ns3:atemp>11.0</ns3:atemp>
          </ns3:TrackPointExtension>
        </extensions>
      </trkpt>
      <trkpt lat="48.4646303392946720123291015625" lon="90.23575519211590290069580078125">
        <ele>2144.60009765625</ele>
        <time>2025-08-13T00:16:34.000Z</time>
        <extensions>
          <ns3:TrackPointExtension>
            <ns3:atemp>11.0</ns3:atemp>
          </ns3:TrackPointExtension>
        </extensions>
      </trkpt>
      <trkpt lat="48.46472145058214664459228515625" lon="90.235419832170009613037109375">
        <ele>2144.800048828125</ele>
        <time>2025-08-13T00:16:43.000Z</time>
        <extensions>
          <ns3:TrackPointExtension>
            <ns3:atemp>11.0</ns3:atemp>
          </ns3:TrackPointExtension>
        </extensions>
      </trkpt>
      <trkpt lat="48.46481013111770153045654296875" lon="90.23507005535066127777099609375">
        <ele>2145</ele>
        <time>2025-08-13T00:16:51.000Z</time>
        <extensions>
          <ns3:TrackPointExtension>
            <ns3:atemp>11.0</ns3:atemp>
          </ns3:TrackPointExtension>
        </extensions>
      </trkpt>
      <trkpt lat="48.46489780582487583160400390625" lon="90.23469437845051288604736328125">
        <ele>2145.199951171875</ele>
        <time>2025-08-13T00:16:58.000Z</time>
        <extensions>
          <ns3:TrackPointExtension>
            <ns3:atemp>11.0</ns3:atemp>
          </ns3:TrackPointExtension>
        </extensions>
      </trkpt>
      <trkpt lat="48.46499687992036342620849609375" lon="90.2343246527016162872314453125">
        <ele>2145.39990234375</ele>
        <time>2025-08-13T00:17:06.000Z</time>
        <extensions>
          <ns3:TrackPointExtension>
            <ns3:atemp>11.0</ns3:atemp>
          </ns3:TrackPointExtension>
        </extensions>
      </trkpt>
      <trkpt lat="48.465010039508342742919921875" lon="90.23427595384418964385986328125">
        <ele>2145.39990234375</ele>
        <time>2025-08-13T00:17:07.000Z</time>
        <extensions>
          <ns3:TrackPointExtension>
            <ns3:atemp>11.0</ns3:atemp>
          </ns3:TrackPointExtension>
        </extensions>
      </trkpt>
      <trkpt lat="48.46510685048997402191162109375" lon="90.23388552479445934295654296875">
        <ele>2145.60009765625</ele>
        <time>2025-08-13T00:17:14.000Z</time>
        <extensions>
          <ns3:TrackPointExtension>
            <ns3:atemp>11.0</ns3:atemp>
          </ns3:TrackPointExtension>
        </extensions>
      </trkpt>
      <trkpt lat="48.46522872336208820343017578125" lon="90.23339853622019290924072265625">
        <ele>2145.800048828125</ele>
        <time>2025-08-13T00:17:23.000Z</time>
        <extensions>
          <ns3:TrackPointExtension>
            <ns3:atemp>11.0</ns3:atemp>
          </ns3:TrackPointExtension>
        </extensions>
      </trkpt>
      <trkpt lat="48.4653552062809467315673828125" lon="90.23291020654141902923583984375">
        <ele>2146.199951171875</ele>
        <time>2025-08-13T00:17:32.000Z</time>
        <extensions>
          <ns3:TrackPointExtension>
            <ns3:atemp>11.0</ns3:atemp>
          </ns3:TrackPointExtension>
        </extensions>
      </trkpt>
      <trkpt lat="48.4654128737747669219970703125" lon="90.23268104530870914459228515625">
        <ele>2146.39990234375</ele>
        <time>2025-08-13T00:17:36.000Z</time>
        <extensions>
          <ns3:TrackPointExtension>
            <ns3:atemp>11.0</ns3:atemp>
          </ns3:TrackPointExtension>
        </extensions>
      </trkpt>
      <trkpt lat="48.46548135392367839813232421875" lon="90.23242841474711894989013671875">
        <ele>2146.60009765625</ele>
        <time>2025-08-13T00:17:41.000Z</time>
        <extensions>
          <ns3:TrackPointExtension>
            <ns3:atemp>11.0</ns3:atemp>
          </ns3:TrackPointExtension>
        </extensions>
      </trkpt>
      <trkpt lat="48.465640358626842498779296875" lon="90.23178778588771820068359375">
        <ele>2146.800048828125</ele>
        <time>2025-08-13T00:17:52.000Z</time>
        <extensions>
          <ns3:TrackPointExtension>
            <ns3:atemp>11.0</ns3:atemp>
          </ns3:TrackPointExtension>
        </extensions>
      </trkpt>
      <trkpt lat="48.465773798525333404541015625" lon="90.2312317304313182830810546875">
        <ele>2147.199951171875</ele>
        <time>2025-08-13T00:18:02.000Z</time>
        <extensions>
          <ns3:TrackPointExtension>
            <ns3:atemp>11.0</ns3:atemp>
          </ns3:TrackPointExtension>
        </extensions>
      </trkpt>
      <trkpt lat="48.46589240245521068572998046875" lon="90.2307908423244953155517578125">
        <ele>2147.39990234375</ele>
        <time>2025-08-13T00:18:10.000Z</time>
        <extensions>
          <ns3:TrackPointExtension>
            <ns3:atemp>11.0</ns3:atemp>
          </ns3:TrackPointExtension>
        </extensions>
      </trkpt>
      <trkpt lat="48.46605668775737285614013671875" lon="90.230116434395313262939453125">
        <ele>2148</ele>
        <time>2025-08-13T00:18:22.000Z</time>
        <extensions>
          <ns3:TrackPointExtension>
            <ns3:atemp>11.0</ns3:atemp>
          </ns3:TrackPointExtension>
        </extensions>
      </trkpt>
      <trkpt lat="48.466179482638835906982421875" lon="90.229669176042079925537109375">
        <ele>2148</ele>
        <time>2025-08-13T00:18:30.000Z</time>
        <extensions>
          <ns3:TrackPointExtension>
            <ns3:atemp>11.0</ns3:atemp>
          </ns3:TrackPointExtension>
        </extensions>
      </trkpt>
      <trkpt lat="48.466236479580402374267578125" lon="90.229437835514545440673828125">
        <ele>2148.39990234375</ele>
        <time>2025-08-13T00:18:34.000Z</time>
        <extensions>
          <ns3:TrackPointExtension>
            <ns3:atemp>11.0</ns3:atemp>
          </ns3:TrackPointExtension>
        </extensions>
      </trkpt>
      <trkpt lat="48.4662510640919208526611328125" lon="90.229386202991008758544921875">
        <ele>2148.39990234375</ele>
        <time>2025-08-13T00:18:35.000Z</time>
        <extensions>
          <ns3:TrackPointExtension>
            <ns3:atemp>11.0</ns3:atemp>
          </ns3:TrackPointExtension>
        </extensions>
      </trkpt>
      <trkpt lat="48.46630789339542388916015625" lon="90.2291687764227390289306640625">
        <ele>2148.60009765625</ele>
        <time>2025-08-13T00:18:39.000Z</time>
        <extensions>
          <ns3:TrackPointExtension>
            <ns3:atemp>11.0</ns3:atemp>
          </ns3:TrackPointExtension>
        </extensions>
      </trkpt>
      <trkpt lat="48.46643202938139438629150390625" lon="90.22866678424179553985595703125">
        <ele>2148.800048828125</ele>
        <time>2025-08-13T00:18:48.000Z</time>
        <extensions>
          <ns3:TrackPointExtension>
            <ns3:atemp>11.0</ns3:atemp>
          </ns3:TrackPointExtension>
        </extensions>
      </trkpt>
      <trkpt lat="48.466578461229801177978515625" lon="90.22808122448623180389404296875">
        <ele>2149.199951171875</ele>
        <time>2025-08-13T00:18:59.000Z</time>
        <extensions>
          <ns3:TrackPointExtension>
            <ns3:atemp>11.0</ns3:atemp>
          </ns3:TrackPointExtension>
        </extensions>
      </trkpt>
      <trkpt lat="48.46671290695667266845703125" lon="90.22754260338842868804931640625">
        <ele>2149.199951171875</ele>
        <time>2025-08-13T00:19:09.000Z</time>
        <extensions>
          <ns3:TrackPointExtension>
            <ns3:atemp>11.0</ns3:atemp>
          </ns3:TrackPointExtension>
        </extensions>
      </trkpt>
      <trkpt lat="48.4668396413326263427734375" lon="90.2270637452602386474609375">
        <ele>2149.39990234375</ele>
        <time>2025-08-13T00:19:18.000Z</time>
        <extensions>
          <ns3:TrackPointExtension>
            <ns3:atemp>11.0</ns3:atemp>
          </ns3:TrackPointExtension>
        </extensions>
      </trkpt>
      <trkpt lat="48.46693779341876506805419921875" lon="90.2266961149871349334716796875">
        <ele>2149.39990234375</ele>
        <time>2025-08-13T00:19:25.000Z</time>
        <extensions>
          <ns3:TrackPointExtension>
            <ns3:atemp>11.0</ns3:atemp>
          </ns3:TrackPointExtension>
        </extensions>
      </trkpt>
      <trkpt lat="48.4669802896678447723388671875" lon="90.22652420215308666229248046875">
        <ele>2149.60009765625</ele>
        <time>2025-08-13T00:19:28.000Z</time>
        <extensions>
          <ns3:TrackPointExtension>
            <ns3:atemp>11.0</ns3:atemp>
          </ns3:TrackPointExtension>
        </extensions>
      </trkpt>
      <trkpt lat="48.46711666323244571685791015625" lon="90.22597351111471652984619140625">
        <ele>2149.800048828125</ele>
        <time>2025-08-13T00:19:38.000Z</time>
        <extensions>
          <ns3:TrackPointExtension>
            <ns3:atemp>11.0</ns3:atemp>
          </ns3:TrackPointExtension>
        </extensions>
      </trkpt>
      <trkpt lat="48.46724188886582851409912109375" lon="90.225488953292369842529296875">
        <ele>2150</ele>
        <time>2025-08-13T00:19:47.000Z</time>
        <extensions>
          <ns3:TrackPointExtension>
            <ns3:atemp>11.0</ns3:atemp>
          </ns3:TrackPointExtension>
        </extensions>
      </trkpt>
      <trkpt lat="48.46738521941006183624267578125" lon="90.224959552288055419921875">
        <ele>2150.199951171875</ele>
        <time>2025-08-13T00:19:57.000Z</time>
        <extensions>
          <ns3:TrackPointExtension>
            <ns3:atemp>11.0</ns3:atemp>
          </ns3:TrackPointExtension>
        </extensions>
      </trkpt>
      <trkpt lat="48.4675418771803379058837890625" lon="90.224353373050689697265625">
        <ele>2150.199951171875</ele>
        <time>2025-08-13T00:20:08.000Z</time>
        <extensions>
          <ns3:TrackPointExtension>
            <ns3:atemp>11.0</ns3:atemp>
          </ns3:TrackPointExtension>
        </extensions>
      </trkpt>
      <trkpt lat="48.46770666539669036865234375" lon="90.22379052825272083282470703125">
        <ele>2150</ele>
        <time>2025-08-13T00:20:18.000Z</time>
        <extensions>
          <ns3:TrackPointExtension>
            <ns3:atemp>11.0</ns3:atemp>
          </ns3:TrackPointExtension>
        </extensions>
      </trkpt>
      <trkpt lat="48.46793959848582744598388671875" lon="90.2230714447796344757080078125">
        <ele>2150</ele>
        <time>2025-08-13T00:20:30.000Z</time>
        <extensions>
          <ns3:TrackPointExtension>
            <ns3:atemp>11.0</ns3:atemp>
          </ns3:TrackPointExtension>
        </extensions>
      </trkpt>
      <trkpt lat="48.46812701784074306488037109375" lon="90.222559310495853424072265625">
        <ele>2150</ele>
        <time>2025-08-13T00:20:39.000Z</time>
        <extensions>
          <ns3:TrackPointExtension>
            <ns3:atemp>11.0</ns3:atemp>
          </ns3:TrackPointExtension>
        </extensions>
      </trkpt>
      <trkpt lat="48.468345701694488525390625" lon="90.22205195389688014984130859375">
        <ele>2149.800048828125</ele>
        <time>2025-08-13T00:20:48.000Z</time>
        <extensions>
          <ns3:TrackPointExtension>
            <ns3:atemp>11.0</ns3:atemp>
          </ns3:TrackPointExtension>
        </extensions>
      </trkpt>
      <trkpt lat="48.46856690011918544769287109375" lon="90.22154786624014377593994140625">
        <ele>2150</ele>
        <time>2025-08-13T00:20:57.000Z</time>
        <extensions>
          <ns3:TrackPointExtension>
            <ns3:atemp>11.0</ns3:atemp>
          </ns3:TrackPointExtension>
        </extensions>
      </trkpt>
      <trkpt lat="48.46883277408778667449951171875" lon="90.2210141904652118682861328125">
        <ele>2150</ele>
        <time>2025-08-13T00:21:07.000Z</time>
        <extensions>
          <ns3:TrackPointExtension>
            <ns3:atemp>11.0</ns3:atemp>
          </ns3:TrackPointExtension>
        </extensions>
      </trkpt>
      <trkpt lat="48.46907048486173152923583984375" lon="90.2205847017467021942138671875">
        <ele>2150.199951171875</ele>
        <time>2025-08-13T00:21:16.000Z</time>
        <extensions>
          <ns3:TrackPointExtension>
            <ns3:atemp>11.0</ns3:atemp>
          </ns3:TrackPointExtension>
        </extensions>
      </trkpt>
      <trkpt lat="48.4692269749939441680908203125" lon="90.22032142616808414459228515625">
        <ele>2150.39990234375</ele>
        <time>2025-08-13T00:21:22.000Z</time>
        <extensions>
          <ns3:TrackPointExtension>
            <ns3:atemp>11.0</ns3:atemp>
          </ns3:TrackPointExtension>
        </extensions>
      </trkpt>
      <trkpt lat="48.46925295889377593994140625" lon="90.22027482278645038604736328125">
        <ele>2150.60009765625</ele>
        <time>2025-08-13T00:21:23.000Z</time>
        <extensions>
          <ns3:TrackPointExtension>
            <ns3:atemp>11.0</ns3:atemp>
          </ns3:TrackPointExtension>
        </extensions>
      </trkpt>
      <trkpt lat="48.46951070241630077362060546875" lon="90.219847597181797027587890625">
        <ele>2151</ele>
        <time>2025-08-13T00:21:33.000Z</time>
        <extensions>
          <ns3:TrackPointExtension>
            <ns3:atemp>11.0</ns3:atemp>
          </ns3:TrackPointExtension>
        </extensions>
      </trkpt>
      <trkpt lat="48.46975159831345081329345703125" lon="90.219513662159442901611328125">
        <ele>2151.39990234375</ele>
        <time>2025-08-13T00:21:42.000Z</time>
        <extensions>
          <ns3:TrackPointExtension>
            <ns3:atemp>11.0</ns3:atemp>
          </ns3:TrackPointExtension>
        </extensions>
      </trkpt>
      <trkpt lat="48.46980440430343151092529296875" lon="90.219439566135406494140625">
        <ele>2151.60009765625</ele>
        <time>2025-08-13T00:21:44.000Z</time>
        <extensions>
          <ns3:TrackPointExtension>
            <ns3:atemp>11.0</ns3:atemp>
          </ns3:TrackPointExtension>
        </extensions>
      </trkpt>
      <trkpt lat="48.4701328910887241363525390625" lon="90.2189767174422740936279296875">
        <ele>2152</ele>
        <time>2025-08-13T00:21:56.000Z</time>
        <extensions>
          <ns3:TrackPointExtension>
            <ns3:atemp>11.0</ns3:atemp>
          </ns3:TrackPointExtension>
        </extensions>
      </trkpt>
      <trkpt lat="48.4703310392796993255615234375" lon="90.21867656148970127105712890625">
        <ele>2152.60009765625</ele>
        <time>2025-08-13T00:22:03.000Z</time>
        <extensions>
          <ns3:TrackPointExtension>
            <ns3:atemp>11.0</ns3:atemp>
          </ns3:TrackPointExtension>
        </extensions>
      </trkpt>
      <trkpt lat="48.47041661851108074188232421875" lon="90.21855753846466541290283203125">
        <ele>2152.60009765625</ele>
        <time>2025-08-13T00:22:06.000Z</time>
        <extensions>
          <ns3:TrackPointExtension>
            <ns3:atemp>11.0</ns3:atemp>
          </ns3:TrackPointExtension>
        </extensions>
      </trkpt>
      <trkpt lat="48.47065147943794727325439453125" lon="90.21825344301760196685791015625">
        <ele>2152.800048828125</ele>
        <time>2025-08-13T00:22:14.000Z</time>
        <extensions>
          <ns3:TrackPointExtension>
            <ns3:atemp>11.0</ns3:atemp>
          </ns3:TrackPointExtension>
        </extensions>
      </trkpt>
      <trkpt lat="48.470886759459972381591796875" lon="90.217896290123462677001953125">
        <ele>2152.60009765625</ele>
        <time>2025-08-13T00:22:22.000Z</time>
        <extensions>
          <ns3:TrackPointExtension>
            <ns3:atemp>11.0</ns3:atemp>
          </ns3:TrackPointExtension>
        </extensions>
      </trkpt>
      <trkpt lat="48.4709130786359310150146484375" lon="90.21785228513181209564208984375">
        <ele>2152.60009765625</ele>
        <time>2025-08-13T00:22:23.000Z</time>
        <extensions>
          <ns3:TrackPointExtension>
            <ns3:atemp>11.0</ns3:atemp>
          </ns3:TrackPointExtension>
        </extensions>
      </trkpt>
      <trkpt lat="48.4710391424596309661865234375" lon="90.2177063561975955963134765625">
        <ele>2152.800048828125</ele>
        <time>2025-08-13T00:22:27.000Z</time>
        <extensions>
          <ns3:TrackPointExtension>
            <ns3:atemp>11.0</ns3:atemp>
          </ns3:TrackPointExtension>
        </extensions>
      </trkpt>
      <trkpt lat="48.47130912356078624725341796875" lon="90.21733336150646209716796875">
        <ele>2152.800048828125</ele>
        <time>2025-08-13T00:22:36.000Z</time>
        <extensions>
          <ns3:TrackPointExtension>
            <ns3:atemp>11.0</ns3:atemp>
          </ns3:TrackPointExtension>
        </extensions>
      </trkpt>
      <trkpt lat="48.47157198004424571990966796875" lon="90.21696162410080432891845703125">
        <ele>2152.60009765625</ele>
        <time>2025-08-13T00:22:45.000Z</time>
        <extensions>
          <ns3:TrackPointExtension>
            <ns3:atemp>11.0</ns3:atemp>
          </ns3:TrackPointExtension>
        </extensions>
      </trkpt>
      <trkpt lat="48.47183986566960811614990234375" lon="90.21658209152519702911376953125">
        <ele>2152.800048828125</ele>
        <time>2025-08-13T00:22:54.000Z</time>
        <extensions>
          <ns3:TrackPointExtension>
            <ns3:atemp>11.0</ns3:atemp>
          </ns3:TrackPointExtension>
        </extensions>
      </trkpt>
      <trkpt lat="48.47219576127827167510986328125" lon="90.216077752411365509033203125">
        <ele>2152.60009765625</ele>
        <time>2025-08-13T00:23:06.000Z</time>
        <extensions>
          <ns3:TrackPointExtension>
            <ns3:atemp>11.0</ns3:atemp>
          </ns3:TrackPointExtension>
        </extensions>
      </trkpt>
      <trkpt lat="48.472531624138355255126953125" lon="90.2156014926731586456298828125">
        <ele>2152.60009765625</ele>
        <time>2025-08-13T00:23:17.000Z</time>
        <extensions>
          <ns3:TrackPointExtension>
            <ns3:atemp>11.0</ns3:atemp>
          </ns3:TrackPointExtension>
        </extensions>
      </trkpt>
      <trkpt lat="48.472859524190425872802734375" lon="90.21514107473194599151611328125">
        <ele>2152.60009765625</ele>
        <time>2025-08-13T00:23:27.000Z</time>
        <extensions>
          <ns3:TrackPointExtension>
            <ns3:atemp>11.0</ns3:atemp>
          </ns3:TrackPointExtension>
        </extensions>
      </trkpt>
      <trkpt lat="48.47321751527488231658935546875" lon="90.2146424353122711181640625">
        <ele>2152.800048828125</ele>
        <time>2025-08-13T00:23:38.000Z</time>
        <extensions>
          <ns3:TrackPointExtension>
            <ns3:atemp>11.0</ns3:atemp>
          </ns3:TrackPointExtension>
        </extensions>
      </trkpt>
      <trkpt lat="48.473566286265850067138671875" lon="90.21415184251964092254638671875">
        <ele>2153</ele>
        <time>2025-08-13T00:23:49.000Z</time>
        <extensions>
          <ns3:TrackPointExtension>
            <ns3:atemp>11.0</ns3:atemp>
          </ns3:TrackPointExtension>
        </extensions>
      </trkpt>
      <trkpt lat="48.47390432842075824737548828125" lon="90.213679186999797821044921875">
        <ele>2153</ele>
        <time>2025-08-13T00:24:00.000Z</time>
        <extensions>
          <ns3:TrackPointExtension>
            <ns3:atemp>11.0</ns3:atemp>
          </ns3:TrackPointExtension>
        </extensions>
      </trkpt>
      <trkpt lat="48.474252931773662567138671875" lon="90.2131948806345462799072265625">
        <ele>2153</ele>
        <time>2025-08-13T00:24:11.000Z</time>
        <extensions>
          <ns3:TrackPointExtension>
            <ns3:atemp>11.0</ns3:atemp>
          </ns3:TrackPointExtension>
        </extensions>
      </trkpt>
      <trkpt lat="48.47454805858433246612548828125" lon="90.21277687512338161468505859375">
        <ele>2153</ele>
        <time>2025-08-13T00:24:20.000Z</time>
        <extensions>
          <ns3:TrackPointExtension>
            <ns3:atemp>11.0</ns3:atemp>
          </ns3:TrackPointExtension>
        </extensions>
      </trkpt>
      <trkpt lat="48.47488668747246265411376953125" lon="90.21230815909802913665771484375">
        <ele>2153</ele>
        <time>2025-08-13T00:24:30.000Z</time>
        <extensions>
          <ns3:TrackPointExtension>
            <ns3:atemp>11.0</ns3:atemp>
          </ns3:TrackPointExtension>
        </extensions>
      </trkpt>
      <trkpt lat="48.47519128583371639251708984375" lon="90.21187162958085536956787109375">
        <ele>2152.800048828125</ele>
        <time>2025-08-13T00:24:39.000Z</time>
        <extensions>
          <ns3:TrackPointExtension>
            <ns3:atemp>11.0</ns3:atemp>
          </ns3:TrackPointExtension>
        </extensions>
      </trkpt>
      <trkpt lat="48.47549387253820896148681640625" lon="90.21144800819456577301025390625">
        <ele>2152.60009765625</ele>
        <time>2025-08-13T00:24:48.000Z</time>
        <extensions>
          <ns3:TrackPointExtension>
            <ns3:atemp>11.0</ns3:atemp>
          </ns3:TrackPointExtension>
        </extensions>
      </trkpt>
      <trkpt lat="48.4759050048887729644775390625" lon="90.21085985004901885986328125">
        <ele>2152.60009765625</ele>
        <time>2025-08-13T00:25:00.000Z</time>
        <extensions>
          <ns3:TrackPointExtension>
            <ns3:atemp>11.0</ns3:atemp>
          </ns3:TrackPointExtension>
        </extensions>
      </trkpt>
      <trkpt lat="48.47593844868242740631103515625" lon="90.21080813370645046234130859375">
        <ele>2152.39990234375</ele>
        <time>2025-08-13T00:25:01.000Z</time>
        <extensions>
          <ns3:TrackPointExtension>
            <ns3:atemp>11.0</ns3:atemp>
          </ns3:TrackPointExtension>
        </extensions>
      </trkpt>
      <trkpt lat="48.4760897420346736907958984375" lon="90.21055583842098712921142578125">
        <ele>2152.199951171875</ele>
        <time>2025-08-13T00:25:06.000Z</time>
        <extensions>
          <ns3:TrackPointExtension>
            <ns3:atemp>11.0</ns3:atemp>
          </ns3:TrackPointExtension>
        </extensions>
      </trkpt>
      <trkpt lat="48.4761249460279941558837890625" lon="90.210514180362224578857421875">
        <ele>2152.199951171875</ele>
        <time>2025-08-13T00:25:07.000Z</time>
        <extensions>
          <ns3:TrackPointExtension>
            <ns3:atemp>11.0</ns3:atemp>
          </ns3:TrackPointExtension>
        </extensions>
      </trkpt>
      <trkpt lat="48.47641956992447376251220703125" lon="90.21013707853853702545166015625">
        <ele>2152.199951171875</ele>
        <time>2025-08-13T00:25:15.000Z</time>
        <extensions>
          <ns3:TrackPointExtension>
            <ns3:atemp>11.0</ns3:atemp>
          </ns3:TrackPointExtension>
        </extensions>
      </trkpt>
      <trkpt lat="48.47682625986635684967041015625" lon="90.20953509025275707244873046875">
        <ele>2152.199951171875</ele>
        <time>2025-08-13T00:25:27.000Z</time>
        <extensions>
          <ns3:TrackPointExtension>
            <ns3:atemp>11.0</ns3:atemp>
          </ns3:TrackPointExtension>
        </extensions>
      </trkpt>
      <trkpt lat="48.47705391235649585723876953125" lon="90.20919847302138805389404296875">
        <ele>2152</ele>
        <time>2025-08-13T00:25:34.000Z</time>
        <extensions>
          <ns3:TrackPointExtension>
            <ns3:atemp>11.0</ns3:atemp>
          </ns3:TrackPointExtension>
        </extensions>
      </trkpt>
      <trkpt lat="48.47709230147302150726318359375" lon="90.2091504447162151336669921875">
        <ele>2152</ele>
        <time>2025-08-13T00:25:35.000Z</time>
        <extensions>
          <ns3:TrackPointExtension>
            <ns3:atemp>11.0</ns3:atemp>
          </ns3:TrackPointExtension>
        </extensions>
      </trkpt>
      <trkpt lat="48.47742355428636074066162109375" lon="90.20871098153293132781982421875">
        <ele>2151.60009765625</ele>
        <time>2025-08-13T00:25:44.000Z</time>
        <extensions>
          <ns3:TrackPointExtension>
            <ns3:atemp>11.0</ns3:atemp>
          </ns3:TrackPointExtension>
        </extensions>
      </trkpt>
      <trkpt lat="48.47779453732073307037353515625" lon="90.20818895660340785980224609375">
        <ele>2151.60009765625</ele>
        <time>2025-08-13T00:25:54.000Z</time>
        <extensions>
          <ns3:TrackPointExtension>
            <ns3:atemp>11.0</ns3:atemp>
          </ns3:TrackPointExtension>
        </extensions>
      </trkpt>
      <trkpt lat="48.47801883704960346221923828125" lon="90.207881927490234375">
        <ele>2151.60009765625</ele>
        <time>2025-08-13T00:26:00.000Z</time>
        <extensions>
          <ns3:TrackPointExtension>
            <ns3:atemp>11.0</ns3:atemp>
          </ns3:TrackPointExtension>
        </extensions>
      </trkpt>
      <trkpt lat="48.47816635854542255401611328125" lon="90.20768553949892520904541015625">
        <ele>2151.39990234375</ele>
        <time>2025-08-13T00:26:04.000Z</time>
        <extensions>
          <ns3:TrackPointExtension>
            <ns3:atemp>11.0</ns3:atemp>
          </ns3:TrackPointExtension>
        </extensions>
      </trkpt>
      <trkpt lat="48.4785354137420654296875" lon="90.2071696333587169647216796875">
        <ele>2151.199951171875</ele>
        <time>2025-08-13T00:26:14.000Z</time>
        <extensions>
          <ns3:TrackPointExtension>
            <ns3:atemp>11.0</ns3:atemp>
          </ns3:TrackPointExtension>
        </extensions>
      </trkpt>
      <trkpt lat="48.47896079532802104949951171875" lon="90.2066439203917980194091796875">
        <ele>2150.60009765625</ele>
        <time>2025-08-13T00:26:25.000Z</time>
        <extensions>
          <ns3:TrackPointExtension>
            <ns3:atemp>11.0</ns3:atemp>
          </ns3:TrackPointExtension>
        </extensions>
      </trkpt>
      <trkpt lat="48.47931920550763607025146484375" lon="90.206201188266277313232421875">
        <ele>2150.60009765625</ele>
        <time>2025-08-13T00:26:34.000Z</time>
        <extensions>
          <ns3:TrackPointExtension>
            <ns3:atemp>11.0</ns3:atemp>
          </ns3:TrackPointExtension>
        </extensions>
      </trkpt>
      <trkpt lat="48.47951986826956272125244140625" lon="90.20597596652805805206298828125">
        <ele>2150.60009765625</ele>
        <time>2025-08-13T00:26:39.000Z</time>
        <extensions>
          <ns3:TrackPointExtension>
            <ns3:atemp>11.0</ns3:atemp>
          </ns3:TrackPointExtension>
        </extensions>
      </trkpt>
      <trkpt lat="48.4795943833887577056884765625" lon="90.20588292740285396575927734375">
        <ele>2150.39990234375</ele>
        <time>2025-08-13T00:26:41.000Z</time>
        <extensions>
          <ns3:TrackPointExtension>
            <ns3:atemp>11.0</ns3:atemp>
          </ns3:TrackPointExtension>
        </extensions>
      </trkpt>
      <trkpt lat="48.48002261482179164886474609375" lon="90.205415301024913787841796875">
        <ele>2150.199951171875</ele>
        <time>2025-08-13T00:26:52.000Z</time>
        <extensions>
          <ns3:TrackPointExtension>
            <ns3:atemp>11.0</ns3:atemp>
          </ns3:TrackPointExtension>
        </extensions>
      </trkpt>
      <trkpt lat="48.48036694340407848358154296875" lon="90.2050615847110748291015625">
        <ele>2149.800048828125</ele>
        <time>2025-08-13T00:27:01.000Z</time>
        <extensions>
          <ns3:TrackPointExtension>
            <ns3:atemp>11.0</ns3:atemp>
          </ns3:TrackPointExtension>
        </extensions>
      </trkpt>
      <trkpt lat="48.480807580053806304931640625" lon="90.204626731574535369873046875">
        <ele>2149.39990234375</ele>
        <time>2025-08-13T00:27:12.000Z</time>
        <extensions>
          <ns3:TrackPointExtension>
            <ns3:atemp>11.0</ns3:atemp>
          </ns3:TrackPointExtension>
        </extensions>
      </trkpt>
      <trkpt lat="48.48095786757767200469970703125" lon="90.20448281429708003997802734375">
        <ele>2149.39990234375</ele>
        <time>2025-08-13T00:27:16.000Z</time>
        <extensions>
          <ns3:TrackPointExtension>
            <ns3:atemp>11.0</ns3:atemp>
          </ns3:TrackPointExtension>
        </extensions>
      </trkpt>
      <trkpt lat="48.48124586977064609527587890625" lon="90.20423638634383678436279296875">
        <ele>2149.199951171875</ele>
        <time>2025-08-13T00:27:23.000Z</time>
        <extensions>
          <ns3:TrackPointExtension>
            <ns3:atemp>11.0</ns3:atemp>
          </ns3:TrackPointExtension>
        </extensions>
      </trkpt>
      <trkpt lat="48.48135986365377902984619140625" lon="90.2041256614029407501220703125">
        <ele>2149</ele>
        <time>2025-08-13T00:27:26.000Z</time>
        <extensions>
          <ns3:TrackPointExtension>
            <ns3:atemp>11.0</ns3:atemp>
          </ns3:TrackPointExtension>
        </extensions>
      </trkpt>
      <trkpt lat="48.48155113868415355682373046875" lon="90.20396162755787372589111328125">
        <ele>2148.60009765625</ele>
        <time>2025-08-13T00:27:31.000Z</time>
        <extensions>
          <ns3:TrackPointExtension>
            <ns3:atemp>11.0</ns3:atemp>
          </ns3:TrackPointExtension>
        </extensions>
      </trkpt>
      <trkpt lat="48.48158986307680606842041015625" lon="90.2039288543164730072021484375">
        <ele>2148.39990234375</ele>
        <time>2025-08-13T00:27:32.000Z</time>
        <extensions>
          <ns3:TrackPointExtension>
            <ns3:atemp>11.0</ns3:atemp>
          </ns3:TrackPointExtension>
        </extensions>
      </trkpt>
      <trkpt lat="48.48203678615391254425048828125" lon="90.20357723347842693328857421875">
        <ele>2148.199951171875</ele>
        <time>2025-08-13T00:27:42.000Z</time>
        <extensions>
          <ns3:TrackPointExtension>
            <ns3:atemp>11.0</ns3:atemp>
          </ns3:TrackPointExtension>
        </extensions>
      </trkpt>
      <trkpt lat="48.48252830095589160919189453125" lon="90.2031798474490642547607421875">
        <ele>2148.199951171875</ele>
        <time>2025-08-13T00:27:53.000Z</time>
        <extensions>
          <ns3:TrackPointExtension>
            <ns3:atemp>11.0</ns3:atemp>
          </ns3:TrackPointExtension>
        </extensions>
      </trkpt>
      <trkpt lat="48.48292308859527111053466796875" lon="90.202902071177959442138671875">
        <ele>2148</ele>
        <time>2025-08-13T00:28:02.000Z</time>
        <extensions>
          <ns3:TrackPointExtension>
            <ns3:atemp>11.0</ns3:atemp>
          </ns3:TrackPointExtension>
        </extensions>
      </trkpt>
      <trkpt lat="48.483392558991909027099609375" lon="90.20256956107914447784423828125">
        <ele>2147.60009765625</ele>
        <time>2025-08-13T00:28:13.000Z</time>
        <extensions>
          <ns3:TrackPointExtension>
            <ns3:atemp>11.0</ns3:atemp>
          </ns3:TrackPointExtension>
        </extensions>
      </trkpt>
      <trkpt lat="48.48370981402695178985595703125" lon="90.20230486057698726654052734375">
        <ele>2147.39990234375</ele>
        <time>2025-08-13T00:28:21.000Z</time>
        <extensions>
          <ns3:TrackPointExtension>
            <ns3:atemp>11.0</ns3:atemp>
          </ns3:TrackPointExtension>
        </extensions>
      </trkpt>
      <trkpt lat="48.4838322736322879791259765625" lon="90.202160775661468505859375">
        <ele>2147.39990234375</ele>
        <time>2025-08-13T00:28:24.000Z</time>
        <extensions>
          <ns3:TrackPointExtension>
            <ns3:atemp>11.0</ns3:atemp>
          </ns3:TrackPointExtension>
        </extensions>
      </trkpt>
      <trkpt lat="48.483925648033618927001953125" lon="90.20209279842674732208251953125">
        <ele>2147.199951171875</ele>
        <time>2025-08-13T00:28:26.000Z</time>
        <extensions>
          <ns3:TrackPointExtension>
            <ns3:atemp>11.0</ns3:atemp>
          </ns3:TrackPointExtension>
        </extensions>
      </trkpt>
      <trkpt lat="48.48424055613577365875244140625" lon="90.2018699236214160919189453125">
        <ele>2147.199951171875</ele>
        <time>2025-08-13T00:28:33.000Z</time>
        <extensions>
          <ns3:TrackPointExtension>
            <ns3:atemp>11.0</ns3:atemp>
          </ns3:TrackPointExtension>
        </extensions>
      </trkpt>
      <trkpt lat="48.48460248671472072601318359375" lon="90.201665572822093963623046875">
        <ele>2147.199951171875</ele>
        <time>2025-08-13T00:28:40.000Z</time>
        <extensions>
          <ns3:TrackPointExtension>
            <ns3:atemp>11.0</ns3:atemp>
          </ns3:TrackPointExtension>
        </extensions>
      </trkpt>
      <trkpt lat="48.48505008034408092498779296875" lon="90.20133608020842075347900390625">
        <ele>2146.800048828125</ele>
        <time>2025-08-13T00:28:48.000Z</time>
        <extensions>
          <ns3:TrackPointExtension>
            <ns3:atemp>11.0</ns3:atemp>
          </ns3:TrackPointExtension>
        </extensions>
      </trkpt>
      <trkpt lat="48.4855549223721027374267578125" lon="90.20096995867788791656494140625">
        <ele>2146.39990234375</ele>
        <time>2025-08-13T00:28:57.000Z</time>
        <extensions>
          <ns3:TrackPointExtension>
            <ns3:atemp>11.0</ns3:atemp>
          </ns3:TrackPointExtension>
        </extensions>
      </trkpt>
      <trkpt lat="48.4856695868074893951416015625" lon="90.2008855529129505157470703125">
        <ele>2146.199951171875</ele>
        <time>2025-08-13T00:28:59.000Z</time>
        <extensions>
          <ns3:TrackPointExtension>
            <ns3:atemp>11.0</ns3:atemp>
          </ns3:TrackPointExtension>
        </extensions>
      </trkpt>
      <trkpt lat="48.4857255779206752777099609375" lon="90.2008456550538539886474609375">
        <ele>2146.199951171875</ele>
        <time>2025-08-13T00:29:00.000Z</time>
        <extensions>
          <ns3:TrackPointExtension>
            <ns3:atemp>11.0</ns3:atemp>
          </ns3:TrackPointExtension>
        </extensions>
      </trkpt>
      <trkpt lat="48.486219607293605804443359375" lon="90.2004755102097988128662109375">
        <ele>2145.39990234375</ele>
        <time>2025-08-13T00:29:09.000Z</time>
        <extensions>
          <ns3:TrackPointExtension>
            <ns3:atemp>11.0</ns3:atemp>
          </ns3:TrackPointExtension>
        </extensions>
      </trkpt>
      <trkpt lat="48.486249782145023345947265625" lon="90.2004527114331722259521484375">
        <ele>2145.199951171875</ele>
        <time>2025-08-13T00:29:10.000Z</time>
        <extensions>
          <ns3:TrackPointExtension>
            <ns3:atemp>11.0</ns3:atemp>
          </ns3:TrackPointExtension>
        </extensions>
      </trkpt>
      <trkpt lat="48.4867092780768871307373046875" lon="90.20011500455439090728759765625">
        <ele>2144.800048828125</ele>
        <time>2025-08-13T00:29:19.000Z</time>
        <extensions>
          <ns3:TrackPointExtension>
            <ns3:atemp>11.0</ns3:atemp>
          </ns3:TrackPointExtension>
        </extensions>
      </trkpt>
      <trkpt lat="48.48721328191459178924560546875" lon="90.19975005649030208587646484375">
        <ele>2144.39990234375</ele>
        <time>2025-08-13T00:29:29.000Z</time>
        <extensions>
          <ns3:TrackPointExtension>
            <ns3:atemp>11.0</ns3:atemp>
          </ns3:TrackPointExtension>
        </extensions>
      </trkpt>
      <trkpt lat="48.4872655011713504791259765625" lon="90.1997124217450618743896484375">
        <ele>2144.199951171875</ele>
        <time>2025-08-13T00:29:30.000Z</time>
        <extensions>
          <ns3:TrackPointExtension>
            <ns3:atemp>11.0</ns3:atemp>
          </ns3:TrackPointExtension>
        </extensions>
      </trkpt>
      <trkpt lat="48.4877710975706577301025390625" lon="90.19933397881686687469482421875">
        <ele>2143.800048828125</ele>
        <time>2025-08-13T00:29:40.000Z</time>
        <extensions>
          <ns3:TrackPointExtension>
            <ns3:atemp>11.0</ns3:atemp>
          </ns3:TrackPointExtension>
        </extensions>
      </trkpt>
      <trkpt lat="48.48791803233325481414794921875" lon="90.199231468141078948974609375">
        <ele>2143.60009765625</ele>
        <time>2025-08-13T00:29:43.000Z</time>
        <extensions>
          <ns3:TrackPointExtension>
            <ns3:atemp>11.0</ns3:atemp>
          </ns3:TrackPointExtension>
        </extensions>
      </trkpt>
      <trkpt lat="48.4881995804607868194580078125" lon="90.19902284257113933563232421875">
        <ele>2143.199951171875</ele>
        <time>2025-08-13T00:29:49.000Z</time>
        <extensions>
          <ns3:TrackPointExtension>
            <ns3:atemp>11.0</ns3:atemp>
          </ns3:TrackPointExtension>
        </extensions>
      </trkpt>
      <trkpt lat="48.48843016661703586578369140625" lon="90.1988522708415985107421875">
        <ele>2142.800048828125</ele>
        <time>2025-08-13T00:29:54.000Z</time>
        <extensions>
          <ns3:TrackPointExtension>
            <ns3:atemp>11.0</ns3:atemp>
          </ns3:TrackPointExtension>
        </extensions>
      </trkpt>
      <trkpt lat="48.4889329969882965087890625" lon="90.198475755751132965087890625">
        <ele>2142.199951171875</ele>
        <time>2025-08-13T00:30:05.000Z</time>
        <extensions>
          <ns3:TrackPointExtension>
            <ns3:atemp>11.0</ns3:atemp>
          </ns3:TrackPointExtension>
        </extensions>
      </trkpt>
      <trkpt lat="48.48911731503903865814208984375" lon="90.19833602942526340484619140625">
        <ele>2142</ele>
        <time>2025-08-13T00:30:09.000Z</time>
        <extensions>
          <ns3:TrackPointExtension>
            <ns3:atemp>11.0</ns3:atemp>
          </ns3:TrackPointExtension>
        </extensions>
      </trkpt>
      <trkpt lat="48.489428870379924774169921875" lon="90.198100917041301727294921875">
        <ele>2141.60009765625</ele>
        <time>2025-08-13T00:30:16.000Z</time>
        <extensions>
          <ns3:TrackPointExtension>
            <ns3:atemp>11.0</ns3:atemp>
          </ns3:TrackPointExtension>
        </extensions>
      </trkpt>
      <trkpt lat="48.48994393832981586456298828125" lon="90.19769783131778240203857421875">
        <ele>2141.199951171875</ele>
        <time>2025-08-13T00:30:28.000Z</time>
        <extensions>
          <ns3:TrackPointExtension>
            <ns3:atemp>11.0</ns3:atemp>
          </ns3:TrackPointExtension>
        </extensions>
      </trkpt>
      <trkpt lat="48.48998366855084896087646484375" lon="90.19765558652579784393310546875">
        <ele>2141</ele>
        <time>2025-08-13T00:30:29.000Z</time>
        <extensions>
          <ns3:TrackPointExtension>
            <ns3:atemp>11.0</ns3:atemp>
          </ns3:TrackPointExtension>
        </extensions>
      </trkpt>
      <trkpt lat="48.4901093132793903350830078125" lon="90.19751979969441890716552734375">
        <ele>2140.800048828125</ele>
        <time>2025-08-13T00:30:32.000Z</time>
        <extensions>
          <ns3:TrackPointExtension>
            <ns3:atemp>11.0</ns3:atemp>
          </ns3:TrackPointExtension>
        </extensions>
      </trkpt>
      <trkpt lat="48.490246273577213287353515625" lon="90.19742642529308795928955078125">
        <ele>2140.800048828125</ele>
        <time>2025-08-13T00:30:35.000Z</time>
        <extensions>
          <ns3:TrackPointExtension>
            <ns3:atemp>11.0</ns3:atemp>
          </ns3:TrackPointExtension>
        </extensions>
      </trkpt>
      <trkpt lat="48.490685485303401947021484375" lon="90.19717982970178127288818359375">
        <ele>2141</ele>
        <time>2025-08-13T00:30:44.000Z</time>
        <extensions>
          <ns3:TrackPointExtension>
            <ns3:atemp>11.0</ns3:atemp>
          </ns3:TrackPointExtension>
        </extensions>
      </trkpt>
      <trkpt lat="48.49112561903893947601318359375" lon="90.1968511752784252166748046875">
        <ele>2140.60009765625</ele>
        <time>2025-08-13T00:30:53.000Z</time>
        <extensions>
          <ns3:TrackPointExtension>
            <ns3:atemp>11.0</ns3:atemp>
          </ns3:TrackPointExtension>
        </extensions>
      </trkpt>
      <trkpt lat="48.49165753461420536041259765625" lon="90.1964501850306987762451171875">
        <ele>2140</ele>
        <time>2025-08-13T00:31:04.000Z</time>
        <extensions>
          <ns3:TrackPointExtension>
            <ns3:atemp>11.0</ns3:atemp>
          </ns3:TrackPointExtension>
        </extensions>
      </trkpt>
      <trkpt lat="48.49214670248329639434814453125" lon="90.196075849235057830810546875">
        <ele>2139.800048828125</ele>
        <time>2025-08-13T00:31:14.000Z</time>
        <extensions>
          <ns3:TrackPointExtension>
            <ns3:atemp>11.0</ns3:atemp>
          </ns3:TrackPointExtension>
        </extensions>
      </trkpt>
      <trkpt lat="48.49258105270564556121826171875" lon="90.19576303660869598388671875">
        <ele>2139.60009765625</ele>
        <time>2025-08-13T00:31:23.000Z</time>
        <extensions>
          <ns3:TrackPointExtension>
            <ns3:atemp>11.0</ns3:atemp>
          </ns3:TrackPointExtension>
        </extensions>
      </trkpt>
      <trkpt lat="48.49298003129661083221435546875" lon="90.1954728551208972930908203125">
        <ele>2139.199951171875</ele>
        <time>2025-08-13T00:31:31.000Z</time>
        <extensions>
          <ns3:TrackPointExtension>
            <ns3:atemp>11.0</ns3:atemp>
          </ns3:TrackPointExtension>
        </extensions>
      </trkpt>
      <trkpt lat="48.4931848011910915374755859375" lon="90.19531351514160633087158203125">
        <ele>2139</ele>
        <time>2025-08-13T00:31:35.000Z</time>
        <extensions>
          <ns3:TrackPointExtension>
            <ns3:atemp>11.0</ns3:atemp>
          </ns3:TrackPointExtension>
        </extensions>
      </trkpt>
      <trkpt lat="48.49344321526587009429931640625" lon="90.19510413520038127899169921875">
        <ele>2139</ele>
        <time>2025-08-13T00:31:40.000Z</time>
        <extensions>
          <ns3:TrackPointExtension>
            <ns3:atemp>11.0</ns3:atemp>
          </ns3:TrackPointExtension>
        </extensions>
      </trkpt>
      <trkpt lat="48.49397764541208744049072265625" lon="90.1947055757045745849609375">
        <ele>2138.60009765625</ele>
        <time>2025-08-13T00:31:50.000Z</time>
        <extensions>
          <ns3:TrackPointExtension>
            <ns3:atemp>11.0</ns3:atemp>
          </ns3:TrackPointExtension>
        </extensions>
      </trkpt>
      <trkpt lat="48.49408208392560482025146484375" lon="90.1946189068257808685302734375">
        <ele>2138.39990234375</ele>
        <time>2025-08-13T00:31:52.000Z</time>
        <extensions>
          <ns3:TrackPointExtension>
            <ns3:atemp>11.0</ns3:atemp>
          </ns3:TrackPointExtension>
        </extensions>
      </trkpt>
      <trkpt lat="48.49444963037967681884765625" lon="90.19431958906352519989013671875">
        <ele>2138</ele>
        <time>2025-08-13T00:31:59.000Z</time>
        <extensions>
          <ns3:TrackPointExtension>
            <ns3:atemp>11.0</ns3:atemp>
          </ns3:TrackPointExtension>
        </extensions>
      </trkpt>
      <trkpt lat="48.49461265839636325836181640625" lon="90.1941825449466705322265625">
        <ele>2137.800048828125</ele>
        <time>2025-08-13T00:32:02.000Z</time>
        <extensions>
          <ns3:TrackPointExtension>
            <ns3:atemp>11.0</ns3:atemp>
          </ns3:TrackPointExtension>
        </extensions>
      </trkpt>
      <trkpt lat="48.49511481821537017822265625" lon="90.19375096075236797332763671875">
        <ele>2136.800048828125</ele>
        <time>2025-08-13T00:32:11.000Z</time>
        <extensions>
          <ns3:TrackPointExtension>
            <ns3:atemp>11.0</ns3:atemp>
          </ns3:TrackPointExtension>
        </extensions>
      </trkpt>
      <trkpt lat="48.4951706416904926300048828125" lon="90.19370083697140216827392578125">
        <ele>2136.800048828125</ele>
        <time>2025-08-13T00:32:12.000Z</time>
        <extensions>
          <ns3:TrackPointExtension>
            <ns3:atemp>11.0</ns3:atemp>
          </ns3:TrackPointExtension>
        </extensions>
      </trkpt>
      <trkpt lat="48.49557372741401195526123046875" lon="90.19335164688527584075927734375">
        <ele>2135.800048828125</ele>
        <time>2025-08-13T00:32:19.000Z</time>
        <extensions>
          <ns3:TrackPointExtension>
            <ns3:atemp>11.0</ns3:atemp>
          </ns3:TrackPointExtension>
        </extensions>
      </trkpt>
      <trkpt lat="48.49575041793286800384521484375" lon="90.19320244900882244110107421875">
        <ele>2135.39990234375</ele>
        <time>2025-08-13T00:32:22.000Z</time>
        <extensions>
          <ns3:TrackPointExtension>
            <ns3:atemp>11.0</ns3:atemp>
          </ns3:TrackPointExtension>
        </extensions>
      </trkpt>
      <trkpt lat="48.496092148125171661376953125" lon="90.19289173185825347900390625">
        <ele>2134.800048828125</ele>
        <time>2025-08-13T00:32:28.000Z</time>
        <extensions>
          <ns3:TrackPointExtension>
            <ns3:atemp>11.0</ns3:atemp>
          </ns3:TrackPointExtension>
        </extensions>
      </trkpt>
      <trkpt lat="48.4964953176677227020263671875" lon="90.19253726117312908172607421875">
        <ele>2134</ele>
        <time>2025-08-13T00:32:35.000Z</time>
        <extensions>
          <ns3:TrackPointExtension>
            <ns3:atemp>11.0</ns3:atemp>
          </ns3:TrackPointExtension>
        </extensions>
      </trkpt>
      <trkpt lat="48.49666689522564411163330078125" lon="90.19238119013607501983642578125">
        <ele>2133.800048828125</ele>
        <time>2025-08-13T00:32:38.000Z</time>
        <extensions>
          <ns3:TrackPointExtension>
            <ns3:atemp>11.0</ns3:atemp>
          </ns3:TrackPointExtension>
        </extensions>
      </trkpt>
      <trkpt lat="48.49706369452178478240966796875" lon="90.19201758317649364471435546875">
        <ele>2132.800048828125</ele>
        <time>2025-08-13T00:32:45.000Z</time>
        <extensions>
          <ns3:TrackPointExtension>
            <ns3:atemp>11.0</ns3:atemp>
          </ns3:TrackPointExtension>
        </extensions>
      </trkpt>
      <trkpt lat="48.497121445834636688232421875" lon="90.1919662021100521087646484375">
        <ele>2132.60009765625</ele>
        <time>2025-08-13T00:32:46.000Z</time>
        <extensions>
          <ns3:TrackPointExtension>
            <ns3:atemp>11.0</ns3:atemp>
          </ns3:TrackPointExtension>
        </extensions>
      </trkpt>
      <trkpt lat="48.49759183824062347412109375" lon="90.19152908585965633392333984375">
        <ele>2131.39990234375</ele>
        <time>2025-08-13T00:32:54.000Z</time>
        <extensions>
          <ns3:TrackPointExtension>
            <ns3:atemp>11.0</ns3:atemp>
          </ns3:TrackPointExtension>
        </extensions>
      </trkpt>
      <trkpt lat="48.49775000475347042083740234375" lon="90.19137628376483917236328125">
        <ele>2130.60009765625</ele>
        <time>2025-08-13T00:32:57.000Z</time>
        <extensions>
          <ns3:TrackPointExtension>
            <ns3:atemp>11.0</ns3:atemp>
          </ns3:TrackPointExtension>
        </extensions>
      </trkpt>
      <trkpt lat="48.4978166408836841583251953125" lon="90.19131383858621120452880859375">
        <ele>2130.199951171875</ele>
        <time>2025-08-13T00:32:58.000Z</time>
        <extensions>
          <ns3:TrackPointExtension>
            <ns3:atemp>11.0</ns3:atemp>
          </ns3:TrackPointExtension>
        </extensions>
      </trkpt>
      <trkpt lat="48.49819793365895748138427734375" lon="90.19096079282462596893310546875">
        <ele>2129</ele>
        <time>2025-08-13T00:33:05.000Z</time>
        <extensions>
          <ns3:TrackPointExtension>
            <ns3:atemp>11.0</ns3:atemp>
          </ns3:TrackPointExtension>
        </extensions>
      </trkpt>
      <trkpt lat="48.4983001090586185455322265625" lon="90.19084118306636810302734375">
        <ele>2128.800048828125</ele>
        <time>2025-08-13T00:33:07.000Z</time>
        <extensions>
          <ns3:TrackPointExtension>
            <ns3:atemp>11.0</ns3:atemp>
          </ns3:TrackPointExtension>
        </extensions>
      </trkpt>
      <trkpt lat="48.49875926971435546875" lon="90.19040741957724094390869140625">
        <ele>2128.199951171875</ele>
        <time>2025-08-13T00:33:15.000Z</time>
        <extensions>
          <ns3:TrackPointExtension>
            <ns3:atemp>11.0</ns3:atemp>
          </ns3:TrackPointExtension>
        </extensions>
      </trkpt>
      <trkpt lat="48.49881534464657306671142578125" lon="90.19035662524402141571044921875">
        <ele>2128</ele>
        <time>2025-08-13T00:33:16.000Z</time>
        <extensions>
          <ns3:TrackPointExtension>
            <ns3:atemp>11.0</ns3:atemp>
          </ns3:TrackPointExtension>
        </extensions>
      </trkpt>
      <trkpt lat="48.49914642982184886932373046875" lon="90.1900873146951198577880859375">
        <ele>2127</ele>
        <time>2025-08-13T00:33:22.000Z</time>
        <extensions>
          <ns3:TrackPointExtension>
            <ns3:atemp>11.0</ns3:atemp>
          </ns3:TrackPointExtension>
        </extensions>
      </trkpt>
      <trkpt lat="48.4992134012281894683837890625" lon="90.1900283060967922210693359375">
        <ele>2126.800048828125</ele>
        <time>2025-08-13T00:33:23.000Z</time>
        <extensions>
          <ns3:TrackPointExtension>
            <ns3:atemp>11.0</ns3:atemp>
          </ns3:TrackPointExtension>
        </extensions>
      </trkpt>
      <trkpt lat="48.49943510256707668304443359375" lon="90.18982118926942348480224609375">
        <ele>2126</ele>
        <time>2025-08-13T00:33:27.000Z</time>
        <extensions>
          <ns3:TrackPointExtension>
            <ns3:atemp>11.0</ns3:atemp>
          </ns3:TrackPointExtension>
        </extensions>
      </trkpt>
      <trkpt lat="48.49975629709661006927490234375" lon="90.1895351149141788482666015625">
        <ele>2125</ele>
        <time>2025-08-13T00:33:33.000Z</time>
        <extensions>
          <ns3:TrackPointExtension>
            <ns3:atemp>11.0</ns3:atemp>
          </ns3:TrackPointExtension>
        </extensions>
      </trkpt>
      <trkpt lat="48.4998229332268238067626953125" lon="90.1894740946590900421142578125">
        <ele>2124.60009765625</ele>
        <time>2025-08-13T00:33:34.000Z</time>
        <extensions>
          <ns3:TrackPointExtension>
            <ns3:atemp>11.0</ns3:atemp>
          </ns3:TrackPointExtension>
        </extensions>
      </trkpt>
      <trkpt lat="48.50009341724216938018798828125" lon="90.1892333664000034332275390625">
        <ele>2123.800048828125</ele>
        <time>2025-08-13T00:33:39.000Z</time>
        <extensions>
          <ns3:TrackPointExtension>
            <ns3:atemp>11.0</ns3:atemp>
          </ns3:TrackPointExtension>
        </extensions>
      </trkpt>
      <trkpt lat="48.5004331357777118682861328125" lon="90.18891342915594577789306640625">
        <ele>2123</ele>
        <time>2025-08-13T00:33:45.000Z</time>
        <extensions>
          <ns3:TrackPointExtension>
            <ns3:atemp>11.0</ns3:atemp>
          </ns3:TrackPointExtension>
        </extensions>
      </trkpt>
      <trkpt lat="48.50048937834799289703369140625" lon="90.1888595335185527801513671875">
        <ele>2122.800048828125</ele>
        <time>2025-08-13T00:33:46.000Z</time>
        <extensions>
          <ns3:TrackPointExtension>
            <ns3:atemp>11.0</ns3:atemp>
          </ns3:TrackPointExtension>
        </extensions>
      </trkpt>
      <trkpt lat="48.5009491257369518280029296875" lon="90.188438259065151214599609375">
        <ele>2121.60009765625</ele>
        <time>2025-08-13T00:33:54.000Z</time>
        <extensions>
          <ns3:TrackPointExtension>
            <ns3:atemp>11.0</ns3:atemp>
          </ns3:TrackPointExtension>
        </extensions>
      </trkpt>
      <trkpt lat="48.50117870606482028961181640625" lon="90.1882221736013889312744140625">
        <ele>2121.199951171875</ele>
        <time>2025-08-13T00:33:58.000Z</time>
        <extensions>
          <ns3:TrackPointExtension>
            <ns3:atemp>11.0</ns3:atemp>
          </ns3:TrackPointExtension>
        </extensions>
      </trkpt>
      <trkpt lat="48.50141666829586029052734375" lon="90.18800449557602405548095703125">
        <ele>2120.60009765625</ele>
        <time>2025-08-13T00:34:02.000Z</time>
        <extensions>
          <ns3:TrackPointExtension>
            <ns3:atemp>11.0</ns3:atemp>
          </ns3:TrackPointExtension>
        </extensions>
      </trkpt>
      <trkpt lat="48.50187742151319980621337890625" lon="90.1875848136842250823974609375">
        <ele>2119.60009765625</ele>
        <time>2025-08-13T00:34:10.000Z</time>
        <extensions>
          <ns3:TrackPointExtension>
            <ns3:atemp>11.0</ns3:atemp>
          </ns3:TrackPointExtension>
        </extensions>
      </trkpt>
      <trkpt lat="48.50193458609282970428466796875" lon="90.1875318400561809539794921875">
        <ele>2119.60009765625</ele>
        <time>2025-08-13T00:34:11.000Z</time>
        <extensions>
          <ns3:TrackPointExtension>
            <ns3:atemp>11.0</ns3:atemp>
          </ns3:TrackPointExtension>
        </extensions>
      </trkpt>
      <trkpt lat="48.502225019037723541259765625" lon="90.187263451516628265380859375">
        <ele>2118.60009765625</ele>
        <time>2025-08-13T00:34:16.000Z</time>
        <extensions>
          <ns3:TrackPointExtension>
            <ns3:atemp>11.0</ns3:atemp>
          </ns3:TrackPointExtension>
        </extensions>
      </trkpt>
      <trkpt lat="48.502455689013004302978515625" lon="90.1870698295533657073974609375">
        <ele>2118.199951171875</ele>
        <time>2025-08-13T00:34:20.000Z</time>
        <extensions>
          <ns3:TrackPointExtension>
            <ns3:atemp>11.0</ns3:atemp>
          </ns3:TrackPointExtension>
        </extensions>
      </trkpt>
      <trkpt lat="48.50261754356324672698974609375" lon="90.18692323006689548492431640625">
        <ele>2117.39990234375</ele>
        <time>2025-08-13T00:34:23.000Z</time>
        <extensions>
          <ns3:TrackPointExtension>
            <ns3:atemp>11.0</ns3:atemp>
          </ns3:TrackPointExtension>
        </extensions>
      </trkpt>
      <trkpt lat="48.5029641352593898773193359375" lon="90.186588205397129058837890625">
        <ele>2116.60009765625</ele>
        <time>2025-08-13T00:34:29.000Z</time>
        <extensions>
          <ns3:TrackPointExtension>
            <ns3:atemp>11.0</ns3:atemp>
          </ns3:TrackPointExtension>
        </extensions>
      </trkpt>
      <trkpt lat="48.5030253231525421142578125" lon="90.18653648905456066131591796875">
        <ele>2116.39990234375</ele>
        <time>2025-08-13T00:34:30.000Z</time>
        <extensions>
          <ns3:TrackPointExtension>
            <ns3:atemp>11.0</ns3:atemp>
          </ns3:TrackPointExtension>
        </extensions>
      </trkpt>
      <trkpt lat="48.5034060291945934295654296875" lon="90.18620020709931850433349609375">
        <ele>2115.39990234375</ele>
        <time>2025-08-13T00:34:36.000Z</time>
        <extensions>
          <ns3:TrackPointExtension>
            <ns3:atemp>11.0</ns3:atemp>
          </ns3:TrackPointExtension>
        </extensions>
      </trkpt>
      <trkpt lat="48.5034720785915851593017578125" lon="90.18614455126225948333740234375">
        <ele>2115.199951171875</ele>
        <time>2025-08-13T00:34:37.000Z</time>
        <extensions>
          <ns3:TrackPointExtension>
            <ns3:atemp>11.0</ns3:atemp>
          </ns3:TrackPointExtension>
        </extensions>
      </trkpt>
      <trkpt lat="48.50373166613280773162841796875" lon="90.18591388128697872161865234375">
        <ele>2114.199951171875</ele>
        <time>2025-08-13T00:34:41.000Z</time>
        <extensions>
          <ns3:TrackPointExtension>
            <ns3:atemp>11.0</ns3:atemp>
          </ns3:TrackPointExtension>
        </extensions>
      </trkpt>
      <trkpt lat="48.504059650003910064697265625" lon="90.18561699427664279937744140625">
        <ele>2113.39990234375</ele>
        <time>2025-08-13T00:34:46.000Z</time>
        <extensions>
          <ns3:TrackPointExtension>
            <ns3:atemp>11.0</ns3:atemp>
          </ns3:TrackPointExtension>
        </extensions>
      </trkpt>
      <trkpt lat="48.5041255317628383636474609375" lon="90.18555161543190479278564453125">
        <ele>2113</ele>
        <time>2025-08-13T00:34:47.000Z</time>
        <extensions>
          <ns3:TrackPointExtension>
            <ns3:atemp>11.0</ns3:atemp>
          </ns3:TrackPointExtension>
        </extensions>
      </trkpt>
      <trkpt lat="48.50459751673042774200439453125" lon="90.18512061797082424163818359375">
        <ele>2111.60009765625</ele>
        <time>2025-08-13T00:34:54.000Z</time>
        <extensions>
          <ns3:TrackPointExtension>
            <ns3:atemp>11.0</ns3:atemp>
          </ns3:TrackPointExtension>
        </extensions>
      </trkpt>
      <trkpt lat="48.505009151995182037353515625" lon="90.1847411692142486572265625">
        <ele>2110.60009765625</ele>
        <time>2025-08-13T00:35:00.000Z</time>
        <extensions>
          <ns3:TrackPointExtension>
            <ns3:atemp>11.0</ns3:atemp>
          </ns3:TrackPointExtension>
        </extensions>
      </trkpt>
      <trkpt lat="48.505284748971462249755859375" lon="90.18447638489305973052978515625">
        <ele>2110.199951171875</ele>
        <time>2025-08-13T00:35:04.000Z</time>
        <extensions>
          <ns3:TrackPointExtension>
            <ns3:atemp>11.0</ns3:atemp>
          </ns3:TrackPointExtension>
        </extensions>
      </trkpt>
      <trkpt lat="48.50563670508563518524169921875" lon="90.1841706968843936920166015625">
        <ele>2109.60009765625</ele>
        <time>2025-08-13T00:35:09.000Z</time>
        <extensions>
          <ns3:TrackPointExtension>
            <ns3:atemp>11.0</ns3:atemp>
          </ns3:TrackPointExtension>
        </extensions>
      </trkpt>
      <trkpt lat="48.506129644811153411865234375" lon="90.183728300034999847412109375">
        <ele>2109</ele>
        <time>2025-08-13T00:35:16.000Z</time>
        <extensions>
          <ns3:TrackPointExtension>
            <ns3:atemp>11.0</ns3:atemp>
          </ns3:TrackPointExtension>
        </extensions>
      </trkpt>
      <trkpt lat="48.50627389736473560333251953125" lon="90.1835993863642215728759765625">
        <ele>2108.39990234375</ele>
        <time>2025-08-13T00:35:18.000Z</time>
        <extensions>
          <ns3:TrackPointExtension>
            <ns3:atemp>11.0</ns3:atemp>
          </ns3:TrackPointExtension>
        </extensions>
      </trkpt>
      <trkpt lat="48.5066850297152996063232421875" lon="90.18321976996958255767822265625">
        <ele>2107.39990234375</ele>
        <time>2025-08-13T00:35:24.000Z</time>
        <extensions>
          <ns3:TrackPointExtension>
            <ns3:atemp>11.0</ns3:atemp>
          </ns3:TrackPointExtension>
        </extensions>
      </trkpt>
      <trkpt lat="48.5070873610675334930419921875" lon="90.1828487031161785125732421875">
        <ele>2106.39990234375</ele>
        <time>2025-08-13T00:35:30.000Z</time>
        <extensions>
          <ns3:TrackPointExtension>
            <ns3:atemp>11.0</ns3:atemp>
          </ns3:TrackPointExtension>
        </extensions>
      </trkpt>
      <trkpt lat="48.50716925226151943206787109375" lon="90.18277703784406185150146484375">
        <ele>2106.199951171875</ele>
        <time>2025-08-13T00:35:31.000Z</time>
        <extensions>
          <ns3:TrackPointExtension>
            <ns3:atemp>11.0</ns3:atemp>
          </ns3:TrackPointExtension>
        </extensions>
      </trkpt>
      <trkpt lat="48.50768633186817169189453125" lon="90.18229742534458637237548828125">
        <ele>2105.39990234375</ele>
        <time>2025-08-13T00:35:39.000Z</time>
        <extensions>
          <ns3:TrackPointExtension>
            <ns3:atemp>11.0</ns3:atemp>
          </ns3:TrackPointExtension>
        </extensions>
      </trkpt>
      <trkpt lat="48.50781633518636226654052734375" lon="90.18217538483440876007080078125">
        <ele>2105.199951171875</ele>
        <time>2025-08-13T00:35:41.000Z</time>
        <extensions>
          <ns3:TrackPointExtension>
            <ns3:atemp>11.0</ns3:atemp>
          </ns3:TrackPointExtension>
        </extensions>
      </trkpt>
      <trkpt lat="48.507881462574005126953125" lon="90.1821151189506053924560546875">
        <ele>2105.199951171875</ele>
        <time>2025-08-13T00:35:42.000Z</time>
        <extensions>
          <ns3:TrackPointExtension>
            <ns3:atemp>11.0</ns3:atemp>
          </ns3:TrackPointExtension>
        </extensions>
      </trkpt>
      <trkpt lat="48.50835076533257961273193359375" lon="90.18168638460338115692138671875">
        <ele>2104.199951171875</ele>
        <time>2025-08-13T00:35:49.000Z</time>
        <extensions>
          <ns3:TrackPointExtension>
            <ns3:atemp>11.0</ns3:atemp>
          </ns3:TrackPointExtension>
        </extensions>
      </trkpt>
      <trkpt lat="48.50841664709150791168212890625" lon="90.18162989057600498199462890625">
        <ele>2104.199951171875</ele>
        <time>2025-08-13T00:35:50.000Z</time>
        <extensions>
          <ns3:TrackPointExtension>
            <ns3:atemp>11.0</ns3:atemp>
          </ns3:TrackPointExtension>
        </extensions>
      </trkpt>
      <trkpt lat="48.5086132027208805084228515625" lon="90.1814539544284343719482421875">
        <ele>2103.800048828125</ele>
        <time>2025-08-13T00:35:53.000Z</time>
        <extensions>
          <ns3:TrackPointExtension>
            <ns3:atemp>11.0</ns3:atemp>
          </ns3:TrackPointExtension>
        </extensions>
      </trkpt>
      <trkpt lat="48.5090602934360504150390625" lon="90.1810345239937305450439453125">
        <ele>2103.199951171875</ele>
        <time>2025-08-13T00:36:00.000Z</time>
        <extensions>
          <ns3:TrackPointExtension>
            <ns3:atemp>11.0</ns3:atemp>
          </ns3:TrackPointExtension>
        </extensions>
      </trkpt>
      <trkpt lat="48.509571589529514312744140625" lon="90.18055717460811138153076171875">
        <ele>2102.199951171875</ele>
        <time>2025-08-13T00:36:08.000Z</time>
        <extensions>
          <ns3:TrackPointExtension>
            <ns3:atemp>11.0</ns3:atemp>
          </ns3:TrackPointExtension>
        </extensions>
      </trkpt>
      <trkpt lat="48.50963654927909374237060546875" lon="90.1804980821907520294189453125">
        <ele>2102</ele>
        <time>2025-08-13T00:36:09.000Z</time>
        <extensions>
          <ns3:TrackPointExtension>
            <ns3:atemp>11.0</ns3:atemp>
          </ns3:TrackPointExtension>
        </extensions>
      </trkpt>
      <trkpt lat="48.51007475517690181732177734375" lon="90.1801091618835926055908203125">
        <ele>2100.800048828125</ele>
        <time>2025-08-13T00:36:16.000Z</time>
        <extensions>
          <ns3:TrackPointExtension>
            <ns3:atemp>11.0</ns3:atemp>
          </ns3:TrackPointExtension>
        </extensions>
      </trkpt>
      <trkpt lat="48.5101358592510223388671875" lon="90.180052332580089569091796875">
        <ele>2100.60009765625</ele>
        <time>2025-08-13T00:36:17.000Z</time>
        <extensions>
          <ns3:TrackPointExtension>
            <ns3:atemp>11.0</ns3:atemp>
          </ns3:TrackPointExtension>
        </extensions>
      </trkpt>
      <trkpt lat="48.51058219559490680694580078125" lon="90.17965477891266345977783203125">
        <ele>2099.800048828125</ele>
        <time>2025-08-13T00:36:24.000Z</time>
        <extensions>
          <ns3:TrackPointExtension>
            <ns3:atemp>11.0</ns3:atemp>
          </ns3:TrackPointExtension>
        </extensions>
      </trkpt>
      <trkpt lat="48.51064505986869335174560546875" lon="90.17959509976208209991455078125">
        <ele>2099.60009765625</ele>
        <time>2025-08-13T00:36:25.000Z</time>
        <extensions>
          <ns3:TrackPointExtension>
            <ns3:atemp>11.0</ns3:atemp>
          </ns3:TrackPointExtension>
        </extensions>
      </trkpt>
      <trkpt lat="48.51114177145063877105712890625" lon="90.17913912422955036163330078125">
        <ele>2098.800048828125</ele>
        <time>2025-08-13T00:36:33.000Z</time>
        <extensions>
          <ns3:TrackPointExtension>
            <ns3:atemp>11.0</ns3:atemp>
          </ns3:TrackPointExtension>
        </extensions>
      </trkpt>
      <trkpt lat="48.51120715029537677764892578125" lon="90.1790815405547618865966796875">
        <ele>2098.60009765625</ele>
        <time>2025-08-13T00:36:34.000Z</time>
        <extensions>
          <ns3:TrackPointExtension>
            <ns3:atemp>11.0</ns3:atemp>
          </ns3:TrackPointExtension>
        </extensions>
      </trkpt>
      <trkpt lat="48.5112709365785121917724609375" lon="90.17902337014675140380859375">
        <ele>2098.39990234375</ele>
        <time>2025-08-13T00:36:35.000Z</time>
        <extensions>
          <ns3:TrackPointExtension>
            <ns3:atemp>11.0</ns3:atemp>
          </ns3:TrackPointExtension>
        </extensions>
      </trkpt>
      <trkpt lat="48.51159959100186824798583984375" lon="90.178710557520389556884765625">
        <ele>2097.39990234375</ele>
        <time>2025-08-13T00:36:40.000Z</time>
        <extensions>
          <ns3:TrackPointExtension>
            <ns3:atemp>11.0</ns3:atemp>
          </ns3:TrackPointExtension>
        </extensions>
      </trkpt>
      <trkpt lat="48.51172766648232936859130859375" lon="90.1785987429320812225341796875">
        <ele>2097.199951171875</ele>
        <time>2025-08-13T00:36:42.000Z</time>
        <extensions>
          <ns3:TrackPointExtension>
            <ns3:atemp>11.0</ns3:atemp>
          </ns3:TrackPointExtension>
        </extensions>
      </trkpt>
      <trkpt lat="48.5122247971594333648681640625" lon="90.17814285121858119964599609375">
        <ele>2096.39990234375</ele>
        <time>2025-08-13T00:36:50.000Z</time>
        <extensions>
          <ns3:TrackPointExtension>
            <ns3:atemp>11.0</ns3:atemp>
          </ns3:TrackPointExtension>
        </extensions>
      </trkpt>
      <trkpt lat="48.5123639367520809173583984375" lon="90.17801930196583271026611328125">
        <ele>2096.199951171875</ele>
        <time>2025-08-13T00:36:52.000Z</time>
        <extensions>
          <ns3:TrackPointExtension>
            <ns3:atemp>11.0</ns3:atemp>
          </ns3:TrackPointExtension>
        </extensions>
      </trkpt>
      <trkpt lat="48.51283893920481204986572265625" lon="90.1775644160807132720947265625">
        <ele>2095.39990234375</ele>
        <time>2025-08-13T00:37:00.000Z</time>
        <extensions>
          <ns3:TrackPointExtension>
            <ns3:atemp>11.0</ns3:atemp>
          </ns3:TrackPointExtension>
        </extensions>
      </trkpt>
      <trkpt lat="48.51289786398410797119140625" lon="90.177510939538478851318359375">
        <ele>2095.39990234375</ele>
        <time>2025-08-13T00:37:01.000Z</time>
        <extensions>
          <ns3:TrackPointExtension>
            <ns3:atemp>11.0</ns3:atemp>
          </ns3:TrackPointExtension>
        </extensions>
      </trkpt>
      <trkpt lat="48.5133617185056209564208984375" lon="90.17708991654217243194580078125">
        <ele>2094.60009765625</ele>
        <time>2025-08-13T00:37:09.000Z</time>
        <extensions>
          <ns3:TrackPointExtension>
            <ns3:atemp>11.0</ns3:atemp>
          </ns3:TrackPointExtension>
        </extensions>
      </trkpt>
      <trkpt lat="48.51342030800879001617431640625" lon="90.177039206027984619140625">
        <ele>2094.60009765625</ele>
        <time>2025-08-13T00:37:10.000Z</time>
        <extensions>
          <ns3:TrackPointExtension>
            <ns3:atemp>11.0</ns3:atemp>
          </ns3:TrackPointExtension>
        </extensions>
      </trkpt>
      <trkpt lat="48.51381920278072357177734375" lon="90.1766823045909404754638671875">
        <ele>2094.199951171875</ele>
        <time>2025-08-13T00:37:17.000Z</time>
        <extensions>
          <ns3:TrackPointExtension>
            <ns3:atemp>11.0</ns3:atemp>
          </ns3:TrackPointExtension>
        </extensions>
      </trkpt>
      <trkpt lat="48.51399010978639125823974609375" lon="90.1765337772667407989501953125">
        <ele>2093.800048828125</ele>
        <time>2025-08-13T00:37:20.000Z</time>
        <extensions>
          <ns3:TrackPointExtension>
            <ns3:atemp>11.0</ns3:atemp>
          </ns3:TrackPointExtension>
        </extensions>
      </trkpt>
      <trkpt lat="48.5144983045756816864013671875" lon="90.17607428133487701416015625">
        <ele>2093.60009765625</ele>
        <time>2025-08-13T00:37:29.000Z</time>
        <extensions>
          <ns3:TrackPointExtension>
            <ns3:atemp>11.0</ns3:atemp>
          </ns3:TrackPointExtension>
        </extensions>
      </trkpt>
      <trkpt lat="48.5145542956888675689697265625" lon="90.176027677953243255615234375">
        <ele>2093.39990234375</ele>
        <time>2025-08-13T00:37:30.000Z</time>
        <extensions>
          <ns3:TrackPointExtension>
            <ns3:atemp>11.0</ns3:atemp>
          </ns3:TrackPointExtension>
        </extensions>
      </trkpt>
      <trkpt lat="48.51478211581707000732421875" lon="90.1758348941802978515625">
        <ele>2093.199951171875</ele>
        <time>2025-08-13T00:37:34.000Z</time>
        <extensions>
          <ns3:TrackPointExtension>
            <ns3:atemp>11.0</ns3:atemp>
          </ns3:TrackPointExtension>
        </extensions>
      </trkpt>
      <trkpt lat="48.51506265811622142791748046875" lon="90.1756013743579387664794921875">
        <ele>2093</ele>
        <time>2025-08-13T00:37:39.000Z</time>
        <extensions>
          <ns3:TrackPointExtension>
            <ns3:atemp>11.0</ns3:atemp>
          </ns3:TrackPointExtension>
        </extensions>
      </trkpt>
      <trkpt lat="48.51540095172822475433349609375" lon="90.17531278543174266815185546875">
        <ele>2092.199951171875</ele>
        <time>2025-08-13T00:37:45.000Z</time>
        <extensions>
          <ns3:TrackPointExtension>
            <ns3:atemp>11.0</ns3:atemp>
          </ns3:TrackPointExtension>
        </extensions>
      </trkpt>
      <trkpt lat="48.5155731998383998870849609375" lon="90.1751651801168918609619140625">
        <ele>2091.800048828125</ele>
        <time>2025-08-13T00:37:48.000Z</time>
        <extensions>
          <ns3:TrackPointExtension>
            <ns3:atemp>11.0</ns3:atemp>
          </ns3:TrackPointExtension>
        </extensions>
      </trkpt>
      <trkpt lat="48.5159825719892978668212890625" lon="90.17484272830188274383544921875">
        <ele>2091.199951171875</ele>
        <time>2025-08-13T00:37:55.000Z</time>
        <extensions>
          <ns3:TrackPointExtension>
            <ns3:atemp>11.0</ns3:atemp>
          </ns3:TrackPointExtension>
        </extensions>
      </trkpt>
      <trkpt lat="48.51604451425373554229736328125" lon="90.1747866533696651458740234375">
        <ele>2091</ele>
        <time>2025-08-13T00:37:56.000Z</time>
        <extensions>
          <ns3:TrackPointExtension>
            <ns3:atemp>11.0</ns3:atemp>
          </ns3:TrackPointExtension>
        </extensions>
      </trkpt>
      <trkpt lat="48.51652915589511394500732421875" lon="90.17438440583646297454833984375">
        <ele>2090.199951171875</ele>
        <time>2025-08-13T00:38:04.000Z</time>
        <extensions>
          <ns3:TrackPointExtension>
            <ns3:atemp>11.0</ns3:atemp>
          </ns3:TrackPointExtension>
        </extensions>
      </trkpt>
      <trkpt lat="48.51658849976956844329833984375" lon="90.1743373833596706390380859375">
        <ele>2090</ele>
        <time>2025-08-13T00:38:05.000Z</time>
        <extensions>
          <ns3:TrackPointExtension>
            <ns3:atemp>11.0</ns3:atemp>
          </ns3:TrackPointExtension>
        </extensions>
      </trkpt>
      <trkpt lat="48.51664817892014980316162109375" lon="90.174290947616100311279296875">
        <ele>2090</ele>
        <time>2025-08-13T00:38:06.000Z</time>
        <extensions>
          <ns3:TrackPointExtension>
            <ns3:atemp>11.0</ns3:atemp>
          </ns3:TrackPointExtension>
        </extensions>
      </trkpt>
      <trkpt lat="48.5171389393508434295654296875" lon="90.1739109121263027191162109375">
        <ele>2089.39990234375</ele>
        <time>2025-08-13T00:38:14.000Z</time>
        <extensions>
          <ns3:TrackPointExtension>
            <ns3:atemp>11.0</ns3:atemp>
          </ns3:TrackPointExtension>
        </extensions>
      </trkpt>
      <trkpt lat="48.51719685830175876617431640625" lon="90.17386682331562042236328125">
        <ele>2089.39990234375</ele>
        <time>2025-08-13T00:38:15.000Z</time>
        <extensions>
          <ns3:TrackPointExtension>
            <ns3:atemp>11.0</ns3:atemp>
          </ns3:TrackPointExtension>
        </extensions>
      </trkpt>
      <trkpt lat="48.51771452464163303375244140625" lon="90.1734505780041217803955078125">
        <ele>2089</ele>
        <time>2025-08-13T00:38:24.000Z</time>
        <extensions>
          <ns3:TrackPointExtension>
            <ns3:atemp>11.0</ns3:atemp>
          </ns3:TrackPointExtension>
        </extensions>
      </trkpt>
      <trkpt lat="48.51777009665966033935546875" lon="90.1734061539173126220703125">
        <ele>2089</ele>
        <time>2025-08-13T00:38:25.000Z</time>
        <extensions>
          <ns3:TrackPointExtension>
            <ns3:atemp>11.0</ns3:atemp>
          </ns3:TrackPointExtension>
        </extensions>
      </trkpt>
      <trkpt lat="48.518113084137439727783203125" lon="90.173156373202800750732421875">
        <ele>2088.60009765625</ele>
        <time>2025-08-13T00:38:31.000Z</time>
        <extensions>
          <ns3:TrackPointExtension>
            <ns3:atemp>11.0</ns3:atemp>
          </ns3:TrackPointExtension>
        </extensions>
      </trkpt>
      <trkpt lat="48.51855657063424587249755859375" lon="90.1728160679340362548828125">
        <ele>2088</ele>
        <time>2025-08-13T00:38:39.000Z</time>
        <extensions>
          <ns3:TrackPointExtension>
            <ns3:atemp>11.0</ns3:atemp>
          </ns3:TrackPointExtension>
        </extensions>
      </trkpt>
      <trkpt lat="48.51866268552839756011962890625" lon="90.17272847704589366912841796875">
        <ele>2088</ele>
        <time>2025-08-13T00:38:41.000Z</time>
        <extensions>
          <ns3:TrackPointExtension>
            <ns3:atemp>11.0</ns3:atemp>
          </ns3:TrackPointExtension>
        </extensions>
      </trkpt>
      <trkpt lat="48.51903283037245273590087890625" lon="90.1724430732429027557373046875">
        <ele>2087.60009765625</ele>
        <time>2025-08-13T00:38:48.000Z</time>
        <extensions>
          <ns3:TrackPointExtension>
            <ns3:atemp>11.0</ns3:atemp>
          </ns3:TrackPointExtension>
        </extensions>
      </trkpt>
      <trkpt lat="48.5194845311343669891357421875" lon="90.1720665581524372100830078125">
        <ele>2087</ele>
        <time>2025-08-13T00:38:57.000Z</time>
        <extensions>
          <ns3:TrackPointExtension>
            <ns3:atemp>11.0</ns3:atemp>
          </ns3:TrackPointExtension>
        </extensions>
      </trkpt>
      <trkpt lat="48.5196040570735931396484375" lon="90.1719518937170505523681640625">
        <ele>2086.800048828125</ele>
        <time>2025-08-13T00:39:00.000Z</time>
        <extensions>
          <ns3:TrackPointExtension>
            <ns3:atemp>11.0</ns3:atemp>
          </ns3:TrackPointExtension>
        </extensions>
      </trkpt>
      <trkpt lat="48.5196550190448760986328125" lon="90.17190872691571712493896484375">
        <ele>2086.800048828125</ele>
        <time>2025-08-13T00:39:01.000Z</time>
        <extensions>
          <ns3:TrackPointExtension>
            <ns3:atemp>11.0</ns3:atemp>
          </ns3:TrackPointExtension>
        </extensions>
      </trkpt>
      <trkpt lat="48.51977529935538768768310546875" lon="90.17181149683892726898193359375">
        <ele>2086.800048828125</ele>
        <time>2025-08-13T00:39:04.000Z</time>
        <extensions>
          <ns3:TrackPointExtension>
            <ns3:atemp>11.0</ns3:atemp>
          </ns3:TrackPointExtension>
        </extensions>
      </trkpt>
      <trkpt lat="48.5200010240077972412109375" lon="90.17165140248835086822509765625">
        <ele>2086.800048828125</ele>
        <time>2025-08-13T00:39:09.000Z</time>
        <extensions>
          <ns3:TrackPointExtension>
            <ns3:atemp>11.0</ns3:atemp>
          </ns3:TrackPointExtension>
        </extensions>
      </trkpt>
      <trkpt lat="48.52042372338473796844482421875" lon="90.17129533924162387847900390625">
        <ele>2086.199951171875</ele>
        <time>2025-08-13T00:39:19.000Z</time>
        <extensions>
          <ns3:TrackPointExtension>
            <ns3:atemp>11.0</ns3:atemp>
          </ns3:TrackPointExtension>
        </extensions>
      </trkpt>
      <trkpt lat="48.52081784047186374664306640625" lon="90.17097615636885166168212890625">
        <ele>2086</ele>
        <time>2025-08-13T00:39:28.000Z</time>
        <extensions>
          <ns3:TrackPointExtension>
            <ns3:atemp>11.0</ns3:atemp>
          </ns3:TrackPointExtension>
        </extensions>
      </trkpt>
      <trkpt lat="48.52116066031157970428466796875" lon="90.17076929099857807159423828125">
        <ele>2086</ele>
        <time>2025-08-13T00:39:35.000Z</time>
        <extensions>
          <ns3:TrackPointExtension>
            <ns3:atemp>11.0</ns3:atemp>
          </ns3:TrackPointExtension>
        </extensions>
      </trkpt>
      <trkpt lat="48.52162485010921955108642578125" lon="90.17039914615452289581298828125">
        <ele>2085.800048828125</ele>
        <time>2025-08-13T00:39:44.000Z</time>
        <extensions>
          <ns3:TrackPointExtension>
            <ns3:atemp>11.0</ns3:atemp>
          </ns3:TrackPointExtension>
        </extensions>
      </trkpt>
      <trkpt lat="48.52169207297265529632568359375" lon="90.1703509502112865447998046875">
        <ele>2085.800048828125</ele>
        <time>2025-08-13T00:39:45.000Z</time>
        <extensions>
          <ns3:TrackPointExtension>
            <ns3:atemp>11.0</ns3:atemp>
          </ns3:TrackPointExtension>
        </extensions>
      </trkpt>
      <trkpt lat="48.52214151062071323394775390625" lon="90.17002816312015056610107421875">
        <ele>2085.60009765625</ele>
        <time>2025-08-13T00:39:53.000Z</time>
        <extensions>
          <ns3:TrackPointExtension>
            <ns3:atemp>11.0</ns3:atemp>
          </ns3:TrackPointExtension>
        </extensions>
      </trkpt>
      <trkpt lat="48.522642664611339569091796875" lon="90.16962281428277492523193359375">
        <ele>2085</ele>
        <time>2025-08-13T00:40:02.000Z</time>
        <extensions>
          <ns3:TrackPointExtension>
            <ns3:atemp>11.0</ns3:atemp>
          </ns3:TrackPointExtension>
        </extensions>
      </trkpt>
      <trkpt lat="48.52270309813320636749267578125" lon="90.16956992447376251220703125">
        <ele>2085</ele>
        <time>2025-08-13T00:40:03.000Z</time>
        <extensions>
          <ns3:TrackPointExtension>
            <ns3:atemp>11.0</ns3:atemp>
          </ns3:TrackPointExtension>
        </extensions>
      </trkpt>
      <trkpt lat="48.52303418330848217010498046875" lon="90.169304050505161285400390625">
        <ele>2084.800048828125</ele>
        <time>2025-08-13T00:40:10.000Z</time>
        <extensions>
          <ns3:TrackPointExtension>
            <ns3:atemp>11.0</ns3:atemp>
          </ns3:TrackPointExtension>
        </extensions>
      </trkpt>
      <trkpt lat="48.52307709865272045135498046875" lon="90.169271193444728851318359375">
        <ele>2084.800048828125</ele>
        <time>2025-08-13T00:40:11.000Z</time>
        <extensions>
          <ns3:TrackPointExtension>
            <ns3:atemp>11.0</ns3:atemp>
          </ns3:TrackPointExtension>
        </extensions>
      </trkpt>
      <trkpt lat="48.52331799454987049102783203125" lon="90.16907698474824428558349609375">
        <ele>2084.800048828125</ele>
        <time>2025-08-13T00:40:17.000Z</time>
        <extensions>
          <ns3:TrackPointExtension>
            <ns3:atemp>11.0</ns3:atemp>
          </ns3:TrackPointExtension>
        </extensions>
      </trkpt>
      <trkpt lat="48.52363818325102329254150390625" lon="90.1687952689826488494873046875">
        <ele>2084.800048828125</ele>
        <time>2025-08-13T00:40:25.000Z</time>
        <extensions>
          <ns3:TrackPointExtension>
            <ns3:atemp>11.0</ns3:atemp>
          </ns3:TrackPointExtension>
        </extensions>
      </trkpt>
      <trkpt lat="48.52402861230075359344482421875" lon="90.16835446469485759735107421875">
        <ele>2085</ele>
        <time>2025-08-13T00:40:36.000Z</time>
        <extensions>
          <ns3:TrackPointExtension>
            <ns3:atemp>11.0</ns3:atemp>
          </ns3:TrackPointExtension>
        </extensions>
      </trkpt>
      <trkpt lat="48.5243805684149265289306640625" lon="90.16789547167718410491943359375">
        <ele>2085.199951171875</ele>
        <time>2025-08-13T00:40:46.000Z</time>
        <extensions>
          <ns3:TrackPointExtension>
            <ns3:atemp>11.0</ns3:atemp>
          </ns3:TrackPointExtension>
        </extensions>
      </trkpt>
      <trkpt lat="48.5246819816529750823974609375" lon="90.16742818057537078857421875">
        <ele>2085.39990234375</ele>
        <time>2025-08-13T00:40:56.000Z</time>
        <extensions>
          <ns3:TrackPointExtension>
            <ns3:atemp>11.0</ns3:atemp>
          </ns3:TrackPointExtension>
        </extensions>
      </trkpt>
      <trkpt lat="48.52499119006097316741943359375" lon="90.166825354099273681640625">
        <ele>2085.60009765625</ele>
        <time>2025-08-13T00:41:07.000Z</time>
        <extensions>
          <ns3:TrackPointExtension>
            <ns3:atemp>11.0</ns3:atemp>
          </ns3:TrackPointExtension>
        </extensions>
      </trkpt>
      <trkpt lat="48.5252501070499420166015625" lon="90.16622697003185749053955078125">
        <ele>2085.60009765625</ele>
        <time>2025-08-13T00:41:17.000Z</time>
        <extensions>
          <ns3:TrackPointExtension>
            <ns3:atemp>11.0</ns3:atemp>
          </ns3:TrackPointExtension>
        </extensions>
      </trkpt>
      <trkpt lat="48.5255084373056888580322265625" lon="90.16559044830501079559326171875">
        <ele>2085.39990234375</ele>
        <time>2025-08-13T00:41:27.000Z</time>
        <extensions>
          <ns3:TrackPointExtension>
            <ns3:atemp>11.0</ns3:atemp>
          </ns3:TrackPointExtension>
        </extensions>
      </trkpt>
      <trkpt lat="48.52575746364891529083251953125" lon="90.16500212252140045166015625">
        <ele>2085.199951171875</ele>
        <time>2025-08-13T00:41:36.000Z</time>
        <extensions>
          <ns3:TrackPointExtension>
            <ns3:atemp>11.0</ns3:atemp>
          </ns3:TrackPointExtension>
        </extensions>
      </trkpt>
      <trkpt lat="48.52604496292769908905029296875" lon="90.164314806461334228515625">
        <ele>2085.39990234375</ele>
        <time>2025-08-13T00:41:47.000Z</time>
        <extensions>
          <ns3:TrackPointExtension>
            <ns3:atemp>11.0</ns3:atemp>
          </ns3:TrackPointExtension>
        </extensions>
      </trkpt>
      <trkpt lat="48.52628451772034168243408203125" lon="90.1637289114296436309814453125">
        <ele>2085.199951171875</ele>
        <time>2025-08-13T00:41:56.000Z</time>
        <extensions>
          <ns3:TrackPointExtension>
            <ns3:atemp>11.0</ns3:atemp>
          </ns3:TrackPointExtension>
        </extensions>
      </trkpt>
      <trkpt lat="48.52633715607225894927978515625" lon="90.1636015065014362335205078125">
        <ele>2085.199951171875</ele>
        <time>2025-08-13T00:41:58.000Z</time>
        <extensions>
          <ns3:TrackPointExtension>
            <ns3:atemp>11.0</ns3:atemp>
          </ns3:TrackPointExtension>
        </extensions>
      </trkpt>
      <trkpt lat="48.52662549354135990142822265625" lon="90.1629064790904521942138671875">
        <ele>2085.199951171875</ele>
        <time>2025-08-13T00:42:09.000Z</time>
        <extensions>
          <ns3:TrackPointExtension>
            <ns3:atemp>11.0</ns3:atemp>
          </ns3:TrackPointExtension>
        </extensions>
      </trkpt>
      <trkpt lat="48.52665583603084087371826171875" lon="90.16283162869513034820556640625">
        <ele>2085.199951171875</ele>
        <time>2025-08-13T00:42:10.000Z</time>
        <extensions>
          <ns3:TrackPointExtension>
            <ns3:atemp>11.0</ns3:atemp>
          </ns3:TrackPointExtension>
        </extensions>
      </trkpt>
      <trkpt lat="48.5269343666732311248779296875" lon="90.16217549331486225128173828125">
        <ele>2085.199951171875</ele>
        <time>2025-08-13T00:42:21.000Z</time>
        <extensions>
          <ns3:TrackPointExtension>
            <ns3:atemp>11.0</ns3:atemp>
          </ns3:TrackPointExtension>
        </extensions>
      </trkpt>
      <trkpt lat="48.52722563780844211578369140625" lon="90.16147728078067302703857421875">
        <ele>2085.60009765625</ele>
        <time>2025-08-13T00:42:33.000Z</time>
        <extensions>
          <ns3:TrackPointExtension>
            <ns3:atemp>11.0</ns3:atemp>
          </ns3:TrackPointExtension>
        </extensions>
      </trkpt>
      <trkpt lat="48.527359999716281890869140625" lon="90.16113429330289363861083984375">
        <ele>2085.800048828125</ele>
        <time>2025-08-13T00:42:39.000Z</time>
        <extensions>
          <ns3:TrackPointExtension>
            <ns3:atemp>11.0</ns3:atemp>
          </ns3:TrackPointExtension>
        </extensions>
      </trkpt>
      <trkpt lat="48.52746016345918178558349609375" lon="90.16090395860373973846435546875">
        <ele>2086.199951171875</ele>
        <time>2025-08-13T00:42:43.000Z</time>
        <extensions>
          <ns3:TrackPointExtension>
            <ns3:atemp>11.0</ns3:atemp>
          </ns3:TrackPointExtension>
        </extensions>
      </trkpt>
      <trkpt lat="48.527725450694561004638671875" lon="90.16026408411562442779541015625">
        <ele>2086.39990234375</ele>
        <time>2025-08-13T00:42:54.000Z</time>
        <extensions>
          <ns3:TrackPointExtension>
            <ns3:atemp>12.0</ns3:atemp>
          </ns3:TrackPointExtension>
        </extensions>
      </trkpt>
      <trkpt lat="48.527986295521259307861328125" lon="90.15963342972099781036376953125">
        <ele>2086.60009765625</ele>
        <time>2025-08-13T00:43:05.000Z</time>
        <extensions>
          <ns3:TrackPointExtension>
            <ns3:atemp>11.0</ns3:atemp>
          </ns3:TrackPointExtension>
        </extensions>
      </trkpt>
      <trkpt lat="48.52810607291758060455322265625" lon="90.15933193266391754150390625">
        <ele>2086.800048828125</ele>
        <time>2025-08-13T00:43:10.000Z</time>
        <extensions>
          <ns3:TrackPointExtension>
            <ns3:atemp>12.0</ns3:atemp>
          </ns3:TrackPointExtension>
        </extensions>
      </trkpt>
      <trkpt lat="48.52825082838535308837890625" lon="90.15898785553872585296630859375">
        <ele>2087</ele>
        <time>2025-08-13T00:43:16.000Z</time>
        <extensions>
          <ns3:TrackPointExtension>
            <ns3:atemp>12.0</ns3:atemp>
          </ns3:TrackPointExtension>
        </extensions>
      </trkpt>
      <trkpt lat="48.5285242460668087005615234375" lon="90.1583380065858364105224609375">
        <ele>2087.199951171875</ele>
        <time>2025-08-13T00:43:27.000Z</time>
        <extensions>
          <ns3:TrackPointExtension>
            <ns3:atemp>12.0</ns3:atemp>
          </ns3:TrackPointExtension>
        </extensions>
      </trkpt>
      <trkpt lat="48.52873974479734897613525390625" lon="90.1578092761337757110595703125">
        <ele>2087.60009765625</ele>
        <time>2025-08-13T00:43:36.000Z</time>
        <extensions>
          <ns3:TrackPointExtension>
            <ns3:atemp>12.0</ns3:atemp>
          </ns3:TrackPointExtension>
        </extensions>
      </trkpt>
      <trkpt lat="48.52881970815360546112060546875" lon="90.15757885761559009552001953125">
        <ele>2087.60009765625</ele>
        <time>2025-08-13T00:43:40.000Z</time>
        <extensions>
          <ns3:TrackPointExtension>
            <ns3:atemp>12.0</ns3:atemp>
          </ns3:TrackPointExtension>
        </extensions>
      </trkpt>
      <trkpt lat="48.52892884053289890289306640625" lon="90.1573207788169384002685546875">
        <ele>2087.800048828125</ele>
        <time>2025-08-13T00:43:45.000Z</time>
        <extensions>
          <ns3:TrackPointExtension>
            <ns3:atemp>12.0</ns3:atemp>
          </ns3:TrackPointExtension>
        </extensions>
      </trkpt>
      <trkpt lat="48.5290449298918247222900390625" lon="90.15704861842095851898193359375">
        <ele>2087.800048828125</ele>
        <time>2025-08-13T00:43:50.000Z</time>
        <extensions>
          <ns3:TrackPointExtension>
            <ns3:atemp>12.0</ns3:atemp>
          </ns3:TrackPointExtension>
        </extensions>
      </trkpt>
      <trkpt lat="48.52915062569081783294677734375" lon="90.15681476332247257232666015625">
        <ele>2088</ele>
        <time>2025-08-13T00:43:54.000Z</time>
        <extensions>
          <ns3:TrackPointExtension>
            <ns3:atemp>12.0</ns3:atemp>
          </ns3:TrackPointExtension>
        </extensions>
      </trkpt>
      <trkpt lat="48.529395125806331634521484375" lon="90.15623741783201694488525390625">
        <ele>2088</ele>
        <time>2025-08-13T00:44:04.000Z</time>
        <extensions>
          <ns3:TrackPointExtension>
            <ns3:atemp>12.0</ns3:atemp>
          </ns3:TrackPointExtension>
        </extensions>
      </trkpt>
      <trkpt lat="48.5296715609729290008544921875" lon="90.15557994134724140167236328125">
        <ele>2088.39990234375</ele>
        <time>2025-08-13T00:44:15.000Z</time>
        <extensions>
          <ns3:TrackPointExtension>
            <ns3:atemp>12.0</ns3:atemp>
          </ns3:TrackPointExtension>
        </extensions>
      </trkpt>
      <trkpt lat="48.5298992134630680084228515625" lon="90.1550291664898395538330078125">
        <ele>2089</ele>
        <time>2025-08-13T00:44:25.000Z</time>
        <extensions>
          <ns3:TrackPointExtension>
            <ns3:atemp>12.0</ns3:atemp>
          </ns3:TrackPointExtension>
        </extensions>
      </trkpt>
      <trkpt lat="48.529920838773250579833984375" lon="90.1549785397946834564208984375">
        <ele>2089</ele>
        <time>2025-08-13T00:44:26.000Z</time>
        <extensions>
          <ns3:TrackPointExtension>
            <ns3:atemp>12.0</ns3:atemp>
          </ns3:TrackPointExtension>
        </extensions>
      </trkpt>
      <trkpt lat="48.53014254011213779449462890625" lon="90.15446833334863185882568359375">
        <ele>2089.60009765625</ele>
        <time>2025-08-13T00:44:35.000Z</time>
        <extensions>
          <ns3:TrackPointExtension>
            <ns3:atemp>12.0</ns3:atemp>
          </ns3:TrackPointExtension>
        </extensions>
      </trkpt>
      <trkpt lat="48.53033649735152721405029296875" lon="90.1539794169366359710693359375">
        <ele>2090</ele>
        <time>2025-08-13T00:44:44.000Z</time>
        <extensions>
          <ns3:TrackPointExtension>
            <ns3:atemp>12.0</ns3:atemp>
          </ns3:TrackPointExtension>
        </extensions>
      </trkpt>
      <trkpt lat="48.530376143753528594970703125" lon="90.15388310886919498443603515625">
        <ele>2090.199951171875</ele>
        <time>2025-08-13T00:44:46.000Z</time>
        <extensions>
          <ns3:TrackPointExtension>
            <ns3:atemp>12.0</ns3:atemp>
          </ns3:TrackPointExtension>
        </extensions>
      </trkpt>
      <trkpt lat="48.53055207990109920501708984375" lon="90.1534768380224704742431640625">
        <ele>2090.39990234375</ele>
        <time>2025-08-13T00:44:54.000Z</time>
        <extensions>
          <ns3:TrackPointExtension>
            <ns3:atemp>12.0</ns3:atemp>
          </ns3:TrackPointExtension>
        </extensions>
      </trkpt>
      <trkpt lat="48.53073799051344394683837890625" lon="90.15301742590963840484619140625">
        <ele>2090.800048828125</ele>
        <time>2025-08-13T00:45:03.000Z</time>
        <extensions>
          <ns3:TrackPointExtension>
            <ns3:atemp>12.0</ns3:atemp>
          </ns3:TrackPointExtension>
        </extensions>
      </trkpt>
      <trkpt lat="48.5308061353862285614013671875" lon="90.15285632573068141937255859375">
        <ele>2091</ele>
        <time>2025-08-13T00:45:06.000Z</time>
        <extensions>
          <ns3:TrackPointExtension>
            <ns3:atemp>12.0</ns3:atemp>
          </ns3:TrackPointExtension>
        </extensions>
      </trkpt>
      <trkpt lat="48.53095323778688907623291015625" lon="90.15250043012201786041259765625">
        <ele>2091.39990234375</ele>
        <time>2025-08-13T00:45:13.000Z</time>
        <extensions>
          <ns3:TrackPointExtension>
            <ns3:atemp>12.0</ns3:atemp>
          </ns3:TrackPointExtension>
        </extensions>
      </trkpt>
      <trkpt lat="48.53120653890073299407958984375" lon="90.15191503800451755523681640625">
        <ele>2091.800048828125</ele>
        <time>2025-08-13T00:45:25.000Z</time>
        <extensions>
          <ns3:TrackPointExtension>
            <ns3:atemp>12.0</ns3:atemp>
          </ns3:TrackPointExtension>
        </extensions>
      </trkpt>
      <trkpt lat="48.53130050003528594970703125" lon="90.15167246572673320770263671875">
        <ele>2092</ele>
        <time>2025-08-13T00:45:30.000Z</time>
        <extensions>
          <ns3:TrackPointExtension>
            <ns3:atemp>12.0</ns3:atemp>
          </ns3:TrackPointExtension>
        </extensions>
      </trkpt>
      <trkpt lat="48.53135724551975727081298828125" lon="90.15153533779084682464599609375">
        <ele>2092.199951171875</ele>
        <time>2025-08-13T00:45:33.000Z</time>
        <extensions>
          <ns3:TrackPointExtension>
            <ns3:atemp>12.0</ns3:atemp>
          </ns3:TrackPointExtension>
        </extensions>
      </trkpt>
      <trkpt lat="48.53157299570739269256591796875" lon="90.151012055575847625732421875">
        <ele>2093.199951171875</ele>
        <time>2025-08-13T00:45:44.000Z</time>
        <extensions>
          <ns3:TrackPointExtension>
            <ns3:atemp>12.0</ns3:atemp>
          </ns3:TrackPointExtension>
        </extensions>
      </trkpt>
      <trkpt lat="48.5317271389067173004150390625" lon="90.15064551495015621185302734375">
        <ele>2093.800048828125</ele>
        <time>2025-08-13T00:45:52.000Z</time>
        <extensions>
          <ns3:TrackPointExtension>
            <ns3:atemp>12.0</ns3:atemp>
          </ns3:TrackPointExtension>
        </extensions>
      </trkpt>
      <trkpt lat="48.53183987550437450408935546875" lon="90.15036002732813358306884765625">
        <ele>2094.199951171875</ele>
        <time>2025-08-13T00:45:58.000Z</time>
        <extensions>
          <ns3:TrackPointExtension>
            <ns3:atemp>12.0</ns3:atemp>
          </ns3:TrackPointExtension>
        </extensions>
      </trkpt>
      <trkpt lat="48.5319135524332523345947265625" lon="90.15017160214483737945556640625">
        <ele>2094.199951171875</ele>
        <time>2025-08-13T00:46:02.000Z</time>
        <extensions>
          <ns3:TrackPointExtension>
            <ns3:atemp>12.0</ns3:atemp>
          </ns3:TrackPointExtension>
        </extensions>
      </trkpt>
      <trkpt lat="48.5321063362061977386474609375" lon="90.14969835989177227020263671875">
        <ele>2095</ele>
        <time>2025-08-13T00:46:12.000Z</time>
        <extensions>
          <ns3:TrackPointExtension>
            <ns3:atemp>12.0</ns3:atemp>
          </ns3:TrackPointExtension>
        </extensions>
      </trkpt>
      <trkpt lat="48.53218604810535907745361328125" lon="90.14951177872717380523681640625">
        <ele>2095.199951171875</ele>
        <time>2025-08-13T00:46:16.000Z</time>
        <extensions>
          <ns3:TrackPointExtension>
            <ns3:atemp>12.0</ns3:atemp>
          </ns3:TrackPointExtension>
        </extensions>
      </trkpt>
      <trkpt lat="48.53228143416345119476318359375" lon="90.14927624724805355072021484375">
        <ele>2095.39990234375</ele>
        <time>2025-08-13T00:46:21.000Z</time>
        <extensions>
          <ns3:TrackPointExtension>
            <ns3:atemp>12.0</ns3:atemp>
          </ns3:TrackPointExtension>
        </extensions>
      </trkpt>
      <trkpt lat="48.5324151255190372467041015625" lon="90.148956812918186187744140625">
        <ele>2096.199951171875</ele>
        <time>2025-08-13T00:46:28.000Z</time>
        <extensions>
          <ns3:TrackPointExtension>
            <ns3:atemp>12.0</ns3:atemp>
          </ns3:TrackPointExtension>
        </extensions>
      </trkpt>
      <trkpt lat="48.5324774868786334991455078125" lon="90.14881222508847713470458984375">
        <ele>2096.39990234375</ele>
        <time>2025-08-13T00:46:31.000Z</time>
        <extensions>
          <ns3:TrackPointExtension>
            <ns3:atemp>12.0</ns3:atemp>
          </ns3:TrackPointExtension>
        </extensions>
      </trkpt>
      <trkpt lat="48.5326662473380565643310546875" lon="90.1483665592968463897705078125">
        <ele>2097</ele>
        <time>2025-08-13T00:46:41.000Z</time>
        <extensions>
          <ns3:TrackPointExtension>
            <ns3:atemp>12.0</ns3:atemp>
          </ns3:TrackPointExtension>
        </extensions>
      </trkpt>
      <trkpt lat="48.53270237334072589874267578125" lon="90.14827243052423000335693359375">
        <ele>2097.199951171875</ele>
        <time>2025-08-13T00:46:43.000Z</time>
        <extensions>
          <ns3:TrackPointExtension>
            <ns3:atemp>12.0</ns3:atemp>
          </ns3:TrackPointExtension>
        </extensions>
      </trkpt>
      <trkpt lat="48.53286934085190296173095703125" lon="90.147883929312229156494140625">
        <ele>2097.60009765625</ele>
        <time>2025-08-13T00:46:52.000Z</time>
        <extensions>
          <ns3:TrackPointExtension>
            <ns3:atemp>12.0</ns3:atemp>
          </ns3:TrackPointExtension>
        </extensions>
      </trkpt>
      <trkpt lat="48.53305323980748653411865234375" lon="90.1474385149776935577392578125">
        <ele>2098.199951171875</ele>
        <time>2025-08-13T00:47:02.000Z</time>
        <extensions>
          <ns3:TrackPointExtension>
            <ns3:atemp>12.0</ns3:atemp>
          </ns3:TrackPointExtension>
        </extensions>
      </trkpt>
      <trkpt lat="48.53307167999446392059326171875" lon="90.1473952643573284149169921875">
        <ele>2098.39990234375</ele>
        <time>2025-08-13T00:47:03.000Z</time>
        <extensions>
          <ns3:TrackPointExtension>
            <ns3:atemp>12.0</ns3:atemp>
          </ns3:TrackPointExtension>
        </extensions>
      </trkpt>
      <trkpt lat="48.533255159854888916015625" lon="90.14694842509925365447998046875">
        <ele>2098.800048828125</ele>
        <time>2025-08-13T00:47:13.000Z</time>
        <extensions>
          <ns3:TrackPointExtension>
            <ns3:atemp>12.0</ns3:atemp>
          </ns3:TrackPointExtension>
        </extensions>
      </trkpt>
      <trkpt lat="48.53344936855137348175048828125" lon="90.1464873366057872772216796875">
        <ele>2099.199951171875</ele>
        <time>2025-08-13T00:47:23.000Z</time>
        <extensions>
          <ns3:TrackPointExtension>
            <ns3:atemp>12.0</ns3:atemp>
          </ns3:TrackPointExtension>
        </extensions>
      </trkpt>
      <trkpt lat="48.5334710776805877685546875" lon="90.1464397273957729339599609375">
        <ele>2099.199951171875</ele>
        <time>2025-08-13T00:47:24.000Z</time>
        <extensions>
          <ns3:TrackPointExtension>
            <ns3:atemp>12.0</ns3:atemp>
          </ns3:TrackPointExtension>
        </extensions>
      </trkpt>
      <trkpt lat="48.53365816175937652587890625" lon="90.14599037356674671173095703125">
        <ele>2099.60009765625</ele>
        <time>2025-08-13T00:47:33.000Z</time>
        <extensions>
          <ns3:TrackPointExtension>
            <ns3:atemp>12.0</ns3:atemp>
          </ns3:TrackPointExtension>
        </extensions>
      </trkpt>
      <trkpt lat="48.53389696218073368072509765625" lon="90.14542962424457073211669921875">
        <ele>2099.60009765625</ele>
        <time>2025-08-13T00:47:44.000Z</time>
        <extensions>
          <ns3:TrackPointExtension>
            <ns3:atemp>12.0</ns3:atemp>
          </ns3:TrackPointExtension>
        </extensions>
      </trkpt>
      <trkpt lat="48.53409410454332828521728515625" lon="90.14494900591671466827392578125">
        <ele>2099.800048828125</ele>
        <time>2025-08-13T00:47:53.000Z</time>
        <extensions>
          <ns3:TrackPointExtension>
            <ns3:atemp>12.0</ns3:atemp>
          </ns3:TrackPointExtension>
        </extensions>
      </trkpt>
      <trkpt lat="48.534296192228794097900390625" lon="90.14445346780121326446533203125">
        <ele>2100</ele>
        <time>2025-08-13T00:48:02.000Z</time>
        <extensions>
          <ns3:TrackPointExtension>
            <ns3:atemp>12.0</ns3:atemp>
          </ns3:TrackPointExtension>
        </extensions>
      </trkpt>
      <trkpt lat="48.53446743451058864593505859375" lon="90.1440482027828693389892578125">
        <ele>2100.199951171875</ele>
        <time>2025-08-13T00:48:09.000Z</time>
        <extensions>
          <ns3:TrackPointExtension>
            <ns3:atemp>12.0</ns3:atemp>
          </ns3:TrackPointExtension>
        </extensions>
      </trkpt>
      <trkpt lat="48.53455443866550922393798828125" lon="90.1438245736062526702880859375">
        <ele>2100.39990234375</ele>
        <time>2025-08-13T00:48:13.000Z</time>
        <extensions>
          <ns3:TrackPointExtension>
            <ns3:atemp>12.0</ns3:atemp>
          </ns3:TrackPointExtension>
        </extensions>
      </trkpt>
      <trkpt lat="48.5347902216017246246337890625" lon="90.14325745403766632080078125">
        <ele>2101.199951171875</ele>
        <time>2025-08-13T00:48:23.000Z</time>
        <extensions>
          <ns3:TrackPointExtension>
            <ns3:atemp>12.0</ns3:atemp>
          </ns3:TrackPointExtension>
        </extensions>
      </trkpt>
      <trkpt lat="48.53485803119838237762451171875" lon="90.14309509657323360443115234375">
        <ele>2101.199951171875</ele>
        <time>2025-08-13T00:48:26.000Z</time>
        <extensions>
          <ns3:TrackPointExtension>
            <ns3:atemp>12.0</ns3:atemp>
          </ns3:TrackPointExtension>
        </extensions>
      </trkpt>
      <trkpt lat="48.53505634702742099761962890625" lon="90.14259318821132183074951171875">
        <ele>2101.60009765625</ele>
        <time>2025-08-13T00:48:35.000Z</time>
        <extensions>
          <ns3:TrackPointExtension>
            <ns3:atemp>12.0</ns3:atemp>
          </ns3:TrackPointExtension>
        </extensions>
      </trkpt>
      <trkpt lat="48.53524477221071720123291015625" lon="90.1421186886727809906005859375">
        <ele>2102.199951171875</ele>
        <time>2025-08-13T00:48:44.000Z</time>
        <extensions>
          <ns3:TrackPointExtension>
            <ns3:atemp>12.0</ns3:atemp>
          </ns3:TrackPointExtension>
        </extensions>
      </trkpt>
      <trkpt lat="48.53529036976397037506103515625" lon="90.14201584272086620330810546875">
        <ele>2102.39990234375</ele>
        <time>2025-08-13T00:48:46.000Z</time>
        <extensions>
          <ns3:TrackPointExtension>
            <ns3:atemp>12.0</ns3:atemp>
          </ns3:TrackPointExtension>
        </extensions>
      </trkpt>
      <trkpt lat="48.53551383130252361297607421875" lon="90.14147286303341388702392578125">
        <ele>2102.60009765625</ele>
        <time>2025-08-13T00:48:57.000Z</time>
        <extensions>
          <ns3:TrackPointExtension>
            <ns3:atemp>12.0</ns3:atemp>
          </ns3:TrackPointExtension>
        </extensions>
      </trkpt>
      <trkpt lat="48.53570845909416675567626953125" lon="90.1410022191703319549560546875">
        <ele>2103.199951171875</ele>
        <time>2025-08-13T00:49:07.000Z</time>
        <extensions>
          <ns3:TrackPointExtension>
            <ns3:atemp>12.0</ns3:atemp>
          </ns3:TrackPointExtension>
        </extensions>
      </trkpt>
      <trkpt lat="48.53581021539866924285888671875" lon="90.14074984006583690643310546875">
        <ele>2103.39990234375</ele>
        <time>2025-08-13T00:49:12.000Z</time>
        <extensions>
          <ns3:TrackPointExtension>
            <ns3:atemp>12.0</ns3:atemp>
          </ns3:TrackPointExtension>
        </extensions>
      </trkpt>
      <trkpt lat="48.53595321066677570343017578125" lon="90.14042629860341548919677734375">
        <ele>2103.60009765625</ele>
        <time>2025-08-13T00:49:18.000Z</time>
        <extensions>
          <ns3:TrackPointExtension>
            <ns3:atemp>12.0</ns3:atemp>
          </ns3:TrackPointExtension>
        </extensions>
      </trkpt>
      <trkpt lat="48.53615186177194118499755859375" lon="90.13994970358908176422119140625">
        <ele>2104</ele>
        <time>2025-08-13T00:49:28.000Z</time>
        <extensions>
          <ns3:TrackPointExtension>
            <ns3:atemp>12.0</ns3:atemp>
          </ns3:TrackPointExtension>
        </extensions>
      </trkpt>
      <trkpt lat="48.536362163722515106201171875" lon="90.13944729231297969818115234375">
        <ele>2104.199951171875</ele>
        <time>2025-08-13T00:49:38.000Z</time>
        <extensions>
          <ns3:TrackPointExtension>
            <ns3:atemp>12.0</ns3:atemp>
          </ns3:TrackPointExtension>
        </extensions>
      </trkpt>
      <trkpt lat="48.536460399627685546875" lon="90.13919751159846782684326171875">
        <ele>2104.39990234375</ele>
        <time>2025-08-13T00:49:43.000Z</time>
        <extensions>
          <ns3:TrackPointExtension>
            <ns3:atemp>12.0</ns3:atemp>
          </ns3:TrackPointExtension>
        </extensions>
      </trkpt>
      <trkpt lat="48.53659140877425670623779296875" lon="90.1388976909220218658447265625">
        <ele>2104.60009765625</ele>
        <time>2025-08-13T00:49:49.000Z</time>
        <extensions>
          <ns3:TrackPointExtension>
            <ns3:atemp>12.0</ns3:atemp>
          </ns3:TrackPointExtension>
        </extensions>
      </trkpt>
      <trkpt lat="48.53679575957357883453369140625" lon="90.13840936124324798583984375">
        <ele>2104.60009765625</ele>
        <time>2025-08-13T00:49:59.000Z</time>
        <extensions>
          <ns3:TrackPointExtension>
            <ns3:atemp>12.0</ns3:atemp>
          </ns3:TrackPointExtension>
        </extensions>
      </trkpt>
      <trkpt lat="48.53700379841029644012451171875" lon="90.137868225574493408203125">
        <ele>2105.199951171875</ele>
        <time>2025-08-13T00:50:09.000Z</time>
        <extensions>
          <ns3:TrackPointExtension>
            <ns3:atemp>12.0</ns3:atemp>
          </ns3:TrackPointExtension>
        </extensions>
      </trkpt>
      <trkpt lat="48.53706532157957553863525390625" lon="90.1377202011644840240478515625">
        <ele>2105.39990234375</ele>
        <time>2025-08-13T00:50:12.000Z</time>
        <extensions>
          <ns3:TrackPointExtension>
            <ns3:atemp>12.0</ns3:atemp>
          </ns3:TrackPointExtension>
        </extensions>
      </trkpt>
      <trkpt lat="48.537239246070384979248046875" lon="90.13734376989305019378662109375">
        <ele>2105.800048828125</ele>
        <time>2025-08-13T00:50:20.000Z</time>
        <extensions>
          <ns3:TrackPointExtension>
            <ns3:atemp>12.0</ns3:atemp>
          </ns3:TrackPointExtension>
        </extensions>
      </trkpt>
      <trkpt lat="48.5374674014747142791748046875" lon="90.1367787458002567291259765625">
        <ele>2106.39990234375</ele>
        <time>2025-08-13T00:50:31.000Z</time>
        <extensions>
          <ns3:TrackPointExtension>
            <ns3:atemp>12.0</ns3:atemp>
          </ns3:TrackPointExtension>
        </extensions>
      </trkpt>
      <trkpt lat="48.53751207701861858367919921875" lon="90.13666517101228237152099609375">
        <ele>2106.39990234375</ele>
        <time>2025-08-13T00:50:33.000Z</time>
        <extensions>
          <ns3:TrackPointExtension>
            <ns3:atemp>12.0</ns3:atemp>
          </ns3:TrackPointExtension>
        </extensions>
      </trkpt>
      <trkpt lat="48.5376625321805477142333984375" lon="90.1363353431224822998046875">
        <ele>2106.800048828125</ele>
        <time>2025-08-13T00:50:40.000Z</time>
        <extensions>
          <ns3:TrackPointExtension>
            <ns3:atemp>12.0</ns3:atemp>
          </ns3:TrackPointExtension>
        </extensions>
      </trkpt>
      <trkpt lat="48.5378243029117584228515625" lon="90.13595874421298503875732421875">
        <ele>2107.199951171875</ele>
        <time>2025-08-13T00:50:48.000Z</time>
        <extensions>
          <ns3:TrackPointExtension>
            <ns3:atemp>12.0</ns3:atemp>
          </ns3:TrackPointExtension>
        </extensions>
      </trkpt>
      <trkpt lat="48.53789814747869968414306640625" lon="90.13578071258962154388427734375">
        <ele>2107.39990234375</ele>
        <time>2025-08-13T00:50:52.000Z</time>
        <extensions>
          <ns3:TrackPointExtension>
            <ns3:atemp>12.0</ns3:atemp>
          </ns3:TrackPointExtension>
        </extensions>
      </trkpt>
      <trkpt lat="48.53798012249171733856201171875" lon="90.135582648217678070068359375">
        <ele>2107.60009765625</ele>
        <time>2025-08-13T00:50:56.000Z</time>
        <extensions>
          <ns3:TrackPointExtension>
            <ns3:atemp>12.0</ns3:atemp>
          </ns3:TrackPointExtension>
        </extensions>
      </trkpt>
      <trkpt lat="48.5381864011287689208984375" lon="90.13510613702237606048583984375">
        <ele>2108.39990234375</ele>
        <time>2025-08-13T00:51:06.000Z</time>
        <extensions>
          <ns3:TrackPointExtension>
            <ns3:atemp>12.0</ns3:atemp>
          </ns3:TrackPointExtension>
        </extensions>
      </trkpt>
      <trkpt lat="48.53840558789670467376708984375" lon="90.13461680151522159576416015625">
        <ele>2109.199951171875</ele>
        <time>2025-08-13T00:51:17.000Z</time>
        <extensions>
          <ns3:TrackPointExtension>
            <ns3:atemp>12.0</ns3:atemp>
          </ns3:TrackPointExtension>
        </extensions>
      </trkpt>
      <trkpt lat="48.5385533608496189117431640625" lon="90.13430499471724033355712890625">
        <ele>2109.60009765625</ele>
        <time>2025-08-13T00:51:24.000Z</time>
        <extensions>
          <ns3:TrackPointExtension>
            <ns3:atemp>12.0</ns3:atemp>
          </ns3:TrackPointExtension>
        </extensions>
      </trkpt>
      <trkpt lat="48.5386127047240734100341796875" lon="90.134169794619083404541015625">
        <ele>2109.800048828125</ele>
        <time>2025-08-13T00:51:27.000Z</time>
        <extensions>
          <ns3:TrackPointExtension>
            <ns3:atemp>12.0</ns3:atemp>
          </ns3:TrackPointExtension>
        </extensions>
      </trkpt>
      <trkpt lat="48.53878654539585113525390625" lon="90.1337760128080844879150390625">
        <ele>2110.60009765625</ele>
        <time>2025-08-13T00:51:36.000Z</time>
        <extensions>
          <ns3:TrackPointExtension>
            <ns3:atemp>12.0</ns3:atemp>
          </ns3:TrackPointExtension>
        </extensions>
      </trkpt>
      <trkpt lat="48.538809679448604583740234375" lon="90.1337314210832118988037109375">
        <ele>2110.60009765625</ele>
        <time>2025-08-13T00:51:37.000Z</time>
        <extensions>
          <ns3:TrackPointExtension>
            <ns3:atemp>12.0</ns3:atemp>
          </ns3:TrackPointExtension>
        </extensions>
      </trkpt>
      <trkpt lat="48.53901294060051441192626953125" lon="90.1332989148795604705810546875">
        <ele>2111.39990234375</ele>
        <time>2025-08-13T00:51:47.000Z</time>
        <extensions>
          <ns3:TrackPointExtension>
            <ns3:atemp>12.0</ns3:atemp>
          </ns3:TrackPointExtension>
        </extensions>
      </trkpt>
      <trkpt lat="48.53905920870602130889892578125" lon="90.133209228515625">
        <ele>2111.800048828125</ele>
        <time>2025-08-13T00:51:49.000Z</time>
        <extensions>
          <ns3:TrackPointExtension>
            <ns3:atemp>12.0</ns3:atemp>
          </ns3:TrackPointExtension>
        </extensions>
      </trkpt>
      <trkpt lat="48.5392024554312229156494140625" lon="90.13292248360812664031982421875">
        <ele>2112</ele>
        <time>2025-08-13T00:51:56.000Z</time>
        <extensions>
          <ns3:TrackPointExtension>
            <ns3:atemp>12.0</ns3:atemp>
          </ns3:TrackPointExtension>
        </extensions>
      </trkpt>
      <trkpt lat="48.5393633879721164703369140625" lon="90.13263884000480175018310546875">
        <ele>2112</ele>
        <time>2025-08-13T00:52:03.000Z</time>
        <extensions>
          <ns3:TrackPointExtension>
            <ns3:atemp>12.0</ns3:atemp>
          </ns3:TrackPointExtension>
        </extensions>
      </trkpt>
      <trkpt lat="48.539619036018848419189453125" lon="90.1321522705256938934326171875">
        <ele>2112.800048828125</ele>
        <time>2025-08-13T00:52:14.000Z</time>
        <extensions>
          <ns3:TrackPointExtension>
            <ns3:atemp>12.0</ns3:atemp>
          </ns3:TrackPointExtension>
        </extensions>
      </trkpt>
      <trkpt lat="48.5396443493664264678955078125" lon="90.13210348784923553466796875">
        <ele>2112.800048828125</ele>
        <time>2025-08-13T00:52:15.000Z</time>
        <extensions>
          <ns3:TrackPointExtension>
            <ns3:atemp>12.0</ns3:atemp>
          </ns3:TrackPointExtension>
        </extensions>
      </trkpt>
      <trkpt lat="48.539875186979770660400390625" lon="90.13167760334908962249755859375">
        <ele>2113</ele>
        <time>2025-08-13T00:52:24.000Z</time>
        <extensions>
          <ns3:TrackPointExtension>
            <ns3:atemp>12.0</ns3:atemp>
          </ns3:TrackPointExtension>
        </extensions>
      </trkpt>
      <trkpt lat="48.54013376869261264801025390625" lon="90.1312252320349216461181640625">
        <ele>2113.800048828125</ele>
        <time>2025-08-13T00:52:34.000Z</time>
        <extensions>
          <ns3:TrackPointExtension>
            <ns3:atemp>12.0</ns3:atemp>
          </ns3:TrackPointExtension>
        </extensions>
      </trkpt>
      <trkpt lat="48.5401677154004573822021484375" lon="90.1311662234365940093994140625">
        <ele>2113.800048828125</ele>
        <time>2025-08-13T00:52:35.000Z</time>
        <extensions>
          <ns3:TrackPointExtension>
            <ns3:atemp>12.0</ns3:atemp>
          </ns3:TrackPointExtension>
        </extensions>
      </trkpt>
      <trkpt lat="48.5402498580515384674072265625" lon="90.13103001751005649566650390625">
        <ele>2113.800048828125</ele>
        <time>2025-08-13T00:52:38.000Z</time>
        <extensions>
          <ns3:TrackPointExtension>
            <ns3:atemp>12.0</ns3:atemp>
          </ns3:TrackPointExtension>
        </extensions>
      </trkpt>
      <trkpt lat="48.5404081083834171295166015625" lon="90.130703039467334747314453125">
        <ele>2114</ele>
        <time>2025-08-13T00:52:45.000Z</time>
        <extensions>
          <ns3:TrackPointExtension>
            <ns3:atemp>12.0</ns3:atemp>
          </ns3:TrackPointExtension>
        </extensions>
      </trkpt>
      <trkpt lat="48.54055412113666534423828125" lon="90.13047563843429088592529296875">
        <ele>2114</ele>
        <time>2025-08-13T00:52:51.000Z</time>
        <extensions>
          <ns3:TrackPointExtension>
            <ns3:atemp>12.0</ns3:atemp>
          </ns3:TrackPointExtension>
        </extensions>
      </trkpt>
      <trkpt lat="48.54079694487154483795166015625" lon="90.130106247961521148681640625">
        <ele>2114.39990234375</ele>
        <time>2025-08-13T00:53:00.000Z</time>
        <extensions>
          <ns3:TrackPointExtension>
            <ns3:atemp>12.0</ns3:atemp>
          </ns3:TrackPointExtension>
        </extensions>
      </trkpt>
      <trkpt lat="48.54099995456635951995849609375" lon="90.129764936864376068115234375">
        <ele>2114.800048828125</ele>
        <time>2025-08-13T00:53:08.000Z</time>
        <extensions>
          <ns3:TrackPointExtension>
            <ns3:atemp>12.0</ns3:atemp>
          </ns3:TrackPointExtension>
        </extensions>
      </trkpt>
      <trkpt lat="48.54124437086284160614013671875" lon="90.12934810481965541839599609375">
        <ele>2115</ele>
        <time>2025-08-13T00:53:17.000Z</time>
        <extensions>
          <ns3:TrackPointExtension>
            <ns3:atemp>12.0</ns3:atemp>
          </ns3:TrackPointExtension>
        </extensions>
      </trkpt>
      <trkpt lat="48.54135752655565738677978515625" lon="90.12918063439428806304931640625">
        <ele>2115.39990234375</ele>
        <time>2025-08-13T00:53:21.000Z</time>
        <extensions>
          <ns3:TrackPointExtension>
            <ns3:atemp>12.0</ns3:atemp>
          </ns3:TrackPointExtension>
        </extensions>
      </trkpt>
      <trkpt lat="48.54145140387117862701416015625" lon="90.128995478153228759765625">
        <ele>2115.39990234375</ele>
        <time>2025-08-13T00:53:25.000Z</time>
        <extensions>
          <ns3:TrackPointExtension>
            <ns3:atemp>12.0</ns3:atemp>
          </ns3:TrackPointExtension>
        </extensions>
      </trkpt>
      <trkpt lat="48.54164485819637775421142578125" lon="90.12869515456259250640869140625">
        <ele>2115.800048828125</ele>
        <time>2025-08-13T00:53:32.000Z</time>
        <extensions>
          <ns3:TrackPointExtension>
            <ns3:atemp>12.0</ns3:atemp>
          </ns3:TrackPointExtension>
        </extensions>
      </trkpt>
      <trkpt lat="48.54166732169687747955322265625" lon="90.1286588609218597412109375">
        <ele>2116</ele>
        <time>2025-08-13T00:53:33.000Z</time>
        <extensions>
          <ns3:TrackPointExtension>
            <ns3:atemp>12.0</ns3:atemp>
          </ns3:TrackPointExtension>
        </extensions>
      </trkpt>
      <trkpt lat="48.54182456620037555694580078125" lon="90.1283988542854785919189453125">
        <ele>2115.800048828125</ele>
        <time>2025-08-13T00:53:39.000Z</time>
        <extensions>
          <ns3:TrackPointExtension>
            <ns3:atemp>12.0</ns3:atemp>
          </ns3:TrackPointExtension>
        </extensions>
      </trkpt>
      <trkpt lat="48.54209898971021175384521484375" lon="90.127910859882831573486328125">
        <ele>2116.60009765625</ele>
        <time>2025-08-13T00:53:50.000Z</time>
        <extensions>
          <ns3:TrackPointExtension>
            <ns3:atemp>12.0</ns3:atemp>
          </ns3:TrackPointExtension>
        </extensions>
      </trkpt>
      <trkpt lat="48.5422306694090366363525390625" lon="90.12770055793225765228271484375">
        <ele>2117</ele>
        <time>2025-08-13T00:53:55.000Z</time>
        <extensions>
          <ns3:TrackPointExtension>
            <ns3:atemp>12.0</ns3:atemp>
          </ns3:TrackPointExtension>
        </extensions>
      </trkpt>
      <trkpt lat="48.5423044301569461822509765625" lon="90.127573572099208831787109375">
        <ele>2117.199951171875</ele>
        <time>2025-08-13T00:53:58.000Z</time>
        <extensions>
          <ns3:TrackPointExtension>
            <ns3:atemp>12.0</ns3:atemp>
          </ns3:TrackPointExtension>
        </extensions>
      </trkpt>
      <trkpt lat="48.54256636463105678558349609375" lon="90.12712924741208553314208984375">
        <ele>2117.199951171875</ele>
        <time>2025-08-13T00:54:08.000Z</time>
        <extensions>
          <ns3:TrackPointExtension>
            <ns3:atemp>12.0</ns3:atemp>
          </ns3:TrackPointExtension>
        </extensions>
      </trkpt>
      <trkpt lat="48.5428485833108425140380859375" lon="90.12667276896536350250244140625">
        <ele>2117.800048828125</ele>
        <time>2025-08-13T00:54:19.000Z</time>
        <extensions>
          <ns3:TrackPointExtension>
            <ns3:atemp>12.0</ns3:atemp>
          </ns3:TrackPointExtension>
        </extensions>
      </trkpt>
      <trkpt lat="48.54303994216024875640869140625" lon="90.126350820064544677734375">
        <ele>2117.60009765625</ele>
        <time>2025-08-13T00:54:27.000Z</time>
        <extensions>
          <ns3:TrackPointExtension>
            <ns3:atemp>12.0</ns3:atemp>
          </ns3:TrackPointExtension>
        </extensions>
      </trkpt>
      <trkpt lat="48.54324546642601490020751953125" lon="90.1259912364184856414794921875">
        <ele>2117.199951171875</ele>
        <time>2025-08-13T00:54:35.000Z</time>
        <extensions>
          <ns3:TrackPointExtension>
            <ns3:atemp>12.0</ns3:atemp>
          </ns3:TrackPointExtension>
        </extensions>
      </trkpt>
      <trkpt lat="48.5435228236019611358642578125" lon="90.1255265437066555023193359375">
        <ele>2117</ele>
        <time>2025-08-13T00:54:45.000Z</time>
        <extensions>
          <ns3:TrackPointExtension>
            <ns3:atemp>12.0</ns3:atemp>
          </ns3:TrackPointExtension>
        </extensions>
      </trkpt>
      <trkpt lat="48.5438577644526958465576171875" lon="90.124982893466949462890625">
        <ele>2117</ele>
        <time>2025-08-13T00:54:55.000Z</time>
        <extensions>
          <ns3:TrackPointExtension>
            <ns3:atemp>12.0</ns3:atemp>
          </ns3:TrackPointExtension>
        </extensions>
      </trkpt>
      <trkpt lat="48.54424090124666690826416015625" lon="90.1243353076279163360595703125">
        <ele>2116.800048828125</ele>
        <time>2025-08-13T00:55:08.000Z</time>
        <extensions>
          <ns3:TrackPointExtension>
            <ns3:atemp>12.0</ns3:atemp>
          </ns3:TrackPointExtension>
        </extensions>
      </trkpt>
      <trkpt lat="48.54456276632845401763916015625" lon="90.12381018139421939849853515625">
        <ele>2117</ele>
        <time>2025-08-13T00:55:20.000Z</time>
        <extensions>
          <ns3:TrackPointExtension>
            <ns3:atemp>12.0</ns3:atemp>
          </ns3:TrackPointExtension>
        </extensions>
      </trkpt>
      <trkpt lat="48.54489871300756931304931640625" lon="90.12323300354182720184326171875">
        <ele>2117</ele>
        <time>2025-08-13T00:55:31.000Z</time>
        <extensions>
          <ns3:TrackPointExtension>
            <ns3:atemp>12.0</ns3:atemp>
          </ns3:TrackPointExtension>
        </extensions>
      </trkpt>
      <trkpt lat="48.54522761888802051544189453125" lon="90.12267887592315673828125">
        <ele>2117.199951171875</ele>
        <time>2025-08-13T00:55:42.000Z</time>
        <extensions>
          <ns3:TrackPointExtension>
            <ns3:atemp>12.0</ns3:atemp>
          </ns3:TrackPointExtension>
        </extensions>
      </trkpt>
      <trkpt lat="48.5453480668365955352783203125" lon="90.122491456568241119384765625">
        <ele>2117.199951171875</ele>
        <time>2025-08-13T00:55:46.000Z</time>
        <extensions>
          <ns3:TrackPointExtension>
            <ns3:atemp>12.0</ns3:atemp>
          </ns3:TrackPointExtension>
        </extensions>
      </trkpt>
      <trkpt lat="48.54542392306029796600341796875" lon="90.1223565079271793365478515625">
        <ele>2117.199951171875</ele>
        <time>2025-08-13T00:55:49.000Z</time>
        <extensions>
          <ns3:TrackPointExtension>
            <ns3:atemp>12.0</ns3:atemp>
          </ns3:TrackPointExtension>
        </extensions>
      </trkpt>
      <trkpt lat="48.54545183479785919189453125" lon="90.12231476604938507080078125">
        <ele>2117.199951171875</ele>
        <time>2025-08-13T00:55:50.000Z</time>
        <extensions>
          <ns3:TrackPointExtension>
            <ns3:atemp>12.0</ns3:atemp>
          </ns3:TrackPointExtension>
        </extensions>
      </trkpt>
      <trkpt lat="48.5456643998622894287109375" lon="90.1219354011118412017822265625">
        <ele>2117.39990234375</ele>
        <time>2025-08-13T00:55:57.000Z</time>
        <extensions>
          <ns3:TrackPointExtension>
            <ns3:atemp>12.0</ns3:atemp>
          </ns3:TrackPointExtension>
        </extensions>
      </trkpt>
      <trkpt lat="48.5458875261247158050537109375" lon="90.12157271616160869598388671875">
        <ele>2117.60009765625</ele>
        <time>2025-08-13T00:56:05.000Z</time>
        <extensions>
          <ns3:TrackPointExtension>
            <ns3:atemp>12.0</ns3:atemp>
          </ns3:TrackPointExtension>
        </extensions>
      </trkpt>
      <trkpt lat="48.54593195021152496337890625" lon="90.1214901544153690338134765625">
        <ele>2117.60009765625</ele>
        <time>2025-08-13T00:56:07.000Z</time>
        <extensions>
          <ns3:TrackPointExtension>
            <ns3:atemp>12.0</ns3:atemp>
          </ns3:TrackPointExtension>
        </extensions>
      </trkpt>
      <trkpt lat="48.54616404511034488677978515625" lon="90.12110819108784198760986328125">
        <ele>2117.60009765625</ele>
        <time>2025-08-13T00:56:16.000Z</time>
        <extensions>
          <ns3:TrackPointExtension>
            <ns3:atemp>12.0</ns3:atemp>
          </ns3:TrackPointExtension>
        </extensions>
      </trkpt>
      <trkpt lat="48.5464276559650897979736328125" lon="90.12069580145180225372314453125">
        <ele>2117.60009765625</ele>
        <time>2025-08-13T00:56:25.000Z</time>
        <extensions>
          <ns3:TrackPointExtension>
            <ns3:atemp>12.0</ns3:atemp>
          </ns3:TrackPointExtension>
        </extensions>
      </trkpt>
      <trkpt lat="48.54671574197709560394287109375" lon="90.12027285061776638031005859375">
        <ele>2117.60009765625</ele>
        <time>2025-08-13T00:56:35.000Z</time>
        <extensions>
          <ns3:TrackPointExtension>
            <ns3:atemp>12.0</ns3:atemp>
          </ns3:TrackPointExtension>
        </extensions>
      </trkpt>
      <trkpt lat="48.5469697974622249603271484375" lon="90.1199485547840595245361328125">
        <ele>2117.800048828125</ele>
        <time>2025-08-13T00:56:43.000Z</time>
        <extensions>
          <ns3:TrackPointExtension>
            <ns3:atemp>12.0</ns3:atemp>
          </ns3:TrackPointExtension>
        </extensions>
      </trkpt>
      <trkpt lat="48.547268696129322052001953125" lon="90.11957463808357715606689453125">
        <ele>2117.800048828125</ele>
        <time>2025-08-13T00:56:52.000Z</time>
        <extensions>
          <ns3:TrackPointExtension>
            <ns3:atemp>12.0</ns3:atemp>
          </ns3:TrackPointExtension>
        </extensions>
      </trkpt>
      <trkpt lat="48.54763171635568141937255859375" lon="90.11917113326489925384521484375">
        <ele>2118</ele>
        <time>2025-08-13T00:57:04.000Z</time>
        <extensions>
          <ns3:TrackPointExtension>
            <ns3:atemp>12.0</ns3:atemp>
          </ns3:TrackPointExtension>
        </extensions>
      </trkpt>
      <trkpt lat="48.54807528667151927947998046875" lon="90.11870342306792736053466796875">
        <ele>2117.39990234375</ele>
        <time>2025-08-13T00:57:16.000Z</time>
        <extensions>
          <ns3:TrackPointExtension>
            <ns3:atemp>12.0</ns3:atemp>
          </ns3:TrackPointExtension>
        </extensions>
      </trkpt>
      <trkpt lat="48.5483734309673309326171875" lon="90.1184170134365558624267578125">
        <ele>2117.39990234375</ele>
        <time>2025-08-13T00:57:25.000Z</time>
        <extensions>
          <ns3:TrackPointExtension>
            <ns3:atemp>12.0</ns3:atemp>
          </ns3:TrackPointExtension>
        </extensions>
      </trkpt>
      <trkpt lat="48.5488282330334186553955078125" lon="90.11794569902122020721435546875">
        <ele>2117</ele>
        <time>2025-08-13T00:57:38.000Z</time>
        <extensions>
          <ns3:TrackPointExtension>
            <ns3:atemp>12.0</ns3:atemp>
          </ns3:TrackPointExtension>
        </extensions>
      </trkpt>
      <trkpt lat="48.54921673424541950225830078125" lon="90.11753230355679988861083984375">
        <ele>2117</ele>
        <time>2025-08-13T00:57:50.000Z</time>
        <extensions>
          <ns3:TrackPointExtension>
            <ns3:atemp>12.0</ns3:atemp>
          </ns3:TrackPointExtension>
        </extensions>
      </trkpt>
      <trkpt lat="48.5494974441826343536376953125" lon="90.1172492466866970062255859375">
        <ele>2117.39990234375</ele>
        <time>2025-08-13T00:57:59.000Z</time>
        <extensions>
          <ns3:TrackPointExtension>
            <ns3:atemp>12.0</ns3:atemp>
          </ns3:TrackPointExtension>
        </extensions>
      </trkpt>
      <trkpt lat="48.54977563954889774322509765625" lon="90.1169605739414691925048828125">
        <ele>2117</ele>
        <time>2025-08-13T00:58:09.000Z</time>
        <extensions>
          <ns3:TrackPointExtension>
            <ns3:atemp>12.0</ns3:atemp>
          </ns3:TrackPointExtension>
        </extensions>
      </trkpt>
      <trkpt lat="48.55002139694988727569580078125" lon="90.11671154759824275970458984375">
        <ele>2117</ele>
        <time>2025-08-13T00:58:16.000Z</time>
        <extensions>
          <ns3:TrackPointExtension>
            <ns3:atemp>12.0</ns3:atemp>
          </ns3:TrackPointExtension>
        </extensions>
      </trkpt>
      <trkpt lat="48.5503517277538776397705078125" lon="90.116370655596256256103515625">
        <ele>2117</ele>
        <time>2025-08-13T00:58:27.000Z</time>
        <extensions>
          <ns3:TrackPointExtension>
            <ns3:atemp>12.0</ns3:atemp>
          </ns3:TrackPointExtension>
        </extensions>
      </trkpt>
      <trkpt lat="48.55061148293316364288330078125" lon="90.1161086373031139373779296875">
        <ele>2117.199951171875</ele>
        <time>2025-08-13T00:58:36.000Z</time>
        <extensions>
          <ns3:TrackPointExtension>
            <ns3:atemp>12.0</ns3:atemp>
          </ns3:TrackPointExtension>
        </extensions>
      </trkpt>
      <trkpt lat="48.5509438253939151763916015625" lon="90.115769170224666595458984375">
        <ele>2117.39990234375</ele>
        <time>2025-08-13T00:58:47.000Z</time>
        <extensions>
          <ns3:TrackPointExtension>
            <ns3:atemp>12.0</ns3:atemp>
          </ns3:TrackPointExtension>
        </extensions>
      </trkpt>
      <trkpt lat="48.55133215896785259246826171875" lon="90.1153603009879589080810546875">
        <ele>2117.39990234375</ele>
        <time>2025-08-13T00:59:00.000Z</time>
        <extensions>
          <ns3:TrackPointExtension>
            <ns3:atemp>12.0</ns3:atemp>
          </ns3:TrackPointExtension>
        </extensions>
      </trkpt>
      <trkpt lat="48.551687635481357574462890625" lon="90.11499409563839435577392578125">
        <ele>2117.39990234375</ele>
        <time>2025-08-13T00:59:12.000Z</time>
        <extensions>
          <ns3:TrackPointExtension>
            <ns3:atemp>12.0</ns3:atemp>
          </ns3:TrackPointExtension>
        </extensions>
      </trkpt>
      <trkpt lat="48.5519959218800067901611328125" lon="90.11468228884041309356689453125">
        <ele>2117.800048828125</ele>
        <time>2025-08-13T00:59:22.000Z</time>
        <extensions>
          <ns3:TrackPointExtension>
            <ns3:atemp>12.0</ns3:atemp>
          </ns3:TrackPointExtension>
        </extensions>
      </trkpt>
      <trkpt lat="48.55232524685561656951904296875" lon="90.1143393851816654205322265625">
        <ele>2117.60009765625</ele>
        <time>2025-08-13T00:59:33.000Z</time>
        <extensions>
          <ns3:TrackPointExtension>
            <ns3:atemp>12.0</ns3:atemp>
          </ns3:TrackPointExtension>
        </extensions>
      </trkpt>
      <trkpt lat="48.5526510514318943023681640625" lon="90.1139871776103973388671875">
        <ele>2117.60009765625</ele>
        <time>2025-08-13T00:59:43.000Z</time>
        <extensions>
          <ns3:TrackPointExtension>
            <ns3:atemp>12.0</ns3:atemp>
          </ns3:TrackPointExtension>
        </extensions>
      </trkpt>
      <trkpt lat="48.5529439151287078857421875" lon="90.11367830447852611541748046875">
        <ele>2117.800048828125</ele>
        <time>2025-08-13T00:59:52.000Z</time>
        <extensions>
          <ns3:TrackPointExtension>
            <ns3:atemp>12.0</ns3:atemp>
          </ns3:TrackPointExtension>
        </extensions>
      </trkpt>
      <trkpt lat="48.5533041693270206451416015625" lon="90.113299190998077392578125">
        <ele>2117.800048828125</ele>
        <time>2025-08-13T01:00:03.000Z</time>
        <extensions>
          <ns3:TrackPointExtension>
            <ns3:atemp>12.0</ns3:atemp>
          </ns3:TrackPointExtension>
        </extensions>
      </trkpt>
      <trkpt lat="48.5534889064729213714599609375" lon="90.1131119392812252044677734375">
        <ele>2117.800048828125</ele>
        <time>2025-08-13T01:00:09.000Z</time>
        <extensions>
          <ns3:TrackPointExtension>
            <ns3:atemp>12.0</ns3:atemp>
          </ns3:TrackPointExtension>
        </extensions>
      </trkpt>
      <trkpt lat="48.55361723341047763824462890625" lon="90.11299232952296733856201171875">
        <ele>2118</ele>
        <time>2025-08-13T01:00:13.000Z</time>
        <extensions>
          <ns3:TrackPointExtension>
            <ns3:atemp>12.0</ns3:atemp>
          </ns3:TrackPointExtension>
        </extensions>
      </trkpt>
      <trkpt lat="48.5537735559046268463134765625" lon="90.1128272898495197296142578125">
        <ele>2117.800048828125</ele>
        <time>2025-08-13T01:00:18.000Z</time>
        <extensions>
          <ns3:TrackPointExtension>
            <ns3:atemp>12.0</ns3:atemp>
          </ns3:TrackPointExtension>
        </extensions>
      </trkpt>
      <trkpt lat="48.553999364376068115234375" lon="90.11259385384619235992431640625">
        <ele>2117.60009765625</ele>
        <time>2025-08-13T01:00:25.000Z</time>
        <extensions>
          <ns3:TrackPointExtension>
            <ns3:atemp>12.0</ns3:atemp>
          </ns3:TrackPointExtension>
        </extensions>
      </trkpt>
      <trkpt lat="48.55438384227454662322998046875" lon="90.11218942701816558837890625">
        <ele>2118.199951171875</ele>
        <time>2025-08-13T01:00:37.000Z</time>
        <extensions>
          <ns3:TrackPointExtension>
            <ns3:atemp>12.0</ns3:atemp>
          </ns3:TrackPointExtension>
        </extensions>
      </trkpt>
      <trkpt lat="48.55468936264514923095703125" lon="90.11187485419213771820068359375">
        <ele>2118.39990234375</ele>
        <time>2025-08-13T01:00:47.000Z</time>
        <extensions>
          <ns3:TrackPointExtension>
            <ns3:atemp>12.0</ns3:atemp>
          </ns3:TrackPointExtension>
        </extensions>
      </trkpt>
      <trkpt lat="48.55499781668186187744140625" lon="90.111554078757762908935546875">
        <ele>2118.39990234375</ele>
        <time>2025-08-13T01:00:57.000Z</time>
        <extensions>
          <ns3:TrackPointExtension>
            <ns3:atemp>12.0</ns3:atemp>
          </ns3:TrackPointExtension>
        </extensions>
      </trkpt>
      <trkpt lat="48.555295206606388092041015625" lon="90.111220814287662506103515625">
        <ele>2118.199951171875</ele>
        <time>2025-08-13T01:01:08.000Z</time>
        <extensions>
          <ns3:TrackPointExtension>
            <ns3:atemp>12.0</ns3:atemp>
          </ns3:TrackPointExtension>
        </extensions>
      </trkpt>
      <trkpt lat="48.55559469200670719146728515625" lon="90.11091143824160099029541015625">
        <ele>2118.800048828125</ele>
        <time>2025-08-13T01:01:18.000Z</time>
        <extensions>
          <ns3:TrackPointExtension>
            <ns3:atemp>12.0</ns3:atemp>
          </ns3:TrackPointExtension>
        </extensions>
      </trkpt>
      <trkpt lat="48.5558407008647918701171875" lon="90.110654868185520172119140625">
        <ele>2118</ele>
        <time>2025-08-13T01:01:27.000Z</time>
        <extensions>
          <ns3:TrackPointExtension>
            <ns3:atemp>12.0</ns3:atemp>
          </ns3:TrackPointExtension>
        </extensions>
      </trkpt>
      <trkpt lat="48.55618578381836414337158203125" lon="90.11029620654881000518798828125">
        <ele>2118</ele>
        <time>2025-08-13T01:01:39.000Z</time>
        <extensions>
          <ns3:TrackPointExtension>
            <ns3:atemp>12.0</ns3:atemp>
          </ns3:TrackPointExtension>
        </extensions>
      </trkpt>
      <trkpt lat="48.55639784596860408782958984375" lon="90.110070146620273590087890625">
        <ele>2118</ele>
        <time>2025-08-13T01:01:47.000Z</time>
        <extensions>
          <ns3:TrackPointExtension>
            <ns3:atemp>12.0</ns3:atemp>
          </ns3:TrackPointExtension>
        </extensions>
      </trkpt>
      <trkpt lat="48.55663488619029521942138671875" lon="90.10982195846736431121826171875">
        <ele>2118</ele>
        <time>2025-08-13T01:01:55.000Z</time>
        <extensions>
          <ns3:TrackPointExtension>
            <ns3:atemp>12.0</ns3:atemp>
          </ns3:TrackPointExtension>
        </extensions>
      </trkpt>
      <trkpt lat="48.556909896433353424072265625" lon="90.10953001677989959716796875">
        <ele>2118</ele>
        <time>2025-08-13T01:02:05.000Z</time>
        <extensions>
          <ns3:TrackPointExtension>
            <ns3:atemp>12.0</ns3:atemp>
          </ns3:TrackPointExtension>
        </extensions>
      </trkpt>
      <trkpt lat="48.55723452754318714141845703125" lon="90.109200440347194671630859375">
        <ele>2118.199951171875</ele>
        <time>2025-08-13T01:02:16.000Z</time>
        <extensions>
          <ns3:TrackPointExtension>
            <ns3:atemp>12.0</ns3:atemp>
          </ns3:TrackPointExtension>
        </extensions>
      </trkpt>
      <trkpt lat="48.5575135610997676849365234375" lon="90.10889139957726001739501953125">
        <ele>2118.39990234375</ele>
        <time>2025-08-13T01:02:26.000Z</time>
        <extensions>
          <ns3:TrackPointExtension>
            <ns3:atemp>12.0</ns3:atemp>
          </ns3:TrackPointExtension>
        </extensions>
      </trkpt>
      <trkpt lat="48.5577670298516750335693359375" lon="90.10863709263503551483154296875">
        <ele>2118.39990234375</ele>
        <time>2025-08-13T01:02:35.000Z</time>
        <extensions>
          <ns3:TrackPointExtension>
            <ns3:atemp>12.0</ns3:atemp>
          </ns3:TrackPointExtension>
        </extensions>
      </trkpt>
      <trkpt lat="48.55806282721459865570068359375" lon="90.10833467356860637664794921875">
        <ele>2118.39990234375</ele>
        <time>2025-08-13T01:02:46.000Z</time>
        <extensions>
          <ns3:TrackPointExtension>
            <ns3:atemp>12.0</ns3:atemp>
          </ns3:TrackPointExtension>
        </extensions>
      </trkpt>
      <trkpt lat="48.55829433538019657135009765625" lon="90.10810668580234050750732421875">
        <ele>2118.60009765625</ele>
        <time>2025-08-13T01:02:55.000Z</time>
        <extensions>
          <ns3:TrackPointExtension>
            <ns3:atemp>12.0</ns3:atemp>
          </ns3:TrackPointExtension>
        </extensions>
      </trkpt>
      <trkpt lat="48.55856121517717838287353515625" lon="90.10782186873257160186767578125">
        <ele>2118.39990234375</ele>
        <time>2025-08-13T01:03:05.000Z</time>
        <extensions>
          <ns3:TrackPointExtension>
            <ns3:atemp>12.0</ns3:atemp>
          </ns3:TrackPointExtension>
        </extensions>
      </trkpt>
      <trkpt lat="48.558900095522403717041015625" lon="90.107476450502872467041015625">
        <ele>2118.60009765625</ele>
        <time>2025-08-13T01:03:17.000Z</time>
        <extensions>
          <ns3:TrackPointExtension>
            <ns3:atemp>12.0</ns3:atemp>
          </ns3:TrackPointExtension>
        </extensions>
      </trkpt>
      <trkpt lat="48.5591156780719757080078125" lon="90.10727369226515293121337890625">
        <ele>2118.800048828125</ele>
        <time>2025-08-13T01:03:25.000Z</time>
        <extensions>
          <ns3:TrackPointExtension>
            <ns3:atemp>12.0</ns3:atemp>
          </ns3:TrackPointExtension>
        </extensions>
      </trkpt>
      <trkpt lat="48.55919153429567813873291015625" lon="90.10719926096498966217041015625">
        <ele>2119</ele>
        <time>2025-08-13T01:03:28.000Z</time>
        <extensions>
          <ns3:TrackPointExtension>
            <ns3:atemp>12.0</ns3:atemp>
          </ns3:TrackPointExtension>
        </extensions>
      </trkpt>
      <trkpt lat="48.55935866944491863250732421875" lon="90.10702156461775302886962890625">
        <ele>2119.199951171875</ele>
        <time>2025-08-13T01:03:34.000Z</time>
        <extensions>
          <ns3:TrackPointExtension>
            <ns3:atemp>12.0</ns3:atemp>
          </ns3:TrackPointExtension>
        </extensions>
      </trkpt>
      <trkpt lat="48.55953804217278957366943359375" lon="90.10684101842343807220458984375">
        <ele>2119.199951171875</ele>
        <time>2025-08-13T01:03:41.000Z</time>
        <extensions>
          <ns3:TrackPointExtension>
            <ns3:atemp>12.0</ns3:atemp>
          </ns3:TrackPointExtension>
        </extensions>
      </trkpt>
      <trkpt lat="48.5597954504191875457763671875" lon="90.1065633259713649749755859375">
        <ele>2119.39990234375</ele>
        <time>2025-08-13T01:03:50.000Z</time>
        <extensions>
          <ns3:TrackPointExtension>
            <ns3:atemp>12.0</ns3:atemp>
          </ns3:TrackPointExtension>
        </extensions>
      </trkpt>
      <trkpt lat="48.56005780398845672607421875" lon="90.106289573013782501220703125">
        <ele>2119.60009765625</ele>
        <time>2025-08-13T01:03:59.000Z</time>
        <extensions>
          <ns3:TrackPointExtension>
            <ns3:atemp>12.0</ns3:atemp>
          </ns3:TrackPointExtension>
        </extensions>
      </trkpt>
      <trkpt lat="48.56038595549762248992919921875" lon="90.1059539616107940673828125">
        <ele>2120</ele>
        <time>2025-08-13T01:04:10.000Z</time>
        <extensions>
          <ns3:TrackPointExtension>
            <ns3:atemp>12.0</ns3:atemp>
          </ns3:TrackPointExtension>
        </extensions>
      </trkpt>
      <trkpt lat="48.560443036258220672607421875" lon="90.1058914326131343841552734375">
        <ele>2120</ele>
        <time>2025-08-13T01:04:12.000Z</time>
        <extensions>
          <ns3:TrackPointExtension>
            <ns3:atemp>12.0</ns3:atemp>
          </ns3:TrackPointExtension>
        </extensions>
      </trkpt>
      <trkpt lat="48.56063607148826122283935546875" lon="90.105672664940357208251953125">
        <ele>2120.39990234375</ele>
        <time>2025-08-13T01:04:19.000Z</time>
        <extensions>
          <ns3:TrackPointExtension>
            <ns3:atemp>12.0</ns3:atemp>
          </ns3:TrackPointExtension>
        </extensions>
      </trkpt>
      <trkpt lat="48.56086892075836658477783203125" lon="90.10544341988861560821533203125">
        <ele>2120.199951171875</ele>
        <time>2025-08-13T01:04:27.000Z</time>
        <extensions>
          <ns3:TrackPointExtension>
            <ns3:atemp>12.0</ns3:atemp>
          </ns3:TrackPointExtension>
        </extensions>
      </trkpt>
      <trkpt lat="48.561262786388397216796875" lon="90.10503857396543025970458984375">
        <ele>2120.199951171875</ele>
        <time>2025-08-13T01:04:40.000Z</time>
        <extensions>
          <ns3:TrackPointExtension>
            <ns3:atemp>12.0</ns3:atemp>
          </ns3:TrackPointExtension>
        </extensions>
      </trkpt>
      <trkpt lat="48.561461269855499267578125" lon="90.104841180145740509033203125">
        <ele>2120.199951171875</ele>
        <time>2025-08-13T01:04:47.000Z</time>
        <extensions>
          <ns3:TrackPointExtension>
            <ns3:atemp>12.0</ns3:atemp>
          </ns3:TrackPointExtension>
        </extensions>
      </trkpt>
      <trkpt lat="48.56183753348886966705322265625" lon="90.10443943552672863006591796875">
        <ele>2120.199951171875</ele>
        <time>2025-08-13T01:04:59.000Z</time>
        <extensions>
          <ns3:TrackPointExtension>
            <ns3:atemp>12.0</ns3:atemp>
          </ns3:TrackPointExtension>
        </extensions>
      </trkpt>
      <trkpt lat="48.56214590370655059814453125" lon="90.104116313159465789794921875">
        <ele>2120</ele>
        <time>2025-08-13T01:05:09.000Z</time>
        <extensions>
          <ns3:TrackPointExtension>
            <ns3:atemp>12.0</ns3:atemp>
          </ns3:TrackPointExtension>
        </extensions>
      </trkpt>
      <trkpt lat="48.56248059310019016265869140625" lon="90.1037644408643245697021484375">
        <ele>2120</ele>
        <time>2025-08-13T01:05:19.000Z</time>
        <extensions>
          <ns3:TrackPointExtension>
            <ns3:atemp>12.0</ns3:atemp>
          </ns3:TrackPointExtension>
        </extensions>
      </trkpt>
      <trkpt lat="48.562738336622714996337890625" lon="90.10350284166634082794189453125">
        <ele>2120</ele>
        <time>2025-08-13T01:05:27.000Z</time>
        <extensions>
          <ns3:TrackPointExtension>
            <ns3:atemp>12.0</ns3:atemp>
          </ns3:TrackPointExtension>
        </extensions>
      </trkpt>
      <trkpt lat="48.56310320086777210235595703125" lon="90.1031148433685302734375">
        <ele>2119.800048828125</ele>
        <time>2025-08-13T01:05:38.000Z</time>
        <extensions>
          <ns3:TrackPointExtension>
            <ns3:atemp>12.0</ns3:atemp>
          </ns3:TrackPointExtension>
        </extensions>
      </trkpt>
      <trkpt lat="48.56345750391483306884765625" lon="90.1027374900877475738525390625">
        <ele>2119.800048828125</ele>
        <time>2025-08-13T01:05:48.000Z</time>
        <extensions>
          <ns3:TrackPointExtension>
            <ns3:atemp>12.0</ns3:atemp>
          </ns3:TrackPointExtension>
        </extensions>
      </trkpt>
      <trkpt lat="48.56367266736924648284912109375" lon="90.10252400301396846771240234375">
        <ele>2119.60009765625</ele>
        <time>2025-08-13T01:05:54.000Z</time>
        <extensions>
          <ns3:TrackPointExtension>
            <ns3:atemp>12.0</ns3:atemp>
          </ns3:TrackPointExtension>
        </extensions>
      </trkpt>
      <trkpt lat="48.56373704038560390472412109375" lon="90.10245912708342075347900390625">
        <ele>2119.39990234375</ele>
        <time>2025-08-13T01:05:56.000Z</time>
        <extensions>
          <ns3:TrackPointExtension>
            <ns3:atemp>12.0</ns3:atemp>
          </ns3:TrackPointExtension>
        </extensions>
      </trkpt>
      <trkpt lat="48.56414892710745334625244140625" lon="90.10202561505138874053955078125">
        <ele>2119.199951171875</ele>
        <time>2025-08-13T01:06:08.000Z</time>
        <extensions>
          <ns3:TrackPointExtension>
            <ns3:atemp>12.0</ns3:atemp>
          </ns3:TrackPointExtension>
        </extensions>
      </trkpt>
      <trkpt lat="48.56425604782998561859130859375" lon="90.1019153930246829986572265625">
        <ele>2119</ele>
        <time>2025-08-13T01:06:11.000Z</time>
        <extensions>
          <ns3:TrackPointExtension>
            <ns3:atemp>12.0</ns3:atemp>
          </ns3:TrackPointExtension>
        </extensions>
      </trkpt>
      <trkpt lat="48.56450834311544895172119140625" lon="90.101654045283794403076171875">
        <ele>2119</ele>
        <time>2025-08-13T01:06:18.000Z</time>
        <extensions>
          <ns3:TrackPointExtension>
            <ns3:atemp>12.0</ns3:atemp>
          </ns3:TrackPointExtension>
        </extensions>
      </trkpt>
      <trkpt lat="48.5648195631802082061767578125" lon="90.10133142583072185516357421875">
        <ele>2118.800048828125</ele>
        <time>2025-08-13T01:06:27.000Z</time>
        <extensions>
          <ns3:TrackPointExtension>
            <ns3:atemp>12.0</ns3:atemp>
          </ns3:TrackPointExtension>
        </extensions>
      </trkpt>
      <trkpt lat="48.5650985129177570343017578125" lon="90.10104811750352382659912109375">
        <ele>2118.800048828125</ele>
        <time>2025-08-13T01:06:35.000Z</time>
        <extensions>
          <ns3:TrackPointExtension>
            <ns3:atemp>12.0</ns3:atemp>
          </ns3:TrackPointExtension>
        </extensions>
      </trkpt>
      <trkpt lat="48.5652524046599864959716796875" lon="90.100887604057788848876953125">
        <ele>2119</ele>
        <time>2025-08-13T01:06:40.000Z</time>
        <extensions>
          <ns3:TrackPointExtension>
            <ns3:atemp>12.0</ns3:atemp>
          </ns3:TrackPointExtension>
        </extensions>
      </trkpt>
      <trkpt lat="48.56549874879419803619384765625" lon="90.10061963461339473724365234375">
        <ele>2118.800048828125</ele>
        <time>2025-08-13T01:06:48.000Z</time>
        <extensions>
          <ns3:TrackPointExtension>
            <ns3:atemp>13.0</ns3:atemp>
          </ns3:TrackPointExtension>
        </extensions>
      </trkpt>
      <trkpt lat="48.56570661999285221099853515625" lon="90.10040220804512500762939453125">
        <ele>2119</ele>
        <time>2025-08-13T01:06:55.000Z</time>
        <extensions>
          <ns3:TrackPointExtension>
            <ns3:atemp>13.0</ns3:atemp>
          </ns3:TrackPointExtension>
        </extensions>
      </trkpt>
      <trkpt lat="48.56593879871070384979248046875" lon="90.100159384310245513916015625">
        <ele>2119.199951171875</ele>
        <time>2025-08-13T01:07:03.000Z</time>
        <extensions>
          <ns3:TrackPointExtension>
            <ns3:atemp>13.0</ns3:atemp>
          </ns3:TrackPointExtension>
        </extensions>
      </trkpt>
      <trkpt lat="48.56621037237346172332763671875" lon="90.09987867437303066253662109375">
        <ele>2119</ele>
        <time>2025-08-13T01:07:13.000Z</time>
        <extensions>
          <ns3:TrackPointExtension>
            <ns3:atemp>13.0</ns3:atemp>
          </ns3:TrackPointExtension>
        </extensions>
      </trkpt>
      <trkpt lat="48.56646551750600337982177734375" lon="90.09960408322513103485107421875">
        <ele>2119.199951171875</ele>
        <time>2025-08-13T01:07:22.000Z</time>
        <extensions>
          <ns3:TrackPointExtension>
            <ns3:atemp>13.0</ns3:atemp>
          </ns3:TrackPointExtension>
        </extensions>
      </trkpt>
      <trkpt lat="48.56666567735373973846435546875" lon="90.0993957929313182830810546875">
        <ele>2119.199951171875</ele>
        <time>2025-08-13T01:07:29.000Z</time>
        <extensions>
          <ns3:TrackPointExtension>
            <ns3:atemp>13.0</ns3:atemp>
          </ns3:TrackPointExtension>
        </extensions>
      </trkpt>
      <trkpt lat="48.56682040728628635406494140625" lon="90.09924081154167652130126953125">
        <ele>2119.39990234375</ele>
        <time>2025-08-13T01:07:34.000Z</time>
        <extensions>
          <ns3:TrackPointExtension>
            <ns3:atemp>13.0</ns3:atemp>
          </ns3:TrackPointExtension>
        </extensions>
      </trkpt>
      <trkpt lat="48.56708527542650699615478515625" lon="90.09896337054669857025146484375">
        <ele>2119.60009765625</ele>
        <time>2025-08-13T01:07:44.000Z</time>
        <extensions>
          <ns3:TrackPointExtension>
            <ns3:atemp>13.0</ns3:atemp>
          </ns3:TrackPointExtension>
        </extensions>
      </trkpt>
      <trkpt lat="48.56725123710930347442626953125" lon="90.098802186548709869384765625">
        <ele>2120</ele>
        <time>2025-08-13T01:07:50.000Z</time>
        <extensions>
          <ns3:TrackPointExtension>
            <ns3:atemp>13.0</ns3:atemp>
          </ns3:TrackPointExtension>
        </extensions>
      </trkpt>
      <trkpt lat="48.5673076473176479339599609375" lon="90.098743177950382232666015625">
        <ele>2120</ele>
        <time>2025-08-13T01:07:52.000Z</time>
        <extensions>
          <ns3:TrackPointExtension>
            <ns3:atemp>13.0</ns3:atemp>
          </ns3:TrackPointExtension>
        </extensions>
      </trkpt>
      <trkpt lat="48.567579053342342376708984375" lon="90.0984576903283596038818359375">
        <ele>2119.60009765625</ele>
        <time>2025-08-13T01:08:02.000Z</time>
        <extensions>
          <ns3:TrackPointExtension>
            <ns3:atemp>13.0</ns3:atemp>
          </ns3:TrackPointExtension>
        </extensions>
      </trkpt>
      <trkpt lat="48.5678702406585216522216796875" lon="90.09814529679715633392333984375">
        <ele>2119.39990234375</ele>
        <time>2025-08-13T01:08:12.000Z</time>
        <extensions>
          <ns3:TrackPointExtension>
            <ns3:atemp>13.0</ns3:atemp>
          </ns3:TrackPointExtension>
        </extensions>
      </trkpt>
      <trkpt lat="48.5681009106338024139404296875" lon="90.09790934622287750244140625">
        <ele>2119.800048828125</ele>
        <time>2025-08-13T01:08:20.000Z</time>
        <extensions>
          <ns3:TrackPointExtension>
            <ns3:atemp>13.0</ns3:atemp>
          </ns3:TrackPointExtension>
        </extensions>
      </trkpt>
      <trkpt lat="48.5683379508554935455322265625" lon="90.09765059687197208404541015625">
        <ele>2120</ele>
        <time>2025-08-13T01:08:29.000Z</time>
        <extensions>
          <ns3:TrackPointExtension>
            <ns3:atemp>13.0</ns3:atemp>
          </ns3:TrackPointExtension>
        </extensions>
      </trkpt>
      <trkpt lat="48.56860466301441192626953125" lon="90.09738371707499027252197265625">
        <ele>2120.199951171875</ele>
        <time>2025-08-13T01:08:39.000Z</time>
        <extensions>
          <ns3:TrackPointExtension>
            <ns3:atemp>13.0</ns3:atemp>
          </ns3:TrackPointExtension>
        </extensions>
      </trkpt>
      <trkpt lat="48.56886441819369792938232421875" lon="90.09711516089737415313720703125">
        <ele>2119.39990234375</ele>
        <time>2025-08-13T01:08:48.000Z</time>
        <extensions>
          <ns3:TrackPointExtension>
            <ns3:atemp>13.0</ns3:atemp>
          </ns3:TrackPointExtension>
        </extensions>
      </trkpt>
      <trkpt lat="48.5691781528294086456298828125" lon="90.09679011069238185882568359375">
        <ele>2119.800048828125</ele>
        <time>2025-08-13T01:08:58.000Z</time>
        <extensions>
          <ns3:TrackPointExtension>
            <ns3:atemp>13.0</ns3:atemp>
          </ns3:TrackPointExtension>
        </extensions>
      </trkpt>
      <trkpt lat="48.56952977366745471954345703125" lon="90.09642818011343479156494140625">
        <ele>2120</ele>
        <time>2025-08-13T01:09:09.000Z</time>
        <extensions>
          <ns3:TrackPointExtension>
            <ns3:atemp>13.0</ns3:atemp>
          </ns3:TrackPointExtension>
        </extensions>
      </trkpt>
      <trkpt lat="48.56980402953922748565673828125" lon="90.09614570997655391693115234375">
        <ele>2120</ele>
        <time>2025-08-13T01:09:18.000Z</time>
        <extensions>
          <ns3:TrackPointExtension>
            <ns3:atemp>13.0</ns3:atemp>
          </ns3:TrackPointExtension>
        </extensions>
      </trkpt>
      <trkpt lat="48.5700864158570766448974609375" lon="90.095845051109790802001953125">
        <ele>2120</ele>
        <time>2025-08-13T01:09:27.000Z</time>
        <extensions>
          <ns3:TrackPointExtension>
            <ns3:atemp>13.0</ns3:atemp>
          </ns3:TrackPointExtension>
        </extensions>
      </trkpt>
      <trkpt lat="48.5704364441335201263427734375" lon="90.09547515772283077239990234375">
        <ele>2119.60009765625</ele>
        <time>2025-08-13T01:09:38.000Z</time>
        <extensions>
          <ns3:TrackPointExtension>
            <ns3:atemp>13.0</ns3:atemp>
          </ns3:TrackPointExtension>
        </extensions>
      </trkpt>
      <trkpt lat="48.57069117017090320587158203125" lon="90.09521163068711757659912109375">
        <ele>2119.39990234375</ele>
        <time>2025-08-13T01:09:46.000Z</time>
        <extensions>
          <ns3:TrackPointExtension>
            <ns3:atemp>13.0</ns3:atemp>
          </ns3:TrackPointExtension>
        </extensions>
      </trkpt>
      <trkpt lat="48.5709495842456817626953125" lon="90.094944499433040618896484375">
        <ele>2119.199951171875</ele>
        <time>2025-08-13T01:09:54.000Z</time>
        <extensions>
          <ns3:TrackPointExtension>
            <ns3:atemp>13.0</ns3:atemp>
          </ns3:TrackPointExtension>
        </extensions>
      </trkpt>
      <trkpt lat="48.5712699405848979949951171875" lon="90.0946194492280483245849609375">
        <ele>2119.199951171875</ele>
        <time>2025-08-13T01:10:04.000Z</time>
        <extensions>
          <ns3:TrackPointExtension>
            <ns3:atemp>13.0</ns3:atemp>
          </ns3:TrackPointExtension>
        </extensions>
      </trkpt>
      <trkpt lat="48.571364320814609527587890625" lon="90.0945181958377361297607421875">
        <ele>2119</ele>
        <time>2025-08-13T01:10:07.000Z</time>
        <extensions>
          <ns3:TrackPointExtension>
            <ns3:atemp>13.0</ns3:atemp>
          </ns3:TrackPointExtension>
        </extensions>
      </trkpt>
      <trkpt lat="48.57154059223830699920654296875" lon="90.0943321175873279571533203125">
        <ele>2119</ele>
        <time>2025-08-13T01:10:13.000Z</time>
        <extensions>
          <ns3:TrackPointExtension>
            <ns3:atemp>13.0</ns3:atemp>
          </ns3:TrackPointExtension>
        </extensions>
      </trkpt>
      <trkpt lat="48.57181736268103122711181640625" lon="90.0940422713756561279296875">
        <ele>2118.60009765625</ele>
        <time>2025-08-13T01:10:22.000Z</time>
        <extensions>
          <ns3:TrackPointExtension>
            <ns3:atemp>13.0</ns3:atemp>
          </ns3:TrackPointExtension>
        </extensions>
      </trkpt>
      <trkpt lat="48.57212732546031475067138671875" lon="90.0937128625810146331787109375">
        <ele>2118.39990234375</ele>
        <time>2025-08-13T01:10:32.000Z</time>
        <extensions>
          <ns3:TrackPointExtension>
            <ns3:atemp>13.0</ns3:atemp>
          </ns3:TrackPointExtension>
        </extensions>
      </trkpt>
      <trkpt lat="48.57222254388034343719482421875" lon="90.09361940436065196990966796875">
        <ele>2118</ele>
        <time>2025-08-13T01:10:35.000Z</time>
        <extensions>
          <ns3:TrackPointExtension>
            <ns3:atemp>13.0</ns3:atemp>
          </ns3:TrackPointExtension>
        </extensions>
      </trkpt>
      <trkpt lat="48.5723703168332576751708984375" lon="90.09345729835331439971923828125">
        <ele>2117.800048828125</ele>
        <time>2025-08-13T01:10:40.000Z</time>
        <extensions>
          <ns3:TrackPointExtension>
            <ns3:atemp>13.0</ns3:atemp>
          </ns3:TrackPointExtension>
        </extensions>
      </trkpt>
      <trkpt lat="48.5726754181087017059326171875" lon="90.0931462459266185760498046875">
        <ele>2117.39990234375</ele>
        <time>2025-08-13T01:10:50.000Z</time>
        <extensions>
          <ns3:TrackPointExtension>
            <ns3:atemp>13.0</ns3:atemp>
          </ns3:TrackPointExtension>
        </extensions>
      </trkpt>
      <trkpt lat="48.5730053298175334930419921875" lon="90.09277517907321453094482421875">
        <ele>2117</ele>
        <time>2025-08-13T01:11:01.000Z</time>
        <extensions>
          <ns3:TrackPointExtension>
            <ns3:atemp>13.0</ns3:atemp>
          </ns3:TrackPointExtension>
        </extensions>
      </trkpt>
      <trkpt lat="48.57315863482654094696044921875" lon="90.0926456786692142486572265625">
        <ele>2116.39990234375</ele>
        <time>2025-08-13T01:11:06.000Z</time>
        <extensions>
          <ns3:TrackPointExtension>
            <ns3:atemp>13.0</ns3:atemp>
          </ns3:TrackPointExtension>
        </extensions>
      </trkpt>
      <trkpt lat="48.57346122153103351593017578125" lon="90.09232188574969768524169921875">
        <ele>2116.199951171875</ele>
        <time>2025-08-13T01:11:15.000Z</time>
        <extensions>
          <ns3:TrackPointExtension>
            <ns3:atemp>13.0</ns3:atemp>
          </ns3:TrackPointExtension>
        </extensions>
      </trkpt>
      <trkpt lat="48.57368216849863529205322265625" lon="90.092089287936687469482421875">
        <ele>2115.800048828125</ele>
        <time>2025-08-13T01:11:22.000Z</time>
        <extensions>
          <ns3:TrackPointExtension>
            <ns3:atemp>13.0</ns3:atemp>
          </ns3:TrackPointExtension>
        </extensions>
      </trkpt>
      <trkpt lat="48.5737744532525539398193359375" lon="90.09200018830597400665283203125">
        <ele>2115.800048828125</ele>
        <time>2025-08-13T01:11:25.000Z</time>
        <extensions>
          <ns3:TrackPointExtension>
            <ns3:atemp>13.0</ns3:atemp>
          </ns3:TrackPointExtension>
        </extensions>
      </trkpt>
      <trkpt lat="48.5740641318261623382568359375" lon="90.09170430712401866912841796875">
        <ele>2115</ele>
        <time>2025-08-13T01:11:35.000Z</time>
        <extensions>
          <ns3:TrackPointExtension>
            <ns3:atemp>13.0</ns3:atemp>
          </ns3:TrackPointExtension>
        </extensions>
      </trkpt>
      <trkpt lat="48.574140407145023345947265625" lon="90.09163004346191883087158203125">
        <ele>2114.800048828125</ele>
        <time>2025-08-13T01:11:38.000Z</time>
        <extensions>
          <ns3:TrackPointExtension>
            <ns3:atemp>13.0</ns3:atemp>
          </ns3:TrackPointExtension>
        </extensions>
      </trkpt>
      <trkpt lat="48.57431550510227680206298828125" lon="90.09145100601017475128173828125">
        <ele>2115</ele>
        <time>2025-08-13T01:11:45.000Z</time>
        <extensions>
          <ns3:TrackPointExtension>
            <ns3:atemp>13.0</ns3:atemp>
          </ns3:TrackPointExtension>
        </extensions>
      </trkpt>
      <trkpt lat="48.57453125528991222381591796875" lon="90.0912241078913211822509765625">
        <ele>2114.60009765625</ele>
        <time>2025-08-13T01:11:52.000Z</time>
        <extensions>
          <ns3:TrackPointExtension>
            <ns3:atemp>13.0</ns3:atemp>
          </ns3:TrackPointExtension>
        </extensions>
      </trkpt>
      <trkpt lat="48.57482998631894588470458984375" lon="90.090906433761119842529296875">
        <ele>2114.60009765625</ele>
        <time>2025-08-13T01:12:02.000Z</time>
        <extensions>
          <ns3:TrackPointExtension>
            <ns3:atemp>13.0</ns3:atemp>
          </ns3:TrackPointExtension>
        </extensions>
      </trkpt>
      <trkpt lat="48.57510172761976718902587890625" lon="90.09060979820787906646728515625">
        <ele>2114.39990234375</ele>
        <time>2025-08-13T01:12:11.000Z</time>
        <extensions>
          <ns3:TrackPointExtension>
            <ns3:atemp>13.0</ns3:atemp>
          </ns3:TrackPointExtension>
        </extensions>
      </trkpt>
      <trkpt lat="48.575412444770336151123046875" lon="90.09030721150338649749755859375">
        <ele>2114</ele>
        <time>2025-08-13T01:12:21.000Z</time>
        <extensions>
          <ns3:TrackPointExtension>
            <ns3:atemp>13.0</ns3:atemp>
          </ns3:TrackPointExtension>
        </extensions>
      </trkpt>
      <trkpt lat="48.57578300870954990386962890625" lon="90.08990965783596038818359375">
        <ele>2113.800048828125</ele>
        <time>2025-08-13T01:12:33.000Z</time>
        <extensions>
          <ns3:TrackPointExtension>
            <ns3:atemp>13.0</ns3:atemp>
          </ns3:TrackPointExtension>
        </extensions>
      </trkpt>
      <trkpt lat="48.57581754215061664581298828125" lon="90.0898756273090839385986328125">
        <ele>2113.800048828125</ele>
        <time>2025-08-13T01:12:34.000Z</time>
        <extensions>
          <ns3:TrackPointExtension>
            <ns3:atemp>13.0</ns3:atemp>
          </ns3:TrackPointExtension>
        </extensions>
      </trkpt>
      <trkpt lat="48.5761012695729732513427734375" lon="90.08958687074482440948486328125">
        <ele>2113.60009765625</ele>
        <time>2025-08-13T01:12:43.000Z</time>
        <extensions>
          <ns3:TrackPointExtension>
            <ns3:atemp>13.0</ns3:atemp>
          </ns3:TrackPointExtension>
        </extensions>
      </trkpt>
      <trkpt lat="48.57639513909816741943359375" lon="90.08928780443966388702392578125">
        <ele>2113.199951171875</ele>
        <time>2025-08-13T01:12:52.000Z</time>
        <extensions>
          <ns3:TrackPointExtension>
            <ns3:atemp>13.0</ns3:atemp>
          </ns3:TrackPointExtension>
        </extensions>
      </trkpt>
      <trkpt lat="48.57658348046243190765380859375" lon="90.08912854827940464019775390625">
        <ele>2113.39990234375</ele>
        <time>2025-08-13T01:12:58.000Z</time>
        <extensions>
          <ns3:TrackPointExtension>
            <ns3:atemp>13.0</ns3:atemp>
          </ns3:TrackPointExtension>
        </extensions>
      </trkpt>
      <trkpt lat="48.5768905095756053924560546875" lon="90.08884356357157230377197265625">
        <ele>2113</ele>
        <time>2025-08-13T01:13:08.000Z</time>
        <extensions>
          <ns3:TrackPointExtension>
            <ns3:atemp>13.0</ns3:atemp>
          </ns3:TrackPointExtension>
        </extensions>
      </trkpt>
      <trkpt lat="48.5769575648009777069091796875" lon="90.08879243396222591400146484375">
        <ele>2112.800048828125</ele>
        <time>2025-08-13T01:13:10.000Z</time>
        <extensions>
          <ns3:TrackPointExtension>
            <ns3:atemp>13.0</ns3:atemp>
          </ns3:TrackPointExtension>
        </extensions>
      </trkpt>
      <trkpt lat="48.5771805234253406524658203125" lon="90.08861071430146694183349609375">
        <ele>2112.800048828125</ele>
        <time>2025-08-13T01:13:17.000Z</time>
        <extensions>
          <ns3:TrackPointExtension>
            <ns3:atemp>13.0</ns3:atemp>
          </ns3:TrackPointExtension>
        </extensions>
      </trkpt>
      <trkpt lat="48.57756433077156543731689453125" lon="90.08835037238895893096923828125">
        <ele>2112.60009765625</ele>
        <time>2025-08-13T01:13:28.000Z</time>
        <extensions>
          <ns3:TrackPointExtension>
            <ns3:atemp>13.0</ns3:atemp>
          </ns3:TrackPointExtension>
        </extensions>
      </trkpt>
      <trkpt lat="48.57787169516086578369140625" lon="90.0881707482039928436279296875">
        <ele>2112.199951171875</ele>
        <time>2025-08-13T01:13:37.000Z</time>
        <extensions>
          <ns3:TrackPointExtension>
            <ns3:atemp>13.0</ns3:atemp>
          </ns3:TrackPointExtension>
        </extensions>
      </trkpt>
      <trkpt lat="48.57814167626202106475830078125" lon="90.08803973905742168426513671875">
        <ele>2112.199951171875</ele>
        <time>2025-08-13T01:13:45.000Z</time>
        <extensions>
          <ns3:TrackPointExtension>
            <ns3:atemp>13.0</ns3:atemp>
          </ns3:TrackPointExtension>
        </extensions>
      </trkpt>
      <trkpt lat="48.5784260742366313934326171875" lon="90.08791149593889713287353515625">
        <ele>2111.60009765625</ele>
        <time>2025-08-13T01:13:53.000Z</time>
        <extensions>
          <ns3:TrackPointExtension>
            <ns3:atemp>13.0</ns3:atemp>
          </ns3:TrackPointExtension>
        </extensions>
      </trkpt>
      <trkpt lat="48.5785974003374576568603515625" lon="90.087850727140903472900390625">
        <ele>2111.39990234375</ele>
        <time>2025-08-13T01:13:58.000Z</time>
        <extensions>
          <ns3:TrackPointExtension>
            <ns3:atemp>13.0</ns3:atemp>
          </ns3:TrackPointExtension>
        </extensions>
      </trkpt>
      <trkpt lat="48.5789209417998790740966796875" lon="90.087729357182979583740234375">
        <ele>2111.39990234375</ele>
        <time>2025-08-13T01:14:07.000Z</time>
        <extensions>
          <ns3:TrackPointExtension>
            <ns3:atemp>13.0</ns3:atemp>
          </ns3:TrackPointExtension>
        </extensions>
      </trkpt>
      <trkpt lat="48.5792361013591289520263671875" lon="90.08766003884375095367431640625">
        <ele>2111.199951171875</ele>
        <time>2025-08-13T01:14:16.000Z</time>
        <extensions>
          <ns3:TrackPointExtension>
            <ns3:atemp>13.0</ns3:atemp>
          </ns3:TrackPointExtension>
        </extensions>
      </trkpt>
      <trkpt lat="48.579537011682987213134765625" lon="90.08762148208916187286376953125">
        <ele>2111.199951171875</ele>
        <time>2025-08-13T01:14:25.000Z</time>
        <extensions>
          <ns3:TrackPointExtension>
            <ns3:atemp>13.0</ns3:atemp>
          </ns3:TrackPointExtension>
        </extensions>
      </trkpt>
      <trkpt lat="48.57985116541385650634765625" lon="90.0875808298587799072265625">
        <ele>2111.60009765625</ele>
        <time>2025-08-13T01:14:35.000Z</time>
        <extensions>
          <ns3:TrackPointExtension>
            <ns3:atemp>13.0</ns3:atemp>
          </ns3:TrackPointExtension>
        </extensions>
      </trkpt>
      <trkpt lat="48.5801165364682674407958984375" lon="90.08754202164709568023681640625">
        <ele>2112.199951171875</ele>
        <time>2025-08-13T01:14:44.000Z</time>
        <extensions>
          <ns3:TrackPointExtension>
            <ns3:atemp>13.0</ns3:atemp>
          </ns3:TrackPointExtension>
        </extensions>
      </trkpt>
      <trkpt lat="48.58031393028795719146728515625" lon="90.08752760477364063262939453125">
        <ele>2112</ele>
        <time>2025-08-13T01:14:51.000Z</time>
        <extensions>
          <ns3:TrackPointExtension>
            <ns3:atemp>13.0</ns3:atemp>
          </ns3:TrackPointExtension>
        </extensions>
      </trkpt>
      <trkpt lat="48.58062137849628925323486328125" lon="90.08751486428081989288330078125">
        <ele>2112.199951171875</ele>
        <time>2025-08-13T01:15:02.000Z</time>
        <extensions>
          <ns3:TrackPointExtension>
            <ns3:atemp>13.0</ns3:atemp>
          </ns3:TrackPointExtension>
        </extensions>
      </trkpt>
      <trkpt lat="48.5808916948735713958740234375" lon="90.0875203125178813934326171875">
        <ele>2112.60009765625</ele>
        <time>2025-08-13T01:15:12.000Z</time>
        <extensions>
          <ns3:TrackPointExtension>
            <ns3:atemp>13.0</ns3:atemp>
          </ns3:TrackPointExtension>
        </extensions>
      </trkpt>
      <trkpt lat="48.58093989081680774688720703125" lon="90.08751704357564449310302734375">
        <ele>2112.60009765625</ele>
        <time>2025-08-13T01:15:14.000Z</time>
        <extensions>
          <ns3:TrackPointExtension>
            <ns3:atemp>13.0</ns3:atemp>
          </ns3:TrackPointExtension>
        </extensions>
      </trkpt>
      <trkpt lat="48.5810936987400054931640625" lon="90.08752022869884967803955078125">
        <ele>2112.800048828125</ele>
        <time>2025-08-13T01:15:20.000Z</time>
        <extensions>
          <ns3:TrackPointExtension>
            <ns3:atemp>13.0</ns3:atemp>
          </ns3:TrackPointExtension>
        </extensions>
      </trkpt>
      <trkpt lat="48.58124054968357086181640625" lon="90.0875186361372470855712890625">
        <ele>2112.800048828125</ele>
        <time>2025-08-13T01:15:26.000Z</time>
        <extensions>
          <ns3:TrackPointExtension>
            <ns3:atemp>13.0</ns3:atemp>
          </ns3:TrackPointExtension>
        </extensions>
      </trkpt>
      <trkpt lat="48.5814546234905719757080078125" lon="90.0875236652791500091552734375">
        <ele>2113.199951171875</ele>
        <time>2025-08-13T01:15:34.000Z</time>
        <extensions>
          <ns3:TrackPointExtension>
            <ns3:atemp>13.0</ns3:atemp>
          </ns3:TrackPointExtension>
        </extensions>
      </trkpt>
      <trkpt lat="48.581725023686885833740234375" lon="90.08752877824008464813232421875">
        <ele>2113.39990234375</ele>
        <time>2025-08-13T01:15:44.000Z</time>
        <extensions>
          <ns3:TrackPointExtension>
            <ns3:atemp>13.0</ns3:atemp>
          </ns3:TrackPointExtension>
        </extensions>
      </trkpt>
      <trkpt lat="48.58175209723412990570068359375" lon="90.08752760477364063262939453125">
        <ele>2113.39990234375</ele>
        <time>2025-08-13T01:15:45.000Z</time>
        <extensions>
          <ns3:TrackPointExtension>
            <ns3:atemp>13.0</ns3:atemp>
          </ns3:TrackPointExtension>
        </extensions>
      </trkpt>
      <trkpt lat="48.58199332840740680694580078125" lon="90.087528526782989501953125">
        <ele>2113.60009765625</ele>
        <time>2025-08-13T01:15:54.000Z</time>
        <extensions>
          <ns3:TrackPointExtension>
            <ns3:atemp>13.0</ns3:atemp>
          </ns3:TrackPointExtension>
        </extensions>
      </trkpt>
      <trkpt lat="48.58201964758336544036865234375" lon="90.087526179850101470947265625">
        <ele>2113.60009765625</ele>
        <time>2025-08-13T01:15:55.000Z</time>
        <extensions>
          <ns3:TrackPointExtension>
            <ns3:atemp>13.0</ns3:atemp>
          </ns3:TrackPointExtension>
        </extensions>
      </trkpt>
      <trkpt lat="48.582277558743953704833984375" lon="90.08753456175327301025390625">
        <ele>2114</ele>
        <time>2025-08-13T01:16:04.000Z</time>
        <extensions>
          <ns3:TrackPointExtension>
            <ns3:atemp>13.0</ns3:atemp>
          </ns3:TrackPointExtension>
        </extensions>
      </trkpt>
      <trkpt lat="48.582595400512218475341796875" lon="90.0875447876751422882080078125">
        <ele>2114</ele>
        <time>2025-08-13T01:16:15.000Z</time>
        <extensions>
          <ns3:TrackPointExtension>
            <ns3:atemp>13.0</ns3:atemp>
          </ns3:TrackPointExtension>
        </extensions>
      </trkpt>
      <trkpt lat="48.58292497694492340087890625" lon="90.087525844573974609375">
        <ele>2114.199951171875</ele>
        <time>2025-08-13T01:16:26.000Z</time>
        <extensions>
          <ns3:TrackPointExtension>
            <ns3:atemp>13.0</ns3:atemp>
          </ns3:TrackPointExtension>
        </extensions>
      </trkpt>
      <trkpt lat="48.58316159807145595550537109375" lon="90.0875250063836574554443359375">
        <ele>2114.60009765625</ele>
        <time>2025-08-13T01:16:34.000Z</time>
        <extensions>
          <ns3:TrackPointExtension>
            <ns3:atemp>13.0</ns3:atemp>
          </ns3:TrackPointExtension>
        </extensions>
      </trkpt>
      <trkpt lat="48.58324893750250339508056640625" lon="90.0875256769359111785888671875">
        <ele>2114.800048828125</ele>
        <time>2025-08-13T01:16:37.000Z</time>
        <extensions>
          <ns3:TrackPointExtension>
            <ns3:atemp>13.0</ns3:atemp>
          </ns3:TrackPointExtension>
        </extensions>
      </trkpt>
      <trkpt lat="48.5834277234971523284912109375" lon="90.08754235692322254180908203125">
        <ele>2115</ele>
        <time>2025-08-13T01:16:43.000Z</time>
        <extensions>
          <ns3:TrackPointExtension>
            <ns3:atemp>13.0</ns3:atemp>
          </ns3:TrackPointExtension>
        </extensions>
      </trkpt>
      <trkpt lat="48.5836972855031490325927734375" lon="90.08756146766245365142822265625">
        <ele>2115</ele>
        <time>2025-08-13T01:16:52.000Z</time>
        <extensions>
          <ns3:TrackPointExtension>
            <ns3:atemp>13.0</ns3:atemp>
          </ns3:TrackPointExtension>
        </extensions>
      </trkpt>
      <trkpt lat="48.5839752294123172760009765625" lon="90.087565071880817413330078125">
        <ele>2115</ele>
        <time>2025-08-13T01:17:01.000Z</time>
        <extensions>
          <ns3:TrackPointExtension>
            <ns3:atemp>13.0</ns3:atemp>
          </ns3:TrackPointExtension>
        </extensions>
      </trkpt>
      <trkpt lat="48.58436507172882556915283203125" lon="90.08757303468883037567138671875">
        <ele>2115.39990234375</ele>
        <time>2025-08-13T01:17:14.000Z</time>
        <extensions>
          <ns3:TrackPointExtension>
            <ns3:atemp>13.0</ns3:atemp>
          </ns3:TrackPointExtension>
        </extensions>
      </trkpt>
      <trkpt lat="48.58441829681396484375" lon="90.0875638984143733978271484375">
        <ele>2115.39990234375</ele>
        <time>2025-08-13T01:17:16.000Z</time>
        <extensions>
          <ns3:TrackPointExtension>
            <ns3:atemp>13.0</ns3:atemp>
          </ns3:TrackPointExtension>
        </extensions>
      </trkpt>
      <trkpt lat="48.58446196652948856353759765625" lon="90.08754269219934940338134765625">
        <ele>2115.39990234375</ele>
        <time>2025-08-13T01:17:18.000Z</time>
        <extensions>
          <ns3:TrackPointExtension>
            <ns3:atemp>13.0</ns3:atemp>
          </ns3:TrackPointExtension>
        </extensions>
      </trkpt>
      <trkpt lat="48.584643937647342681884765625" lon="90.08766473270952701568603515625">
        <ele>2115.60009765625</ele>
        <time>2025-08-13T01:17:25.000Z</time>
        <extensions>
          <ns3:TrackPointExtension>
            <ns3:atemp>13.0</ns3:atemp>
          </ns3:TrackPointExtension>
        </extensions>
      </trkpt>
      <trkpt lat="48.584723733365535736083984375" lon="90.08785835467278957366943359375">
        <ele>2115.39990234375</ele>
        <time>2025-08-13T01:17:31.000Z</time>
        <extensions>
          <ns3:TrackPointExtension>
            <ns3:atemp>13.0</ns3:atemp>
          </ns3:TrackPointExtension>
        </extensions>
      </trkpt>
      <trkpt lat="48.5847872681915760040283203125" lon="90.08800755254924297332763671875">
        <ele>2115.60009765625</ele>
        <time>2025-08-13T01:17:37.000Z</time>
        <extensions>
          <ns3:TrackPointExtension>
            <ns3:atemp>13.0</ns3:atemp>
          </ns3:TrackPointExtension>
        </extensions>
      </trkpt>
      <trkpt lat="48.5847899504005908966064453125" lon="90.08801677264273166656494140625">
        <ele>2115.60009765625</ele>
        <time>2025-08-13T01:17:40.000Z</time>
        <extensions>
          <ns3:TrackPointExtension>
            <ns3:atemp>13.0</ns3:atemp>
          </ns3:TrackPointExtension>
        </extensions>
      </trkpt>
      <trkpt lat="48.58464159071445465087890625" lon="90.08813596330583095550537109375">
        <ele>2116</ele>
        <time>2025-08-13T01:22:01.000Z</time>
        <extensions>
          <ns3:TrackPointExtension>
            <ns3:atemp>13.0</ns3:atemp>
          </ns3:TrackPointExtension>
        </extensions>
      </trkpt>
      <trkpt lat="48.5847441852092742919921875" lon="90.08806320838630199432373046875">
        <ele>2116</ele>
        <time>2025-08-13T01:22:03.000Z</time>
        <extensions>
          <ns3:TrackPointExtension>
            <ns3:atemp>13.0</ns3:atemp>
          </ns3:TrackPointExtension>
        </extensions>
      </trkpt>
      <trkpt lat="48.58482993207871913909912109375" lon="90.088015012443065643310546875">
        <ele>2116</ele>
        <time>2025-08-13T01:22:05.000Z</time>
        <extensions>
          <ns3:TrackPointExtension>
            <ns3:atemp>13.0</ns3:atemp>
          </ns3:TrackPointExtension>
        </extensions>
      </trkpt>
      <trkpt lat="48.58487921766936779022216796875" lon="90.0879950635135173797607421875">
        <ele>2116</ele>
        <time>2025-08-13T01:22:09.000Z</time>
        <extensions>
          <ns3:TrackPointExtension>
            <ns3:atemp>13.0</ns3:atemp>
          </ns3:TrackPointExtension>
        </extensions>
      </trkpt>
      <trkpt lat="48.58506144024431705474853515625" lon="90.0879779644310474395751953125">
        <ele>2115.60009765625</ele>
        <time>2025-08-13T01:22:16.000Z</time>
        <extensions>
          <ns3:TrackPointExtension>
            <ns3:atemp>13.0</ns3:atemp>
          </ns3:TrackPointExtension>
        </extensions>
      </trkpt>
      <trkpt lat="48.58531122095882892608642578125" lon="90.0880537368357181549072265625">
        <ele>2115.60009765625</ele>
        <time>2025-08-13T01:22:25.000Z</time>
        <extensions>
          <ns3:TrackPointExtension>
            <ns3:atemp>13.0</ns3:atemp>
          </ns3:TrackPointExtension>
        </extensions>
      </trkpt>
      <trkpt lat="48.58563258312642574310302734375" lon="90.0881083868443965911865234375">
        <ele>2115</ele>
        <time>2025-08-13T01:22:37.000Z</time>
        <extensions>
          <ns3:TrackPointExtension>
            <ns3:atemp>13.0</ns3:atemp>
          </ns3:TrackPointExtension>
        </extensions>
      </trkpt>
      <trkpt lat="48.58565756119787693023681640625" lon="90.08805449120700359344482421875">
        <ele>2115</ele>
        <time>2025-08-13T01:22:39.000Z</time>
        <extensions>
          <ns3:TrackPointExtension>
            <ns3:atemp>13.0</ns3:atemp>
          </ns3:TrackPointExtension>
        </extensions>
      </trkpt>
      <trkpt lat="48.58565454371273517608642578125" lon="90.0880151800811290740966796875">
        <ele>2115</ele>
        <time>2025-08-13T01:22:40.000Z</time>
        <extensions>
          <ns3:TrackPointExtension>
            <ns3:atemp>13.0</ns3:atemp>
          </ns3:TrackPointExtension>
        </extensions>
      </trkpt>
      <trkpt lat="48.5856425575911998748779296875" lon="90.087978132069110870361328125">
        <ele>2115</ele>
        <time>2025-08-13T01:22:41.000Z</time>
        <extensions>
          <ns3:TrackPointExtension>
            <ns3:atemp>13.0</ns3:atemp>
          </ns3:TrackPointExtension>
        </extensions>
      </trkpt>
      <trkpt lat="48.58554239384829998016357421875" lon="90.0879075564444065093994140625">
        <ele>2114.800048828125</ele>
        <time>2025-08-13T01:22:45.000Z</time>
        <extensions>
          <ns3:TrackPointExtension>
            <ns3:atemp>13.0</ns3:atemp>
          </ns3:TrackPointExtension>
        </extensions>
      </trkpt>
      <trkpt lat="48.58533619903028011322021484375" lon="90.08786355145275592803955078125">
        <ele>2114.800048828125</ele>
        <time>2025-08-13T01:22:53.000Z</time>
        <extensions>
          <ns3:TrackPointExtension>
            <ns3:atemp>13.0</ns3:atemp>
          </ns3:TrackPointExtension>
        </extensions>
      </trkpt>
      <trkpt lat="48.58518566004931926727294921875" lon="90.08781208656728267669677734375">
        <ele>2114.800048828125</ele>
        <time>2025-08-13T01:22:59.000Z</time>
        <extensions>
          <ns3:TrackPointExtension>
            <ns3:atemp>13.0</ns3:atemp>
          </ns3:TrackPointExtension>
        </extensions>
      </trkpt>
      <trkpt lat="48.5851331055164337158203125" lon="90.08775609545409679412841796875">
        <ele>2114.60009765625</ele>
        <time>2025-08-13T01:23:02.000Z</time>
        <extensions>
          <ns3:TrackPointExtension>
            <ns3:atemp>13.0</ns3:atemp>
          </ns3:TrackPointExtension>
        </extensions>
      </trkpt>
      <trkpt lat="48.58512841165065765380859375" lon="90.08774134330451488494873046875">
        <ele>2114.60009765625</ele>
        <time>2025-08-13T01:23:03.000Z</time>
        <extensions>
          <ns3:TrackPointExtension>
            <ns3:atemp>13.0</ns3:atemp>
          </ns3:TrackPointExtension>
        </extensions>
      </trkpt>
      <trkpt lat="48.58512983657419681549072265625" lon="90.0877338834106922149658203125">
        <ele>2114.60009765625</ele>
        <time>2025-08-13T01:23:05.000Z</time>
        <extensions>
          <ns3:TrackPointExtension>
            <ns3:atemp>13.0</ns3:atemp>
          </ns3:TrackPointExtension>
        </extensions>
      </trkpt>
      <trkpt lat="48.58621872961521148681640625" lon="90.08799380622804164886474609375">
        <ele>2115</ele>
        <time>2025-08-13T01:38:25.000Z</time>
        <extensions>
          <ns3:TrackPointExtension>
            <ns3:atemp>14.0</ns3:atemp>
          </ns3:TrackPointExtension>
        </extensions>
      </trkpt>
      <trkpt lat="48.58658493496477603912353515625" lon="90.0879608653485774993896484375">
        <ele>2115</ele>
        <time>2025-08-13T01:38:35.000Z</time>
        <extensions>
          <ns3:TrackPointExtension>
            <ns3:atemp>14.0</ns3:atemp>
          </ns3:TrackPointExtension>
        </extensions>
      </trkpt>
      <trkpt lat="48.5868850909173488616943359375" lon="90.08787453174591064453125">
        <ele>2114.800048828125</ele>
        <time>2025-08-13T01:38:44.000Z</time>
        <extensions>
          <ns3:TrackPointExtension>
            <ns3:atemp>14.0</ns3:atemp>
          </ns3:TrackPointExtension>
        </extensions>
      </trkpt>
      <trkpt lat="48.5871811397373676300048828125" lon="90.08790160529315471649169921875">
        <ele>2114.60009765625</ele>
        <time>2025-08-13T01:38:52.000Z</time>
        <extensions>
          <ns3:TrackPointExtension>
            <ns3:atemp>14.0</ns3:atemp>
          </ns3:TrackPointExtension>
        </extensions>
      </trkpt>
      <trkpt lat="48.5875928588211536407470703125" lon="90.0879571773111820220947265625">
        <ele>2114.800048828125</ele>
        <time>2025-08-13T01:39:02.000Z</time>
        <extensions>
          <ns3:TrackPointExtension>
            <ns3:atemp>14.0</ns3:atemp>
          </ns3:TrackPointExtension>
        </extensions>
      </trkpt>
      <trkpt lat="48.58809904195368289947509765625" lon="90.0880145095288753509521484375">
        <ele>2115</ele>
        <time>2025-08-13T01:39:14.000Z</time>
        <extensions>
          <ns3:TrackPointExtension>
            <ns3:atemp>14.0</ns3:atemp>
          </ns3:TrackPointExtension>
        </extensions>
      </trkpt>
      <trkpt lat="48.58852517791092395782470703125" lon="90.088048540055751800537109375">
        <ele>2114.800048828125</ele>
        <time>2025-08-13T01:39:24.000Z</time>
        <extensions>
          <ns3:TrackPointExtension>
            <ns3:atemp>14.0</ns3:atemp>
          </ns3:TrackPointExtension>
        </extensions>
      </trkpt>
      <trkpt lat="48.5889265872538089752197265625" lon="90.0880336202681064605712890625">
        <ele>2114.60009765625</ele>
        <time>2025-08-13T01:39:34.000Z</time>
        <extensions>
          <ns3:TrackPointExtension>
            <ns3:atemp>14.0</ns3:atemp>
          </ns3:TrackPointExtension>
        </extensions>
      </trkpt>
      <trkpt lat="48.58944416977465152740478515625" lon="90.08794267661869525909423828125">
        <ele>2114.39990234375</ele>
        <time>2025-08-13T01:39:47.000Z</time>
        <extensions>
          <ns3:TrackPointExtension>
            <ns3:atemp>14.0</ns3:atemp>
          </ns3:TrackPointExtension>
        </extensions>
      </trkpt>
      <trkpt lat="48.58980626799166202545166015625" lon="90.08783622644841670989990234375">
        <ele>2114.199951171875</ele>
        <time>2025-08-13T01:39:56.000Z</time>
        <extensions>
          <ns3:TrackPointExtension>
            <ns3:atemp>14.0</ns3:atemp>
          </ns3:TrackPointExtension>
        </extensions>
      </trkpt>
      <trkpt lat="48.58992847613990306854248046875" lon="90.08779180236160755157470703125">
        <ele>2114</ele>
        <time>2025-08-13T01:39:59.000Z</time>
        <extensions>
          <ns3:TrackPointExtension>
            <ns3:atemp>14.0</ns3:atemp>
          </ns3:TrackPointExtension>
        </extensions>
      </trkpt>
      <trkpt lat="48.59013400040566921234130859375" lon="90.08770865388214588165283203125">
        <ele>2113.800048828125</ele>
        <time>2025-08-13T01:40:04.000Z</time>
        <extensions>
          <ns3:TrackPointExtension>
            <ns3:atemp>14.0</ns3:atemp>
          </ns3:TrackPointExtension>
        </extensions>
      </trkpt>
      <trkpt lat="48.590550161898136138916015625" lon="90.0874949991703033447265625">
        <ele>2114</ele>
        <time>2025-08-13T01:40:15.000Z</time>
        <extensions>
          <ns3:TrackPointExtension>
            <ns3:atemp>14.0</ns3:atemp>
          </ns3:TrackPointExtension>
        </extensions>
      </trkpt>
      <trkpt lat="48.5909003578126430511474609375" lon="90.087260305881500244140625">
        <ele>2114.199951171875</ele>
        <time>2025-08-13T01:40:25.000Z</time>
        <extensions>
          <ns3:TrackPointExtension>
            <ns3:atemp>14.0</ns3:atemp>
          </ns3:TrackPointExtension>
        </extensions>
      </trkpt>
      <trkpt lat="48.591216020286083221435546875" lon="90.08700675331056118011474609375">
        <ele>2113.800048828125</ele>
        <time>2025-08-13T01:40:35.000Z</time>
        <extensions>
          <ns3:TrackPointExtension>
            <ns3:atemp>14.0</ns3:atemp>
          </ns3:TrackPointExtension>
        </extensions>
      </trkpt>
      <trkpt lat="48.59158373437821865081787109375" lon="90.08668673224747180938720703125">
        <ele>2114.199951171875</ele>
        <time>2025-08-13T01:40:46.000Z</time>
        <extensions>
          <ns3:TrackPointExtension>
            <ns3:atemp>14.0</ns3:atemp>
          </ns3:TrackPointExtension>
        </extensions>
      </trkpt>
      <trkpt lat="48.591888248920440673828125" lon="90.08635707199573516845703125">
        <ele>2114.39990234375</ele>
        <time>2025-08-13T01:40:56.000Z</time>
        <extensions>
          <ns3:TrackPointExtension>
            <ns3:atemp>14.0</ns3:atemp>
          </ns3:TrackPointExtension>
        </extensions>
      </trkpt>
      <trkpt lat="48.592177927494049072265625" lon="90.086038224399089813232421875">
        <ele>2114.39990234375</ele>
        <time>2025-08-13T01:41:05.000Z</time>
        <extensions>
          <ns3:TrackPointExtension>
            <ns3:atemp>14.0</ns3:atemp>
          </ns3:TrackPointExtension>
        </extensions>
      </trkpt>
      <trkpt lat="48.59248629771173000335693359375" lon="90.08570169098675251007080078125">
        <ele>2114.800048828125</ele>
        <time>2025-08-13T01:41:15.000Z</time>
        <extensions>
          <ns3:TrackPointExtension>
            <ns3:atemp>14.0</ns3:atemp>
          </ns3:TrackPointExtension>
        </extensions>
      </trkpt>
      <trkpt lat="48.59263516031205654144287109375" lon="90.08553472347557544708251953125">
        <ele>2115.199951171875</ele>
        <time>2025-08-13T01:41:20.000Z</time>
        <extensions>
          <ns3:TrackPointExtension>
            <ns3:atemp>14.0</ns3:atemp>
          </ns3:TrackPointExtension>
        </extensions>
      </trkpt>
      <trkpt lat="48.59278083778917789459228515625" lon="90.08537211455404758453369140625">
        <ele>2115.60009765625</ele>
        <time>2025-08-13T01:41:25.000Z</time>
        <extensions>
          <ns3:TrackPointExtension>
            <ns3:atemp>14.0</ns3:atemp>
          </ns3:TrackPointExtension>
        </extensions>
      </trkpt>
      <trkpt lat="48.59297043643891811370849609375" lon="90.0851559452712535858154296875">
        <ele>2116</ele>
        <time>2025-08-13T01:41:32.000Z</time>
        <extensions>
          <ns3:TrackPointExtension>
            <ns3:atemp>14.0</ns3:atemp>
          </ns3:TrackPointExtension>
        </extensions>
      </trkpt>
      <trkpt lat="48.59304872341454029083251953125" lon="90.08506952784955501556396484375">
        <ele>2116.199951171875</ele>
        <time>2025-08-13T01:41:35.000Z</time>
        <extensions>
          <ns3:TrackPointExtension>
            <ns3:atemp>14.0</ns3:atemp>
          </ns3:TrackPointExtension>
        </extensions>
      </trkpt>
      <trkpt lat="48.59325408004224300384521484375" lon="90.084841288626194000244140625">
        <ele>2116.800048828125</ele>
        <time>2025-08-13T01:41:43.000Z</time>
        <extensions>
          <ns3:TrackPointExtension>
            <ns3:atemp>14.0</ns3:atemp>
          </ns3:TrackPointExtension>
        </extensions>
      </trkpt>
      <trkpt lat="48.5933294333517551422119140625" lon="90.08473676629364490509033203125">
        <ele>2117.199951171875</ele>
        <time>2025-08-13T01:41:47.000Z</time>
        <extensions>
          <ns3:TrackPointExtension>
            <ns3:atemp>14.0</ns3:atemp>
          </ns3:TrackPointExtension>
        </extensions>
      </trkpt>
      <trkpt lat="48.5933713428676128387451171875" lon="90.08469217456877231597900390625">
        <ele>2117.39990234375</ele>
        <time>2025-08-13T01:41:49.000Z</time>
        <extensions>
          <ns3:TrackPointExtension>
            <ns3:atemp>14.0</ns3:atemp>
          </ns3:TrackPointExtension>
        </extensions>
      </trkpt>
      <trkpt lat="48.59353537671267986297607421875" lon="90.0845048390328884124755859375">
        <ele>2118.39990234375</ele>
        <time>2025-08-13T01:41:57.000Z</time>
        <extensions>
          <ns3:TrackPointExtension>
            <ns3:atemp>14.0</ns3:atemp>
          </ns3:TrackPointExtension>
        </extensions>
      </trkpt>
      <trkpt lat="48.5935547389090061187744140625" lon="90.08448245935142040252685546875">
        <ele>2118.39990234375</ele>
        <time>2025-08-13T01:41:58.000Z</time>
        <extensions>
          <ns3:TrackPointExtension>
            <ns3:atemp>14.0</ns3:atemp>
          </ns3:TrackPointExtension>
        </extensions>
      </trkpt>
      <trkpt lat="48.59371156431734561920166015625" lon="90.084322281181812286376953125">
        <ele>2119.199951171875</ele>
        <time>2025-08-13T01:42:06.000Z</time>
        <extensions>
          <ns3:TrackPointExtension>
            <ns3:atemp>14.0</ns3:atemp>
          </ns3:TrackPointExtension>
        </extensions>
      </trkpt>
      <trkpt lat="48.59372983686625957489013671875" lon="90.0842978060245513916015625">
        <ele>2119.39990234375</ele>
        <time>2025-08-13T01:42:07.000Z</time>
        <extensions>
          <ns3:TrackPointExtension>
            <ns3:atemp>14.0</ns3:atemp>
          </ns3:TrackPointExtension>
        </extensions>
      </trkpt>
      <trkpt lat="48.59389294870197772979736328125" lon="90.084130503237247467041015625">
        <ele>2120</ele>
        <time>2025-08-13T01:42:15.000Z</time>
        <extensions>
          <ns3:TrackPointExtension>
            <ns3:atemp>14.0</ns3:atemp>
          </ns3:TrackPointExtension>
        </extensions>
      </trkpt>
      <trkpt lat="48.59398280270397663116455078125" lon="90.08401952683925628662109375">
        <ele>2120.39990234375</ele>
        <time>2025-08-13T01:42:20.000Z</time>
        <extensions>
          <ns3:TrackPointExtension>
            <ns3:atemp>14.0</ns3:atemp>
          </ns3:TrackPointExtension>
        </extensions>
      </trkpt>
      <trkpt lat="48.59407919459044933319091796875" lon="90.08390997536480426788330078125">
        <ele>2121</ele>
        <time>2025-08-13T01:42:25.000Z</time>
        <extensions>
          <ns3:TrackPointExtension>
            <ns3:atemp>14.0</ns3:atemp>
          </ns3:TrackPointExtension>
        </extensions>
      </trkpt>
      <trkpt lat="48.59415697865188121795654296875" lon="90.083815343677997589111328125">
        <ele>2121.39990234375</ele>
        <time>2025-08-13T01:42:29.000Z</time>
        <extensions>
          <ns3:TrackPointExtension>
            <ns3:atemp>14.0</ns3:atemp>
          </ns3:TrackPointExtension>
        </extensions>
      </trkpt>
      <trkpt lat="48.59427206218242645263671875" lon="90.08368416689336299896240234375">
        <ele>2122</ele>
        <time>2025-08-13T01:42:36.000Z</time>
        <extensions>
          <ns3:TrackPointExtension>
            <ns3:atemp>14.0</ns3:atemp>
          </ns3:TrackPointExtension>
        </extensions>
      </trkpt>
      <trkpt lat="48.5943366028368473052978515625" lon="90.0836187042295932769775390625">
        <ele>2122.39990234375</ele>
        <time>2025-08-13T01:42:39.000Z</time>
        <extensions>
          <ns3:TrackPointExtension>
            <ns3:atemp>14.0</ns3:atemp>
          </ns3:TrackPointExtension>
        </extensions>
      </trkpt>
      <trkpt lat="48.59442897140979766845703125" lon="90.0835134275257587432861328125">
        <ele>2122.800048828125</ele>
        <time>2025-08-13T01:42:44.000Z</time>
        <extensions>
          <ns3:TrackPointExtension>
            <ns3:atemp>14.0</ns3:atemp>
          </ns3:TrackPointExtension>
        </extensions>
      </trkpt>
      <trkpt lat="48.59456836245954036712646484375" lon="90.08336297236382961273193359375">
        <ele>2123.39990234375</ele>
        <time>2025-08-13T01:42:53.000Z</time>
        <extensions>
          <ns3:TrackPointExtension>
            <ns3:atemp>14.0</ns3:atemp>
          </ns3:TrackPointExtension>
        </extensions>
      </trkpt>
      <trkpt lat="48.59458445571362972259521484375" lon="90.08334419690072536468505859375">
        <ele>2123.60009765625</ele>
        <time>2025-08-13T01:42:54.000Z</time>
        <extensions>
          <ns3:TrackPointExtension>
            <ns3:atemp>14.0</ns3:atemp>
          </ns3:TrackPointExtension>
        </extensions>
      </trkpt>
      <trkpt lat="48.5947137884795665740966796875" lon="90.08319742977619171142578125">
        <ele>2124.199951171875</ele>
        <time>2025-08-13T01:43:02.000Z</time>
        <extensions>
          <ns3:TrackPointExtension>
            <ns3:atemp>14.0</ns3:atemp>
          </ns3:TrackPointExtension>
        </extensions>
      </trkpt>
      <trkpt lat="48.59476332552731037139892578125" lon="90.08313565514981746673583984375">
        <ele>2124.60009765625</ele>
        <time>2025-08-13T01:43:05.000Z</time>
        <extensions>
          <ns3:TrackPointExtension>
            <ns3:atemp>14.0</ns3:atemp>
          </ns3:TrackPointExtension>
        </extensions>
      </trkpt>
      <trkpt lat="48.59485250897705554962158203125" lon="90.0830142013728618621826171875">
        <ele>2125.199951171875</ele>
        <time>2025-08-13T01:43:11.000Z</time>
        <extensions>
          <ns3:TrackPointExtension>
            <ns3:atemp>14.0</ns3:atemp>
          </ns3:TrackPointExtension>
        </extensions>
      </trkpt>
      <trkpt lat="48.59500690363347530364990234375" lon="90.08283935487270355224609375">
        <ele>2125.60009765625</ele>
        <time>2025-08-13T01:43:20.000Z</time>
        <extensions>
          <ns3:TrackPointExtension>
            <ns3:atemp>14.0</ns3:atemp>
          </ns3:TrackPointExtension>
        </extensions>
      </trkpt>
      <trkpt lat="48.595053255558013916015625" lon="90.0827808491885662078857421875">
        <ele>2126</ele>
        <time>2025-08-13T01:43:23.000Z</time>
        <extensions>
          <ns3:TrackPointExtension>
            <ns3:atemp>14.0</ns3:atemp>
          </ns3:TrackPointExtension>
        </extensions>
      </trkpt>
      <trkpt lat="48.5951543413102626800537109375" lon="90.0826584734022617340087890625">
        <ele>2126.60009765625</ele>
        <time>2025-08-13T01:43:30.000Z</time>
        <extensions>
          <ns3:TrackPointExtension>
            <ns3:atemp>14.0</ns3:atemp>
          </ns3:TrackPointExtension>
        </extensions>
      </trkpt>
      <trkpt lat="48.59521728940308094024658203125" lon="90.08258395828306674957275390625">
        <ele>2127</ele>
        <time>2025-08-13T01:43:34.000Z</time>
        <extensions>
          <ns3:TrackPointExtension>
            <ns3:atemp>14.0</ns3:atemp>
          </ns3:TrackPointExtension>
        </extensions>
      </trkpt>
      <trkpt lat="48.59539322555065155029296875" lon="90.0823949463665485382080078125">
        <ele>2127.60009765625</ele>
        <time>2025-08-13T01:43:44.000Z</time>
        <extensions>
          <ns3:TrackPointExtension>
            <ns3:atemp>14.0</ns3:atemp>
          </ns3:TrackPointExtension>
        </extensions>
      </trkpt>
      <trkpt lat="48.59540462493896484375" lon="90.08237910456955432891845703125">
        <ele>2127.800048828125</ele>
        <time>2025-08-13T01:43:45.000Z</time>
        <extensions>
          <ns3:TrackPointExtension>
            <ns3:atemp>14.0</ns3:atemp>
          </ns3:TrackPointExtension>
        </extensions>
      </trkpt>
      <trkpt lat="48.59552741982042789459228515625" lon="90.08222135715186595916748046875">
        <ele>2128.199951171875</ele>
        <time>2025-08-13T01:43:53.000Z</time>
        <extensions>
          <ns3:TrackPointExtension>
            <ns3:atemp>14.0</ns3:atemp>
          </ns3:TrackPointExtension>
        </extensions>
      </trkpt>
      <trkpt lat="48.5956388153135776519775390625" lon="90.08210032247006893157958984375">
        <ele>2128.800048828125</ele>
        <time>2025-08-13T01:44:00.000Z</time>
        <extensions>
          <ns3:TrackPointExtension>
            <ns3:atemp>14.0</ns3:atemp>
          </ns3:TrackPointExtension>
        </extensions>
      </trkpt>
      <trkpt lat="48.59568114392459392547607421875" lon="90.0820506177842617034912109375">
        <ele>2129</ele>
        <time>2025-08-13T01:44:03.000Z</time>
        <extensions>
          <ns3:TrackPointExtension>
            <ns3:atemp>14.0</ns3:atemp>
          </ns3:TrackPointExtension>
        </extensions>
      </trkpt>
      <trkpt lat="48.5958020947873592376708984375" lon="90.081926397979259490966796875">
        <ele>2129.60009765625</ele>
        <time>2025-08-13T01:44:11.000Z</time>
        <extensions>
          <ns3:TrackPointExtension>
            <ns3:atemp>14.0</ns3:atemp>
          </ns3:TrackPointExtension>
        </extensions>
      </trkpt>
      <trkpt lat="48.59589706175029277801513671875" lon="90.08181215263903141021728515625">
        <ele>2130</ele>
        <time>2025-08-13T01:44:17.000Z</time>
        <extensions>
          <ns3:TrackPointExtension>
            <ns3:atemp>14.0</ns3:atemp>
          </ns3:TrackPointExtension>
        </extensions>
      </trkpt>
      <trkpt lat="48.59594450332224369049072265625" lon="90.0817585922777652740478515625">
        <ele>2130.199951171875</ele>
        <time>2025-08-13T01:44:20.000Z</time>
        <extensions>
          <ns3:TrackPointExtension>
            <ns3:atemp>14.0</ns3:atemp>
          </ns3:TrackPointExtension>
        </extensions>
      </trkpt>
      <trkpt lat="48.59609856270253658294677734375" lon="90.08157880045473575592041015625">
        <ele>2131</ele>
        <time>2025-08-13T01:44:30.000Z</time>
        <extensions>
          <ns3:TrackPointExtension>
            <ns3:atemp>14.0</ns3:atemp>
          </ns3:TrackPointExtension>
        </extensions>
      </trkpt>
      <trkpt lat="48.5961165837943553924560546875" lon="90.08155751042068004608154296875">
        <ele>2131</ele>
        <time>2025-08-13T01:44:31.000Z</time>
        <extensions>
          <ns3:TrackPointExtension>
            <ns3:atemp>14.0</ns3:atemp>
          </ns3:TrackPointExtension>
        </extensions>
      </trkpt>
      <trkpt lat="48.5962228663265705108642578125" lon="90.08142440579831600189208984375">
        <ele>2131.60009765625</ele>
        <time>2025-08-13T01:44:38.000Z</time>
        <extensions>
          <ns3:TrackPointExtension>
            <ns3:atemp>14.0</ns3:atemp>
          </ns3:TrackPointExtension>
        </extensions>
      </trkpt>
      <trkpt lat="48.5963165760040283203125" lon="90.08133002556860446929931640625">
        <ele>2132</ele>
        <time>2025-08-13T01:44:44.000Z</time>
        <extensions>
          <ns3:TrackPointExtension>
            <ns3:atemp>14.0</ns3:atemp>
          </ns3:TrackPointExtension>
        </extensions>
      </trkpt>
      <trkpt lat="48.5964252054691314697265625" lon="90.08123430423438549041748046875">
        <ele>2132.60009765625</ele>
        <time>2025-08-13T01:44:50.000Z</time>
        <extensions>
          <ns3:TrackPointExtension>
            <ns3:atemp>14.0</ns3:atemp>
          </ns3:TrackPointExtension>
        </extensions>
      </trkpt>
      <trkpt lat="48.59647910110652446746826171875" lon="90.08118032477796077728271484375">
        <ele>2133.199951171875</ele>
        <time>2025-08-13T01:44:53.000Z</time>
        <extensions>
          <ns3:TrackPointExtension>
            <ns3:atemp>14.0</ns3:atemp>
          </ns3:TrackPointExtension>
        </extensions>
      </trkpt>
      <trkpt lat="48.59658437781035900115966796875" lon="90.08106633089482784271240234375">
        <ele>2133.60009765625</ele>
        <time>2025-08-13T01:44:59.000Z</time>
        <extensions>
          <ns3:TrackPointExtension>
            <ns3:atemp>14.0</ns3:atemp>
          </ns3:TrackPointExtension>
        </extensions>
      </trkpt>
      <trkpt lat="48.596673645079135894775390625" lon="90.08093825541436672210693359375">
        <ele>2134</ele>
        <time>2025-08-13T01:45:06.000Z</time>
        <extensions>
          <ns3:TrackPointExtension>
            <ns3:atemp>14.0</ns3:atemp>
          </ns3:TrackPointExtension>
        </extensions>
      </trkpt>
      <trkpt lat="48.5967526026070117950439453125" lon="90.08086533285677433013916015625">
        <ele>2134.39990234375</ele>
        <time>2025-08-13T01:45:11.000Z</time>
        <extensions>
          <ns3:TrackPointExtension>
            <ns3:atemp>14.0</ns3:atemp>
          </ns3:TrackPointExtension>
        </extensions>
      </trkpt>
      <trkpt lat="48.59682820737361907958984375" lon="90.08077480830252170562744140625">
        <ele>2134.800048828125</ele>
        <time>2025-08-13T01:45:16.000Z</time>
        <extensions>
          <ns3:TrackPointExtension>
            <ns3:atemp>14.0</ns3:atemp>
          </ns3:TrackPointExtension>
        </extensions>
      </trkpt>
      <trkpt lat="48.59691730700433254241943359375" lon="90.08066835813224315643310546875">
        <ele>2135.39990234375</ele>
        <time>2025-08-13T01:45:22.000Z</time>
        <extensions>
          <ns3:TrackPointExtension>
            <ns3:atemp>14.0</ns3:atemp>
          </ns3:TrackPointExtension>
        </extensions>
      </trkpt>
      <trkpt lat="48.59703331254422664642333984375" lon="90.08054279722273349761962890625">
        <ele>2136.199951171875</ele>
        <time>2025-08-13T01:45:29.000Z</time>
        <extensions>
          <ns3:TrackPointExtension>
            <ns3:atemp>14.0</ns3:atemp>
          </ns3:TrackPointExtension>
        </extensions>
      </trkpt>
      <trkpt lat="48.59707438386976718902587890625" lon="90.08049803785979747772216796875">
        <ele>2136.39990234375</ele>
        <time>2025-08-13T01:45:31.000Z</time>
        <extensions>
          <ns3:TrackPointExtension>
            <ns3:atemp>14.0</ns3:atemp>
          </ns3:TrackPointExtension>
        </extensions>
      </trkpt>
      <trkpt lat="48.597185611724853515625" lon="90.0803822837769985198974609375">
        <ele>2137.39990234375</ele>
        <time>2025-08-13T01:45:38.000Z</time>
        <extensions>
          <ns3:TrackPointExtension>
            <ns3:atemp>14.0</ns3:atemp>
          </ns3:TrackPointExtension>
        </extensions>
      </trkpt>
      <trkpt lat="48.5971976816654205322265625" lon="90.0803675316274166107177734375">
        <ele>2137.60009765625</ele>
        <time>2025-08-13T01:45:39.000Z</time>
        <extensions>
          <ns3:TrackPointExtension>
            <ns3:atemp>14.0</ns3:atemp>
          </ns3:TrackPointExtension>
        </extensions>
      </trkpt>
      <trkpt lat="48.597323410212993621826171875" lon="90.08024373091757297515869140625">
        <ele>2138.39990234375</ele>
        <time>2025-08-13T01:45:47.000Z</time>
        <extensions>
          <ns3:TrackPointExtension>
            <ns3:atemp>14.0</ns3:atemp>
          </ns3:TrackPointExtension>
        </extensions>
      </trkpt>
      <trkpt lat="48.59735484234988689422607421875" lon="90.08020265959203243255615234375">
        <ele>2138.60009765625</ele>
        <time>2025-08-13T01:45:49.000Z</time>
        <extensions>
          <ns3:TrackPointExtension>
            <ns3:atemp>14.0</ns3:atemp>
          </ns3:TrackPointExtension>
        </extensions>
      </trkpt>
      <trkpt lat="48.59743379987776279449462890625" lon="90.08009813725948333740234375">
        <ele>2139.199951171875</ele>
        <time>2025-08-13T01:45:55.000Z</time>
        <extensions>
          <ns3:TrackPointExtension>
            <ns3:atemp>14.0</ns3:atemp>
          </ns3:TrackPointExtension>
        </extensions>
      </trkpt>
      <trkpt lat="48.597469590604305267333984375" lon="90.0800460018217563629150390625">
        <ele>2139.800048828125</ele>
        <time>2025-08-13T01:45:58.000Z</time>
        <extensions>
          <ns3:TrackPointExtension>
            <ns3:atemp>14.0</ns3:atemp>
          </ns3:TrackPointExtension>
        </extensions>
      </trkpt>
      <trkpt lat="48.5975415073335170745849609375" lon="90.07996863685548305511474609375">
        <ele>2140.199951171875</ele>
        <time>2025-08-13T01:46:03.000Z</time>
        <extensions>
          <ns3:TrackPointExtension>
            <ns3:atemp>14.0</ns3:atemp>
          </ns3:TrackPointExtension>
        </extensions>
      </trkpt>
      <trkpt lat="48.59764955006539821624755859375" lon="90.07983737625181674957275390625">
        <ele>2140.800048828125</ele>
        <time>2025-08-13T01:46:11.000Z</time>
        <extensions>
          <ns3:TrackPointExtension>
            <ns3:atemp>14.0</ns3:atemp>
          </ns3:TrackPointExtension>
        </extensions>
      </trkpt>
      <trkpt lat="48.597689531743526458740234375" lon="90.07978968322277069091796875">
        <ele>2141.199951171875</ele>
        <time>2025-08-13T01:46:14.000Z</time>
        <extensions>
          <ns3:TrackPointExtension>
            <ns3:atemp>14.0</ns3:atemp>
          </ns3:TrackPointExtension>
        </extensions>
      </trkpt>
      <trkpt lat="48.59774694778025150299072265625" lon="90.07971952669322490692138671875">
        <ele>2141.800048828125</ele>
        <time>2025-08-13T01:46:18.000Z</time>
        <extensions>
          <ns3:TrackPointExtension>
            <ns3:atemp>14.0</ns3:atemp>
          </ns3:TrackPointExtension>
        </extensions>
      </trkpt>
      <trkpt lat="48.59785524196922779083251953125" lon="90.07959648035466670989990234375">
        <ele>2142.60009765625</ele>
        <time>2025-08-13T01:46:25.000Z</time>
        <extensions>
          <ns3:TrackPointExtension>
            <ns3:atemp>14.0</ns3:atemp>
          </ns3:TrackPointExtension>
        </extensions>
      </trkpt>
      <trkpt lat="48.59787066467106342315673828125" lon="90.07957871071994304656982421875">
        <ele>2142.800048828125</ele>
        <time>2025-08-13T01:46:26.000Z</time>
        <extensions>
          <ns3:TrackPointExtension>
            <ns3:atemp>14.0</ns3:atemp>
          </ns3:TrackPointExtension>
        </extensions>
      </trkpt>
      <trkpt lat="48.5979756899178028106689453125" lon="90.0794750265777111053466796875">
        <ele>2143.60009765625</ele>
        <time>2025-08-13T01:46:34.000Z</time>
        <extensions>
          <ns3:TrackPointExtension>
            <ns3:atemp>14.0</ns3:atemp>
          </ns3:TrackPointExtension>
        </extensions>
      </trkpt>
      <trkpt lat="48.598037548363208770751953125" lon="90.07941559888422489166259765625">
        <ele>2143.800048828125</ele>
        <time>2025-08-13T01:46:38.000Z</time>
        <extensions>
          <ns3:TrackPointExtension>
            <ns3:atemp>14.0</ns3:atemp>
          </ns3:TrackPointExtension>
        </extensions>
      </trkpt>
      <trkpt lat="48.59810301102697849273681640625" lon="90.07932373322546482086181640625">
        <ele>2144.60009765625</ele>
        <time>2025-08-13T01:46:43.000Z</time>
        <extensions>
          <ns3:TrackPointExtension>
            <ns3:atemp>14.0</ns3:atemp>
          </ns3:TrackPointExtension>
        </extensions>
      </trkpt>
      <trkpt lat="48.5981463454663753509521484375" lon="90.07927629165351390838623046875">
        <ele>2144.800048828125</ele>
        <time>2025-08-13T01:46:46.000Z</time>
        <extensions>
          <ns3:TrackPointExtension>
            <ns3:atemp>14.0</ns3:atemp>
          </ns3:TrackPointExtension>
        </extensions>
      </trkpt>
      <trkpt lat="48.5982318408787250518798828125" lon="90.0791809894144535064697265625">
        <ele>2145.800048828125</ele>
        <time>2025-08-13T01:46:53.000Z</time>
        <extensions>
          <ns3:TrackPointExtension>
            <ns3:atemp>14.0</ns3:atemp>
          </ns3:TrackPointExtension>
        </extensions>
      </trkpt>
      <trkpt lat="48.59825992025434970855712890625" lon="90.07914721034467220306396484375">
        <ele>2146</ele>
        <time>2025-08-13T01:46:55.000Z</time>
        <extensions>
          <ns3:TrackPointExtension>
            <ns3:atemp>14.0</ns3:atemp>
          </ns3:TrackPointExtension>
        </extensions>
      </trkpt>
      <trkpt lat="48.59836519695818424224853515625" lon="90.07903036661446094512939453125">
        <ele>2146.39990234375</ele>
        <time>2025-08-13T01:47:03.000Z</time>
        <extensions>
          <ns3:TrackPointExtension>
            <ns3:atemp>14.0</ns3:atemp>
          </ns3:TrackPointExtension>
        </extensions>
      </trkpt>
      <trkpt lat="48.5984400473535060882568359375" lon="90.07894210517406463623046875">
        <ele>2147</ele>
        <time>2025-08-13T01:47:09.000Z</time>
        <extensions>
          <ns3:TrackPointExtension>
            <ns3:atemp>14.0</ns3:atemp>
          </ns3:TrackPointExtension>
        </extensions>
      </trkpt>
      <trkpt lat="48.5984561406075954437255859375" lon="90.07890799082815647125244140625">
        <ele>2147.199951171875</ele>
        <time>2025-08-13T01:47:11.000Z</time>
        <extensions>
          <ns3:TrackPointExtension>
            <ns3:atemp>14.0</ns3:atemp>
          </ns3:TrackPointExtension>
        </extensions>
      </trkpt>
      <trkpt lat="48.59855689108371734619140625" lon="90.07881226949393749237060546875">
        <ele>2148</ele>
        <time>2025-08-13T01:47:18.000Z</time>
        <extensions>
          <ns3:TrackPointExtension>
            <ns3:atemp>14.0</ns3:atemp>
          </ns3:TrackPointExtension>
        </extensions>
      </trkpt>
      <trkpt lat="48.5985959507524967193603515625" lon="90.07877580821514129638671875">
        <ele>2148.39990234375</ele>
        <time>2025-08-13T01:47:21.000Z</time>
        <extensions>
          <ns3:TrackPointExtension>
            <ns3:atemp>14.0</ns3:atemp>
          </ns3:TrackPointExtension>
        </extensions>
      </trkpt>
      <trkpt lat="48.598727881908416748046875" lon="90.07861831225454807281494140625">
        <ele>2149</ele>
        <time>2025-08-13T01:47:31.000Z</time>
        <extensions>
          <ns3:TrackPointExtension>
            <ns3:atemp>14.0</ns3:atemp>
          </ns3:TrackPointExtension>
        </extensions>
      </trkpt>
      <trkpt lat="48.5987384431064128875732421875" lon="90.07860674522817134857177734375">
        <ele>2149</ele>
        <time>2025-08-13T01:47:32.000Z</time>
        <extensions>
          <ns3:TrackPointExtension>
            <ns3:atemp>14.0</ns3:atemp>
          </ns3:TrackPointExtension>
        </extensions>
      </trkpt>
      <trkpt lat="48.5988527722656726837158203125" lon="90.07848973385989665985107421875">
        <ele>2150</ele>
        <time>2025-08-13T01:47:40.000Z</time>
        <extensions>
          <ns3:TrackPointExtension>
            <ns3:atemp>14.0</ns3:atemp>
          </ns3:TrackPointExtension>
        </extensions>
      </trkpt>
      <trkpt lat="48.59888437204062938690185546875" lon="90.07846157066524028778076171875">
        <ele>2150.199951171875</ele>
        <time>2025-08-13T01:47:42.000Z</time>
        <extensions>
          <ns3:TrackPointExtension>
            <ns3:atemp>14.0</ns3:atemp>
          </ns3:TrackPointExtension>
        </extensions>
      </trkpt>
      <trkpt lat="48.598991073668003082275390625" lon="90.07832578383386135101318359375">
        <ele>2151</ele>
        <time>2025-08-13T01:47:51.000Z</time>
        <extensions>
          <ns3:TrackPointExtension>
            <ns3:atemp>14.0</ns3:atemp>
          </ns3:TrackPointExtension>
        </extensions>
      </trkpt>
      <trkpt lat="48.59900607727468013763427734375" lon="90.0783092714846134185791015625">
        <ele>2151.199951171875</ele>
        <time>2025-08-13T01:47:52.000Z</time>
        <extensions>
          <ns3:TrackPointExtension>
            <ns3:atemp>14.0</ns3:atemp>
          </ns3:TrackPointExtension>
        </extensions>
      </trkpt>
      <trkpt lat="48.59911990351974964141845703125" lon="90.0781909190118312835693359375">
        <ele>2152</ele>
        <time>2025-08-13T01:48:00.000Z</time>
        <extensions>
          <ns3:TrackPointExtension>
            <ns3:atemp>14.0</ns3:atemp>
          </ns3:TrackPointExtension>
        </extensions>
      </trkpt>
      <trkpt lat="48.59913398511707782745361328125" lon="90.0781741552054882049560546875">
        <ele>2152.199951171875</ele>
        <time>2025-08-13T01:48:01.000Z</time>
        <extensions>
          <ns3:TrackPointExtension>
            <ns3:atemp>14.0</ns3:atemp>
          </ns3:TrackPointExtension>
        </extensions>
      </trkpt>
      <trkpt lat="48.59919902868568897247314453125" lon="90.07808639667928218841552734375">
        <ele>2152.60009765625</ele>
        <time>2025-08-13T01:48:06.000Z</time>
        <extensions>
          <ns3:TrackPointExtension>
            <ns3:atemp>14.0</ns3:atemp>
          </ns3:TrackPointExtension>
        </extensions>
      </trkpt>
      <trkpt lat="48.5992326401174068450927734375" lon="90.0780551321804523468017578125">
        <ele>2152.800048828125</ele>
        <time>2025-08-13T01:48:09.000Z</time>
        <extensions>
          <ns3:TrackPointExtension>
            <ns3:atemp>14.0</ns3:atemp>
          </ns3:TrackPointExtension>
        </extensions>
      </trkpt>
      <trkpt lat="48.59926767647266387939453125" lon="90.07801146246492862701416015625">
        <ele>2153.199951171875</ele>
        <time>2025-08-13T01:48:12.000Z</time>
        <extensions>
          <ns3:TrackPointExtension>
            <ns3:atemp>14.0</ns3:atemp>
          </ns3:TrackPointExtension>
        </extensions>
      </trkpt>
      <trkpt lat="48.59933330677449703216552734375" lon="90.07793518714606761932373046875">
        <ele>2153.60009765625</ele>
        <time>2025-08-13T01:48:17.000Z</time>
        <extensions>
          <ns3:TrackPointExtension>
            <ns3:atemp>14.0</ns3:atemp>
          </ns3:TrackPointExtension>
        </extensions>
      </trkpt>
      <trkpt lat="48.5993677563965320587158203125" lon="90.077894032001495361328125">
        <ele>2153.800048828125</ele>
        <time>2025-08-13T01:48:20.000Z</time>
        <extensions>
          <ns3:TrackPointExtension>
            <ns3:atemp>14.0</ns3:atemp>
          </ns3:TrackPointExtension>
        </extensions>
      </trkpt>
      <trkpt lat="48.5994177125394344329833984375" lon="90.0778278149664402008056640625">
        <ele>2154.199951171875</ele>
        <time>2025-08-13T01:48:24.000Z</time>
        <extensions>
          <ns3:TrackPointExtension>
            <ns3:atemp>14.0</ns3:atemp>
          </ns3:TrackPointExtension>
        </extensions>
      </trkpt>
      <trkpt lat="48.599430285394191741943359375" lon="90.07781599648296833038330078125">
        <ele>2154.199951171875</ele>
        <time>2025-08-13T01:48:25.000Z</time>
        <extensions>
          <ns3:TrackPointExtension>
            <ns3:atemp>14.0</ns3:atemp>
          </ns3:TrackPointExtension>
        </extensions>
      </trkpt>
      <trkpt lat="48.5995159484446048736572265625" lon="90.0777151621878147125244140625">
        <ele>2154.800048828125</ele>
        <time>2025-08-13T01:48:32.000Z</time>
        <extensions>
          <ns3:TrackPointExtension>
            <ns3:atemp>14.0</ns3:atemp>
          </ns3:TrackPointExtension>
        </extensions>
      </trkpt>
      <trkpt lat="48.59958711080253124237060546875" lon="90.07762891240417957305908203125">
        <ele>2155.39990234375</ele>
        <time>2025-08-13T01:48:37.000Z</time>
        <extensions>
          <ns3:TrackPointExtension>
            <ns3:atemp>14.0</ns3:atemp>
          </ns3:TrackPointExtension>
        </extensions>
      </trkpt>
      <trkpt lat="48.59960488043725490570068359375" lon="90.07759890519082546234130859375">
        <ele>2155.39990234375</ele>
        <time>2025-08-13T01:48:39.000Z</time>
        <extensions>
          <ns3:TrackPointExtension>
            <ns3:atemp>14.0</ns3:atemp>
          </ns3:TrackPointExtension>
        </extensions>
      </trkpt>
      <trkpt lat="48.59968702308833599090576171875" lon="90.07749899290502071380615234375">
        <ele>2156</ele>
        <time>2025-08-13T01:48:46.000Z</time>
        <extensions>
          <ns3:TrackPointExtension>
            <ns3:atemp>14.0</ns3:atemp>
          </ns3:TrackPointExtension>
        </extensions>
      </trkpt>
      <trkpt lat="48.59971988014876842498779296875" lon="90.07744870148599147796630859375">
        <ele>2156.39990234375</ele>
        <time>2025-08-13T01:48:49.000Z</time>
        <extensions>
          <ns3:TrackPointExtension>
            <ns3:atemp>14.0</ns3:atemp>
          </ns3:TrackPointExtension>
        </extensions>
      </trkpt>
      <trkpt lat="48.5997627116739749908447265625" lon="90.077393464744091033935546875">
        <ele>2156.800048828125</ele>
        <time>2025-08-13T01:48:54.000Z</time>
        <extensions>
          <ns3:TrackPointExtension>
            <ns3:atemp>14.0</ns3:atemp>
          </ns3:TrackPointExtension>
        </extensions>
      </trkpt>
      <trkpt lat="48.5998334549367427825927734375" lon="90.07729933597147464752197265625">
        <ele>2157.39990234375</ele>
        <time>2025-08-13T01:49:00.000Z</time>
        <extensions>
          <ns3:TrackPointExtension>
            <ns3:atemp>14.0</ns3:atemp>
          </ns3:TrackPointExtension>
        </extensions>
      </trkpt>
      <trkpt lat="48.5999135859310626983642578125" lon="90.07720847614109516143798828125">
        <ele>2158</ele>
        <time>2025-08-13T01:49:06.000Z</time>
        <extensions>
          <ns3:TrackPointExtension>
            <ns3:atemp>14.0</ns3:atemp>
          </ns3:TrackPointExtension>
        </extensions>
      </trkpt>
      <trkpt lat="48.59998156316578388214111328125" lon="90.07713002152740955352783203125">
        <ele>2158.60009765625</ele>
        <time>2025-08-13T01:49:11.000Z</time>
        <extensions>
          <ns3:TrackPointExtension>
            <ns3:atemp>14.0</ns3:atemp>
          </ns3:TrackPointExtension>
        </extensions>
      </trkpt>
      <trkpt lat="48.60004643909633159637451171875" lon="90.07704217918217182159423828125">
        <ele>2159.39990234375</ele>
        <time>2025-08-13T01:49:16.000Z</time>
        <extensions>
          <ns3:TrackPointExtension>
            <ns3:atemp>14.0</ns3:atemp>
          </ns3:TrackPointExtension>
        </extensions>
      </trkpt>
      <trkpt lat="48.6000718362629413604736328125" lon="90.07700663991272449493408203125">
        <ele>2159.60009765625</ele>
        <time>2025-08-13T01:49:18.000Z</time>
        <extensions>
          <ns3:TrackPointExtension>
            <ns3:atemp>14.0</ns3:atemp>
          </ns3:TrackPointExtension>
        </extensions>
      </trkpt>
      <trkpt lat="48.6001563258469104766845703125" lon="90.0768934004008769989013671875">
        <ele>2160.199951171875</ele>
        <time>2025-08-13T01:49:24.000Z</time>
        <extensions>
          <ns3:TrackPointExtension>
            <ns3:atemp>14.0</ns3:atemp>
          </ns3:TrackPointExtension>
        </extensions>
      </trkpt>
      <trkpt lat="48.60026353038847446441650390625" lon="90.07677781395614147186279296875">
        <ele>2160.60009765625</ele>
        <time>2025-08-13T01:49:31.000Z</time>
        <extensions>
          <ns3:TrackPointExtension>
            <ns3:atemp>14.0</ns3:atemp>
          </ns3:TrackPointExtension>
        </extensions>
      </trkpt>
      <trkpt lat="48.600359000265598297119140625" lon="90.07665962912142276763916015625">
        <ele>2161.60009765625</ele>
        <time>2025-08-13T01:49:39.000Z</time>
        <extensions>
          <ns3:TrackPointExtension>
            <ns3:atemp>14.0</ns3:atemp>
          </ns3:TrackPointExtension>
        </extensions>
      </trkpt>
      <trkpt lat="48.60037199221551418304443359375" lon="90.076641105115413665771484375">
        <ele>2161.800048828125</ele>
        <time>2025-08-13T01:49:40.000Z</time>
        <extensions>
          <ns3:TrackPointExtension>
            <ns3:atemp>14.0</ns3:atemp>
          </ns3:TrackPointExtension>
        </extensions>
      </trkpt>
      <trkpt lat="48.6004795320332050323486328125" lon="90.0765111856162548065185546875">
        <ele>2162.800048828125</ele>
        <time>2025-08-13T01:49:48.000Z</time>
        <extensions>
          <ns3:TrackPointExtension>
            <ns3:atemp>14.0</ns3:atemp>
          </ns3:TrackPointExtension>
        </extensions>
      </trkpt>
      <trkpt lat="48.60059536993503570556640625" lon="90.07635737769305706024169921875">
        <ele>2163.800048828125</ele>
        <time>2025-08-13T01:49:57.000Z</time>
        <extensions>
          <ns3:TrackPointExtension>
            <ns3:atemp>14.0</ns3:atemp>
          </ns3:TrackPointExtension>
        </extensions>
      </trkpt>
      <trkpt lat="48.60073425807058811187744140625" lon="90.07617046125233173370361328125">
        <ele>2164.800048828125</ele>
        <time>2025-08-13T01:50:08.000Z</time>
        <extensions>
          <ns3:TrackPointExtension>
            <ns3:atemp>14.0</ns3:atemp>
          </ns3:TrackPointExtension>
        </extensions>
      </trkpt>
      <trkpt lat="48.60084909014403820037841796875" lon="90.07602763362228870391845703125">
        <ele>2165.60009765625</ele>
        <time>2025-08-13T01:50:17.000Z</time>
        <extensions>
          <ns3:TrackPointExtension>
            <ns3:atemp>14.0</ns3:atemp>
          </ns3:TrackPointExtension>
        </extensions>
      </trkpt>
      <trkpt lat="48.6008776724338531494140625" lon="90.0759894959628582000732421875">
        <ele>2165.800048828125</ele>
        <time>2025-08-13T01:50:19.000Z</time>
        <extensions>
          <ns3:TrackPointExtension>
            <ns3:atemp>14.0</ns3:atemp>
          </ns3:TrackPointExtension>
        </extensions>
      </trkpt>
      <trkpt lat="48.60096417367458343505859375" lon="90.075858570635318756103515625">
        <ele>2166.60009765625</ele>
        <time>2025-08-13T01:50:27.000Z</time>
        <extensions>
          <ns3:TrackPointExtension>
            <ns3:atemp>14.0</ns3:atemp>
          </ns3:TrackPointExtension>
        </extensions>
      </trkpt>
      <trkpt lat="48.60100482590496540069580078125" lon="90.07582697086036205291748046875">
        <ele>2166.800048828125</ele>
        <time>2025-08-13T01:50:30.000Z</time>
        <extensions>
          <ns3:TrackPointExtension>
            <ns3:atemp>14.0</ns3:atemp>
          </ns3:TrackPointExtension>
        </extensions>
      </trkpt>
      <trkpt lat="48.601048327982425689697265625" lon="90.0757625140249729156494140625">
        <ele>2167.199951171875</ele>
        <time>2025-08-13T01:50:34.000Z</time>
        <extensions>
          <ns3:TrackPointExtension>
            <ns3:atemp>14.0</ns3:atemp>
          </ns3:TrackPointExtension>
        </extensions>
      </trkpt>
      <trkpt lat="48.60110624693334102630615234375" lon="90.075681209564208984375">
        <ele>2168</ele>
        <time>2025-08-13T01:50:39.000Z</time>
        <extensions>
          <ns3:TrackPointExtension>
            <ns3:atemp>14.0</ns3:atemp>
          </ns3:TrackPointExtension>
        </extensions>
      </trkpt>
      <trkpt lat="48.6011742241680622100830078125" lon="90.0756052695214748382568359375">
        <ele>2168.60009765625</ele>
        <time>2025-08-13T01:50:44.000Z</time>
        <extensions>
          <ns3:TrackPointExtension>
            <ns3:atemp>14.0</ns3:atemp>
          </ns3:TrackPointExtension>
        </extensions>
      </trkpt>
      <trkpt lat="48.601224683225154876708984375" lon="90.075544081628322601318359375">
        <ele>2169.199951171875</ele>
        <time>2025-08-13T01:50:48.000Z</time>
        <extensions>
          <ns3:TrackPointExtension>
            <ns3:atemp>14.0</ns3:atemp>
          </ns3:TrackPointExtension>
        </extensions>
      </trkpt>
      <trkpt lat="48.60128629021346569061279296875" lon="90.07547342218458652496337890625">
        <ele>2170</ele>
        <time>2025-08-13T01:50:53.000Z</time>
        <extensions>
          <ns3:TrackPointExtension>
            <ns3:atemp>14.0</ns3:atemp>
          </ns3:TrackPointExtension>
        </extensions>
      </trkpt>
      <trkpt lat="48.60133163630962371826171875" lon="90.075427405536174774169921875">
        <ele>2170.199951171875</ele>
        <time>2025-08-13T01:50:56.000Z</time>
        <extensions>
          <ns3:TrackPointExtension>
            <ns3:atemp>14.0</ns3:atemp>
          </ns3:TrackPointExtension>
        </extensions>
      </trkpt>
      <trkpt lat="48.60140900127589702606201171875" lon="90.07532179355621337890625">
        <ele>2170.39990234375</ele>
        <time>2025-08-13T01:51:02.000Z</time>
        <extensions>
          <ns3:TrackPointExtension>
            <ns3:atemp>14.0</ns3:atemp>
          </ns3:TrackPointExtension>
        </extensions>
      </trkpt>
      <trkpt lat="48.60145208425819873809814453125" lon="90.075249038636684417724609375">
        <ele>2171</ele>
        <time>2025-08-13T01:51:06.000Z</time>
        <extensions>
          <ns3:TrackPointExtension>
            <ns3:atemp>14.0</ns3:atemp>
          </ns3:TrackPointExtension>
        </extensions>
      </trkpt>
      <trkpt lat="48.60146868042647838592529296875" lon="90.075217187404632568359375">
        <ele>2171.199951171875</ele>
        <time>2025-08-13T01:51:08.000Z</time>
        <extensions>
          <ns3:TrackPointExtension>
            <ns3:atemp>14.0</ns3:atemp>
          </ns3:TrackPointExtension>
        </extensions>
      </trkpt>
      <trkpt lat="48.60147655941545963287353515625" lon="90.07520738057792186737060546875">
        <ele>2171.199951171875</ele>
        <time>2025-08-13T01:51:09.000Z</time>
        <extensions>
          <ns3:TrackPointExtension>
            <ns3:atemp>14.0</ns3:atemp>
          </ns3:TrackPointExtension>
        </extensions>
      </trkpt>
      <trkpt lat="48.6015651561319828033447265625" lon="90.07510193623602390289306640625">
        <ele>2171.800048828125</ele>
        <time>2025-08-13T01:51:16.000Z</time>
        <extensions>
          <ns3:TrackPointExtension>
            <ns3:atemp>14.0</ns3:atemp>
          </ns3:TrackPointExtension>
        </extensions>
      </trkpt>
      <trkpt lat="48.60162458382546901702880859375" lon="90.075029768049716949462890625">
        <ele>2172.39990234375</ele>
        <time>2025-08-13T01:51:20.000Z</time>
        <extensions>
          <ns3:TrackPointExtension>
            <ns3:atemp>14.0</ns3:atemp>
          </ns3:TrackPointExtension>
        </extensions>
      </trkpt>
      <trkpt lat="48.60171653330326080322265625" lon="90.074906051158905029296875">
        <ele>2173.199951171875</ele>
        <time>2025-08-13T01:51:28.000Z</time>
        <extensions>
          <ns3:TrackPointExtension>
            <ns3:atemp>14.0</ns3:atemp>
          </ns3:TrackPointExtension>
        </extensions>
      </trkpt>
      <trkpt lat="48.601749725639820098876953125" lon="90.074858106672763824462890625">
        <ele>2173.39990234375</ele>
        <time>2025-08-13T01:51:31.000Z</time>
        <extensions>
          <ns3:TrackPointExtension>
            <ns3:atemp>14.0</ns3:atemp>
          </ns3:TrackPointExtension>
        </extensions>
      </trkpt>
      <trkpt lat="48.601846955716609954833984375" lon="90.07475593127310276031494140625">
        <ele>2174.199951171875</ele>
        <time>2025-08-13T01:51:38.000Z</time>
        <extensions>
          <ns3:TrackPointExtension>
            <ns3:atemp>14.0</ns3:atemp>
          </ns3:TrackPointExtension>
        </extensions>
      </trkpt>
      <trkpt lat="48.6018856801092624664306640625" lon="90.07470421493053436279296875">
        <ele>2174.60009765625</ele>
        <time>2025-08-13T01:51:41.000Z</time>
        <extensions>
          <ns3:TrackPointExtension>
            <ns3:atemp>14.0</ns3:atemp>
          </ns3:TrackPointExtension>
        </extensions>
      </trkpt>
      <trkpt lat="48.601962290704250335693359375" lon="90.07459214888513088226318359375">
        <ele>2175.60009765625</ele>
        <time>2025-08-13T01:51:47.000Z</time>
        <extensions>
          <ns3:TrackPointExtension>
            <ns3:atemp>14.0</ns3:atemp>
          </ns3:TrackPointExtension>
        </extensions>
      </trkpt>
      <trkpt lat="48.60197410918772220611572265625" lon="90.0745709426701068878173828125">
        <ele>2175.60009765625</ele>
        <time>2025-08-13T01:51:48.000Z</time>
        <extensions>
          <ns3:TrackPointExtension>
            <ns3:atemp>14.0</ns3:atemp>
          </ns3:TrackPointExtension>
        </extensions>
      </trkpt>
      <trkpt lat="48.60207050107419490814208984375" lon="90.07445879280567169189453125">
        <ele>2176.39990234375</ele>
        <time>2025-08-13T01:51:55.000Z</time>
        <extensions>
          <ns3:TrackPointExtension>
            <ns3:atemp>14.0</ns3:atemp>
          </ns3:TrackPointExtension>
        </extensions>
      </trkpt>
      <trkpt lat="48.60210017301142215728759765625" lon="90.0744096748530864715576171875">
        <ele>2176.60009765625</ele>
        <time>2025-08-13T01:51:58.000Z</time>
        <extensions>
          <ns3:TrackPointExtension>
            <ns3:atemp>14.0</ns3:atemp>
          </ns3:TrackPointExtension>
        </extensions>
      </trkpt>
      <trkpt lat="48.60214929096400737762451171875" lon="90.074348151683807373046875">
        <ele>2177</ele>
        <time>2025-08-13T01:52:02.000Z</time>
        <extensions>
          <ns3:TrackPointExtension>
            <ns3:atemp>14.0</ns3:atemp>
          </ns3:TrackPointExtension>
        </extensions>
      </trkpt>
      <trkpt lat="48.602227158844470977783203125" lon="90.07424949668347835540771484375">
        <ele>2177.60009765625</ele>
        <time>2025-08-13T01:52:08.000Z</time>
        <extensions>
          <ns3:TrackPointExtension>
            <ns3:atemp>14.0</ns3:atemp>
          </ns3:TrackPointExtension>
        </extensions>
      </trkpt>
      <trkpt lat="48.6023051105439662933349609375" lon="90.074146650731563568115234375">
        <ele>2178.199951171875</ele>
        <time>2025-08-13T01:52:14.000Z</time>
        <extensions>
          <ns3:TrackPointExtension>
            <ns3:atemp>14.0</ns3:atemp>
          </ns3:TrackPointExtension>
        </extensions>
      </trkpt>
      <trkpt lat="48.6023332737386226654052734375" lon="90.0741072557866573333740234375">
        <ele>2178.60009765625</ele>
        <time>2025-08-13T01:52:16.000Z</time>
        <extensions>
          <ns3:TrackPointExtension>
            <ns3:atemp>14.0</ns3:atemp>
          </ns3:TrackPointExtension>
        </extensions>
      </trkpt>
      <trkpt lat="48.60243737697601318359375" lon="90.0739654339849948883056640625">
        <ele>2179.60009765625</ele>
        <time>2025-08-13T01:52:25.000Z</time>
        <extensions>
          <ns3:TrackPointExtension>
            <ns3:atemp>14.0</ns3:atemp>
          </ns3:TrackPointExtension>
        </extensions>
      </trkpt>
      <trkpt lat="48.6024479381740093231201171875" lon="90.073952861130237579345703125">
        <ele>2179.800048828125</ele>
        <time>2025-08-13T01:52:26.000Z</time>
        <extensions>
          <ns3:TrackPointExtension>
            <ns3:atemp>14.0</ns3:atemp>
          </ns3:TrackPointExtension>
        </extensions>
      </trkpt>
      <trkpt lat="48.602552376687526702880859375" lon="90.073818080127239227294921875">
        <ele>2180.800048828125</ele>
        <time>2025-08-13T01:52:35.000Z</time>
        <extensions>
          <ns3:TrackPointExtension>
            <ns3:atemp>14.0</ns3:atemp>
          </ns3:TrackPointExtension>
        </extensions>
      </trkpt>
      <trkpt lat="48.60256545245647430419921875" lon="90.07380458526313304901123046875">
        <ele>2180.800048828125</ele>
        <time>2025-08-13T01:52:36.000Z</time>
        <extensions>
          <ns3:TrackPointExtension>
            <ns3:atemp>14.0</ns3:atemp>
          </ns3:TrackPointExtension>
        </extensions>
      </trkpt>
      <trkpt lat="48.6027087830007076263427734375" lon="90.07362823002040386199951171875">
        <ele>2181.800048828125</ele>
        <time>2025-08-13T01:52:48.000Z</time>
        <extensions>
          <ns3:TrackPointExtension>
            <ns3:atemp>14.0</ns3:atemp>
          </ns3:TrackPointExtension>
        </extensions>
      </trkpt>
      <trkpt lat="48.602720685303211212158203125" lon="90.073612891137599945068359375">
        <ele>2182</ele>
        <time>2025-08-13T01:52:49.000Z</time>
        <extensions>
          <ns3:TrackPointExtension>
            <ns3:atemp>14.0</ns3:atemp>
          </ns3:TrackPointExtension>
        </extensions>
      </trkpt>
      <trkpt lat="48.602827303111553192138671875" lon="90.0734536349773406982421875">
        <ele>2182.800048828125</ele>
        <time>2025-08-13T01:52:58.000Z</time>
        <extensions>
          <ns3:TrackPointExtension>
            <ns3:atemp>14.0</ns3:atemp>
          </ns3:TrackPointExtension>
        </extensions>
      </trkpt>
      <trkpt lat="48.60284934751689434051513671875" lon="90.073423124849796295166015625">
        <ele>2183</ele>
        <time>2025-08-13T01:53:00.000Z</time>
        <extensions>
          <ns3:TrackPointExtension>
            <ns3:atemp>14.0</ns3:atemp>
          </ns3:TrackPointExtension>
        </extensions>
      </trkpt>
      <trkpt lat="48.602919168770313262939453125" lon="90.07333922199904918670654296875">
        <ele>2183.800048828125</ele>
        <time>2025-08-13T01:53:06.000Z</time>
        <extensions>
          <ns3:TrackPointExtension>
            <ns3:atemp>14.0</ns3:atemp>
          </ns3:TrackPointExtension>
        </extensions>
      </trkpt>
      <trkpt lat="48.60294138081371784210205078125" lon="90.0733049400150775909423828125">
        <ele>2184</ele>
        <time>2025-08-13T01:53:08.000Z</time>
        <extensions>
          <ns3:TrackPointExtension>
            <ns3:atemp>14.0</ns3:atemp>
          </ns3:TrackPointExtension>
        </extensions>
      </trkpt>
      <trkpt lat="48.6030286364257335662841796875" lon="90.07320544682443141937255859375">
        <ele>2184.800048828125</ele>
        <time>2025-08-13T01:53:16.000Z</time>
        <extensions>
          <ns3:TrackPointExtension>
            <ns3:atemp>14.0</ns3:atemp>
          </ns3:TrackPointExtension>
        </extensions>
      </trkpt>
      <trkpt lat="48.60306677408516407012939453125" lon="90.07313537411391735076904296875">
        <ele>2185</ele>
        <time>2025-08-13T01:53:20.000Z</time>
        <extensions>
          <ns3:TrackPointExtension>
            <ns3:atemp>14.0</ns3:atemp>
          </ns3:TrackPointExtension>
        </extensions>
      </trkpt>
      <trkpt lat="48.60311488620936870574951171875" lon="90.07305859588086605072021484375">
        <ele>2185.39990234375</ele>
        <time>2025-08-13T01:53:24.000Z</time>
        <extensions>
          <ns3:TrackPointExtension>
            <ns3:atemp>14.0</ns3:atemp>
          </ns3:TrackPointExtension>
        </extensions>
      </trkpt>
      <trkpt lat="48.60319853760302066802978515625" lon="90.0729654729366302490234375">
        <ele>2186.199951171875</ele>
        <time>2025-08-13T01:53:30.000Z</time>
        <extensions>
          <ns3:TrackPointExtension>
            <ns3:atemp>14.0</ns3:atemp>
          </ns3:TrackPointExtension>
        </extensions>
      </trkpt>
      <trkpt lat="48.60326777212321758270263671875" lon="90.07289146073162555694580078125">
        <ele>2186.60009765625</ele>
        <time>2025-08-13T01:53:35.000Z</time>
        <extensions>
          <ns3:TrackPointExtension>
            <ns3:atemp>14.0</ns3:atemp>
          </ns3:TrackPointExtension>
        </extensions>
      </trkpt>
      <trkpt lat="48.60332225449383258819580078125" lon="90.07282390259206295013427734375">
        <ele>2187.199951171875</ele>
        <time>2025-08-13T01:53:39.000Z</time>
        <extensions>
          <ns3:TrackPointExtension>
            <ns3:atemp>14.0</ns3:atemp>
          </ns3:TrackPointExtension>
        </extensions>
      </trkpt>
      <trkpt lat="48.6033947579562664031982421875" lon="90.07273589260876178741455078125">
        <ele>2187.800048828125</ele>
        <time>2025-08-13T01:53:44.000Z</time>
        <extensions>
          <ns3:TrackPointExtension>
            <ns3:atemp>14.0</ns3:atemp>
          </ns3:TrackPointExtension>
        </extensions>
      </trkpt>
      <trkpt lat="48.6034722067415714263916015625" lon="90.07262458093464374542236328125">
        <ele>2188.199951171875</ele>
        <time>2025-08-13T01:53:50.000Z</time>
        <extensions>
          <ns3:TrackPointExtension>
            <ns3:atemp>14.0</ns3:atemp>
          </ns3:TrackPointExtension>
        </extensions>
      </trkpt>
      <trkpt lat="48.60352526418864727020263671875" lon="90.07256138138473033905029296875">
        <ele>2189</ele>
        <time>2025-08-13T01:53:54.000Z</time>
        <extensions>
          <ns3:TrackPointExtension>
            <ns3:atemp>14.0</ns3:atemp>
          </ns3:TrackPointExtension>
        </extensions>
      </trkpt>
      <trkpt lat="48.60355359502136707305908203125" lon="90.0725217349827289581298828125">
        <ele>2189.39990234375</ele>
        <time>2025-08-13T01:53:56.000Z</time>
        <extensions>
          <ns3:TrackPointExtension>
            <ns3:atemp>14.0</ns3:atemp>
          </ns3:TrackPointExtension>
        </extensions>
      </trkpt>
      <trkpt lat="48.60363372601568698883056640625" lon="90.0723970122635364532470703125">
        <ele>2190.199951171875</ele>
        <time>2025-08-13T01:54:03.000Z</time>
        <extensions>
          <ns3:TrackPointExtension>
            <ns3:atemp>14.0</ns3:atemp>
          </ns3:TrackPointExtension>
        </extensions>
      </trkpt>
      <trkpt lat="48.60366113483905792236328125" lon="90.07236205972731113433837890625">
        <ele>2190.60009765625</ele>
        <time>2025-08-13T01:54:05.000Z</time>
        <extensions>
          <ns3:TrackPointExtension>
            <ns3:atemp>14.0</ns3:atemp>
          </ns3:TrackPointExtension>
        </extensions>
      </trkpt>
      <trkpt lat="48.6037548445165157318115234375" lon="90.0722659192979335784912109375">
        <ele>2191.199951171875</ele>
        <time>2025-08-13T01:54:12.000Z</time>
        <extensions>
          <ns3:TrackPointExtension>
            <ns3:atemp>14.0</ns3:atemp>
          </ns3:TrackPointExtension>
        </extensions>
      </trkpt>
      <trkpt lat="48.603790886700153350830078125" lon="90.07221839390695095062255859375">
        <ele>2191.60009765625</ele>
        <time>2025-08-13T01:54:15.000Z</time>
        <extensions>
          <ns3:TrackPointExtension>
            <ns3:atemp>14.0</ns3:atemp>
          </ns3:TrackPointExtension>
        </extensions>
      </trkpt>
      <trkpt lat="48.6038809083402156829833984375" lon="90.07210473529994487762451171875">
        <ele>2192.39990234375</ele>
        <time>2025-08-13T01:54:22.000Z</time>
        <extensions>
          <ns3:TrackPointExtension>
            <ns3:atemp>14.0</ns3:atemp>
          </ns3:TrackPointExtension>
        </extensions>
      </trkpt>
      <trkpt lat="48.6039603687822818756103515625" lon="90.07199878804385662078857421875">
        <ele>2192.800048828125</ele>
        <time>2025-08-13T01:54:28.000Z</time>
        <extensions>
          <ns3:TrackPointExtension>
            <ns3:atemp>14.0</ns3:atemp>
          </ns3:TrackPointExtension>
        </extensions>
      </trkpt>
      <trkpt lat="48.604001440107822418212890625" lon="90.0719531066715717315673828125">
        <ele>2193</ele>
        <time>2025-08-13T01:54:31.000Z</time>
        <extensions>
          <ns3:TrackPointExtension>
            <ns3:atemp>14.0</ns3:atemp>
          </ns3:TrackPointExtension>
        </extensions>
      </trkpt>
      <trkpt lat="48.604060113430023193359375" lon="90.07186484523117542266845703125">
        <ele>2193.800048828125</ele>
        <time>2025-08-13T01:54:36.000Z</time>
        <extensions>
          <ns3:TrackPointExtension>
            <ns3:atemp>14.0</ns3:atemp>
          </ns3:TrackPointExtension>
        </extensions>
      </trkpt>
      <trkpt lat="48.6040981672704219818115234375" lon="90.07181346416473388671875">
        <ele>2194</ele>
        <time>2025-08-13T01:54:39.000Z</time>
        <extensions>
          <ns3:TrackPointExtension>
            <ns3:atemp>14.0</ns3:atemp>
          </ns3:TrackPointExtension>
        </extensions>
      </trkpt>
      <trkpt lat="48.604188524186611175537109375" lon="90.0717222690582275390625">
        <ele>2194.800048828125</ele>
        <time>2025-08-13T01:54:45.000Z</time>
        <extensions>
          <ns3:TrackPointExtension>
            <ns3:atemp>14.0</ns3:atemp>
          </ns3:TrackPointExtension>
        </extensions>
      </trkpt>
      <trkpt lat="48.604220040142536163330078125" lon="90.07165529765188694000244140625">
        <ele>2195</ele>
        <time>2025-08-13T01:54:48.000Z</time>
        <extensions>
          <ns3:TrackPointExtension>
            <ns3:atemp>14.0</ns3:atemp>
          </ns3:TrackPointExtension>
        </extensions>
      </trkpt>
      <trkpt lat="48.60432389192283153533935546875" lon="90.0715279765427112579345703125">
        <ele>2195.60009765625</ele>
        <time>2025-08-13T01:54:55.000Z</time>
        <extensions>
          <ns3:TrackPointExtension>
            <ns3:atemp>14.0</ns3:atemp>
          </ns3:TrackPointExtension>
        </extensions>
      </trkpt>
      <trkpt lat="48.60437770374119281768798828125" lon="90.07145228795707225799560546875">
        <ele>2195.800048828125</ele>
        <time>2025-08-13T01:54:59.000Z</time>
        <extensions>
          <ns3:TrackPointExtension>
            <ns3:atemp>14.0</ns3:atemp>
          </ns3:TrackPointExtension>
        </extensions>
      </trkpt>
      <trkpt lat="48.604501672089099884033203125" lon="90.07130049169063568115234375">
        <ele>2196.39990234375</ele>
        <time>2025-08-13T01:55:07.000Z</time>
        <extensions>
          <ns3:TrackPointExtension>
            <ns3:atemp>14.0</ns3:atemp>
          </ns3:TrackPointExtension>
        </extensions>
      </trkpt>
      <trkpt lat="48.604580126702785491943359375" lon="90.07119881920516490936279296875">
        <ele>2196.800048828125</ele>
        <time>2025-08-13T01:55:12.000Z</time>
        <extensions>
          <ns3:TrackPointExtension>
            <ns3:atemp>14.0</ns3:atemp>
          </ns3:TrackPointExtension>
        </extensions>
      </trkpt>
      <trkpt lat="48.6046262271702289581298828125" lon="90.07113344036042690277099609375">
        <ele>2197.199951171875</ele>
        <time>2025-08-13T01:55:16.000Z</time>
        <extensions>
          <ns3:TrackPointExtension>
            <ns3:atemp>14.0</ns3:atemp>
          </ns3:TrackPointExtension>
        </extensions>
      </trkpt>
      <trkpt lat="48.604757823050022125244140625" lon="90.0709757767617702484130859375">
        <ele>2198</ele>
        <time>2025-08-13T01:55:26.000Z</time>
        <extensions>
          <ns3:TrackPointExtension>
            <ns3:atemp>14.0</ns3:atemp>
          </ns3:TrackPointExtension>
        </extensions>
      </trkpt>
      <trkpt lat="48.60492068342864513397216796875" lon="90.07077771238982677459716796875">
        <ele>2199</ele>
        <time>2025-08-13T01:55:36.000Z</time>
        <extensions>
          <ns3:TrackPointExtension>
            <ns3:atemp>14.0</ns3:atemp>
          </ns3:TrackPointExtension>
        </extensions>
      </trkpt>
      <trkpt lat="48.60505093820393085479736328125" lon="90.0706096552312374114990234375">
        <ele>2199.60009765625</ele>
        <time>2025-08-13T01:55:45.000Z</time>
        <extensions>
          <ns3:TrackPointExtension>
            <ns3:atemp>14.0</ns3:atemp>
          </ns3:TrackPointExtension>
        </extensions>
      </trkpt>
      <trkpt lat="48.60511397011578083038330078125" lon="90.07052625529468059539794921875">
        <ele>2200</ele>
        <time>2025-08-13T01:55:50.000Z</time>
        <extensions>
          <ns3:TrackPointExtension>
            <ns3:atemp>14.0</ns3:atemp>
          </ns3:TrackPointExtension>
        </extensions>
      </trkpt>
      <trkpt lat="48.60517264343798160552978515625" lon="90.07044880650937557220458984375">
        <ele>2200.39990234375</ele>
        <time>2025-08-13T01:55:54.000Z</time>
        <extensions>
          <ns3:TrackPointExtension>
            <ns3:atemp>14.0</ns3:atemp>
          </ns3:TrackPointExtension>
        </extensions>
      </trkpt>
      <trkpt lat="48.6052914150059223175048828125" lon="90.07029005326330661773681640625">
        <ele>2201.199951171875</ele>
        <time>2025-08-13T01:56:02.000Z</time>
        <extensions>
          <ns3:TrackPointExtension>
            <ns3:atemp>14.0</ns3:atemp>
          </ns3:TrackPointExtension>
        </extensions>
      </trkpt>
      <trkpt lat="48.605335168540477752685546875" lon="90.07022484205663204193115234375">
        <ele>2201.39990234375</ele>
        <time>2025-08-13T01:56:05.000Z</time>
        <extensions>
          <ns3:TrackPointExtension>
            <ns3:atemp>14.0</ns3:atemp>
          </ns3:TrackPointExtension>
        </extensions>
      </trkpt>
      <trkpt lat="48.6054516769945621490478515625" lon="90.07006667554378509521484375">
        <ele>2202</ele>
        <time>2025-08-13T01:56:12.000Z</time>
        <extensions>
          <ns3:TrackPointExtension>
            <ns3:atemp>14.0</ns3:atemp>
          </ns3:TrackPointExtension>
        </extensions>
      </trkpt>
      <trkpt lat="48.60546969808638095855712890625" lon="90.07004748098552227020263671875">
        <ele>2202.199951171875</ele>
        <time>2025-08-13T01:56:13.000Z</time>
        <extensions>
          <ns3:TrackPointExtension>
            <ns3:atemp>14.0</ns3:atemp>
          </ns3:TrackPointExtension>
        </extensions>
      </trkpt>
      <trkpt lat="48.6055908165872097015380859375" lon="90.06989962421357631683349609375">
        <ele>2203.199951171875</ele>
        <time>2025-08-13T01:56:20.000Z</time>
        <extensions>
          <ns3:TrackPointExtension>
            <ns3:atemp>14.0</ns3:atemp>
          </ns3:TrackPointExtension>
        </extensions>
      </trkpt>
      <trkpt lat="48.60562476329505443572998046875" lon="90.06985008716583251953125">
        <ele>2203.39990234375</ele>
        <time>2025-08-13T01:56:22.000Z</time>
        <extensions>
          <ns3:TrackPointExtension>
            <ns3:atemp>14.0</ns3:atemp>
          </ns3:TrackPointExtension>
        </extensions>
      </trkpt>
      <trkpt lat="48.6057485640048980712890625" lon="90.06969259120523929595947265625">
        <ele>2204</ele>
        <time>2025-08-13T01:56:29.000Z</time>
        <extensions>
          <ns3:TrackPointExtension>
            <ns3:atemp>14.0</ns3:atemp>
          </ns3:TrackPointExtension>
        </extensions>
      </trkpt>
      <trkpt lat="48.6057993583381175994873046875" lon="90.0696202553808689117431640625">
        <ele>2204.39990234375</ele>
        <time>2025-08-13T01:56:32.000Z</time>
        <extensions>
          <ns3:TrackPointExtension>
            <ns3:atemp>14.0</ns3:atemp>
          </ns3:TrackPointExtension>
        </extensions>
      </trkpt>
      <trkpt lat="48.6058120988309383392333984375" lon="90.06960072554647922515869140625">
        <ele>2204.60009765625</ele>
        <time>2025-08-13T01:56:33.000Z</time>
        <extensions>
          <ns3:TrackPointExtension>
            <ns3:atemp>14.0</ns3:atemp>
          </ns3:TrackPointExtension>
        </extensions>
      </trkpt>
      <trkpt lat="48.6058268509805202484130859375" lon="90.06958580575883388519287109375">
        <ele>2204.800048828125</ele>
        <time>2025-08-13T01:56:34.000Z</time>
        <extensions>
          <ns3:TrackPointExtension>
            <ns3:atemp>14.0</ns3:atemp>
          </ns3:TrackPointExtension>
        </extensions>
      </trkpt>
      <trkpt lat="48.6059183813631534576416015625" lon="90.06947667337954044342041015625">
        <ele>2205.39990234375</ele>
        <time>2025-08-13T01:56:40.000Z</time>
        <extensions>
          <ns3:TrackPointExtension>
            <ns3:atemp>14.0</ns3:atemp>
          </ns3:TrackPointExtension>
        </extensions>
      </trkpt>
      <trkpt lat="48.6060270108282566070556640625" lon="90.0693203508853912353515625">
        <ele>2206</ele>
        <time>2025-08-13T01:56:47.000Z</time>
        <extensions>
          <ns3:TrackPointExtension>
            <ns3:atemp>14.0</ns3:atemp>
          </ns3:TrackPointExtension>
        </extensions>
      </trkpt>
      <trkpt lat="48.60611493699252605438232421875" lon="90.069215409457683563232421875">
        <ele>2206.60009765625</ele>
        <time>2025-08-13T01:56:52.000Z</time>
        <extensions>
          <ns3:TrackPointExtension>
            <ns3:atemp>14.0</ns3:atemp>
          </ns3:TrackPointExtension>
        </extensions>
      </trkpt>
      <trkpt lat="48.60615986399352550506591796875" lon="90.069142319262027740478515625">
        <ele>2207</ele>
        <time>2025-08-13T01:56:55.000Z</time>
        <extensions>
          <ns3:TrackPointExtension>
            <ns3:atemp>14.0</ns3:atemp>
          </ns3:TrackPointExtension>
        </extensions>
      </trkpt>
      <trkpt lat="48.6062425933778285980224609375" lon="90.06904684938490390777587890625">
        <ele>2207.60009765625</ele>
        <time>2025-08-13T01:57:00.000Z</time>
        <extensions>
          <ns3:TrackPointExtension>
            <ns3:atemp>14.0</ns3:atemp>
          </ns3:TrackPointExtension>
        </extensions>
      </trkpt>
      <trkpt lat="48.60625374130904674530029296875" lon="90.069032013416290283203125">
        <ele>2207.800048828125</ele>
        <time>2025-08-13T01:57:01.000Z</time>
        <extensions>
          <ns3:TrackPointExtension>
            <ns3:atemp>14.0</ns3:atemp>
          </ns3:TrackPointExtension>
        </extensions>
      </trkpt>
      <trkpt lat="48.6062875203788280487060546875" lon="90.06897526793181896209716796875">
        <ele>2208</ele>
        <time>2025-08-13T01:57:04.000Z</time>
        <extensions>
          <ns3:TrackPointExtension>
            <ns3:atemp>14.0</ns3:atemp>
          </ns3:TrackPointExtension>
        </extensions>
      </trkpt>
      <trkpt lat="48.60629950650036334991455078125" lon="90.06895431317389011383056640625">
        <ele>2208</ele>
        <time>2025-08-13T01:57:05.000Z</time>
        <extensions>
          <ns3:TrackPointExtension>
            <ns3:atemp>14.0</ns3:atemp>
          </ns3:TrackPointExtension>
        </extensions>
      </trkpt>
      <trkpt lat="48.60641735605895519256591796875" lon="90.06878717802464962005615234375">
        <ele>2208.800048828125</ele>
        <time>2025-08-13T01:57:13.000Z</time>
        <extensions>
          <ns3:TrackPointExtension>
            <ns3:atemp>14.0</ns3:atemp>
          </ns3:TrackPointExtension>
        </extensions>
      </trkpt>
      <trkpt lat="48.60648550093173980712890625" lon="90.06868743337690830230712890625">
        <ele>2209.39990234375</ele>
        <time>2025-08-13T01:57:18.000Z</time>
        <extensions>
          <ns3:TrackPointExtension>
            <ns3:atemp>14.0</ns3:atemp>
          </ns3:TrackPointExtension>
        </extensions>
      </trkpt>
      <trkpt lat="48.60653570853173732757568359375" lon="90.06862104870378971099853515625">
        <ele>2210</ele>
        <time>2025-08-13T01:57:21.000Z</time>
        <extensions>
          <ns3:TrackPointExtension>
            <ns3:atemp>14.0</ns3:atemp>
          </ns3:TrackPointExtension>
        </extensions>
      </trkpt>
      <trkpt lat="48.60658071935176849365234375" lon="90.06854075007140636444091796875">
        <ele>2210.60009765625</ele>
        <time>2025-08-13T01:57:24.000Z</time>
        <extensions>
          <ns3:TrackPointExtension>
            <ns3:atemp>14.0</ns3:atemp>
          </ns3:TrackPointExtension>
        </extensions>
      </trkpt>
      <trkpt lat="48.60666529275476932525634765625" lon="90.0684317015111446380615234375">
        <ele>2211</ele>
        <time>2025-08-13T01:57:29.000Z</time>
        <extensions>
          <ns3:TrackPointExtension>
            <ns3:atemp>14.0</ns3:atemp>
          </ns3:TrackPointExtension>
        </extensions>
      </trkpt>
      <trkpt lat="48.60676151700317859649658203125" lon="90.06827236153185367584228515625">
        <ele>2211</ele>
        <time>2025-08-13T01:57:36.000Z</time>
        <extensions>
          <ns3:TrackPointExtension>
            <ns3:atemp>14.0</ns3:atemp>
          </ns3:TrackPointExtension>
        </extensions>
      </trkpt>
      <trkpt lat="48.60687852837145328521728515625" lon="90.068082846701145172119140625">
        <ele>2212.199951171875</ele>
        <time>2025-08-13T01:57:43.000Z</time>
        <extensions>
          <ns3:TrackPointExtension>
            <ns3:atemp>14.0</ns3:atemp>
          </ns3:TrackPointExtension>
        </extensions>
      </trkpt>
      <trkpt lat="48.6069325916469097137451171875" lon="90.067982934415340423583984375">
        <ele>2212.60009765625</ele>
        <time>2025-08-13T01:57:48.000Z</time>
        <extensions>
          <ns3:TrackPointExtension>
            <ns3:atemp>14.0</ns3:atemp>
          </ns3:TrackPointExtension>
        </extensions>
      </trkpt>
      <trkpt lat="48.60699780285358428955078125" lon="90.06783516146242618560791015625">
        <ele>2213.199951171875</ele>
        <time>2025-08-13T01:57:53.000Z</time>
        <extensions>
          <ns3:TrackPointExtension>
            <ns3:atemp>14.0</ns3:atemp>
          </ns3:TrackPointExtension>
        </extensions>
      </trkpt>
      <trkpt lat="48.607010208070278167724609375" lon="90.0678171403706073760986328125">
        <ele>2213.199951171875</ele>
        <time>2025-08-13T01:57:54.000Z</time>
        <extensions>
          <ns3:TrackPointExtension>
            <ns3:atemp>14.0</ns3:atemp>
          </ns3:TrackPointExtension>
        </extensions>
      </trkpt>
      <trkpt lat="48.60711850225925445556640625" lon="90.06763047538697719573974609375">
        <ele>2214.199951171875</ele>
        <time>2025-08-13T01:58:01.000Z</time>
        <extensions>
          <ns3:TrackPointExtension>
            <ns3:atemp>14.0</ns3:atemp>
          </ns3:TrackPointExtension>
        </extensions>
      </trkpt>
      <trkpt lat="48.60712629742920398712158203125" lon="90.067612789571285247802734375">
        <ele>2214.39990234375</ele>
        <time>2025-08-13T01:58:02.000Z</time>
        <extensions>
          <ns3:TrackPointExtension>
            <ns3:atemp>14.0</ns3:atemp>
          </ns3:TrackPointExtension>
        </extensions>
      </trkpt>
      <trkpt lat="48.60715714283287525177001953125" lon="90.06754749454557895660400390625">
        <ele>2214.60009765625</ele>
        <time>2025-08-13T01:58:05.000Z</time>
        <extensions>
          <ns3:TrackPointExtension>
            <ns3:atemp>14.0</ns3:atemp>
          </ns3:TrackPointExtension>
        </extensions>
      </trkpt>
      <trkpt lat="48.60719368793070316314697265625" lon="90.06749234162271022796630859375">
        <ele>2214.800048828125</ele>
        <time>2025-08-13T01:58:08.000Z</time>
        <extensions>
          <ns3:TrackPointExtension>
            <ns3:atemp>14.0</ns3:atemp>
          </ns3:TrackPointExtension>
        </extensions>
      </trkpt>
      <trkpt lat="48.607284463942050933837890625" lon="90.06730576045811176300048828125">
        <ele>2215.199951171875</ele>
        <time>2025-08-13T01:58:15.000Z</time>
        <extensions>
          <ns3:TrackPointExtension>
            <ns3:atemp>14.0</ns3:atemp>
          </ns3:TrackPointExtension>
        </extensions>
      </trkpt>
      <trkpt lat="48.60729980282485485076904296875" lon="90.06728430278599262237548828125">
        <ele>2215.39990234375</ele>
        <time>2025-08-13T01:58:16.000Z</time>
        <extensions>
          <ns3:TrackPointExtension>
            <ns3:atemp>14.0</ns3:atemp>
          </ns3:TrackPointExtension>
        </extensions>
      </trkpt>
      <trkpt lat="48.60735260881483554840087890625" lon="90.06718623451888561248779296875">
        <ele>2215.60009765625</ele>
        <time>2025-08-13T01:58:21.000Z</time>
        <extensions>
          <ns3:TrackPointExtension>
            <ns3:atemp>14.0</ns3:atemp>
          </ns3:TrackPointExtension>
        </extensions>
      </trkpt>
      <trkpt lat="48.6074130423367023468017578125" lon="90.06701624952256679534912109375">
        <ele>2216</ele>
        <time>2025-08-13T01:58:27.000Z</time>
        <extensions>
          <ns3:TrackPointExtension>
            <ns3:atemp>14.0</ns3:atemp>
          </ns3:TrackPointExtension>
        </extensions>
      </trkpt>
      <trkpt lat="48.60751471482217311859130859375" lon="90.06682120263576507568359375">
        <ele>2216.39990234375</ele>
        <time>2025-08-13T01:58:35.000Z</time>
        <extensions>
          <ns3:TrackPointExtension>
            <ns3:atemp>14.0</ns3:atemp>
          </ns3:TrackPointExtension>
        </extensions>
      </trkpt>
      <trkpt lat="48.6076769046485424041748046875" lon="90.0664726831018924713134765625">
        <ele>2216.800048828125</ele>
        <time>2025-08-13T01:58:46.000Z</time>
        <extensions>
          <ns3:TrackPointExtension>
            <ns3:atemp>14.0</ns3:atemp>
          </ns3:TrackPointExtension>
        </extensions>
      </trkpt>
      <trkpt lat="48.6077865399420261383056640625" lon="90.06621561013162136077880859375">
        <ele>2217.39990234375</ele>
        <time>2025-08-13T01:58:54.000Z</time>
        <extensions>
          <ns3:TrackPointExtension>
            <ns3:atemp>14.0</ns3:atemp>
          </ns3:TrackPointExtension>
        </extensions>
      </trkpt>
      <trkpt lat="48.6078130267560482025146484375" lon="90.0661591999232769012451171875">
        <ele>2217.39990234375</ele>
        <time>2025-08-13T01:58:56.000Z</time>
        <extensions>
          <ns3:TrackPointExtension>
            <ns3:atemp>14.0</ns3:atemp>
          </ns3:TrackPointExtension>
        </extensions>
      </trkpt>
      <trkpt lat="48.60784395597875118255615234375" lon="90.06609574891626834869384765625">
        <ele>2217.39990234375</ele>
        <time>2025-08-13T01:58:59.000Z</time>
        <extensions>
          <ns3:TrackPointExtension>
            <ns3:atemp>14.0</ns3:atemp>
          </ns3:TrackPointExtension>
        </extensions>
      </trkpt>
      <trkpt lat="48.60784227959811687469482421875" lon="90.06608904339373111724853515625">
        <ele>2217.199951171875</ele>
        <time>2025-08-13T01:59:00.000Z</time>
        <extensions>
          <ns3:TrackPointExtension>
            <ns3:atemp>14.0</ns3:atemp>
          </ns3:TrackPointExtension>
        </extensions>
      </trkpt>
      <trkpt lat="48.60784211196005344390869140625" lon="90.06608317606151103973388671875">
        <ele>2217.199951171875</ele>
        <time>2025-08-13T01:59:03.000Z</time>
        <extensions>
          <ns3:TrackPointExtension>
            <ns3:atemp>14.0</ns3:atemp>
          </ns3:TrackPointExtension>
        </extensions>
      </trkpt>
      <trkpt lat="48.6079037189483642578125" lon="90.06604914553463459014892578125">
        <ele>2217.800048828125</ele>
        <time>2025-08-13T02:02:24.000Z</time>
        <extensions>
          <ns3:TrackPointExtension>
            <ns3:atemp>14.0</ns3:atemp>
          </ns3:TrackPointExtension>
        </extensions>
      </trkpt>
      <trkpt lat="48.60791511833667755126953125" lon="90.06600446999073028564453125">
        <ele>2217.800048828125</ele>
        <time>2025-08-13T02:02:25.000Z</time>
        <extensions>
          <ns3:TrackPointExtension>
            <ns3:atemp>14.0</ns3:atemp>
          </ns3:TrackPointExtension>
        </extensions>
      </trkpt>
      <trkpt lat="48.60799818299710750579833984375" lon="90.0657458044588565826416015625">
        <ele>2218</ele>
        <time>2025-08-13T02:02:32.000Z</time>
        <extensions>
          <ns3:TrackPointExtension>
            <ns3:atemp>14.0</ns3:atemp>
          </ns3:TrackPointExtension>
        </extensions>
      </trkpt>
      <trkpt lat="48.60809558071196079254150390625" lon="90.0654933415353298187255859375">
        <ele>2217.800048828125</ele>
        <time>2025-08-13T02:02:39.000Z</time>
        <extensions>
          <ns3:TrackPointExtension>
            <ns3:atemp>14.0</ns3:atemp>
          </ns3:TrackPointExtension>
        </extensions>
      </trkpt>
      <trkpt lat="48.60819431953132152557373046875" lon="90.06516954861581325531005859375">
        <ele>2217.39990234375</ele>
        <time>2025-08-13T02:02:46.000Z</time>
        <extensions>
          <ns3:TrackPointExtension>
            <ns3:atemp>14.0</ns3:atemp>
          </ns3:TrackPointExtension>
        </extensions>
      </trkpt>
      <trkpt lat="48.60830294899642467498779296875" lon="90.06482102908194065093994140625">
        <ele>2217.39990234375</ele>
        <time>2025-08-13T02:02:53.000Z</time>
        <extensions>
          <ns3:TrackPointExtension>
            <ns3:atemp>14.0</ns3:atemp>
          </ns3:TrackPointExtension>
        </extensions>
      </trkpt>
      <trkpt lat="48.60843412578105926513671875" lon="90.06445289589464664459228515625">
        <ele>2217</ele>
        <time>2025-08-13T02:03:00.000Z</time>
        <extensions>
          <ns3:TrackPointExtension>
            <ns3:atemp>14.0</ns3:atemp>
          </ns3:TrackPointExtension>
        </extensions>
      </trkpt>
      <trkpt lat="48.60847611911594867706298828125" lon="90.0643346272408962249755859375">
        <ele>2217</ele>
        <time>2025-08-13T02:03:02.000Z</time>
        <extensions>
          <ns3:TrackPointExtension>
            <ns3:atemp>14.0</ns3:atemp>
          </ns3:TrackPointExtension>
        </extensions>
      </trkpt>
      <trkpt lat="48.60857225954532623291015625" lon="90.06400178186595439910888671875">
        <ele>2216.800048828125</ele>
        <time>2025-08-13T02:03:07.000Z</time>
        <extensions>
          <ns3:TrackPointExtension>
            <ns3:atemp>14.0</ns3:atemp>
          </ns3:TrackPointExtension>
        </extensions>
      </trkpt>
      <trkpt lat="48.60859564505517482757568359375" lon="90.06392936222255229949951171875">
        <ele>2216.199951171875</ele>
        <time>2025-08-13T02:03:08.000Z</time>
        <extensions>
          <ns3:TrackPointExtension>
            <ns3:atemp>14.0</ns3:atemp>
          </ns3:TrackPointExtension>
        </extensions>
      </trkpt>
      <trkpt lat="48.60872958786785602569580078125" lon="90.0635321438312530517578125">
        <ele>2215.199951171875</ele>
        <time>2025-08-13T02:03:13.000Z</time>
        <extensions>
          <ns3:TrackPointExtension>
            <ns3:atemp>14.0</ns3:atemp>
          </ns3:TrackPointExtension>
        </extensions>
      </trkpt>
      <trkpt lat="48.60875758342444896697998046875" lon="90.0634468160569667816162109375">
        <ele>2215</ele>
        <time>2025-08-13T02:03:14.000Z</time>
        <extensions>
          <ns3:TrackPointExtension>
            <ns3:atemp>14.0</ns3:atemp>
          </ns3:TrackPointExtension>
        </extensions>
      </trkpt>
      <trkpt lat="48.60890686511993408203125" lon="90.063002072274684906005859375">
        <ele>2214.199951171875</ele>
        <time>2025-08-13T02:03:19.000Z</time>
        <extensions>
          <ns3:TrackPointExtension>
            <ns3:atemp>14.0</ns3:atemp>
          </ns3:TrackPointExtension>
        </extensions>
      </trkpt>
      <trkpt lat="48.608937375247478485107421875" lon="90.06290853023529052734375">
        <ele>2214</ele>
        <time>2025-08-13T02:03:20.000Z</time>
        <extensions>
          <ns3:TrackPointExtension>
            <ns3:atemp>14.0</ns3:atemp>
          </ns3:TrackPointExtension>
        </extensions>
      </trkpt>
      <trkpt lat="48.6091075278818607330322265625" lon="90.062416680157184600830078125">
        <ele>2213.199951171875</ele>
        <time>2025-08-13T02:03:25.000Z</time>
        <extensions>
          <ns3:TrackPointExtension>
            <ns3:atemp>14.0</ns3:atemp>
          </ns3:TrackPointExtension>
        </extensions>
      </trkpt>
      <trkpt lat="48.6091708950698375701904296875" lon="90.062219537794589996337890625">
        <ele>2213</ele>
        <time>2025-08-13T02:03:27.000Z</time>
        <extensions>
          <ns3:TrackPointExtension>
            <ns3:atemp>14.0</ns3:atemp>
          </ns3:TrackPointExtension>
        </extensions>
      </trkpt>
      <trkpt lat="48.60935521312057971954345703125" lon="90.061645209789276123046875">
        <ele>2211.60009765625</ele>
        <time>2025-08-13T02:03:33.000Z</time>
        <extensions>
          <ns3:TrackPointExtension>
            <ns3:atemp>14.0</ns3:atemp>
          </ns3:TrackPointExtension>
        </extensions>
      </trkpt>
      <trkpt lat="48.60938723199069499969482421875" lon="90.06155577488243579864501953125">
        <ele>2211.39990234375</ele>
        <time>2025-08-13T02:03:34.000Z</time>
        <extensions>
          <ns3:TrackPointExtension>
            <ns3:atemp>14.0</ns3:atemp>
          </ns3:TrackPointExtension>
        </extensions>
      </trkpt>
      <trkpt lat="48.6095014773309230804443359375" lon="90.06119920872151851654052734375">
        <ele>2210.60009765625</ele>
        <time>2025-08-13T02:03:38.000Z</time>
        <extensions>
          <ns3:TrackPointExtension>
            <ns3:atemp>14.0</ns3:atemp>
          </ns3:TrackPointExtension>
        </extensions>
      </trkpt>
      <trkpt lat="48.60955663025379180908203125" lon="90.061023272573947906494140625">
        <ele>2209.60009765625</ele>
        <time>2025-08-13T02:03:40.000Z</time>
        <extensions>
          <ns3:TrackPointExtension>
            <ns3:atemp>14.0</ns3:atemp>
          </ns3:TrackPointExtension>
        </extensions>
      </trkpt>
      <trkpt lat="48.60961404629051685333251953125" lon="90.06085353903472423553466796875">
        <ele>2208.800048828125</ele>
        <time>2025-08-13T02:03:42.000Z</time>
        <extensions>
          <ns3:TrackPointExtension>
            <ns3:atemp>14.0</ns3:atemp>
          </ns3:TrackPointExtension>
        </extensions>
      </trkpt>
      <trkpt lat="48.6096431314945220947265625" lon="90.06076687015593051910400390625">
        <ele>2208.60009765625</ele>
        <time>2025-08-13T02:03:43.000Z</time>
        <extensions>
          <ns3:TrackPointExtension>
            <ns3:atemp>14.0</ns3:atemp>
          </ns3:TrackPointExtension>
        </extensions>
      </trkpt>
      <trkpt lat="48.60976424999535083770751953125" lon="90.0604140758514404296875">
        <ele>2207.60009765625</ele>
        <time>2025-08-13T02:03:47.000Z</time>
        <extensions>
          <ns3:TrackPointExtension>
            <ns3:atemp>14.0</ns3:atemp>
          </ns3:TrackPointExtension>
        </extensions>
      </trkpt>
      <trkpt lat="48.60991177149116992950439453125" lon="90.0599621236324310302734375">
        <ele>2206.39990234375</ele>
        <time>2025-08-13T02:03:52.000Z</time>
        <extensions>
          <ns3:TrackPointExtension>
            <ns3:atemp>14.0</ns3:atemp>
          </ns3:TrackPointExtension>
        </extensions>
      </trkpt>
      <trkpt lat="48.61005677841603755950927734375" lon="90.059523917734622955322265625">
        <ele>2205.199951171875</ele>
        <time>2025-08-13T02:03:57.000Z</time>
        <extensions>
          <ns3:TrackPointExtension>
            <ns3:atemp>14.0</ns3:atemp>
          </ns3:TrackPointExtension>
        </extensions>
      </trkpt>
      <trkpt lat="48.6101445369422435760498046875" lon="90.0592706166207790374755859375">
        <ele>2204.800048828125</ele>
        <time>2025-08-13T02:04:00.000Z</time>
        <extensions>
          <ns3:TrackPointExtension>
            <ns3:atemp>14.0</ns3:atemp>
          </ns3:TrackPointExtension>
        </extensions>
      </trkpt>
      <trkpt lat="48.610228188335895538330078125" lon="90.0590302236378192901611328125">
        <ele>2204.199951171875</ele>
        <time>2025-08-13T02:04:03.000Z</time>
        <extensions>
          <ns3:TrackPointExtension>
            <ns3:atemp>14.0</ns3:atemp>
          </ns3:TrackPointExtension>
        </extensions>
      </trkpt>
      <trkpt lat="48.610375039279460906982421875" lon="90.058582127094268798828125">
        <ele>2203.60009765625</ele>
        <time>2025-08-13T02:04:08.000Z</time>
        <extensions>
          <ns3:TrackPointExtension>
            <ns3:atemp>14.0</ns3:atemp>
          </ns3:TrackPointExtension>
        </extensions>
      </trkpt>
      <trkpt lat="48.6104523204267024993896484375" lon="90.05833360366523265838623046875">
        <ele>2202.800048828125</ele>
        <time>2025-08-13T02:04:11.000Z</time>
        <extensions>
          <ns3:TrackPointExtension>
            <ns3:atemp>14.0</ns3:atemp>
          </ns3:TrackPointExtension>
        </extensions>
      </trkpt>
      <trkpt lat="48.6105465330183506011962890625" lon="90.05807477049529552459716796875">
        <ele>2202</ele>
        <time>2025-08-13T02:04:14.000Z</time>
        <extensions>
          <ns3:TrackPointExtension>
            <ns3:atemp>14.0</ns3:atemp>
          </ns3:TrackPointExtension>
        </extensions>
      </trkpt>
      <trkpt lat="48.61060939729213714599609375" lon="90.0578914582729339599609375">
        <ele>2201.800048828125</ele>
        <time>2025-08-13T02:04:16.000Z</time>
        <extensions>
          <ns3:TrackPointExtension>
            <ns3:atemp>14.0</ns3:atemp>
          </ns3:TrackPointExtension>
        </extensions>
      </trkpt>
      <trkpt lat="48.6107413284480571746826171875" lon="90.05751754157245159149169921875">
        <ele>2200.800048828125</ele>
        <time>2025-08-13T02:04:20.000Z</time>
        <extensions>
          <ns3:TrackPointExtension>
            <ns3:atemp>14.0</ns3:atemp>
          </ns3:TrackPointExtension>
        </extensions>
      </trkpt>
      <trkpt lat="48.6107731796801090240478515625" lon="90.05742366425693035125732421875">
        <ele>2200.60009765625</ele>
        <time>2025-08-13T02:04:21.000Z</time>
        <extensions>
          <ns3:TrackPointExtension>
            <ns3:atemp>14.0</ns3:atemp>
          </ns3:TrackPointExtension>
        </extensions>
      </trkpt>
      <trkpt lat="48.61090167425572872161865234375" lon="90.0570343248546123504638671875">
        <ele>2199.60009765625</ele>
        <time>2025-08-13T02:04:25.000Z</time>
        <extensions>
          <ns3:TrackPointExtension>
            <ns3:atemp>14.0</ns3:atemp>
          </ns3:TrackPointExtension>
        </extensions>
      </trkpt>
      <trkpt lat="48.61101784743368625640869140625" lon="90.05666057579219341278076171875">
        <ele>2199.199951171875</ele>
        <time>2025-08-13T02:04:29.000Z</time>
        <extensions>
          <ns3:TrackPointExtension>
            <ns3:atemp>14.0</ns3:atemp>
          </ns3:TrackPointExtension>
        </extensions>
      </trkpt>
      <trkpt lat="48.6111600883305072784423828125" lon="90.05620510317385196685791015625">
        <ele>2198.39990234375</ele>
        <time>2025-08-13T02:04:34.000Z</time>
        <extensions>
          <ns3:TrackPointExtension>
            <ns3:atemp>14.0</ns3:atemp>
          </ns3:TrackPointExtension>
        </extensions>
      </trkpt>
      <trkpt lat="48.61120794899761676788330078125" lon="90.0560512952506542205810546875">
        <ele>2198</ele>
        <time>2025-08-13T02:04:36.000Z</time>
        <extensions>
          <ns3:TrackPointExtension>
            <ns3:atemp>14.0</ns3:atemp>
          </ns3:TrackPointExtension>
        </extensions>
      </trkpt>
      <trkpt lat="48.611280955374240875244140625" lon="90.05583965219557285308837890625">
        <ele>2197.39990234375</ele>
        <time>2025-08-13T02:04:39.000Z</time>
        <extensions>
          <ns3:TrackPointExtension>
            <ns3:atemp>14.0</ns3:atemp>
          </ns3:TrackPointExtension>
        </extensions>
      </trkpt>
      <trkpt lat="48.61138145439326763153076171875" lon="90.05556665360927581787109375">
        <ele>2196.60009765625</ele>
        <time>2025-08-13T02:04:43.000Z</time>
        <extensions>
          <ns3:TrackPointExtension>
            <ns3:atemp>14.0</ns3:atemp>
          </ns3:TrackPointExtension>
        </extensions>
      </trkpt>
      <trkpt lat="48.61142956651747226715087890625" lon="90.0554184615612030029296875">
        <ele>2196.199951171875</ele>
        <time>2025-08-13T02:04:45.000Z</time>
        <extensions>
          <ns3:TrackPointExtension>
            <ns3:atemp>14.0</ns3:atemp>
          </ns3:TrackPointExtension>
        </extensions>
      </trkpt>
      <trkpt lat="48.61157155595719814300537109375" lon="90.054990313947200775146484375">
        <ele>2195.800048828125</ele>
        <time>2025-08-13T02:04:51.000Z</time>
        <extensions>
          <ns3:TrackPointExtension>
            <ns3:atemp>14.0</ns3:atemp>
          </ns3:TrackPointExtension>
        </extensions>
      </trkpt>
      <trkpt lat="48.6117669381201267242431640625" lon="90.0543992221355438232421875">
        <ele>2195.39990234375</ele>
        <time>2025-08-13T02:05:00.000Z</time>
        <extensions>
          <ns3:TrackPointExtension>
            <ns3:atemp>14.0</ns3:atemp>
          </ns3:TrackPointExtension>
        </extensions>
      </trkpt>
      <trkpt lat="48.61182712018489837646484375" lon="90.0542112998664379119873046875">
        <ele>2195.199951171875</ele>
        <time>2025-08-13T02:05:03.000Z</time>
        <extensions>
          <ns3:TrackPointExtension>
            <ns3:atemp>14.0</ns3:atemp>
          </ns3:TrackPointExtension>
        </extensions>
      </trkpt>
      <trkpt lat="48.6119727976620197296142578125" lon="90.05376194603741168975830078125">
        <ele>2195</ele>
        <time>2025-08-13T02:05:10.000Z</time>
        <extensions>
          <ns3:TrackPointExtension>
            <ns3:atemp>14.0</ns3:atemp>
          </ns3:TrackPointExtension>
        </extensions>
      </trkpt>
      <trkpt lat="48.61217237077653408050537109375" lon="90.0531618855893611907958984375">
        <ele>2194.199951171875</ele>
        <time>2025-08-13T02:05:19.000Z</time>
        <extensions>
          <ns3:TrackPointExtension>
            <ns3:atemp>13.0</ns3:atemp>
          </ns3:TrackPointExtension>
        </extensions>
      </trkpt>
      <trkpt lat="48.61226691864430904388427734375" lon="90.05288369022309780120849609375">
        <ele>2194</ele>
        <time>2025-08-13T02:05:23.000Z</time>
        <extensions>
          <ns3:TrackPointExtension>
            <ns3:atemp>14.0</ns3:atemp>
          </ns3:TrackPointExtension>
        </extensions>
      </trkpt>
      <trkpt lat="48.61245148815214633941650390625" lon="90.052328892052173614501953125">
        <ele>2193.39990234375</ele>
        <time>2025-08-13T02:05:31.000Z</time>
        <extensions>
          <ns3:TrackPointExtension>
            <ns3:atemp>13.0</ns3:atemp>
          </ns3:TrackPointExtension>
        </extensions>
      </trkpt>
      <trkpt lat="48.61250035464763641357421875" lon="90.05218195728957653045654296875">
        <ele>2193.199951171875</ele>
        <time>2025-08-13T02:05:33.000Z</time>
        <extensions>
          <ns3:TrackPointExtension>
            <ns3:atemp>13.0</ns3:atemp>
          </ns3:TrackPointExtension>
        </extensions>
      </trkpt>
      <trkpt lat="48.612699843943119049072265625" lon="90.05158332176506519317626953125">
        <ele>2192</ele>
        <time>2025-08-13T02:05:41.000Z</time>
        <extensions>
          <ns3:TrackPointExtension>
            <ns3:atemp>13.0</ns3:atemp>
          </ns3:TrackPointExtension>
        </extensions>
      </trkpt>
      <trkpt lat="48.61295741982758045196533203125" lon="90.05082316696643829345703125">
        <ele>2191.39990234375</ele>
        <time>2025-08-13T02:05:51.000Z</time>
        <extensions>
          <ns3:TrackPointExtension>
            <ns3:atemp>13.0</ns3:atemp>
          </ns3:TrackPointExtension>
        </extensions>
      </trkpt>
      <trkpt lat="48.61302866600453853607177734375" lon="90.05060163326561450958251953125">
        <ele>2191</ele>
        <time>2025-08-13T02:05:54.000Z</time>
        <extensions>
          <ns3:TrackPointExtension>
            <ns3:atemp>13.0</ns3:atemp>
          </ns3:TrackPointExtension>
        </extensions>
      </trkpt>
      <trkpt lat="48.61328716389834880828857421875" lon="90.04984550178050994873046875">
        <ele>2190.39990234375</ele>
        <time>2025-08-13T02:06:04.000Z</time>
        <extensions>
          <ns3:TrackPointExtension>
            <ns3:atemp>13.0</ns3:atemp>
          </ns3:TrackPointExtension>
        </extensions>
      </trkpt>
      <trkpt lat="48.6133605055510997772216796875" lon="90.0496248900890350341796875">
        <ele>2189.800048828125</ele>
        <time>2025-08-13T02:06:07.000Z</time>
        <extensions>
          <ns3:TrackPointExtension>
            <ns3:atemp>13.0</ns3:atemp>
          </ns3:TrackPointExtension>
        </extensions>
      </trkpt>
      <trkpt lat="48.61344642005860805511474609375" lon="90.04933898337185382843017578125">
        <ele>2189.39990234375</ele>
        <time>2025-08-13T02:06:11.000Z</time>
        <extensions>
          <ns3:TrackPointExtension>
            <ns3:atemp>13.0</ns3:atemp>
          </ns3:TrackPointExtension>
        </extensions>
      </trkpt>
      <trkpt lat="48.61355907283723354339599609375" lon="90.04902541637420654296875">
        <ele>2188.800048828125</ele>
        <time>2025-08-13T02:06:16.000Z</time>
        <extensions>
          <ns3:TrackPointExtension>
            <ns3:atemp>13.0</ns3:atemp>
          </ns3:TrackPointExtension>
        </extensions>
      </trkpt>
      <trkpt lat="48.61360031180083751678466796875" lon="90.04889792762696743011474609375">
        <ele>2188.39990234375</ele>
        <time>2025-08-13T02:06:18.000Z</time>
        <extensions>
          <ns3:TrackPointExtension>
            <ns3:atemp>13.0</ns3:atemp>
          </ns3:TrackPointExtension>
        </extensions>
      </trkpt>
      <trkpt lat="48.61381975002586841583251953125" lon="90.04823223687708377838134765625">
        <ele>2187.60009765625</ele>
        <time>2025-08-13T02:06:27.000Z</time>
        <extensions>
          <ns3:TrackPointExtension>
            <ns3:atemp>13.0</ns3:atemp>
          </ns3:TrackPointExtension>
        </extensions>
      </trkpt>
      <trkpt lat="48.61384523101150989532470703125" lon="90.04814892075955867767333984375">
        <ele>2187.39990234375</ele>
        <time>2025-08-13T02:06:28.000Z</time>
        <extensions>
          <ns3:TrackPointExtension>
            <ns3:atemp>13.0</ns3:atemp>
          </ns3:TrackPointExtension>
        </extensions>
      </trkpt>
      <trkpt lat="48.61402292735874652862548828125" lon="90.04755229689180850982666015625">
        <ele>2186.60009765625</ele>
        <time>2025-08-13T02:06:35.000Z</time>
        <extensions>
          <ns3:TrackPointExtension>
            <ns3:atemp>13.0</ns3:atemp>
          </ns3:TrackPointExtension>
        </extensions>
      </trkpt>
      <trkpt lat="48.6140464805066585540771484375" lon="90.04746646620333194732666015625">
        <ele>2186.199951171875</ele>
        <time>2025-08-13T02:06:36.000Z</time>
        <extensions>
          <ns3:TrackPointExtension>
            <ns3:atemp>13.0</ns3:atemp>
          </ns3:TrackPointExtension>
        </extensions>
      </trkpt>
      <trkpt lat="48.61427354626357555389404296875" lon="90.04665710963308811187744140625">
        <ele>2185.60009765625</ele>
        <time>2025-08-13T02:06:46.000Z</time>
        <extensions>
          <ns3:TrackPointExtension>
            <ns3:atemp>13.0</ns3:atemp>
          </ns3:TrackPointExtension>
        </extensions>
      </trkpt>
      <trkpt lat="48.614293076097965240478515625" lon="90.04658133722841739654541015625">
        <ele>2185.39990234375</ele>
        <time>2025-08-13T02:06:47.000Z</time>
        <extensions>
          <ns3:TrackPointExtension>
            <ns3:atemp>13.0</ns3:atemp>
          </ns3:TrackPointExtension>
        </extensions>
      </trkpt>
      <trkpt lat="48.6143720336258411407470703125" lon="90.04630322568118572235107421875">
        <ele>2184.39990234375</ele>
        <time>2025-08-13T02:06:51.000Z</time>
        <extensions>
          <ns3:TrackPointExtension>
            <ns3:atemp>13.0</ns3:atemp>
          </ns3:TrackPointExtension>
        </extensions>
      </trkpt>
      <trkpt lat="48.61444495618343353271484375" lon="90.04603316076099872589111328125">
        <ele>2184</ele>
        <time>2025-08-13T02:06:55.000Z</time>
        <extensions>
          <ns3:TrackPointExtension>
            <ns3:atemp>13.0</ns3:atemp>
          </ns3:TrackPointExtension>
        </extensions>
      </trkpt>
      <trkpt lat="48.61448057927191257476806640625" lon="90.0458858907222747802734375">
        <ele>2183.39990234375</ele>
        <time>2025-08-13T02:06:57.000Z</time>
        <extensions>
          <ns3:TrackPointExtension>
            <ns3:atemp>13.0</ns3:atemp>
          </ns3:TrackPointExtension>
        </extensions>
      </trkpt>
      <trkpt lat="48.61461083404719829559326171875" lon="90.04535338841378688812255859375">
        <ele>2182.60009765625</ele>
        <time>2025-08-13T02:07:04.000Z</time>
        <extensions>
          <ns3:TrackPointExtension>
            <ns3:atemp>13.0</ns3:atemp>
          </ns3:TrackPointExtension>
        </extensions>
      </trkpt>
      <trkpt lat="48.61465106718242168426513671875" lon="90.0451883487403392791748046875">
        <ele>2182.199951171875</ele>
        <time>2025-08-13T02:07:06.000Z</time>
        <extensions>
          <ns3:TrackPointExtension>
            <ns3:atemp>13.0</ns3:atemp>
          </ns3:TrackPointExtension>
        </extensions>
      </trkpt>
      <trkpt lat="48.61480043269693851470947265625" lon="90.0446046330034732818603515625">
        <ele>2181.199951171875</ele>
        <time>2025-08-13T02:07:14.000Z</time>
        <extensions>
          <ns3:TrackPointExtension>
            <ns3:atemp>13.0</ns3:atemp>
          </ns3:TrackPointExtension>
        </extensions>
      </trkpt>
      <trkpt lat="48.61481568776071071624755859375" lon="90.04453799687325954437255859375">
        <ele>2181.199951171875</ele>
        <time>2025-08-13T02:07:15.000Z</time>
        <extensions>
          <ns3:TrackPointExtension>
            <ns3:atemp>13.0</ns3:atemp>
          </ns3:TrackPointExtension>
        </extensions>
      </trkpt>
      <trkpt lat="48.6149114929139614105224609375" lon="90.04410515539348125457763671875">
        <ele>2180.60009765625</ele>
        <time>2025-08-13T02:07:22.000Z</time>
        <extensions>
          <ns3:TrackPointExtension>
            <ns3:atemp>13.0</ns3:atemp>
          </ns3:TrackPointExtension>
        </extensions>
      </trkpt>
      <trkpt lat="48.61504535190761089324951171875" lon="90.04353300668299198150634765625">
        <ele>2180.199951171875</ele>
        <time>2025-08-13T02:07:31.000Z</time>
        <extensions>
          <ns3:TrackPointExtension>
            <ns3:atemp>13.0</ns3:atemp>
          </ns3:TrackPointExtension>
        </extensions>
      </trkpt>
      <trkpt lat="48.615058846771717071533203125" lon="90.04346762783825397491455078125">
        <ele>2180.199951171875</ele>
        <time>2025-08-13T02:07:32.000Z</time>
        <extensions>
          <ns3:TrackPointExtension>
            <ns3:atemp>13.0</ns3:atemp>
          </ns3:TrackPointExtension>
        </extensions>
      </trkpt>
      <trkpt lat="48.61509430222213268280029296875" lon="90.04322136752307415008544921875">
        <ele>2179.800048828125</ele>
        <time>2025-08-13T02:07:36.000Z</time>
        <extensions>
          <ns3:TrackPointExtension>
            <ns3:atemp>13.0</ns3:atemp>
          </ns3:TrackPointExtension>
        </extensions>
      </trkpt>
      <trkpt lat="48.6151170171797275543212890625" lon="90.0431062839925289154052734375">
        <ele>2179.60009765625</ele>
        <time>2025-08-13T02:07:38.000Z</time>
        <extensions>
          <ns3:TrackPointExtension>
            <ns3:atemp>13.0</ns3:atemp>
          </ns3:TrackPointExtension>
        </extensions>
      </trkpt>
      <trkpt lat="48.61520930193364620208740234375" lon="90.0426861830055713653564453125">
        <ele>2179.39990234375</ele>
        <time>2025-08-13T02:07:46.000Z</time>
        <extensions>
          <ns3:TrackPointExtension>
            <ns3:atemp>13.0</ns3:atemp>
          </ns3:TrackPointExtension>
        </extensions>
      </trkpt>
      <trkpt lat="48.61525422893464565277099609375" lon="90.0424055568873882293701171875">
        <ele>2179.199951171875</ele>
        <time>2025-08-13T02:07:51.000Z</time>
        <extensions>
          <ns3:TrackPointExtension>
            <ns3:atemp>13.0</ns3:atemp>
          </ns3:TrackPointExtension>
        </extensions>
      </trkpt>
      <trkpt lat="48.615300245583057403564453125" lon="90.04212853498756885528564453125">
        <ele>2179</ele>
        <time>2025-08-13T02:07:56.000Z</time>
        <extensions>
          <ns3:TrackPointExtension>
            <ns3:atemp>13.0</ns3:atemp>
          </ns3:TrackPointExtension>
        </extensions>
      </trkpt>
      <trkpt lat="48.61539018340408802032470703125" lon="90.0417571328580379486083984375">
        <ele>2178.199951171875</ele>
        <time>2025-08-13T02:08:04.000Z</time>
        <extensions>
          <ns3:TrackPointExtension>
            <ns3:atemp>13.0</ns3:atemp>
          </ns3:TrackPointExtension>
        </extensions>
      </trkpt>
      <trkpt lat="48.6153993196785449981689453125" lon="90.04170910455286502838134765625">
        <ele>2178.199951171875</ele>
        <time>2025-08-13T02:08:05.000Z</time>
        <extensions>
          <ns3:TrackPointExtension>
            <ns3:atemp>13.0</ns3:atemp>
          </ns3:TrackPointExtension>
        </extensions>
      </trkpt>
      <trkpt lat="48.61548339016735553741455078125" lon="90.04129772074520587921142578125">
        <ele>2177.800048828125</ele>
        <time>2025-08-13T02:08:13.000Z</time>
        <extensions>
          <ns3:TrackPointExtension>
            <ns3:atemp>13.0</ns3:atemp>
          </ns3:TrackPointExtension>
        </extensions>
      </trkpt>
      <trkpt lat="48.61555002629756927490234375" lon="90.04086420871317386627197265625">
        <ele>2177.39990234375</ele>
        <time>2025-08-13T02:08:20.000Z</time>
        <extensions>
          <ns3:TrackPointExtension>
            <ns3:atemp>13.0</ns3:atemp>
          </ns3:TrackPointExtension>
        </extensions>
      </trkpt>
      <trkpt lat="48.6155713163316249847412109375" lon="90.04074417985975742340087890625">
        <ele>2177</ele>
        <time>2025-08-13T02:08:22.000Z</time>
        <extensions>
          <ns3:TrackPointExtension>
            <ns3:atemp>13.0</ns3:atemp>
          </ns3:TrackPointExtension>
        </extensions>
      </trkpt>
      <trkpt lat="48.615663684904575347900390625" lon="90.040344111621379852294921875">
        <ele>2176.800048828125</ele>
        <time>2025-08-13T02:08:29.000Z</time>
        <extensions>
          <ns3:TrackPointExtension>
            <ns3:atemp>13.0</ns3:atemp>
          </ns3:TrackPointExtension>
        </extensions>
      </trkpt>
      <trkpt lat="48.61571003682911396026611328125" lon="90.04011922515928745269775390625">
        <ele>2176</ele>
        <time>2025-08-13T02:08:33.000Z</time>
        <extensions>
          <ns3:TrackPointExtension>
            <ns3:atemp>13.0</ns3:atemp>
          </ns3:TrackPointExtension>
        </extensions>
      </trkpt>
      <trkpt lat="48.61577591858804225921630859375" lon="90.03975176252424716949462890625">
        <ele>2176</ele>
        <time>2025-08-13T02:08:40.000Z</time>
        <extensions>
          <ns3:TrackPointExtension>
            <ns3:atemp>13.0</ns3:atemp>
          </ns3:TrackPointExtension>
        </extensions>
      </trkpt>
      <trkpt lat="48.61589008010923862457275390625" lon="90.039247758686542510986328125">
        <ele>2175.199951171875</ele>
        <time>2025-08-13T02:08:49.000Z</time>
        <extensions>
          <ns3:TrackPointExtension>
            <ns3:atemp>13.0</ns3:atemp>
          </ns3:TrackPointExtension>
        </extensions>
      </trkpt>
      <trkpt lat="48.61593567766249179840087890625" lon="90.0389931164681911468505859375">
        <ele>2175</ele>
        <time>2025-08-13T02:08:53.000Z</time>
        <extensions>
          <ns3:TrackPointExtension>
            <ns3:atemp>13.0</ns3:atemp>
          </ns3:TrackPointExtension>
        </extensions>
      </trkpt>
      <trkpt lat="48.61601396463811397552490234375" lon="90.0386813096702098846435546875">
        <ele>2174.39990234375</ele>
        <time>2025-08-13T02:08:58.000Z</time>
        <extensions>
          <ns3:TrackPointExtension>
            <ns3:atemp>13.0</ns3:atemp>
          </ns3:TrackPointExtension>
        </extensions>
      </trkpt>
      <trkpt lat="48.61613717861473560333251953125" lon="90.03807286731898784637451171875">
        <ele>2174.199951171875</ele>
        <time>2025-08-13T02:09:07.000Z</time>
        <extensions>
          <ns3:TrackPointExtension>
            <ns3:atemp>13.0</ns3:atemp>
          </ns3:TrackPointExtension>
        </extensions>
      </trkpt>
      <trkpt lat="48.616273887455463409423828125" lon="90.03754028119146823883056640625">
        <ele>2174</ele>
        <time>2025-08-13T02:09:15.000Z</time>
        <extensions>
          <ns3:TrackPointExtension>
            <ns3:atemp>13.0</ns3:atemp>
          </ns3:TrackPointExtension>
        </extensions>
      </trkpt>
      <trkpt lat="48.616288639605045318603515625" lon="90.03747976385056972503662109375">
        <ele>2173.800048828125</ele>
        <time>2025-08-13T02:09:16.000Z</time>
        <extensions>
          <ns3:TrackPointExtension>
            <ns3:atemp>13.0</ns3:atemp>
          </ns3:TrackPointExtension>
        </extensions>
      </trkpt>
      <trkpt lat="48.6164051480591297149658203125" lon="90.0370900891721248626708984375">
        <ele>2173.199951171875</ele>
        <time>2025-08-13T02:09:23.000Z</time>
        <extensions>
          <ns3:TrackPointExtension>
            <ns3:atemp>13.0</ns3:atemp>
          </ns3:TrackPointExtension>
        </extensions>
      </trkpt>
      <trkpt lat="48.61657186411321163177490234375" lon="90.0365918688476085662841796875">
        <ele>2172.800048828125</ele>
        <time>2025-08-13T02:09:31.000Z</time>
        <extensions>
          <ns3:TrackPointExtension>
            <ns3:atemp>13.0</ns3:atemp>
          </ns3:TrackPointExtension>
        </extensions>
      </trkpt>
      <trkpt lat="48.61659206449985504150390625" lon="90.0365268252789974212646484375">
        <ele>2172.800048828125</ele>
        <time>2025-08-13T02:09:32.000Z</time>
        <extensions>
          <ns3:TrackPointExtension>
            <ns3:atemp>13.0</ns3:atemp>
          </ns3:TrackPointExtension>
        </extensions>
      </trkpt>
      <trkpt lat="48.6167223192751407623291015625" lon="90.036169923841953277587890625">
        <ele>2172.39990234375</ele>
        <time>2025-08-13T02:09:38.000Z</time>
        <extensions>
          <ns3:TrackPointExtension>
            <ns3:atemp>13.0</ns3:atemp>
          </ns3:TrackPointExtension>
        </extensions>
      </trkpt>
      <trkpt lat="48.61676129512488842010498046875" lon="90.03605383448302745819091796875">
        <ele>2172.199951171875</ele>
        <time>2025-08-13T02:09:40.000Z</time>
        <extensions>
          <ns3:TrackPointExtension>
            <ns3:atemp>13.0</ns3:atemp>
          </ns3:TrackPointExtension>
        </extensions>
      </trkpt>
      <trkpt lat="48.61678174696862697601318359375" lon="90.03599616698920726776123046875">
        <ele>2172</ele>
        <time>2025-08-13T02:09:41.000Z</time>
        <extensions>
          <ns3:TrackPointExtension>
            <ns3:atemp>13.0</ns3:atemp>
          </ns3:TrackPointExtension>
        </extensions>
      </trkpt>
      <trkpt lat="48.6168778873980045318603515625" lon="90.03577052615582942962646484375">
        <ele>2171.800048828125</ele>
        <time>2025-08-13T02:09:45.000Z</time>
        <extensions>
          <ns3:TrackPointExtension>
            <ns3:atemp>13.0</ns3:atemp>
          </ns3:TrackPointExtension>
        </extensions>
      </trkpt>
      <trkpt lat="48.61692239530384540557861328125" lon="90.03565938211977481842041015625">
        <ele>2171.60009765625</ele>
        <time>2025-08-13T02:09:47.000Z</time>
        <extensions>
          <ns3:TrackPointExtension>
            <ns3:atemp>13.0</ns3:atemp>
          </ns3:TrackPointExtension>
        </extensions>
      </trkpt>
      <trkpt lat="48.61712423153221607208251953125" lon="90.035201646387577056884765625">
        <ele>2171.199951171875</ele>
        <time>2025-08-13T02:09:56.000Z</time>
        <extensions>
          <ns3:TrackPointExtension>
            <ns3:atemp>13.0</ns3:atemp>
          </ns3:TrackPointExtension>
        </extensions>
      </trkpt>
      <trkpt lat="48.61734014935791492462158203125" lon="90.03470887430012226104736328125">
        <ele>2171.39990234375</ele>
        <time>2025-08-13T02:10:04.000Z</time>
        <extensions>
          <ns3:TrackPointExtension>
            <ns3:atemp>13.0</ns3:atemp>
          </ns3:TrackPointExtension>
        </extensions>
      </trkpt>
      <trkpt lat="48.61739865504205226898193359375" lon="90.0345932878553867340087890625">
        <ele>2171.39990234375</ele>
        <time>2025-08-13T02:10:06.000Z</time>
        <extensions>
          <ns3:TrackPointExtension>
            <ns3:atemp>13.0</ns3:atemp>
          </ns3:TrackPointExtension>
        </extensions>
      </trkpt>
      <trkpt lat="48.61764893867075443267822265625" lon="90.03413521684706211090087890625">
        <ele>2171.199951171875</ele>
        <time>2025-08-13T02:10:14.000Z</time>
        <extensions>
          <ns3:TrackPointExtension>
            <ns3:atemp>13.0</ns3:atemp>
          </ns3:TrackPointExtension>
        </extensions>
      </trkpt>
      <trkpt lat="48.617857731878757476806640625" lon="90.0337703526020050048828125">
        <ele>2170.800048828125</ele>
        <time>2025-08-13T02:10:21.000Z</time>
        <extensions>
          <ns3:TrackPointExtension>
            <ns3:atemp>13.0</ns3:atemp>
          </ns3:TrackPointExtension>
        </extensions>
      </trkpt>
      <trkpt lat="48.61790995113551616668701171875" lon="90.033680498600006103515625">
        <ele>2170.60009765625</ele>
        <time>2025-08-13T02:10:23.000Z</time>
        <extensions>
          <ns3:TrackPointExtension>
            <ns3:atemp>13.0</ns3:atemp>
          </ns3:TrackPointExtension>
        </extensions>
      </trkpt>
      <trkpt lat="48.6181626655161380767822265625" lon="90.03326282836496829986572265625">
        <ele>2170.60009765625</ele>
        <time>2025-08-13T02:10:32.000Z</time>
        <extensions>
          <ns3:TrackPointExtension>
            <ns3:atemp>13.0</ns3:atemp>
          </ns3:TrackPointExtension>
        </extensions>
      </trkpt>
      <trkpt lat="48.61847338266670703887939453125" lon="90.03281791694462299346923828125">
        <ele>2170.60009765625</ele>
        <time>2025-08-13T02:10:41.000Z</time>
        <extensions>
          <ns3:TrackPointExtension>
            <ns3:atemp>13.0</ns3:atemp>
          </ns3:TrackPointExtension>
        </extensions>
      </trkpt>
      <trkpt lat="48.61882793717086315155029296875" lon="90.03228533081710338592529296875">
        <ele>2170.199951171875</ele>
        <time>2025-08-13T02:10:53.000Z</time>
        <extensions>
          <ns3:TrackPointExtension>
            <ns3:atemp>13.0</ns3:atemp>
          </ns3:TrackPointExtension>
        </extensions>
      </trkpt>
      <trkpt lat="48.61908710561692714691162109375" lon="90.031913928687572479248046875">
        <ele>2169.800048828125</ele>
        <time>2025-08-13T02:11:02.000Z</time>
        <extensions>
          <ns3:TrackPointExtension>
            <ns3:atemp>13.0</ns3:atemp>
          </ns3:TrackPointExtension>
        </extensions>
      </trkpt>
      <trkpt lat="48.6193790473043918609619140625" lon="90.0314996950328350067138671875">
        <ele>2170.39990234375</ele>
        <time>2025-08-13T02:11:11.000Z</time>
        <extensions>
          <ns3:TrackPointExtension>
            <ns3:atemp>13.0</ns3:atemp>
          </ns3:TrackPointExtension>
        </extensions>
      </trkpt>
      <trkpt lat="48.619689680635929107666015625" lon="90.031036175787448883056640625">
        <ele>2170.199951171875</ele>
        <time>2025-08-13T02:11:21.000Z</time>
        <extensions>
          <ns3:TrackPointExtension>
            <ns3:atemp>13.0</ns3:atemp>
          </ns3:TrackPointExtension>
        </extensions>
      </trkpt>
      <trkpt lat="48.61998371779918670654296875" lon="90.03061733208596706390380859375">
        <ele>2170.60009765625</ele>
        <time>2025-08-13T02:11:31.000Z</time>
        <extensions>
          <ns3:TrackPointExtension>
            <ns3:atemp>13.0</ns3:atemp>
          </ns3:TrackPointExtension>
        </extensions>
      </trkpt>
      <trkpt lat="48.62026107497513294219970703125" lon="90.0301954708993434906005859375">
        <ele>2170.800048828125</ele>
        <time>2025-08-13T02:11:42.000Z</time>
        <extensions>
          <ns3:TrackPointExtension>
            <ns3:atemp>13.0</ns3:atemp>
          </ns3:TrackPointExtension>
        </extensions>
      </trkpt>
      <trkpt lat="48.62038604915142059326171875" lon="90.0299966521561145782470703125">
        <ele>2170.800048828125</ele>
        <time>2025-08-13T02:11:48.000Z</time>
        <extensions>
          <ns3:TrackPointExtension>
            <ns3:atemp>13.0</ns3:atemp>
          </ns3:TrackPointExtension>
        </extensions>
      </trkpt>
      <trkpt lat="48.62066659145057201385498046875" lon="90.0296010263264179229736328125">
        <ele>2170</ele>
        <time>2025-08-13T02:11:58.000Z</time>
        <extensions>
          <ns3:TrackPointExtension>
            <ns3:atemp>13.0</ns3:atemp>
          </ns3:TrackPointExtension>
        </extensions>
      </trkpt>
      <trkpt lat="48.620900698006153106689453125" lon="90.02925192005932331085205078125">
        <ele>2169.800048828125</ele>
        <time>2025-08-13T02:12:07.000Z</time>
        <extensions>
          <ns3:TrackPointExtension>
            <ns3:atemp>13.0</ns3:atemp>
          </ns3:TrackPointExtension>
        </extensions>
      </trkpt>
      <trkpt lat="48.62106800079345703125" lon="90.02899928949773311614990234375">
        <ele>2170</ele>
        <time>2025-08-13T02:12:14.000Z</time>
        <extensions>
          <ns3:TrackPointExtension>
            <ns3:atemp>13.0</ns3:atemp>
          </ns3:TrackPointExtension>
        </extensions>
      </trkpt>
      <trkpt lat="48.6212887801229953765869140625" lon="90.0286813639104366302490234375">
        <ele>2169.800048828125</ele>
        <time>2025-08-13T02:12:22.000Z</time>
        <extensions>
          <ns3:TrackPointExtension>
            <ns3:atemp>13.0</ns3:atemp>
          </ns3:TrackPointExtension>
        </extensions>
      </trkpt>
      <trkpt lat="48.62131635658442974090576171875" lon="90.02864406444132328033447265625">
        <ele>2169.60009765625</ele>
        <time>2025-08-13T02:12:23.000Z</time>
        <extensions>
          <ns3:TrackPointExtension>
            <ns3:atemp>13.0</ns3:atemp>
          </ns3:TrackPointExtension>
        </extensions>
      </trkpt>
      <trkpt lat="48.62148432992398738861083984375" lon="90.0283739157021045684814453125">
        <ele>2169.800048828125</ele>
        <time>2025-08-13T02:12:30.000Z</time>
        <extensions>
          <ns3:TrackPointExtension>
            <ns3:atemp>13.0</ns3:atemp>
          </ns3:TrackPointExtension>
        </extensions>
      </trkpt>
      <trkpt lat="48.62185397185385227203369140625" lon="90.0278508849442005157470703125">
        <ele>2169.800048828125</ele>
        <time>2025-08-13T02:12:43.000Z</time>
        <extensions>
          <ns3:TrackPointExtension>
            <ns3:atemp>13.0</ns3:atemp>
          </ns3:TrackPointExtension>
        </extensions>
      </trkpt>
      <trkpt lat="48.62208925187587738037109375" lon="90.02751116640865802764892578125">
        <ele>2169.800048828125</ele>
        <time>2025-08-13T02:12:51.000Z</time>
        <extensions>
          <ns3:TrackPointExtension>
            <ns3:atemp>13.0</ns3:atemp>
          </ns3:TrackPointExtension>
        </extensions>
      </trkpt>
      <trkpt lat="48.6223807744681835174560546875" lon="90.02708117477595806121826171875">
        <ele>2169.800048828125</ele>
        <time>2025-08-13T02:13:02.000Z</time>
        <extensions>
          <ns3:TrackPointExtension>
            <ns3:atemp>13.0</ns3:atemp>
          </ns3:TrackPointExtension>
        </extensions>
      </trkpt>
      <trkpt lat="48.622634075582027435302734375" lon="90.02670818008482456207275390625">
        <ele>2169.800048828125</ele>
        <time>2025-08-13T02:13:11.000Z</time>
        <extensions>
          <ns3:TrackPointExtension>
            <ns3:atemp>13.0</ns3:atemp>
          </ns3:TrackPointExtension>
        </extensions>
      </trkpt>
      <trkpt lat="48.62279492430388927459716796875" lon="90.0264876522123813629150390625">
        <ele>2170</ele>
        <time>2025-08-13T02:13:18.000Z</time>
        <extensions>
          <ns3:TrackPointExtension>
            <ns3:atemp>13.0</ns3:atemp>
          </ns3:TrackPointExtension>
        </extensions>
      </trkpt>
      <trkpt lat="48.62299826927483081817626953125" lon="90.0261865742504596710205078125">
        <ele>2170.60009765625</ele>
        <time>2025-08-13T02:13:27.000Z</time>
        <extensions>
          <ns3:TrackPointExtension>
            <ns3:atemp>13.0</ns3:atemp>
          </ns3:TrackPointExtension>
        </extensions>
      </trkpt>
      <trkpt lat="48.62320773303508758544921875" lon="90.0258559919893741607666015625">
        <ele>2171</ele>
        <time>2025-08-13T02:13:36.000Z</time>
        <extensions>
          <ns3:TrackPointExtension>
            <ns3:atemp>13.0</ns3:atemp>
          </ns3:TrackPointExtension>
        </extensions>
      </trkpt>
      <trkpt lat="48.62340764142572879791259765625" lon="90.02558785490691661834716796875">
        <ele>2171.39990234375</ele>
        <time>2025-08-13T02:13:45.000Z</time>
        <extensions>
          <ns3:TrackPointExtension>
            <ns3:atemp>13.0</ns3:atemp>
          </ns3:TrackPointExtension>
        </extensions>
      </trkpt>
      <trkpt lat="48.62353689037263393402099609375" lon="90.02539423294365406036376953125">
        <ele>2171.60009765625</ele>
        <time>2025-08-13T02:13:51.000Z</time>
        <extensions>
          <ns3:TrackPointExtension>
            <ns3:atemp>13.0</ns3:atemp>
          </ns3:TrackPointExtension>
        </extensions>
      </trkpt>
      <trkpt lat="48.62373772077262401580810546875" lon="90.02510623075067996978759765625">
        <ele>2172</ele>
        <time>2025-08-13T02:14:00.000Z</time>
        <extensions>
          <ns3:TrackPointExtension>
            <ns3:atemp>13.0</ns3:atemp>
          </ns3:TrackPointExtension>
        </extensions>
      </trkpt>
      <trkpt lat="48.62394668161869049072265625" lon="90.02480213530361652374267578125">
        <ele>2172.199951171875</ele>
        <time>2025-08-13T02:14:10.000Z</time>
        <extensions>
          <ns3:TrackPointExtension>
            <ns3:atemp>13.0</ns3:atemp>
          </ns3:TrackPointExtension>
        </extensions>
      </trkpt>
      <trkpt lat="48.6241828836500644683837890625" lon="90.02446099184453487396240234375">
        <ele>2172.60009765625</ele>
        <time>2025-08-13T02:14:21.000Z</time>
        <extensions>
          <ns3:TrackPointExtension>
            <ns3:atemp>13.0</ns3:atemp>
          </ns3:TrackPointExtension>
        </extensions>
      </trkpt>
      <trkpt lat="48.62422353588044643402099609375" lon="90.02439879812300205230712890625">
        <ele>2172.800048828125</ele>
        <time>2025-08-13T02:14:23.000Z</time>
        <extensions>
          <ns3:TrackPointExtension>
            <ns3:atemp>13.0</ns3:atemp>
          </ns3:TrackPointExtension>
        </extensions>
      </trkpt>
      <trkpt lat="48.62438681535422801971435546875" lon="90.0241638533771038055419921875">
        <ele>2173</ele>
        <time>2025-08-13T02:14:31.000Z</time>
        <extensions>
          <ns3:TrackPointExtension>
            <ns3:atemp>13.0</ns3:atemp>
          </ns3:TrackPointExtension>
        </extensions>
      </trkpt>
      <trkpt lat="48.62460457719862461090087890625" lon="90.023841820657253265380859375">
        <ele>2173.60009765625</ele>
        <time>2025-08-13T02:14:42.000Z</time>
        <extensions>
          <ns3:TrackPointExtension>
            <ns3:atemp>13.0</ns3:atemp>
          </ns3:TrackPointExtension>
        </extensions>
      </trkpt>
      <trkpt lat="48.62461916171014308929443359375" lon="90.02382094971835613250732421875">
        <ele>2173.800048828125</ele>
        <time>2025-08-13T02:14:43.000Z</time>
        <extensions>
          <ns3:TrackPointExtension>
            <ns3:atemp>13.0</ns3:atemp>
          </ns3:TrackPointExtension>
        </extensions>
      </trkpt>
      <trkpt lat="48.62473265267908573150634765625" lon="90.02364291809499263763427734375">
        <ele>2174.39990234375</ele>
        <time>2025-08-13T02:14:50.000Z</time>
        <extensions>
          <ns3:TrackPointExtension>
            <ns3:atemp>13.0</ns3:atemp>
          </ns3:TrackPointExtension>
        </extensions>
      </trkpt>
      <trkpt lat="48.62476685084402561187744140625" lon="90.02359195612370967864990234375">
        <ele>2174.800048828125</ele>
        <time>2025-08-13T02:14:52.000Z</time>
        <extensions>
          <ns3:TrackPointExtension>
            <ns3:atemp>13.0</ns3:atemp>
          </ns3:TrackPointExtension>
        </extensions>
      </trkpt>
      <trkpt lat="48.624916970729827880859375" lon="90.02337335608899593353271484375">
        <ele>2175.199951171875</ele>
        <time>2025-08-13T02:15:00.000Z</time>
        <extensions>
          <ns3:TrackPointExtension>
            <ns3:atemp>13.0</ns3:atemp>
          </ns3:TrackPointExtension>
        </extensions>
      </trkpt>
      <trkpt lat="48.62502752803266048431396484375" lon="90.02322449348866939544677734375">
        <ele>2175.800048828125</ele>
        <time>2025-08-13T02:15:08.000Z</time>
        <extensions>
          <ns3:TrackPointExtension>
            <ns3:atemp>13.0</ns3:atemp>
          </ns3:TrackPointExtension>
        </extensions>
      </trkpt>
      <trkpt lat="48.62504010088741779327392578125" lon="90.0231997668743133544921875">
        <ele>2175.800048828125</ele>
        <time>2025-08-13T02:15:09.000Z</time>
        <extensions>
          <ns3:TrackPointExtension>
            <ns3:atemp>13.0</ns3:atemp>
          </ns3:TrackPointExtension>
        </extensions>
      </trkpt>
      <trkpt lat="48.6251447908580303192138671875" lon="90.02305299974977970123291015625">
        <ele>2176.39990234375</ele>
        <time>2025-08-13T02:15:15.000Z</time>
        <extensions>
          <ns3:TrackPointExtension>
            <ns3:atemp>13.0</ns3:atemp>
          </ns3:TrackPointExtension>
        </extensions>
      </trkpt>
      <trkpt lat="48.6253006942570209503173828125" lon="90.0227893888950347900390625">
        <ele>2176.800048828125</ele>
        <time>2025-08-13T02:15:24.000Z</time>
        <extensions>
          <ns3:TrackPointExtension>
            <ns3:atemp>13.0</ns3:atemp>
          </ns3:TrackPointExtension>
        </extensions>
      </trkpt>
      <trkpt lat="48.62532039172947406768798828125" lon="90.02276097424328327178955078125">
        <ele>2176.800048828125</ele>
        <time>2025-08-13T02:15:25.000Z</time>
        <extensions>
          <ns3:TrackPointExtension>
            <ns3:atemp>13.0</ns3:atemp>
          </ns3:TrackPointExtension>
        </extensions>
      </trkpt>
      <trkpt lat="48.62547042779624462127685546875" lon="90.0225367583334445953369140625">
        <ele>2177.39990234375</ele>
        <time>2025-08-13T02:15:35.000Z</time>
        <extensions>
          <ns3:TrackPointExtension>
            <ns3:atemp>13.0</ns3:atemp>
          </ns3:TrackPointExtension>
        </extensions>
      </trkpt>
      <trkpt lat="48.625564388930797576904296875" lon="90.0223768316209316253662109375">
        <ele>2178</ele>
        <time>2025-08-13T02:15:41.000Z</time>
        <extensions>
          <ns3:TrackPointExtension>
            <ns3:atemp>13.0</ns3:atemp>
          </ns3:TrackPointExtension>
        </extensions>
      </trkpt>
      <trkpt lat="48.62559917382895946502685546875" lon="90.02232603728771209716796875">
        <ele>2178.199951171875</ele>
        <time>2025-08-13T02:15:43.000Z</time>
        <extensions>
          <ns3:TrackPointExtension>
            <ns3:atemp>13.0</ns3:atemp>
          </ns3:TrackPointExtension>
        </extensions>
      </trkpt>
      <trkpt lat="48.62576563842594623565673828125" lon="90.02204130403697490692138671875">
        <ele>2179</ele>
        <time>2025-08-13T02:15:53.000Z</time>
        <extensions>
          <ns3:TrackPointExtension>
            <ns3:atemp>13.0</ns3:atemp>
          </ns3:TrackPointExtension>
        </extensions>
      </trkpt>
      <trkpt lat="48.625796735286712646484375" lon="90.021975338459014892578125">
        <ele>2179.199951171875</ele>
        <time>2025-08-13T02:15:55.000Z</time>
        <extensions>
          <ns3:TrackPointExtension>
            <ns3:atemp>13.0</ns3:atemp>
          </ns3:TrackPointExtension>
        </extensions>
      </trkpt>
      <trkpt lat="48.6259313486516475677490234375" lon="90.02172228880226612091064453125">
        <ele>2179.60009765625</ele>
        <time>2025-08-13T02:16:03.000Z</time>
        <extensions>
          <ns3:TrackPointExtension>
            <ns3:atemp>13.0</ns3:atemp>
          </ns3:TrackPointExtension>
        </extensions>
      </trkpt>
      <trkpt lat="48.6260165087878704071044921875" lon="90.02156504429876804351806640625">
        <ele>2180</ele>
        <time>2025-08-13T02:16:08.000Z</time>
        <extensions>
          <ns3:TrackPointExtension>
            <ns3:atemp>13.0</ns3:atemp>
          </ns3:TrackPointExtension>
        </extensions>
      </trkpt>
      <trkpt lat="48.6260621063411235809326171875" lon="90.021465718746185302734375">
        <ele>2180.39990234375</ele>
        <time>2025-08-13T02:16:11.000Z</time>
        <extensions>
          <ns3:TrackPointExtension>
            <ns3:atemp>13.0</ns3:atemp>
          </ns3:TrackPointExtension>
        </extensions>
      </trkpt>
      <trkpt lat="48.6261804588139057159423828125" lon="90.021256506443023681640625">
        <ele>2181.199951171875</ele>
        <time>2025-08-13T02:16:18.000Z</time>
        <extensions>
          <ns3:TrackPointExtension>
            <ns3:atemp>13.0</ns3:atemp>
          </ns3:TrackPointExtension>
        </extensions>
      </trkpt>
      <trkpt lat="48.626204766333103179931640625" lon="90.02119841985404491424560546875">
        <ele>2181.60009765625</ele>
        <time>2025-08-13T02:16:20.000Z</time>
        <extensions>
          <ns3:TrackPointExtension>
            <ns3:atemp>13.0</ns3:atemp>
          </ns3:TrackPointExtension>
        </extensions>
      </trkpt>
      <trkpt lat="48.62630208022892475128173828125" lon="90.02098669297993183135986328125">
        <ele>2182.39990234375</ele>
        <time>2025-08-13T02:16:27.000Z</time>
        <extensions>
          <ns3:TrackPointExtension>
            <ns3:atemp>13.0</ns3:atemp>
          </ns3:TrackPointExtension>
        </extensions>
      </trkpt>
      <trkpt lat="48.62641892395913600921630859375" lon="90.02072475850582122802734375">
        <ele>2183.199951171875</ele>
        <time>2025-08-13T02:16:36.000Z</time>
        <extensions>
          <ns3:TrackPointExtension>
            <ns3:atemp>13.0</ns3:atemp>
          </ns3:TrackPointExtension>
        </extensions>
      </trkpt>
      <trkpt lat="48.6264443211257457733154296875" lon="90.0206645764410495758056640625">
        <ele>2183.39990234375</ele>
        <time>2025-08-13T02:16:38.000Z</time>
        <extensions>
          <ns3:TrackPointExtension>
            <ns3:atemp>13.0</ns3:atemp>
          </ns3:TrackPointExtension>
        </extensions>
      </trkpt>
      <trkpt lat="48.62653409130871295928955078125" lon="90.0204446353018283843994140625">
        <ele>2184</ele>
        <time>2025-08-13T02:16:45.000Z</time>
        <extensions>
          <ns3:TrackPointExtension>
            <ns3:atemp>13.0</ns3:atemp>
          </ns3:TrackPointExtension>
        </extensions>
      </trkpt>
      <trkpt lat="48.62658597528934478759765625" lon="90.02032418735325336456298828125">
        <ele>2184.39990234375</ele>
        <time>2025-08-13T02:16:49.000Z</time>
        <extensions>
          <ns3:TrackPointExtension>
            <ns3:atemp>13.0</ns3:atemp>
          </ns3:TrackPointExtension>
        </extensions>
      </trkpt>
      <trkpt lat="48.62667205743491649627685546875" lon="90.02011916600167751312255859375">
        <ele>2185.39990234375</ele>
        <time>2025-08-13T02:16:56.000Z</time>
        <extensions>
          <ns3:TrackPointExtension>
            <ns3:atemp>13.0</ns3:atemp>
          </ns3:TrackPointExtension>
        </extensions>
      </trkpt>
      <trkpt lat="48.6266837082803249359130859375" lon="90.02008832059800624847412109375">
        <ele>2185.39990234375</ele>
        <time>2025-08-13T02:16:57.000Z</time>
        <extensions>
          <ns3:TrackPointExtension>
            <ns3:atemp>13.0</ns3:atemp>
          </ns3:TrackPointExtension>
        </extensions>
      </trkpt>
      <trkpt lat="48.62677297554910182952880859375" lon="90.0198094546794891357421875">
        <ele>2186.199951171875</ele>
        <time>2025-08-13T02:17:06.000Z</time>
        <extensions>
          <ns3:TrackPointExtension>
            <ns3:atemp>13.0</ns3:atemp>
          </ns3:TrackPointExtension>
        </extensions>
      </trkpt>
      <trkpt lat="48.626788146793842315673828125" lon="90.019779615104198455810546875">
        <ele>2186.39990234375</ele>
        <time>2025-08-13T02:17:07.000Z</time>
        <extensions>
          <ns3:TrackPointExtension>
            <ns3:atemp>13.0</ns3:atemp>
          </ns3:TrackPointExtension>
        </extensions>
      </trkpt>
      <trkpt lat="48.62688512541353702545166015625" lon="90.019495300948619842529296875">
        <ele>2187.39990234375</ele>
        <time>2025-08-13T02:17:16.000Z</time>
        <extensions>
          <ns3:TrackPointExtension>
            <ns3:atemp>13.0</ns3:atemp>
          </ns3:TrackPointExtension>
        </extensions>
      </trkpt>
      <trkpt lat="48.62697330303490161895751953125" lon="90.01924216747283935546875">
        <ele>2188.199951171875</ele>
        <time>2025-08-13T02:17:24.000Z</time>
        <extensions>
          <ns3:TrackPointExtension>
            <ns3:atemp>13.0</ns3:atemp>
          </ns3:TrackPointExtension>
        </extensions>
      </trkpt>
      <trkpt lat="48.6270199902355670928955078125" lon="90.01908953301608562469482421875">
        <ele>2188.60009765625</ele>
        <time>2025-08-13T02:17:29.000Z</time>
        <extensions>
          <ns3:TrackPointExtension>
            <ns3:atemp>13.0</ns3:atemp>
          </ns3:TrackPointExtension>
        </extensions>
      </trkpt>
      <trkpt lat="48.62705091945827007293701171875" lon="90.01898542977869510650634765625">
        <ele>2188.800048828125</ele>
        <time>2025-08-13T02:17:32.000Z</time>
        <extensions>
          <ns3:TrackPointExtension>
            <ns3:atemp>13.0</ns3:atemp>
          </ns3:TrackPointExtension>
        </extensions>
      </trkpt>
      <trkpt lat="48.62712183035910129547119140625" lon="90.0187726132571697235107421875">
        <ele>2189.60009765625</ele>
        <time>2025-08-13T02:17:38.000Z</time>
        <extensions>
          <ns3:TrackPointExtension>
            <ns3:atemp>13.0</ns3:atemp>
          </ns3:TrackPointExtension>
        </extensions>
      </trkpt>
      <trkpt lat="48.6271463893353939056396484375" lon="90.0187005288898944854736328125">
        <ele>2189.800048828125</ele>
        <time>2025-08-13T02:17:40.000Z</time>
        <extensions>
          <ns3:TrackPointExtension>
            <ns3:atemp>13.0</ns3:atemp>
          </ns3:TrackPointExtension>
        </extensions>
      </trkpt>
      <trkpt lat="48.6271876282989978790283203125" lon="90.01853850670158863067626953125">
        <ele>2190.60009765625</ele>
        <time>2025-08-13T02:17:45.000Z</time>
        <extensions>
          <ns3:TrackPointExtension>
            <ns3:atemp>13.0</ns3:atemp>
          </ns3:TrackPointExtension>
        </extensions>
      </trkpt>
      <trkpt lat="48.62721587531268596649169921875" lon="90.01844043843448162078857421875">
        <ele>2190.800048828125</ele>
        <time>2025-08-13T02:17:48.000Z</time>
        <extensions>
          <ns3:TrackPointExtension>
            <ns3:atemp>13.0</ns3:atemp>
          </ns3:TrackPointExtension>
        </extensions>
      </trkpt>
      <trkpt lat="48.62727572210133075714111328125" lon="90.01821479760110378265380859375">
        <ele>2191.60009765625</ele>
        <time>2025-08-13T02:17:55.000Z</time>
        <extensions>
          <ns3:TrackPointExtension>
            <ns3:atemp>13.0</ns3:atemp>
          </ns3:TrackPointExtension>
        </extensions>
      </trkpt>
      <trkpt lat="48.62728846259415149688720703125" lon="90.01818965189158916473388671875">
        <ele>2191.800048828125</ele>
        <time>2025-08-13T02:17:56.000Z</time>
        <extensions>
          <ns3:TrackPointExtension>
            <ns3:atemp>13.0</ns3:atemp>
          </ns3:TrackPointExtension>
        </extensions>
      </trkpt>
      <trkpt lat="48.62733875401318073272705078125" lon="90.0180011428892612457275390625">
        <ele>2192.60009765625</ele>
        <time>2025-08-13T02:18:03.000Z</time>
        <extensions>
          <ns3:TrackPointExtension>
            <ns3:atemp>13.0</ns3:atemp>
          </ns3:TrackPointExtension>
        </extensions>
      </trkpt>
      <trkpt lat="48.62740178592503070831298828125" lon="90.0177094526588916778564453125">
        <ele>2193.60009765625</ele>
        <time>2025-08-13T02:18:13.000Z</time>
        <extensions>
          <ns3:TrackPointExtension>
            <ns3:atemp>13.0</ns3:atemp>
          </ns3:TrackPointExtension>
        </extensions>
      </trkpt>
      <trkpt lat="48.6274125985801219940185546875" lon="90.017678104341030120849609375">
        <ele>2193.800048828125</ele>
        <time>2025-08-13T02:18:14.000Z</time>
        <extensions>
          <ns3:TrackPointExtension>
            <ns3:atemp>13.0</ns3:atemp>
          </ns3:TrackPointExtension>
        </extensions>
      </trkpt>
      <trkpt lat="48.627458699047565460205078125" lon="90.0174519605934619903564453125">
        <ele>2194.39990234375</ele>
        <time>2025-08-13T02:18:21.000Z</time>
        <extensions>
          <ns3:TrackPointExtension>
            <ns3:atemp>13.0</ns3:atemp>
          </ns3:TrackPointExtension>
        </extensions>
      </trkpt>
      <trkpt lat="48.6274960823357105255126953125" lon="90.0173165090382099151611328125">
        <ele>2194.800048828125</ele>
        <time>2025-08-13T02:18:25.000Z</time>
        <extensions>
          <ns3:TrackPointExtension>
            <ns3:atemp>13.0</ns3:atemp>
          </ns3:TrackPointExtension>
        </extensions>
      </trkpt>
      <trkpt lat="48.62753539346158504486083984375" lon="90.01708894036710262298583984375">
        <ele>2195.60009765625</ele>
        <time>2025-08-13T02:18:31.000Z</time>
        <extensions>
          <ns3:TrackPointExtension>
            <ns3:atemp>13.0</ns3:atemp>
          </ns3:TrackPointExtension>
        </extensions>
      </trkpt>
      <trkpt lat="48.62755802460014820098876953125" lon="90.01700428314507007598876953125">
        <ele>2196</ele>
        <time>2025-08-13T02:18:34.000Z</time>
        <extensions>
          <ns3:TrackPointExtension>
            <ns3:atemp>13.0</ns3:atemp>
          </ns3:TrackPointExtension>
        </extensions>
      </trkpt>
      <trkpt lat="48.6275788955390453338623046875" lon="90.01689322292804718017578125">
        <ele>2196.199951171875</ele>
        <time>2025-08-13T02:18:38.000Z</time>
        <extensions>
          <ns3:TrackPointExtension>
            <ns3:atemp>13.0</ns3:atemp>
          </ns3:TrackPointExtension>
        </extensions>
      </trkpt>
      <trkpt lat="48.6276526562869548797607421875" lon="90.01656373031437397003173828125">
        <ele>2197</ele>
        <time>2025-08-13T02:18:49.000Z</time>
        <extensions>
          <ns3:TrackPointExtension>
            <ns3:atemp>13.0</ns3:atemp>
          </ns3:TrackPointExtension>
        </extensions>
      </trkpt>
      <trkpt lat="48.62769775092601776123046875" lon="90.016320236027240753173828125">
        <ele>2198</ele>
        <time>2025-08-13T02:18:56.000Z</time>
        <extensions>
          <ns3:TrackPointExtension>
            <ns3:atemp>13.0</ns3:atemp>
          </ns3:TrackPointExtension>
        </extensions>
      </trkpt>
      <trkpt lat="48.62770169042050838470458984375" lon="90.01628964208066463470458984375">
        <ele>2198.199951171875</ele>
        <time>2025-08-13T02:18:57.000Z</time>
        <extensions>
          <ns3:TrackPointExtension>
            <ns3:atemp>13.0</ns3:atemp>
          </ns3:TrackPointExtension>
        </extensions>
      </trkpt>
      <trkpt lat="48.62775701098144054412841796875" lon="90.01591681502759456634521484375">
        <ele>2199.199951171875</ele>
        <time>2025-08-13T02:19:07.000Z</time>
        <extensions>
          <ns3:TrackPointExtension>
            <ns3:atemp>13.0</ns3:atemp>
          </ns3:TrackPointExtension>
        </extensions>
      </trkpt>
      <trkpt lat="48.627760447561740875244140625" lon="90.0158894062042236328125">
        <ele>2199.39990234375</ele>
        <time>2025-08-13T02:19:08.000Z</time>
        <extensions>
          <ns3:TrackPointExtension>
            <ns3:atemp>13.0</ns3:atemp>
          </ns3:TrackPointExtension>
        </extensions>
      </trkpt>
      <trkpt lat="48.62781099043786525726318359375" lon="90.01556544564664363861083984375">
        <ele>2199.800048828125</ele>
        <time>2025-08-13T02:19:17.000Z</time>
        <extensions>
          <ns3:TrackPointExtension>
            <ns3:atemp>13.0</ns3:atemp>
          </ns3:TrackPointExtension>
        </extensions>
      </trkpt>
      <trkpt lat="48.62784334458410739898681640625" lon="90.01542664133012294769287109375">
        <ele>2200.39990234375</ele>
        <time>2025-08-13T02:19:22.000Z</time>
        <extensions>
          <ns3:TrackPointExtension>
            <ns3:atemp>13.0</ns3:atemp>
          </ns3:TrackPointExtension>
        </extensions>
      </trkpt>
      <trkpt lat="48.62786815501749515533447265625" lon="90.01520301215350627899169921875">
        <ele>2200.800048828125</ele>
        <time>2025-08-13T02:19:28.000Z</time>
        <extensions>
          <ns3:TrackPointExtension>
            <ns3:atemp>13.0</ns3:atemp>
          </ns3:TrackPointExtension>
        </extensions>
      </trkpt>
      <trkpt lat="48.627903275191783905029296875" lon="90.0149251520633697509765625">
        <ele>2201.39990234375</ele>
        <time>2025-08-13T02:19:35.000Z</time>
        <extensions>
          <ns3:TrackPointExtension>
            <ns3:atemp>13.0</ns3:atemp>
          </ns3:TrackPointExtension>
        </extensions>
      </trkpt>
      <trkpt lat="48.62790805287659168243408203125" lon="90.0148917920887470245361328125">
        <ele>2201.39990234375</ele>
        <time>2025-08-13T02:19:36.000Z</time>
        <extensions>
          <ns3:TrackPointExtension>
            <ns3:atemp>13.0</ns3:atemp>
          </ns3:TrackPointExtension>
        </extensions>
      </trkpt>
      <trkpt lat="48.627949543297290802001953125" lon="90.014603622257709503173828125">
        <ele>2201.800048828125</ele>
        <time>2025-08-13T02:19:44.000Z</time>
        <extensions>
          <ns3:TrackPointExtension>
            <ns3:atemp>13.0</ns3:atemp>
          </ns3:TrackPointExtension>
        </extensions>
      </trkpt>
      <trkpt lat="48.62797996960580348968505859375" lon="90.01437320373952388763427734375">
        <ele>2202.39990234375</ele>
        <time>2025-08-13T02:19:50.000Z</time>
        <extensions>
          <ns3:TrackPointExtension>
            <ns3:atemp>13.0</ns3:atemp>
          </ns3:TrackPointExtension>
        </extensions>
      </trkpt>
      <trkpt lat="48.62799807451665401458740234375" lon="90.01426088623702526092529296875">
        <ele>2202.60009765625</ele>
        <time>2025-08-13T02:19:53.000Z</time>
        <extensions>
          <ns3:TrackPointExtension>
            <ns3:atemp>13.0</ns3:atemp>
          </ns3:TrackPointExtension>
        </extensions>
      </trkpt>
      <trkpt lat="48.628027997910976409912109375" lon="90.014077909290790557861328125">
        <ele>2202.800048828125</ele>
        <time>2025-08-13T02:19:59.000Z</time>
        <extensions>
          <ns3:TrackPointExtension>
            <ns3:atemp>13.0</ns3:atemp>
          </ns3:TrackPointExtension>
        </extensions>
      </trkpt>
      <trkpt lat="48.62807753495872020721435546875" lon="90.0137421302497386932373046875">
        <ele>2203.39990234375</ele>
        <time>2025-08-13T02:20:09.000Z</time>
        <extensions>
          <ns3:TrackPointExtension>
            <ns3:atemp>13.0</ns3:atemp>
          </ns3:TrackPointExtension>
        </extensions>
      </trkpt>
      <trkpt lat="48.6281210370361804962158203125" lon="90.01346343196928501129150390625">
        <ele>2204</ele>
        <time>2025-08-13T02:20:18.000Z</time>
        <extensions>
          <ns3:TrackPointExtension>
            <ns3:atemp>13.0</ns3:atemp>
          </ns3:TrackPointExtension>
        </extensions>
      </trkpt>
      <trkpt lat="48.628136627376079559326171875" lon="90.0132489390671253204345703125">
        <ele>2204.39990234375</ele>
        <time>2025-08-13T02:20:25.000Z</time>
        <extensions>
          <ns3:TrackPointExtension>
            <ns3:atemp>13.0</ns3:atemp>
          </ns3:TrackPointExtension>
        </extensions>
      </trkpt>
      <trkpt lat="48.6281448416411876678466796875" lon="90.01322236843407154083251953125">
        <ele>2204.39990234375</ele>
        <time>2025-08-13T02:20:26.000Z</time>
        <extensions>
          <ns3:TrackPointExtension>
            <ns3:atemp>13.0</ns3:atemp>
          </ns3:TrackPointExtension>
        </extensions>
      </trkpt>
      <trkpt lat="48.62819588743150234222412109375" lon="90.01299798488616943359375">
        <ele>2205.199951171875</ele>
        <time>2025-08-13T02:20:33.000Z</time>
        <extensions>
          <ns3:TrackPointExtension>
            <ns3:atemp>13.0</ns3:atemp>
          </ns3:TrackPointExtension>
        </extensions>
      </trkpt>
      <trkpt lat="48.6282222904264926910400390625" lon="90.01278650946915149688720703125">
        <ele>2205.39990234375</ele>
        <time>2025-08-13T02:20:40.000Z</time>
        <extensions>
          <ns3:TrackPointExtension>
            <ns3:atemp>13.0</ns3:atemp>
          </ns3:TrackPointExtension>
        </extensions>
      </trkpt>
      <trkpt lat="48.62822748720645904541015625" lon="90.01275616697967052459716796875">
        <ele>2205.60009765625</ele>
        <time>2025-08-13T02:20:41.000Z</time>
        <extensions>
          <ns3:TrackPointExtension>
            <ns3:atemp>13.0</ns3:atemp>
          </ns3:TrackPointExtension>
        </extensions>
      </trkpt>
      <trkpt lat="48.6282514594495296478271484375" lon="90.01259909011423587799072265625">
        <ele>2206</ele>
        <time>2025-08-13T02:20:46.000Z</time>
        <extensions>
          <ns3:TrackPointExtension>
            <ns3:atemp>13.0</ns3:atemp>
          </ns3:TrackPointExtension>
        </extensions>
      </trkpt>
      <trkpt lat="48.62828113138675689697265625" lon="90.01232349313795566558837890625">
        <ele>2206.60009765625</ele>
        <time>2025-08-13T02:20:55.000Z</time>
        <extensions>
          <ns3:TrackPointExtension>
            <ns3:atemp>13.0</ns3:atemp>
          </ns3:TrackPointExtension>
        </extensions>
      </trkpt>
      <trkpt lat="48.62830183468759059906005859375" lon="90.01223648898303508758544921875">
        <ele>2206.60009765625</ele>
        <time>2025-08-13T02:20:58.000Z</time>
        <extensions>
          <ns3:TrackPointExtension>
            <ns3:atemp>13.0</ns3:atemp>
          </ns3:TrackPointExtension>
        </extensions>
      </trkpt>
      <trkpt lat="48.62832949496805667877197265625" lon="90.0120694376528263092041015625">
        <ele>2207.199951171875</ele>
        <time>2025-08-13T02:21:03.000Z</time>
        <extensions>
          <ns3:TrackPointExtension>
            <ns3:atemp>13.0</ns3:atemp>
          </ns3:TrackPointExtension>
        </extensions>
      </trkpt>
      <trkpt lat="48.62836536951363086700439453125" lon="90.011865086853504180908203125">
        <ele>2207.800048828125</ele>
        <time>2025-08-13T02:21:10.000Z</time>
        <extensions>
          <ns3:TrackPointExtension>
            <ns3:atemp>13.0</ns3:atemp>
          </ns3:TrackPointExtension>
        </extensions>
      </trkpt>
      <trkpt lat="48.62838783301413059234619140625" lon="90.011767186224460601806640625">
        <ele>2208</ele>
        <time>2025-08-13T02:21:13.000Z</time>
        <extensions>
          <ns3:TrackPointExtension>
            <ns3:atemp>13.0</ns3:atemp>
          </ns3:TrackPointExtension>
        </extensions>
      </trkpt>
      <trkpt lat="48.6284266412258148193359375" lon="90.011482536792755126953125">
        <ele>2208.800048828125</ele>
        <time>2025-08-13T02:21:21.000Z</time>
        <extensions>
          <ns3:TrackPointExtension>
            <ns3:atemp>13.0</ns3:atemp>
          </ns3:TrackPointExtension>
        </extensions>
      </trkpt>
      <trkpt lat="48.628469221293926239013671875" lon="90.01125278882682323455810546875">
        <ele>2209.60009765625</ele>
        <time>2025-08-13T02:21:28.000Z</time>
        <extensions>
          <ns3:TrackPointExtension>
            <ns3:atemp>13.0</ns3:atemp>
          </ns3:TrackPointExtension>
        </extensions>
      </trkpt>
      <trkpt lat="48.628478944301605224609375" lon="90.01117408275604248046875">
        <ele>2209.800048828125</ele>
        <time>2025-08-13T02:21:31.000Z</time>
        <extensions>
          <ns3:TrackPointExtension>
            <ns3:atemp>13.0</ns3:atemp>
          </ns3:TrackPointExtension>
        </extensions>
      </trkpt>
      <trkpt lat="48.62849679775536060333251953125" lon="90.0110847316682338714599609375">
        <ele>2210</ele>
        <time>2025-08-13T02:21:34.000Z</time>
        <extensions>
          <ns3:TrackPointExtension>
            <ns3:atemp>13.0</ns3:atemp>
          </ns3:TrackPointExtension>
        </extensions>
      </trkpt>
      <trkpt lat="48.628528900444507598876953125" lon="90.01084928400814533233642578125">
        <ele>2211</ele>
        <time>2025-08-13T02:21:41.000Z</time>
        <extensions>
          <ns3:TrackPointExtension>
            <ns3:atemp>13.0</ns3:atemp>
          </ns3:TrackPointExtension>
        </extensions>
      </trkpt>
      <trkpt lat="48.62854876555502414703369140625" lon="90.0107477791607379913330078125">
        <ele>2211.39990234375</ele>
        <time>2025-08-13T02:21:44.000Z</time>
        <extensions>
          <ns3:TrackPointExtension>
            <ns3:atemp>13.0</ns3:atemp>
          </ns3:TrackPointExtension>
        </extensions>
      </trkpt>
      <trkpt lat="48.62857575528323650360107421875" lon="90.0105585157871246337890625">
        <ele>2212</ele>
        <time>2025-08-13T02:21:49.000Z</time>
        <extensions>
          <ns3:TrackPointExtension>
            <ns3:atemp>13.0</ns3:atemp>
          </ns3:TrackPointExtension>
        </extensions>
      </trkpt>
      <trkpt lat="48.62859922461211681365966796875" lon="90.01038006506860256195068359375">
        <ele>2212.60009765625</ele>
        <time>2025-08-13T02:21:54.000Z</time>
        <extensions>
          <ns3:TrackPointExtension>
            <ns3:atemp>13.0</ns3:atemp>
          </ns3:TrackPointExtension>
        </extensions>
      </trkpt>
      <trkpt lat="48.628618754446506500244140625" lon="90.01025131903588771820068359375">
        <ele>2213</ele>
        <time>2025-08-13T02:21:58.000Z</time>
        <extensions>
          <ns3:TrackPointExtension>
            <ns3:atemp>13.0</ns3:atemp>
          </ns3:TrackPointExtension>
        </extensions>
      </trkpt>
      <trkpt lat="48.62864985130727291107177734375" lon="90.00998117029666900634765625">
        <ele>2214</ele>
        <time>2025-08-13T02:22:06.000Z</time>
        <extensions>
          <ns3:TrackPointExtension>
            <ns3:atemp>13.0</ns3:atemp>
          </ns3:TrackPointExtension>
        </extensions>
      </trkpt>
      <trkpt lat="48.62865689210593700408935546875" lon="90.00990313477814197540283203125">
        <ele>2214</ele>
        <time>2025-08-13T02:22:08.000Z</time>
        <extensions>
          <ns3:TrackPointExtension>
            <ns3:atemp>13.0</ns3:atemp>
          </ns3:TrackPointExtension>
        </extensions>
      </trkpt>
      <trkpt lat="48.62868170253932476043701171875" lon="90.0097456388175487518310546875">
        <ele>2214.800048828125</ele>
        <time>2025-08-13T02:22:12.000Z</time>
        <extensions>
          <ns3:TrackPointExtension>
            <ns3:atemp>13.0</ns3:atemp>
          </ns3:TrackPointExtension>
        </extensions>
      </trkpt>
      <trkpt lat="48.62870567478239536285400390625" lon="90.009540282189846038818359375">
        <ele>2215.199951171875</ele>
        <time>2025-08-13T02:22:18.000Z</time>
        <extensions>
          <ns3:TrackPointExtension>
            <ns3:atemp>13.0</ns3:atemp>
          </ns3:TrackPointExtension>
        </extensions>
      </trkpt>
      <trkpt lat="48.6287109553813934326171875" lon="90.00950348563492298126220703125">
        <ele>2215.39990234375</ele>
        <time>2025-08-13T02:22:19.000Z</time>
        <extensions>
          <ns3:TrackPointExtension>
            <ns3:atemp>13.0</ns3:atemp>
          </ns3:TrackPointExtension>
        </extensions>
      </trkpt>
      <trkpt lat="48.62876166589558124542236328125" lon="90.0091954506933689117431640625">
        <ele>2216.199951171875</ele>
        <time>2025-08-13T02:22:27.000Z</time>
        <extensions>
          <ns3:TrackPointExtension>
            <ns3:atemp>13.0</ns3:atemp>
          </ns3:TrackPointExtension>
        </extensions>
      </trkpt>
      <trkpt lat="48.62877138890326023101806640625" lon="90.0091592408716678619384765625">
        <ele>2216.39990234375</ele>
        <time>2025-08-13T02:22:28.000Z</time>
        <extensions>
          <ns3:TrackPointExtension>
            <ns3:atemp>13.0</ns3:atemp>
          </ns3:TrackPointExtension>
        </extensions>
      </trkpt>
      <trkpt lat="48.6288190819323062896728515625" lon="90.00887182541191577911376953125">
        <ele>2217.199951171875</ele>
        <time>2025-08-13T02:22:36.000Z</time>
        <extensions>
          <ns3:TrackPointExtension>
            <ns3:atemp>13.0</ns3:atemp>
          </ns3:TrackPointExtension>
        </extensions>
      </trkpt>
      <trkpt lat="48.62883743830025196075439453125" lon="90.00876386649906635284423828125">
        <ele>2217.39990234375</ele>
        <time>2025-08-13T02:22:39.000Z</time>
        <extensions>
          <ns3:TrackPointExtension>
            <ns3:atemp>13.0</ns3:atemp>
          </ns3:TrackPointExtension>
        </extensions>
      </trkpt>
      <trkpt lat="48.62885654903948307037353515625" lon="90.00861450098454952239990234375">
        <ele>2218</ele>
        <time>2025-08-13T02:22:43.000Z</time>
        <extensions>
          <ns3:TrackPointExtension>
            <ns3:atemp>13.0</ns3:atemp>
          </ns3:TrackPointExtension>
        </extensions>
      </trkpt>
      <trkpt lat="48.6288670264184474945068359375" lon="90.0085376389324665069580078125">
        <ele>2218.39990234375</ele>
        <time>2025-08-13T02:22:45.000Z</time>
        <extensions>
          <ns3:TrackPointExtension>
            <ns3:atemp>13.0</ns3:atemp>
          </ns3:TrackPointExtension>
        </extensions>
      </trkpt>
      <trkpt lat="48.6289143003523349761962890625" lon="90.00831996090710163116455078125">
        <ele>2219.39990234375</ele>
        <time>2025-08-13T02:22:51.000Z</time>
        <extensions>
          <ns3:TrackPointExtension>
            <ns3:atemp>13.0</ns3:atemp>
          </ns3:TrackPointExtension>
        </extensions>
      </trkpt>
      <trkpt lat="48.6289354227483272552490234375" lon="90.00817126594483852386474609375">
        <ele>2219.60009765625</ele>
        <time>2025-08-13T02:22:55.000Z</time>
        <extensions>
          <ns3:TrackPointExtension>
            <ns3:atemp>13.0</ns3:atemp>
          </ns3:TrackPointExtension>
        </extensions>
      </trkpt>
      <trkpt lat="48.62896014936268329620361328125" lon="90.00804017297923564910888671875">
        <ele>2219.800048828125</ele>
        <time>2025-08-13T02:22:59.000Z</time>
        <extensions>
          <ns3:TrackPointExtension>
            <ns3:atemp>13.0</ns3:atemp>
          </ns3:TrackPointExtension>
        </extensions>
      </trkpt>
      <trkpt lat="48.6290118657052516937255859375" lon="90.007760636508464813232421875">
        <ele>2220.60009765625</ele>
        <time>2025-08-13T02:23:08.000Z</time>
        <extensions>
          <ns3:TrackPointExtension>
            <ns3:atemp>13.0</ns3:atemp>
          </ns3:TrackPointExtension>
        </extensions>
      </trkpt>
      <trkpt lat="48.62905117683112621307373046875" lon="90.00747171230614185333251953125">
        <ele>2221.800048828125</ele>
        <time>2025-08-13T02:23:17.000Z</time>
        <extensions>
          <ns3:TrackPointExtension>
            <ns3:atemp>13.0</ns3:atemp>
          </ns3:TrackPointExtension>
        </extensions>
      </trkpt>
      <trkpt lat="48.6290564574301242828369140625" lon="90.007413290441036224365234375">
        <ele>2222</ele>
        <time>2025-08-13T02:23:19.000Z</time>
        <extensions>
          <ns3:TrackPointExtension>
            <ns3:atemp>13.0</ns3:atemp>
          </ns3:TrackPointExtension>
        </extensions>
      </trkpt>
      <trkpt lat="48.62908218987286090850830078125" lon="90.0072008930146694183349609375">
        <ele>2222.800048828125</ele>
        <time>2025-08-13T02:23:26.000Z</time>
        <extensions>
          <ns3:TrackPointExtension>
            <ns3:atemp>13.0</ns3:atemp>
          </ns3:TrackPointExtension>
        </extensions>
      </trkpt>
      <trkpt lat="48.62913139164447784423828125" lon="90.0069155730307102203369140625">
        <ele>2223.39990234375</ele>
        <time>2025-08-13T02:23:35.000Z</time>
        <extensions>
          <ns3:TrackPointExtension>
            <ns3:atemp>13.0</ns3:atemp>
          </ns3:TrackPointExtension>
        </extensions>
      </trkpt>
      <trkpt lat="48.62914212048053741455078125" lon="90.0068280659615993499755859375">
        <ele>2223.800048828125</ele>
        <time>2025-08-13T02:23:38.000Z</time>
        <extensions>
          <ns3:TrackPointExtension>
            <ns3:atemp>13.0</ns3:atemp>
          </ns3:TrackPointExtension>
        </extensions>
      </trkpt>
      <trkpt lat="48.629113622009754180908203125" lon="90.006713569164276123046875">
        <ele>2224.60009765625</ele>
        <time>2025-08-13T02:23:43.000Z</time>
        <extensions>
          <ns3:TrackPointExtension>
            <ns3:atemp>13.0</ns3:atemp>
          </ns3:TrackPointExtension>
        </extensions>
      </trkpt>
      <trkpt lat="48.629113622009754180908203125" lon="90.006713569164276123046875">
        <ele>2224.60009765625</ele>
        <time>2025-08-13T02:23:44.000Z</time>
        <extensions>
          <ns3:TrackPointExtension>
            <ns3:atemp>13.0</ns3:atemp>
          </ns3:TrackPointExtension>
        </extensions>
      </trkpt>
      <trkpt lat="48.629167936742305755615234375" lon="90.0066721625626087188720703125">
        <ele>2215.39990234375</ele>
        <time>2025-08-13T02:29:06.000Z</time>
        <extensions>
          <ns3:TrackPointExtension>
            <ns3:atemp>17.0</ns3:atemp>
          </ns3:TrackPointExtension>
        </extensions>
      </trkpt>
      <trkpt lat="48.629191406071186065673828125" lon="90.006617344915866851806640625">
        <ele>2215.39990234375</ele>
        <time>2025-08-13T02:29:08.000Z</time>
        <extensions>
          <ns3:TrackPointExtension>
            <ns3:atemp>17.0</ns3:atemp>
          </ns3:TrackPointExtension>
        </extensions>
      </trkpt>
      <trkpt lat="48.62923205830156803131103515625" lon="90.00639245845377445220947265625">
        <ele>2216.39990234375</ele>
        <time>2025-08-13T02:29:15.000Z</time>
        <extensions>
          <ns3:TrackPointExtension>
            <ns3:atemp>17.0</ns3:atemp>
          </ns3:TrackPointExtension>
        </extensions>
      </trkpt>
      <trkpt lat="48.62928318791091442108154296875" lon="90.0061347149312496185302734375">
        <ele>2217.60009765625</ele>
        <time>2025-08-13T02:29:23.000Z</time>
        <extensions>
          <ns3:TrackPointExtension>
            <ns3:atemp>17.0</ns3:atemp>
          </ns3:TrackPointExtension>
        </extensions>
      </trkpt>
      <trkpt lat="48.62929274328052997589111328125" lon="90.00604511238634586334228515625">
        <ele>2218</ele>
        <time>2025-08-13T02:29:26.000Z</time>
        <extensions>
          <ns3:TrackPointExtension>
            <ns3:atemp>17.0</ns3:atemp>
          </ns3:TrackPointExtension>
        </extensions>
      </trkpt>
      <trkpt lat="48.629318140447139739990234375" lon="90.00591150484979152679443359375">
        <ele>2218.60009765625</ele>
        <time>2025-08-13T02:29:31.000Z</time>
        <extensions>
          <ns3:TrackPointExtension>
            <ns3:atemp>17.0</ns3:atemp>
          </ns3:TrackPointExtension>
        </extensions>
      </trkpt>
      <trkpt lat="48.6293307133018970489501953125" lon="90.0058517418801784515380859375">
        <ele>2218.800048828125</ele>
        <time>2025-08-13T02:29:33.000Z</time>
        <extensions>
          <ns3:TrackPointExtension>
            <ns3:atemp>17.0</ns3:atemp>
          </ns3:TrackPointExtension>
        </extensions>
      </trkpt>
      <trkpt lat="48.62938008271157741546630859375" lon="90.00566013157367706298828125">
        <ele>2219.800048828125</ele>
        <time>2025-08-13T02:29:39.000Z</time>
        <extensions>
          <ns3:TrackPointExtension>
            <ns3:atemp>17.0</ns3:atemp>
          </ns3:TrackPointExtension>
        </extensions>
      </trkpt>
      <trkpt lat="48.62939827144145965576171875" lon="90.005546472966670989990234375">
        <ele>2220.199951171875</ele>
        <time>2025-08-13T02:29:42.000Z</time>
        <extensions>
          <ns3:TrackPointExtension>
            <ns3:atemp>17.0</ns3:atemp>
          </ns3:TrackPointExtension>
        </extensions>
      </trkpt>
      <trkpt lat="48.62941696308553218841552734375" lon="90.00540439970791339874267578125">
        <ele>2220.800048828125</ele>
        <time>2025-08-13T02:29:46.000Z</time>
        <extensions>
          <ns3:TrackPointExtension>
            <ns3:atemp>16.0</ns3:atemp>
          </ns3:TrackPointExtension>
        </extensions>
      </trkpt>
      <trkpt lat="48.62943448126316070556640625" lon="90.0053045712411403656005859375">
        <ele>2221.199951171875</ele>
        <time>2025-08-13T02:29:50.000Z</time>
        <extensions>
          <ns3:TrackPointExtension>
            <ns3:atemp>16.0</ns3:atemp>
          </ns3:TrackPointExtension>
        </extensions>
      </trkpt>
      <trkpt lat="48.62945887260138988494873046875" lon="90.005177669227123260498046875">
        <ele>2222</ele>
        <time>2025-08-13T02:29:55.000Z</time>
        <extensions>
          <ns3:TrackPointExtension>
            <ns3:atemp>16.0</ns3:atemp>
          </ns3:TrackPointExtension>
        </extensions>
      </trkpt>
      <trkpt lat="48.6294631473720073699951171875" lon="90.00513014383614063262939453125">
        <ele>2222.199951171875</ele>
        <time>2025-08-13T02:29:57.000Z</time>
        <extensions>
          <ns3:TrackPointExtension>
            <ns3:atemp>16.0</ns3:atemp>
          </ns3:TrackPointExtension>
        </extensions>
      </trkpt>
      <trkpt lat="48.62947714515030384063720703125" lon="90.00506258569657802581787109375">
        <ele>2223</ele>
        <time>2025-08-13T02:30:00.000Z</time>
        <extensions>
          <ns3:TrackPointExtension>
            <ns3:atemp>16.0</ns3:atemp>
          </ns3:TrackPointExtension>
        </extensions>
      </trkpt>
      <trkpt lat="48.62950153648853302001953125" lon="90.00497390516102313995361328125">
        <ele>2223.199951171875</ele>
        <time>2025-08-13T02:30:04.000Z</time>
        <extensions>
          <ns3:TrackPointExtension>
            <ns3:atemp>16.0</ns3:atemp>
          </ns3:TrackPointExtension>
        </extensions>
      </trkpt>
      <trkpt lat="48.62955115735530853271484375" lon="90.00471993349492549896240234375">
        <ele>2224</ele>
        <time>2025-08-13T02:30:14.000Z</time>
        <extensions>
          <ns3:TrackPointExtension>
            <ns3:atemp>16.0</ns3:atemp>
          </ns3:TrackPointExtension>
        </extensions>
      </trkpt>
      <trkpt lat="48.629561550915241241455078125" lon="90.0046990625560283660888671875">
        <ele>2224.199951171875</ele>
        <time>2025-08-13T02:30:15.000Z</time>
        <extensions>
          <ns3:TrackPointExtension>
            <ns3:atemp>16.0</ns3:atemp>
          </ns3:TrackPointExtension>
        </extensions>
      </trkpt>
      <trkpt lat="48.62959734164178371429443359375" lon="90.00456201843917369842529296875">
        <ele>2225.199951171875</ele>
        <time>2025-08-13T02:30:20.000Z</time>
        <extensions>
          <ns3:TrackPointExtension>
            <ns3:atemp>16.0</ns3:atemp>
          </ns3:TrackPointExtension>
        </extensions>
      </trkpt>
      <trkpt lat="48.62962299026548862457275390625" lon="90.00446177087724208831787109375">
        <ele>2225.39990234375</ele>
        <time>2025-08-13T02:30:24.000Z</time>
        <extensions>
          <ns3:TrackPointExtension>
            <ns3:atemp>16.0</ns3:atemp>
          </ns3:TrackPointExtension>
        </extensions>
      </trkpt>
      <trkpt lat="48.62968124449253082275390625" lon="90.00425725243985652923583984375">
        <ele>2226.199951171875</ele>
        <time>2025-08-13T02:30:31.000Z</time>
        <extensions>
          <ns3:TrackPointExtension>
            <ns3:atemp>16.0</ns3:atemp>
          </ns3:TrackPointExtension>
        </extensions>
      </trkpt>
      <trkpt lat="48.6296988464891910552978515625" lon="90.00419774092733860015869140625">
        <ele>2226.39990234375</ele>
        <time>2025-08-13T02:30:33.000Z</time>
        <extensions>
          <ns3:TrackPointExtension>
            <ns3:atemp>16.0</ns3:atemp>
          </ns3:TrackPointExtension>
        </extensions>
      </trkpt>
      <trkpt lat="48.62971007823944091796875" lon="90.0041666440665721893310546875">
        <ele>2226.60009765625</ele>
        <time>2025-08-13T02:30:34.000Z</time>
        <extensions>
          <ns3:TrackPointExtension>
            <ns3:atemp>16.0</ns3:atemp>
          </ns3:TrackPointExtension>
        </extensions>
      </trkpt>
      <trkpt lat="48.62976062111556529998779296875" lon="90.00395081005990505218505859375">
        <ele>2227.199951171875</ele>
        <time>2025-08-13T02:30:41.000Z</time>
        <extensions>
          <ns3:TrackPointExtension>
            <ns3:atemp>16.0</ns3:atemp>
          </ns3:TrackPointExtension>
        </extensions>
      </trkpt>
      <trkpt lat="48.62977000884711742401123046875" lon="90.0039242394268512725830078125">
        <ele>2227.39990234375</ele>
        <time>2025-08-13T02:30:42.000Z</time>
        <extensions>
          <ns3:TrackPointExtension>
            <ns3:atemp>16.0</ns3:atemp>
          </ns3:TrackPointExtension>
        </extensions>
      </trkpt>
      <trkpt lat="48.62983505241572856903076171875" lon="90.003711842000484466552734375">
        <ele>2228.60009765625</ele>
        <time>2025-08-13T02:30:49.000Z</time>
        <extensions>
          <ns3:TrackPointExtension>
            <ns3:atemp>16.0</ns3:atemp>
          </ns3:TrackPointExtension>
        </extensions>
      </trkpt>
      <trkpt lat="48.62987059168517589569091796875" lon="90.00358351506292819976806640625">
        <ele>2228.800048828125</ele>
        <time>2025-08-13T02:30:53.000Z</time>
        <extensions>
          <ns3:TrackPointExtension>
            <ns3:atemp>16.0</ns3:atemp>
          </ns3:TrackPointExtension>
        </extensions>
      </trkpt>
      <trkpt lat="48.62993429414927959442138671875" lon="90.00337891280651092529296875">
        <ele>2229.60009765625</ele>
        <time>2025-08-13T02:31:00.000Z</time>
        <extensions>
          <ns3:TrackPointExtension>
            <ns3:atemp>16.0</ns3:atemp>
          </ns3:TrackPointExtension>
        </extensions>
      </trkpt>
      <trkpt lat="48.62998374737799167633056640625" lon="90.00322778709232807159423828125">
        <ele>2230.60009765625</ele>
        <time>2025-08-13T02:31:05.000Z</time>
        <extensions>
          <ns3:TrackPointExtension>
            <ns3:atemp>16.0</ns3:atemp>
          </ns3:TrackPointExtension>
        </extensions>
      </trkpt>
      <trkpt lat="48.63000067882239818572998046875" lon="90.00315964221954345703125">
        <ele>2230.800048828125</ele>
        <time>2025-08-13T02:31:07.000Z</time>
        <extensions>
          <ns3:TrackPointExtension>
            <ns3:atemp>16.0</ns3:atemp>
          </ns3:TrackPointExtension>
        </extensions>
      </trkpt>
      <trkpt lat="48.63007293082773685455322265625" lon="90.0029499270021915435791015625">
        <ele>2231.60009765625</ele>
        <time>2025-08-13T02:31:14.000Z</time>
        <extensions>
          <ns3:TrackPointExtension>
            <ns3:atemp>16.0</ns3:atemp>
          </ns3:TrackPointExtension>
        </extensions>
      </trkpt>
      <trkpt lat="48.630091957747936248779296875" lon="90.00288312323391437530517578125">
        <ele>2231.800048828125</ele>
        <time>2025-08-13T02:31:16.000Z</time>
        <extensions>
          <ns3:TrackPointExtension>
            <ns3:atemp>16.0</ns3:atemp>
          </ns3:TrackPointExtension>
        </extensions>
      </trkpt>
      <trkpt lat="48.63014794886112213134765625" lon="90.00270031392574310302734375">
        <ele>2232.39990234375</ele>
        <time>2025-08-13T02:31:22.000Z</time>
        <extensions>
          <ns3:TrackPointExtension>
            <ns3:atemp>16.0</ns3:atemp>
          </ns3:TrackPointExtension>
        </extensions>
      </trkpt>
      <trkpt lat="48.6301880143582820892333984375" lon="90.00258103944361209869384765625">
        <ele>2233</ele>
        <time>2025-08-13T02:31:26.000Z</time>
        <extensions>
          <ns3:TrackPointExtension>
            <ns3:atemp>16.0</ns3:atemp>
          </ns3:TrackPointExtension>
        </extensions>
      </trkpt>
      <trkpt lat="48.6302688159048557281494140625" lon="90.0023648701608180999755859375">
        <ele>2234</ele>
        <time>2025-08-13T02:31:33.000Z</time>
        <extensions>
          <ns3:TrackPointExtension>
            <ns3:atemp>16.0</ns3:atemp>
          </ns3:TrackPointExtension>
        </extensions>
      </trkpt>
      <trkpt lat="48.63027979619801044464111328125" lon="90.0023348629474639892578125">
        <ele>2234.199951171875</ele>
        <time>2025-08-13T02:31:34.000Z</time>
        <extensions>
          <ns3:TrackPointExtension>
            <ns3:atemp>16.0</ns3:atemp>
          </ns3:TrackPointExtension>
        </extensions>
      </trkpt>
      <trkpt lat="48.6303484439849853515625" lon="90.0021422468125820159912109375">
        <ele>2235</ele>
        <time>2025-08-13T02:31:41.000Z</time>
        <extensions>
          <ns3:TrackPointExtension>
            <ns3:atemp>16.0</ns3:atemp>
          </ns3:TrackPointExtension>
        </extensions>
      </trkpt>
      <trkpt lat="48.6303787864744663238525390625" lon="90.00205415301024913787841796875">
        <ele>2235.39990234375</ele>
        <time>2025-08-13T02:31:44.000Z</time>
        <extensions>
          <ns3:TrackPointExtension>
            <ns3:atemp>16.0</ns3:atemp>
          </ns3:TrackPointExtension>
        </extensions>
      </trkpt>
      <trkpt lat="48.630411811172962188720703125" lon="90.00196178443729877471923828125">
        <ele>2236.199951171875</ele>
        <time>2025-08-13T02:31:47.000Z</time>
        <extensions>
          <ns3:TrackPointExtension>
            <ns3:atemp>16.0</ns3:atemp>
          </ns3:TrackPointExtension>
        </extensions>
      </trkpt>
      <trkpt lat="48.63046822138130664825439453125" lon="90.0018009357154369354248046875">
        <ele>2237.199951171875</ele>
        <time>2025-08-13T02:31:53.000Z</time>
        <extensions>
          <ns3:TrackPointExtension>
            <ns3:atemp>16.0</ns3:atemp>
          </ns3:TrackPointExtension>
        </extensions>
      </trkpt>
      <trkpt lat="48.6305437423288822174072265625" lon="90.00160194933414459228515625">
        <ele>2237.800048828125</ele>
        <time>2025-08-13T02:32:00.000Z</time>
        <extensions>
          <ns3:TrackPointExtension>
            <ns3:atemp>16.0</ns3:atemp>
          </ns3:TrackPointExtension>
        </extensions>
      </trkpt>
      <trkpt lat="48.63056763075292110443115234375" lon="90.00155140645802021026611328125">
        <ele>2238.199951171875</ele>
        <time>2025-08-13T02:32:02.000Z</time>
        <extensions>
          <ns3:TrackPointExtension>
            <ns3:atemp>16.0</ns3:atemp>
          </ns3:TrackPointExtension>
        </extensions>
      </trkpt>
      <trkpt lat="48.630592525005340576171875" lon="90.0014819204807281494140625">
        <ele>2238.199951171875</ele>
        <time>2025-08-13T02:32:05.000Z</time>
        <extensions>
          <ns3:TrackPointExtension>
            <ns3:atemp>16.0</ns3:atemp>
          </ns3:TrackPointExtension>
        </extensions>
      </trkpt>
      <trkpt lat="48.63064893521368503570556640625" lon="90.001359879970550537109375">
        <ele>2238.800048828125</ele>
        <time>2025-08-13T02:32:10.000Z</time>
        <extensions>
          <ns3:TrackPointExtension>
            <ns3:atemp>16.0</ns3:atemp>
          </ns3:TrackPointExtension>
        </extensions>
      </trkpt>
      <trkpt lat="48.63071800209581851959228515625" lon="90.0011746399104595184326171875">
        <ele>2239.199951171875</ele>
        <time>2025-08-13T02:32:16.000Z</time>
        <extensions>
          <ns3:TrackPointExtension>
            <ns3:atemp>16.0</ns3:atemp>
          </ns3:TrackPointExtension>
        </extensions>
      </trkpt>
      <trkpt lat="48.63076829351484775543212890625" lon="90.0010338239371776580810546875">
        <ele>2240.199951171875</ele>
        <time>2025-08-13T02:32:20.000Z</time>
        <extensions>
          <ns3:TrackPointExtension>
            <ns3:atemp>16.0</ns3:atemp>
          </ns3:TrackPointExtension>
        </extensions>
      </trkpt>
      <trkpt lat="48.6307938583195209503173828125" lon="90.0009674392640590667724609375">
        <ele>2240.39990234375</ele>
        <time>2025-08-13T02:32:22.000Z</time>
        <extensions>
          <ns3:TrackPointExtension>
            <ns3:atemp>16.0</ns3:atemp>
          </ns3:TrackPointExtension>
        </extensions>
      </trkpt>
      <trkpt lat="48.63084507174789905548095703125" lon="90.0008329935371875762939453125">
        <ele>2241.39990234375</ele>
        <time>2025-08-13T02:32:26.000Z</time>
        <extensions>
          <ns3:TrackPointExtension>
            <ns3:atemp>15.0</ns3:atemp>
          </ns3:TrackPointExtension>
        </extensions>
      </trkpt>
      <trkpt lat="48.63087474368512630462646484375" lon="90.00074565410614013671875">
        <ele>2242</ele>
        <time>2025-08-13T02:32:29.000Z</time>
        <extensions>
          <ns3:TrackPointExtension>
            <ns3:atemp>16.0</ns3:atemp>
          </ns3:TrackPointExtension>
        </extensions>
      </trkpt>
      <trkpt lat="48.63096912391483783721923828125" lon="90.00052797608077526092529296875">
        <ele>2242.39990234375</ele>
        <time>2025-08-13T02:32:38.000Z</time>
        <extensions>
          <ns3:TrackPointExtension>
            <ns3:atemp>15.0</ns3:atemp>
          </ns3:TrackPointExtension>
        </extensions>
      </trkpt>
      <trkpt lat="48.63097985275089740753173828125" lon="90.00049956142902374267578125">
        <ele>2242.39990234375</ele>
        <time>2025-08-13T02:32:39.000Z</time>
        <extensions>
          <ns3:TrackPointExtension>
            <ns3:atemp>15.0</ns3:atemp>
          </ns3:TrackPointExtension>
        </extensions>
      </trkpt>
      <trkpt lat="48.6310567148029804229736328125" lon="90.000287331640720367431640625">
        <ele>2242.800048828125</ele>
        <time>2025-08-13T02:32:47.000Z</time>
        <extensions>
          <ns3:TrackPointExtension>
            <ns3:atemp>15.0</ns3:atemp>
          </ns3:TrackPointExtension>
        </extensions>
      </trkpt>
      <trkpt lat="48.63113106228411197662353515625" lon="90.00013804994523525238037109375">
        <ele>2243.60009765625</ele>
        <time>2025-08-13T02:32:53.000Z</time>
        <extensions>
          <ns3:TrackPointExtension>
            <ns3:atemp>15.0</ns3:atemp>
          </ns3:TrackPointExtension>
        </extensions>
      </trkpt>
      <trkpt lat="48.63117699511349201202392578125" lon="90.00003545545041561126708984375">
        <ele>2244</ele>
        <time>2025-08-13T02:32:57.000Z</time>
        <extensions>
          <ns3:TrackPointExtension>
            <ns3:atemp>15.0</ns3:atemp>
          </ns3:TrackPointExtension>
        </extensions>
      </trkpt>
      <trkpt lat="48.6312471516430377960205078125" lon="89.99987251125276088714599609375">
        <ele>2244.800048828125</ele>
        <time>2025-08-13T02:33:03.000Z</time>
        <extensions>
          <ns3:TrackPointExtension>
            <ns3:atemp>15.0</ns3:atemp>
          </ns3:TrackPointExtension>
        </extensions>
      </trkpt>
      <trkpt lat="48.6312910728156566619873046875" lon="89.99976002611219882965087890625">
        <ele>2245.60009765625</ele>
        <time>2025-08-13T02:33:07.000Z</time>
        <extensions>
          <ns3:TrackPointExtension>
            <ns3:atemp>15.0</ns3:atemp>
          </ns3:TrackPointExtension>
        </extensions>
      </trkpt>
      <trkpt lat="48.6313269473612308502197265625" lon="89.9996722675859928131103515625">
        <ele>2245.800048828125</ele>
        <time>2025-08-13T02:33:10.000Z</time>
        <extensions>
          <ns3:TrackPointExtension>
            <ns3:atemp>15.0</ns3:atemp>
          </ns3:TrackPointExtension>
        </extensions>
      </trkpt>
      <trkpt lat="48.6314064078032970428466796875" lon="89.99946330673992633819580078125">
        <ele>2246.39990234375</ele>
        <time>2025-08-13T02:33:17.000Z</time>
        <extensions>
          <ns3:TrackPointExtension>
            <ns3:atemp>15.0</ns3:atemp>
          </ns3:TrackPointExtension>
        </extensions>
      </trkpt>
      <trkpt lat="48.6314406059682369232177734375" lon="89.9993728660047054290771484375">
        <ele>2246.800048828125</ele>
        <time>2025-08-13T02:33:20.000Z</time>
        <extensions>
          <ns3:TrackPointExtension>
            <ns3:atemp>15.0</ns3:atemp>
          </ns3:TrackPointExtension>
        </extensions>
      </trkpt>
      <trkpt lat="48.63149567507207393646240234375" lon="89.9992069043219089508056640625">
        <ele>2247.199951171875</ele>
        <time>2025-08-13T02:33:26.000Z</time>
        <extensions>
          <ns3:TrackPointExtension>
            <ns3:atemp>15.0</ns3:atemp>
          </ns3:TrackPointExtension>
        </extensions>
      </trkpt>
      <trkpt lat="48.63157798536121845245361328125" lon="89.9990545213222503662109375">
        <ele>2248</ele>
        <time>2025-08-13T02:33:32.000Z</time>
        <extensions>
          <ns3:TrackPointExtension>
            <ns3:atemp>15.0</ns3:atemp>
          </ns3:TrackPointExtension>
        </extensions>
      </trkpt>
      <trkpt lat="48.631626181304454803466796875" lon="89.99892175197601318359375">
        <ele>2248.60009765625</ele>
        <time>2025-08-13T02:33:36.000Z</time>
        <extensions>
          <ns3:TrackPointExtension>
            <ns3:atemp>15.0</ns3:atemp>
          </ns3:TrackPointExtension>
        </extensions>
      </trkpt>
      <trkpt lat="48.6316521652042865753173828125" lon="89.99885276891291141510009765625">
        <ele>2249</ele>
        <time>2025-08-13T02:33:38.000Z</time>
        <extensions>
          <ns3:TrackPointExtension>
            <ns3:atemp>15.0</ns3:atemp>
          </ns3:TrackPointExtension>
        </extensions>
      </trkpt>
      <trkpt lat="48.6317646503448486328125" lon="89.99859443865716457366943359375">
        <ele>2249.800048828125</ele>
        <time>2025-08-13T02:33:46.000Z</time>
        <extensions>
          <ns3:TrackPointExtension>
            <ns3:atemp>15.0</ns3:atemp>
          </ns3:TrackPointExtension>
        </extensions>
      </trkpt>
      <trkpt lat="48.6318169534206390380859375" lon="89.998476170003414154052734375">
        <ele>2250</ele>
        <time>2025-08-13T02:33:50.000Z</time>
        <extensions>
          <ns3:TrackPointExtension>
            <ns3:atemp>15.0</ns3:atemp>
          </ns3:TrackPointExtension>
        </extensions>
      </trkpt>
      <trkpt lat="48.631889037787914276123046875" lon="89.99826955609023571014404296875">
        <ele>2250.60009765625</ele>
        <time>2025-08-13T02:33:56.000Z</time>
        <extensions>
          <ns3:TrackPointExtension>
            <ns3:atemp>15.0</ns3:atemp>
          </ns3:TrackPointExtension>
        </extensions>
      </trkpt>
      <trkpt lat="48.6319304443895816802978515625" lon="89.9981672130525112152099609375">
        <ele>2251</ele>
        <time>2025-08-13T02:33:59.000Z</time>
        <extensions>
          <ns3:TrackPointExtension>
            <ns3:atemp>15.0</ns3:atemp>
          </ns3:TrackPointExtension>
        </extensions>
      </trkpt>
      <trkpt lat="48.63204435445368289947509765625" lon="89.9979097209870815277099609375">
        <ele>2251.800048828125</ele>
        <time>2025-08-13T02:34:07.000Z</time>
        <extensions>
          <ns3:TrackPointExtension>
            <ns3:atemp>15.0</ns3:atemp>
          </ns3:TrackPointExtension>
        </extensions>
      </trkpt>
      <trkpt lat="48.63208240829408168792724609375" lon="89.997804276645183563232421875">
        <ele>2252.199951171875</ele>
        <time>2025-08-13T02:34:10.000Z</time>
        <extensions>
          <ns3:TrackPointExtension>
            <ns3:atemp>15.0</ns3:atemp>
          </ns3:TrackPointExtension>
        </extensions>
      </trkpt>
      <trkpt lat="48.63213404081761837005615234375" lon="89.9976465292274951934814453125">
        <ele>2252.60009765625</ele>
        <time>2025-08-13T02:34:15.000Z</time>
        <extensions>
          <ns3:TrackPointExtension>
            <ns3:atemp>15.0</ns3:atemp>
          </ns3:TrackPointExtension>
        </extensions>
      </trkpt>
      <trkpt lat="48.63214544020593166351318359375" lon="89.9976173602044582366943359375">
        <ele>2252.60009765625</ele>
        <time>2025-08-13T02:34:16.000Z</time>
        <extensions>
          <ns3:TrackPointExtension>
            <ns3:atemp>15.0</ns3:atemp>
          </ns3:TrackPointExtension>
        </extensions>
      </trkpt>
      <trkpt lat="48.63224677741527557373046875" lon="89.9973944015800952911376953125">
        <ele>2253</ele>
        <time>2025-08-13T02:34:23.000Z</time>
        <extensions>
          <ns3:TrackPointExtension>
            <ns3:atemp>15.0</ns3:atemp>
          </ns3:TrackPointExtension>
        </extensions>
      </trkpt>
      <trkpt lat="48.632287345826625823974609375" lon="89.9972874484956264495849609375">
        <ele>2253.199951171875</ele>
        <time>2025-08-13T02:34:26.000Z</time>
        <extensions>
          <ns3:TrackPointExtension>
            <ns3:atemp>15.0</ns3:atemp>
          </ns3:TrackPointExtension>
        </extensions>
      </trkpt>
      <trkpt lat="48.6324001662433147430419921875" lon="89.9969999492168426513671875">
        <ele>2254.199951171875</ele>
        <time>2025-08-13T02:34:34.000Z</time>
        <extensions>
          <ns3:TrackPointExtension>
            <ns3:atemp>15.0</ns3:atemp>
          </ns3:TrackPointExtension>
        </extensions>
      </trkpt>
      <trkpt lat="48.63242891617119312286376953125" lon="89.99692560173571109771728515625">
        <ele>2254.39990234375</ele>
        <time>2025-08-13T02:34:36.000Z</time>
        <extensions>
          <ns3:TrackPointExtension>
            <ns3:atemp>15.0</ns3:atemp>
          </ns3:TrackPointExtension>
        </extensions>
      </trkpt>
      <trkpt lat="48.6325527168810367584228515625" lon="89.996632151305675506591796875">
        <ele>2255.199951171875</ele>
        <time>2025-08-13T02:34:44.000Z</time>
        <extensions>
          <ns3:TrackPointExtension>
            <ns3:atemp>15.0</ns3:atemp>
          </ns3:TrackPointExtension>
        </extensions>
      </trkpt>
      <trkpt lat="48.6326082050800323486328125" lon="89.99648555181920528411865234375">
        <ele>2255.39990234375</ele>
        <time>2025-08-13T02:34:48.000Z</time>
        <extensions>
          <ns3:TrackPointExtension>
            <ns3:atemp>15.0</ns3:atemp>
          </ns3:TrackPointExtension>
        </extensions>
      </trkpt>
      <trkpt lat="48.63270769827067852020263671875" lon="89.99625655822455883026123046875">
        <ele>2256</ele>
        <time>2025-08-13T02:34:54.000Z</time>
        <extensions>
          <ns3:TrackPointExtension>
            <ns3:atemp>15.0</ns3:atemp>
          </ns3:TrackPointExtension>
        </extensions>
      </trkpt>
      <trkpt lat="48.63278648816049098968505859375" lon="89.9960600025951862335205078125">
        <ele>2256.60009765625</ele>
        <time>2025-08-13T02:34:59.000Z</time>
        <extensions>
          <ns3:TrackPointExtension>
            <ns3:atemp>15.0</ns3:atemp>
          </ns3:TrackPointExtension>
        </extensions>
      </trkpt>
      <trkpt lat="48.63290266133844852447509765625" lon="89.99577409587800502777099609375">
        <ele>2257.199951171875</ele>
        <time>2025-08-13T02:35:06.000Z</time>
        <extensions>
          <ns3:TrackPointExtension>
            <ns3:atemp>15.0</ns3:atemp>
          </ns3:TrackPointExtension>
        </extensions>
      </trkpt>
      <trkpt lat="48.6329865641891956329345703125" lon="89.995580725371837615966796875">
        <ele>2257.800048828125</ele>
        <time>2025-08-13T02:35:11.000Z</time>
        <extensions>
          <ns3:TrackPointExtension>
            <ns3:atemp>15.0</ns3:atemp>
          </ns3:TrackPointExtension>
        </extensions>
      </trkpt>
      <trkpt lat="48.63305403850972652435302734375" lon="89.99540604650974273681640625">
        <ele>2258</ele>
        <time>2025-08-13T02:35:15.000Z</time>
        <extensions>
          <ns3:TrackPointExtension>
            <ns3:atemp>15.0</ns3:atemp>
          </ns3:TrackPointExtension>
        </extensions>
      </trkpt>
      <trkpt lat="48.63322435878217220306396484375" lon="89.99498904682695865631103515625">
        <ele>2258.800048828125</ele>
        <time>2025-08-13T02:35:25.000Z</time>
        <extensions>
          <ns3:TrackPointExtension>
            <ns3:atemp>15.0</ns3:atemp>
          </ns3:TrackPointExtension>
        </extensions>
      </trkpt>
      <trkpt lat="48.633241541683673858642578125" lon="89.9949455447494983673095703125">
        <ele>2258.800048828125</ele>
        <time>2025-08-13T02:35:26.000Z</time>
        <extensions>
          <ns3:TrackPointExtension>
            <ns3:atemp>15.0</ns3:atemp>
          </ns3:TrackPointExtension>
        </extensions>
      </trkpt>
      <trkpt lat="48.63336953334510326385498046875" lon="89.9946075864136219024658203125">
        <ele>2259.60009765625</ele>
        <time>2025-08-13T02:35:35.000Z</time>
        <extensions>
          <ns3:TrackPointExtension>
            <ns3:atemp>15.0</ns3:atemp>
          </ns3:TrackPointExtension>
        </extensions>
      </trkpt>
      <trkpt lat="48.63343625329434871673583984375" lon="89.99444489367306232452392578125">
        <ele>2259.800048828125</ele>
        <time>2025-08-13T02:35:40.000Z</time>
        <extensions>
          <ns3:TrackPointExtension>
            <ns3:atemp>15.0</ns3:atemp>
          </ns3:TrackPointExtension>
        </extensions>
      </trkpt>
      <trkpt lat="48.63351873122155666351318359375" lon="89.99425663612782955169677734375">
        <ele>2260.39990234375</ele>
        <time>2025-08-13T02:35:45.000Z</time>
        <extensions>
          <ns3:TrackPointExtension>
            <ns3:atemp>15.0</ns3:atemp>
          </ns3:TrackPointExtension>
        </extensions>
      </trkpt>
      <trkpt lat="48.63359651528298854827880859375" lon="89.9940617568790912628173828125">
        <ele>2260.800048828125</ele>
        <time>2025-08-13T02:35:50.000Z</time>
        <extensions>
          <ns3:TrackPointExtension>
            <ns3:atemp>15.0</ns3:atemp>
          </ns3:TrackPointExtension>
        </extensions>
      </trkpt>
      <trkpt lat="48.63364261575043201446533203125" lon="89.99393376521766185760498046875">
        <ele>2261.199951171875</ele>
        <time>2025-08-13T02:35:54.000Z</time>
        <extensions>
          <ns3:TrackPointExtension>
            <ns3:atemp>15.0</ns3:atemp>
          </ns3:TrackPointExtension>
        </extensions>
      </trkpt>
      <trkpt lat="48.63377002067863941192626953125" lon="89.9936057813465595245361328125">
        <ele>2261.800048828125</ele>
        <time>2025-08-13T02:36:03.000Z</time>
        <extensions>
          <ns3:TrackPointExtension>
            <ns3:atemp>15.0</ns3:atemp>
          </ns3:TrackPointExtension>
        </extensions>
      </trkpt>
      <trkpt lat="48.63378477282822132110595703125" lon="89.9935725890100002288818359375">
        <ele>2261.800048828125</ele>
        <time>2025-08-13T02:36:04.000Z</time>
        <extensions>
          <ns3:TrackPointExtension>
            <ns3:atemp>15.0</ns3:atemp>
          </ns3:TrackPointExtension>
        </extensions>
      </trkpt>
      <trkpt lat="48.63394184969365596771240234375" lon="89.99319079332053661346435546875">
        <ele>2263</ele>
        <time>2025-08-13T02:36:14.000Z</time>
        <extensions>
          <ns3:TrackPointExtension>
            <ns3:atemp>15.0</ns3:atemp>
          </ns3:TrackPointExtension>
        </extensions>
      </trkpt>
      <trkpt lat="48.63405190408229827880859375" lon="89.9929328821599483489990234375">
        <ele>2263.39990234375</ele>
        <time>2025-08-13T02:36:22.000Z</time>
        <extensions>
          <ns3:TrackPointExtension>
            <ns3:atemp>15.0</ns3:atemp>
          </ns3:TrackPointExtension>
        </extensions>
      </trkpt>
      <trkpt lat="48.63410965539515018463134765625" lon="89.9927840195596218109130859375">
        <ele>2264</ele>
        <time>2025-08-13T02:36:26.000Z</time>
        <extensions>
          <ns3:TrackPointExtension>
            <ns3:atemp>15.0</ns3:atemp>
          </ns3:TrackPointExtension>
        </extensions>
      </trkpt>
      <trkpt lat="48.634212501347064971923828125" lon="89.99251906760036945343017578125">
        <ele>2264.39990234375</ele>
        <time>2025-08-13T02:36:33.000Z</time>
        <extensions>
          <ns3:TrackPointExtension>
            <ns3:atemp>15.0</ns3:atemp>
          </ns3:TrackPointExtension>
        </extensions>
      </trkpt>
      <trkpt lat="48.6343511380255222320556640625" lon="89.9922014772891998291015625">
        <ele>2265</ele>
        <time>2025-08-13T02:36:43.000Z</time>
        <extensions>
          <ns3:TrackPointExtension>
            <ns3:atemp>15.0</ns3:atemp>
          </ns3:TrackPointExtension>
        </extensions>
      </trkpt>
      <trkpt lat="48.63436630927026271820068359375" lon="89.9921666085720062255859375">
        <ele>2265</ele>
        <time>2025-08-13T02:36:44.000Z</time>
        <extensions>
          <ns3:TrackPointExtension>
            <ns3:atemp>15.0</ns3:atemp>
          </ns3:TrackPointExtension>
        </extensions>
      </trkpt>
      <trkpt lat="48.6344728432595729827880859375" lon="89.99188472516834735870361328125">
        <ele>2266</ele>
        <time>2025-08-13T02:36:52.000Z</time>
        <extensions>
          <ns3:TrackPointExtension>
            <ns3:atemp>15.0</ns3:atemp>
          </ns3:TrackPointExtension>
        </extensions>
      </trkpt>
      <trkpt lat="48.63461340777575969696044921875" lon="89.99153017066419124603271484375">
        <ele>2267</ele>
        <time>2025-08-13T02:37:02.000Z</time>
        <extensions>
          <ns3:TrackPointExtension>
            <ns3:atemp>15.0</ns3:atemp>
          </ns3:TrackPointExtension>
        </extensions>
      </trkpt>
      <trkpt lat="48.63464710302650928497314453125" lon="89.9914543144404888153076171875">
        <ele>2267.199951171875</ele>
        <time>2025-08-13T02:37:04.000Z</time>
        <extensions>
          <ns3:TrackPointExtension>
            <ns3:atemp>15.0</ns3:atemp>
          </ns3:TrackPointExtension>
        </extensions>
      </trkpt>
      <trkpt lat="48.6347551457583904266357421875" lon="89.99119229614734649658203125">
        <ele>2267.800048828125</ele>
        <time>2025-08-13T02:37:11.000Z</time>
        <extensions>
          <ns3:TrackPointExtension>
            <ns3:atemp>15.0</ns3:atemp>
          </ns3:TrackPointExtension>
        </extensions>
      </trkpt>
      <trkpt lat="48.63483116962015628814697265625" lon="89.9909985065460205078125">
        <ele>2268.199951171875</ele>
        <time>2025-08-13T02:37:17.000Z</time>
        <extensions>
          <ns3:TrackPointExtension>
            <ns3:atemp>15.0</ns3:atemp>
          </ns3:TrackPointExtension>
        </extensions>
      </trkpt>
      <trkpt lat="48.63487777300179004669189453125" lon="89.99089457094669342041015625">
        <ele>2268.800048828125</ele>
        <time>2025-08-13T02:37:20.000Z</time>
        <extensions>
          <ns3:TrackPointExtension>
            <ns3:atemp>15.0</ns3:atemp>
          </ns3:TrackPointExtension>
        </extensions>
      </trkpt>
      <trkpt lat="48.63495069555938243865966796875" lon="89.99068343080580234527587890625">
        <ele>2269.199951171875</ele>
        <time>2025-08-13T02:37:27.000Z</time>
        <extensions>
          <ns3:TrackPointExtension>
            <ns3:atemp>15.0</ns3:atemp>
          </ns3:TrackPointExtension>
        </extensions>
      </trkpt>
      <trkpt lat="48.63496117293834686279296875" lon="89.99065451323986053466796875">
        <ele>2269.39990234375</ele>
        <time>2025-08-13T02:37:28.000Z</time>
        <extensions>
          <ns3:TrackPointExtension>
            <ns3:atemp>15.0</ns3:atemp>
          </ns3:TrackPointExtension>
        </extensions>
      </trkpt>
      <trkpt lat="48.63506888039410114288330078125" lon="89.9904035590589046478271484375">
        <ele>2269.800048828125</ele>
        <time>2025-08-13T02:37:36.000Z</time>
        <extensions>
          <ns3:TrackPointExtension>
            <ns3:atemp>15.0</ns3:atemp>
          </ns3:TrackPointExtension>
        </extensions>
      </trkpt>
      <trkpt lat="48.63515831530094146728515625" lon="89.9901973642408847808837890625">
        <ele>2270</ele>
        <time>2025-08-13T02:37:43.000Z</time>
        <extensions>
          <ns3:TrackPointExtension>
            <ns3:atemp>15.0</ns3:atemp>
          </ns3:TrackPointExtension>
        </extensions>
      </trkpt>
      <trkpt lat="48.63518589176237583160400390625" lon="89.9901259504258632659912109375">
        <ele>2270.199951171875</ele>
        <time>2025-08-13T02:37:45.000Z</time>
        <extensions>
          <ns3:TrackPointExtension>
            <ns3:atemp>15.0</ns3:atemp>
          </ns3:TrackPointExtension>
        </extensions>
      </trkpt>
      <trkpt lat="48.6352557130157947540283203125" lon="89.989955462515354156494140625">
        <ele>2270.60009765625</ele>
        <time>2025-08-13T02:37:50.000Z</time>
        <extensions>
          <ns3:TrackPointExtension>
            <ns3:atemp>15.0</ns3:atemp>
          </ns3:TrackPointExtension>
        </extensions>
      </trkpt>
      <trkpt lat="48.63526518456637859344482421875" lon="89.989927299320697784423828125">
        <ele>2270.60009765625</ele>
        <time>2025-08-13T02:37:51.000Z</time>
        <extensions>
          <ns3:TrackPointExtension>
            <ns3:atemp>15.0</ns3:atemp>
          </ns3:TrackPointExtension>
        </extensions>
      </trkpt>
      <trkpt lat="48.6353723891079425811767578125" lon="89.9897043406963348388671875">
        <ele>2271.199951171875</ele>
        <time>2025-08-13T02:37:59.000Z</time>
        <extensions>
          <ns3:TrackPointExtension>
            <ns3:atemp>15.0</ns3:atemp>
          </ns3:TrackPointExtension>
        </extensions>
      </trkpt>
      <trkpt lat="48.6354089342057704925537109375" lon="89.98963619582355022430419921875">
        <ele>2271.39990234375</ele>
        <time>2025-08-13T02:38:01.000Z</time>
        <extensions>
          <ns3:TrackPointExtension>
            <ns3:atemp>15.0</ns3:atemp>
          </ns3:TrackPointExtension>
        </extensions>
      </trkpt>
      <trkpt lat="48.63553541712462902069091796875" lon="89.98935640789568424224853515625">
        <ele>2272</ele>
        <time>2025-08-13T02:38:08.000Z</time>
        <extensions>
          <ns3:TrackPointExtension>
            <ns3:atemp>15.0</ns3:atemp>
          </ns3:TrackPointExtension>
        </extensions>
      </trkpt>
      <trkpt lat="48.6356520093977451324462890625" lon="89.98912003822624683380126953125">
        <ele>2272.39990234375</ele>
        <time>2025-08-13T02:38:14.000Z</time>
        <extensions>
          <ns3:TrackPointExtension>
            <ns3:atemp>15.0</ns3:atemp>
          </ns3:TrackPointExtension>
        </extensions>
      </trkpt>
      <trkpt lat="48.635711185634136199951171875" lon="89.9890010990202426910400390625">
        <ele>2272.60009765625</ele>
        <time>2025-08-13T02:38:17.000Z</time>
        <extensions>
          <ns3:TrackPointExtension>
            <ns3:atemp>15.0</ns3:atemp>
          </ns3:TrackPointExtension>
        </extensions>
      </trkpt>
      <trkpt lat="48.635819144546985626220703125" lon="89.98876749537885189056396484375">
        <ele>2273</ele>
        <time>2025-08-13T02:38:24.000Z</time>
        <extensions>
          <ns3:TrackPointExtension>
            <ns3:atemp>15.0</ns3:atemp>
          </ns3:TrackPointExtension>
        </extensions>
      </trkpt>
      <trkpt lat="48.63592232577502727508544921875" lon="89.988576807081699371337890625">
        <ele>2273.39990234375</ele>
        <time>2025-08-13T02:38:29.000Z</time>
        <extensions>
          <ns3:TrackPointExtension>
            <ns3:atemp>15.0</ns3:atemp>
          </ns3:TrackPointExtension>
        </extensions>
      </trkpt>
      <trkpt lat="48.63597915507853031158447265625" lon="89.98844579793512821197509765625">
        <ele>2273.800048828125</ele>
        <time>2025-08-13T02:38:32.000Z</time>
        <extensions>
          <ns3:TrackPointExtension>
            <ns3:atemp>15.0</ns3:atemp>
          </ns3:TrackPointExtension>
        </extensions>
      </trkpt>
      <trkpt lat="48.6361626349389553070068359375" lon="89.98807582072913646697998046875">
        <ele>2274.199951171875</ele>
        <time>2025-08-13T02:38:40.000Z</time>
        <extensions>
          <ns3:TrackPointExtension>
            <ns3:atemp>14.0</ns3:atemp>
          </ns3:TrackPointExtension>
        </extensions>
      </trkpt>
      <trkpt lat="48.63631158135831356048583984375" lon="89.9877924285829067230224609375">
        <ele>2274.39990234375</ele>
        <time>2025-08-13T02:38:46.000Z</time>
        <extensions>
          <ns3:TrackPointExtension>
            <ns3:atemp>14.0</ns3:atemp>
          </ns3:TrackPointExtension>
        </extensions>
      </trkpt>
      <trkpt lat="48.6363869346678256988525390625" lon="89.98764683492481708526611328125">
        <ele>2274.60009765625</ele>
        <time>2025-08-13T02:38:49.000Z</time>
        <extensions>
          <ns3:TrackPointExtension>
            <ns3:atemp>14.0</ns3:atemp>
          </ns3:TrackPointExtension>
        </extensions>
      </trkpt>
      <trkpt lat="48.63661534152925014495849609375" lon="89.98723872005939483642578125">
        <ele>2275</ele>
        <time>2025-08-13T02:38:57.000Z</time>
        <extensions>
          <ns3:TrackPointExtension>
            <ns3:atemp>14.0</ns3:atemp>
          </ns3:TrackPointExtension>
        </extensions>
      </trkpt>
      <trkpt lat="48.63683746196329593658447265625" lon="89.9868637137115001678466796875">
        <ele>2275.60009765625</ele>
        <time>2025-08-13T02:39:05.000Z</time>
        <extensions>
          <ns3:TrackPointExtension>
            <ns3:atemp>14.0</ns3:atemp>
          </ns3:TrackPointExtension>
        </extensions>
      </trkpt>
      <trkpt lat="48.6368943750858306884765625" lon="89.9867705069482326507568359375">
        <ele>2276</ele>
        <time>2025-08-13T02:39:07.000Z</time>
        <extensions>
          <ns3:TrackPointExtension>
            <ns3:atemp>14.0</ns3:atemp>
          </ns3:TrackPointExtension>
        </extensions>
      </trkpt>
      <trkpt lat="48.63713912665843963623046875" lon="89.986361302435398101806640625">
        <ele>2276.39990234375</ele>
        <time>2025-08-13T02:39:16.000Z</time>
        <extensions>
          <ns3:TrackPointExtension>
            <ns3:atemp>14.0</ns3:atemp>
          </ns3:TrackPointExtension>
        </extensions>
      </trkpt>
      <trkpt lat="48.6371926032006740570068359375" lon="89.98627237044274806976318359375">
        <ele>2276.800048828125</ele>
        <time>2025-08-13T02:39:18.000Z</time>
        <extensions>
          <ns3:TrackPointExtension>
            <ns3:atemp>14.0</ns3:atemp>
          </ns3:TrackPointExtension>
        </extensions>
      </trkpt>
      <trkpt lat="48.6374138854444026947021484375" lon="89.9859143793582916259765625">
        <ele>2278</ele>
        <time>2025-08-13T02:39:26.000Z</time>
        <extensions>
          <ns3:TrackPointExtension>
            <ns3:atemp>14.0</ns3:atemp>
          </ns3:TrackPointExtension>
        </extensions>
      </trkpt>
      <trkpt lat="48.637472726404666900634765625" lon="89.98582930304110050201416015625">
        <ele>2278.60009765625</ele>
        <time>2025-08-13T02:39:28.000Z</time>
        <extensions>
          <ns3:TrackPointExtension>
            <ns3:atemp>14.0</ns3:atemp>
          </ns3:TrackPointExtension>
        </extensions>
      </trkpt>
      <trkpt lat="48.6378011293709278106689453125" lon="89.98533711768686771392822265625">
        <ele>2279.199951171875</ele>
        <time>2025-08-13T02:39:39.000Z</time>
        <extensions>
          <ns3:TrackPointExtension>
            <ns3:atemp>14.0</ns3:atemp>
          </ns3:TrackPointExtension>
        </extensions>
      </trkpt>
      <trkpt lat="48.63783239386975765228271484375" lon="89.98529235832393169403076171875">
        <ele>2279.800048828125</ele>
        <time>2025-08-13T02:39:40.000Z</time>
        <extensions>
          <ns3:TrackPointExtension>
            <ns3:atemp>14.0</ns3:atemp>
          </ns3:TrackPointExtension>
        </extensions>
      </trkpt>
      <trkpt lat="48.63786323927342891693115234375" lon="89.98524726368486881256103515625">
        <ele>2280.199951171875</ele>
        <time>2025-08-13T02:39:41.000Z</time>
        <extensions>
          <ns3:TrackPointExtension>
            <ns3:atemp>14.0</ns3:atemp>
          </ns3:TrackPointExtension>
        </extensions>
      </trkpt>
      <trkpt lat="48.63810681737959384918212890625" lon="89.98487661592662334442138671875">
        <ele>2279.800048828125</ele>
        <time>2025-08-13T02:39:50.000Z</time>
        <extensions>
          <ns3:TrackPointExtension>
            <ns3:atemp>14.0</ns3:atemp>
          </ns3:TrackPointExtension>
        </extensions>
      </trkpt>
      <trkpt lat="48.6383412592113018035888671875" lon="89.98453639447689056396484375">
        <ele>2280</ele>
        <time>2025-08-13T02:39:59.000Z</time>
        <extensions>
          <ns3:TrackPointExtension>
            <ns3:atemp>14.0</ns3:atemp>
          </ns3:TrackPointExtension>
        </extensions>
      </trkpt>
      <trkpt lat="48.63860503770411014556884765625" lon="89.984138421714305877685546875">
        <ele>2280.60009765625</ele>
        <time>2025-08-13T02:40:09.000Z</time>
        <extensions>
          <ns3:TrackPointExtension>
            <ns3:atemp>14.0</ns3:atemp>
          </ns3:TrackPointExtension>
        </extensions>
      </trkpt>
      <trkpt lat="48.638877533376216888427734375" lon="89.98372360132634639739990234375">
        <ele>2281.199951171875</ele>
        <time>2025-08-13T02:40:19.000Z</time>
        <extensions>
          <ns3:TrackPointExtension>
            <ns3:atemp>14.0</ns3:atemp>
          </ns3:TrackPointExtension>
        </extensions>
      </trkpt>
      <trkpt lat="48.63894366659224033355712890625" lon="89.9836237728595733642578125">
        <ele>2281.199951171875</ele>
        <time>2025-08-13T02:40:22.000Z</time>
        <extensions>
          <ns3:TrackPointExtension>
            <ns3:atemp>14.0</ns3:atemp>
          </ns3:TrackPointExtension>
        </extensions>
      </trkpt>
      <trkpt lat="48.63902379758656024932861328125" lon="89.98348672874271869659423828125">
        <ele>2281.60009765625</ele>
        <time>2025-08-13T02:40:26.000Z</time>
        <extensions>
          <ns3:TrackPointExtension>
            <ns3:atemp>14.0</ns3:atemp>
          </ns3:TrackPointExtension>
        </extensions>
      </trkpt>
      <trkpt lat="48.6391353607177734375" lon="89.983325041830539703369140625">
        <ele>2282.199951171875</ele>
        <time>2025-08-13T02:40:32.000Z</time>
        <extensions>
          <ns3:TrackPointExtension>
            <ns3:atemp>14.0</ns3:atemp>
          </ns3:TrackPointExtension>
        </extensions>
      </trkpt>
      <trkpt lat="48.6391556449234485626220703125" lon="89.98329210095107555389404296875">
        <ele>2282.199951171875</ele>
        <time>2025-08-13T02:40:33.000Z</time>
        <extensions>
          <ns3:TrackPointExtension>
            <ns3:atemp>14.0</ns3:atemp>
          </ns3:TrackPointExtension>
        </extensions>
      </trkpt>
      <trkpt lat="48.639348261058330535888671875" lon="89.98300979845225811004638671875">
        <ele>2282.60009765625</ele>
        <time>2025-08-13T02:40:42.000Z</time>
        <extensions>
          <ns3:TrackPointExtension>
            <ns3:atemp>14.0</ns3:atemp>
          </ns3:TrackPointExtension>
        </extensions>
      </trkpt>
      <trkpt lat="48.63942864350974559783935546875" lon="89.98288725502789020538330078125">
        <ele>2283.199951171875</ele>
        <time>2025-08-13T02:40:47.000Z</time>
        <extensions>
          <ns3:TrackPointExtension>
            <ns3:atemp>14.0</ns3:atemp>
          </ns3:TrackPointExtension>
        </extensions>
      </trkpt>
      <trkpt lat="48.6394496820867061614990234375" lon="89.982858002185821533203125">
        <ele>2283.39990234375</ele>
        <time>2025-08-13T02:40:48.000Z</time>
        <extensions>
          <ns3:TrackPointExtension>
            <ns3:atemp>14.0</ns3:atemp>
          </ns3:TrackPointExtension>
        </extensions>
      </trkpt>
      <trkpt lat="48.63960600458085536956787109375" lon="89.982643090188503265380859375">
        <ele>2283.800048828125</ele>
        <time>2025-08-13T02:40:54.000Z</time>
        <extensions>
          <ns3:TrackPointExtension>
            <ns3:atemp>14.0</ns3:atemp>
          </ns3:TrackPointExtension>
        </extensions>
      </trkpt>
      <trkpt lat="48.6398070864379405975341796875" lon="89.98233832418918609619140625">
        <ele>2283.39990234375</ele>
        <time>2025-08-13T02:41:01.000Z</time>
        <extensions>
          <ns3:TrackPointExtension>
            <ns3:atemp>14.0</ns3:atemp>
          </ns3:TrackPointExtension>
        </extensions>
      </trkpt>
      <trkpt lat="48.6398989520967006683349609375" lon="89.98218971304595470428466796875">
        <ele>2284</ele>
        <time>2025-08-13T02:41:04.000Z</time>
        <extensions>
          <ns3:TrackPointExtension>
            <ns3:atemp>14.0</ns3:atemp>
          </ns3:TrackPointExtension>
        </extensions>
      </trkpt>
      <trkpt lat="48.64012870006263256072998046875" lon="89.9818479828536510467529296875">
        <ele>2283.39990234375</ele>
        <time>2025-08-13T02:41:11.000Z</time>
        <extensions>
          <ns3:TrackPointExtension>
            <ns3:atemp>14.0</ns3:atemp>
          </ns3:TrackPointExtension>
        </extensions>
      </trkpt>
      <trkpt lat="48.64044955931603908538818359375" lon="89.98137448914349079132080078125">
        <ele>2284</ele>
        <time>2025-08-13T02:41:21.000Z</time>
        <extensions>
          <ns3:TrackPointExtension>
            <ns3:atemp>14.0</ns3:atemp>
          </ns3:TrackPointExtension>
        </extensions>
      </trkpt>
      <trkpt lat="48.64082724787294864654541015625" lon="89.9808257259428501129150390625">
        <ele>2284.199951171875</ele>
        <time>2025-08-13T02:41:31.000Z</time>
        <extensions>
          <ns3:TrackPointExtension>
            <ns3:atemp>14.0</ns3:atemp>
          </ns3:TrackPointExtension>
        </extensions>
      </trkpt>
      <trkpt lat="48.6412457562983036041259765625" lon="89.9801937304437160491943359375">
        <ele>2284.199951171875</ele>
        <time>2025-08-13T02:41:42.000Z</time>
        <extensions>
          <ns3:TrackPointExtension>
            <ns3:atemp>14.0</ns3:atemp>
          </ns3:TrackPointExtension>
        </extensions>
      </trkpt>
      <trkpt lat="48.64159134216606616973876953125" lon="89.979671202600002288818359375">
        <ele>2284.39990234375</ele>
        <time>2025-08-13T02:41:51.000Z</time>
        <extensions>
          <ns3:TrackPointExtension>
            <ns3:atemp>14.0</ns3:atemp>
          </ns3:TrackPointExtension>
        </extensions>
      </trkpt>
      <trkpt lat="48.64166677929461002349853515625" lon="89.979551844298839569091796875">
        <ele>2284.60009765625</ele>
        <time>2025-08-13T02:41:53.000Z</time>
        <extensions>
          <ns3:TrackPointExtension>
            <ns3:atemp>14.0</ns3:atemp>
          </ns3:TrackPointExtension>
        </extensions>
      </trkpt>
      <trkpt lat="48.64206542260944843292236328125" lon="89.978980533778667449951171875">
        <ele>2284.39990234375</ele>
        <time>2025-08-13T02:42:03.000Z</time>
        <extensions>
          <ns3:TrackPointExtension>
            <ns3:atemp>14.0</ns3:atemp>
          </ns3:TrackPointExtension>
        </extensions>
      </trkpt>
      <trkpt lat="48.64246725104749202728271484375" lon="89.978383071720600128173828125">
        <ele>2284.39990234375</ele>
        <time>2025-08-13T02:42:13.000Z</time>
        <extensions>
          <ns3:TrackPointExtension>
            <ns3:atemp>14.0</ns3:atemp>
          </ns3:TrackPointExtension>
        </extensions>
      </trkpt>
      <trkpt lat="48.64252902567386627197265625" lon="89.97827419079840183258056640625">
        <ele>2284.39990234375</ele>
        <time>2025-08-13T02:42:15.000Z</time>
        <extensions>
          <ns3:TrackPointExtension>
            <ns3:atemp>14.0</ns3:atemp>
          </ns3:TrackPointExtension>
        </extensions>
      </trkpt>
      <trkpt lat="48.64275441505014896392822265625" lon="89.97796439565718173980712890625">
        <ele>2284.199951171875</ele>
        <time>2025-08-13T02:42:22.000Z</time>
        <extensions>
          <ns3:TrackPointExtension>
            <ns3:atemp>14.0</ns3:atemp>
          </ns3:TrackPointExtension>
        </extensions>
      </trkpt>
      <trkpt lat="48.643006794154644012451171875" lon="89.97754655778408050537109375">
        <ele>2284.199951171875</ele>
        <time>2025-08-13T02:42:30.000Z</time>
        <extensions>
          <ns3:TrackPointExtension>
            <ns3:atemp>14.0</ns3:atemp>
          </ns3:TrackPointExtension>
        </extensions>
      </trkpt>
      <trkpt lat="48.6432322673499584197998046875" lon="89.97724237851798534393310546875">
        <ele>2284.60009765625</ele>
        <time>2025-08-13T02:42:37.000Z</time>
        <extensions>
          <ns3:TrackPointExtension>
            <ns3:atemp>14.0</ns3:atemp>
          </ns3:TrackPointExtension>
        </extensions>
      </trkpt>
      <trkpt lat="48.64355455152690410614013671875" lon="89.97676670551300048828125">
        <ele>2283.60009765625</ele>
        <time>2025-08-13T02:42:46.000Z</time>
        <extensions>
          <ns3:TrackPointExtension>
            <ns3:atemp>14.0</ns3:atemp>
          </ns3:TrackPointExtension>
        </extensions>
      </trkpt>
      <trkpt lat="48.6437700502574443817138671875" lon="89.97642279602587223052978515625">
        <ele>2283.199951171875</ele>
        <time>2025-08-13T02:42:52.000Z</time>
        <extensions>
          <ns3:TrackPointExtension>
            <ns3:atemp>14.0</ns3:atemp>
          </ns3:TrackPointExtension>
        </extensions>
      </trkpt>
      <trkpt lat="48.64387415349483489990234375" lon="89.97626773081719875335693359375">
        <ele>2283</ele>
        <time>2025-08-13T02:42:55.000Z</time>
        <extensions>
          <ns3:TrackPointExtension>
            <ns3:atemp>14.0</ns3:atemp>
          </ns3:TrackPointExtension>
        </extensions>
      </trkpt>
      <trkpt lat="48.6441673524677753448486328125" lon="89.97582055628299713134765625">
        <ele>2282.800048828125</ele>
        <time>2025-08-13T02:43:04.000Z</time>
        <extensions>
          <ns3:TrackPointExtension>
            <ns3:atemp>14.0</ns3:atemp>
          </ns3:TrackPointExtension>
        </extensions>
      </trkpt>
      <trkpt lat="48.6445730365812778472900390625" lon="89.97522820718586444854736328125">
        <ele>2282.60009765625</ele>
        <time>2025-08-13T02:43:16.000Z</time>
        <extensions>
          <ns3:TrackPointExtension>
            <ns3:atemp>14.0</ns3:atemp>
          </ns3:TrackPointExtension>
        </extensions>
      </trkpt>
      <trkpt lat="48.6446032114326953887939453125" lon="89.97518294490873813629150390625">
        <ele>2282.39990234375</ele>
        <time>2025-08-13T02:43:17.000Z</time>
        <extensions>
          <ns3:TrackPointExtension>
            <ns3:atemp>14.0</ns3:atemp>
          </ns3:TrackPointExtension>
        </extensions>
      </trkpt>
      <trkpt lat="48.64469180814921855926513671875" lon="89.975057803094387054443359375">
        <ele>2282.199951171875</ele>
        <time>2025-08-13T02:43:20.000Z</time>
        <extensions>
          <ns3:TrackPointExtension>
            <ns3:atemp>14.0</ns3:atemp>
          </ns3:TrackPointExtension>
        </extensions>
      </trkpt>
      <trkpt lat="48.644914515316486358642578125" lon="89.97471146285533905029296875">
        <ele>2281</ele>
        <time>2025-08-13T02:43:27.000Z</time>
        <extensions>
          <ns3:TrackPointExtension>
            <ns3:atemp>14.0</ns3:atemp>
          </ns3:TrackPointExtension>
        </extensions>
      </trkpt>
      <trkpt lat="48.64500914700329303741455078125" lon="89.9745761789381504058837890625">
        <ele>2280</ele>
        <time>2025-08-13T02:43:30.000Z</time>
        <extensions>
          <ns3:TrackPointExtension>
            <ns3:atemp>14.0</ns3:atemp>
          </ns3:TrackPointExtension>
        </extensions>
      </trkpt>
      <trkpt lat="48.64521651528775691986083984375" lon="89.974277280271053314208984375">
        <ele>2280</ele>
        <time>2025-08-13T02:43:36.000Z</time>
        <extensions>
          <ns3:TrackPointExtension>
            <ns3:atemp>14.0</ns3:atemp>
          </ns3:TrackPointExtension>
        </extensions>
      </trkpt>
      <trkpt lat="48.6454145796597003936767578125" lon="89.97402104549109935760498046875">
        <ele>2278.800048828125</ele>
        <time>2025-08-13T02:43:41.000Z</time>
        <extensions>
          <ns3:TrackPointExtension>
            <ns3:atemp>14.0</ns3:atemp>
          </ns3:TrackPointExtension>
        </extensions>
      </trkpt>
      <trkpt lat="48.64562605507671833038330078125" lon="89.97377193532884120941162109375">
        <ele>2277.800048828125</ele>
        <time>2025-08-13T02:43:46.000Z</time>
        <extensions>
          <ns3:TrackPointExtension>
            <ns3:atemp>14.0</ns3:atemp>
          </ns3:TrackPointExtension>
        </extensions>
      </trkpt>
      <trkpt lat="48.64565907977521419525146484375" lon="89.97373019345104694366455078125">
        <ele>2277.60009765625</ele>
        <time>2025-08-13T02:43:47.000Z</time>
        <extensions>
          <ns3:TrackPointExtension>
            <ns3:atemp>14.0</ns3:atemp>
          </ns3:TrackPointExtension>
        </extensions>
      </trkpt>
      <trkpt lat="48.64595429040491580963134765625" lon="89.9734855256974697113037109375">
        <ele>2277</ele>
        <time>2025-08-13T02:43:53.000Z</time>
        <extensions>
          <ns3:TrackPointExtension>
            <ns3:atemp>14.0</ns3:atemp>
          </ns3:TrackPointExtension>
        </extensions>
      </trkpt>
      <trkpt lat="48.646099381148815155029296875" lon="89.9733893014490604400634765625">
        <ele>2276.800048828125</ele>
        <time>2025-08-13T02:43:56.000Z</time>
        <extensions>
          <ns3:TrackPointExtension>
            <ns3:atemp>14.0</ns3:atemp>
          </ns3:TrackPointExtension>
        </extensions>
      </trkpt>
      <trkpt lat="48.64646893925964832305908203125" lon="89.97317262925207614898681640625">
        <ele>2276.199951171875</ele>
        <time>2025-08-13T02:44:03.000Z</time>
        <extensions>
          <ns3:TrackPointExtension>
            <ns3:atemp>14.0</ns3:atemp>
          </ns3:TrackPointExtension>
        </extensions>
      </trkpt>
      <trkpt lat="48.64691569469869136810302734375" lon="89.972993172705173492431640625">
        <ele>2275.60009765625</ele>
        <time>2025-08-13T02:44:11.000Z</time>
        <extensions>
          <ns3:TrackPointExtension>
            <ns3:atemp>14.0</ns3:atemp>
          </ns3:TrackPointExtension>
        </extensions>
      </trkpt>
      <trkpt lat="48.6470289342105388641357421875" lon="89.97294648550450801849365234375">
        <ele>2275.39990234375</ele>
        <time>2025-08-13T02:44:13.000Z</time>
        <extensions>
          <ns3:TrackPointExtension>
            <ns3:atemp>14.0</ns3:atemp>
          </ns3:TrackPointExtension>
        </extensions>
      </trkpt>
      <trkpt lat="48.64757752977311611175537109375" lon="89.97272386215627193450927734375">
        <ele>2274.60009765625</ele>
        <time>2025-08-13T02:44:23.000Z</time>
        <extensions>
          <ns3:TrackPointExtension>
            <ns3:atemp>14.0</ns3:atemp>
          </ns3:TrackPointExtension>
        </extensions>
      </trkpt>
      <trkpt lat="48.64769336767494678497314453125" lon="89.9726781807839870452880859375">
        <ele>2274.60009765625</ele>
        <time>2025-08-13T02:44:25.000Z</time>
        <extensions>
          <ns3:TrackPointExtension>
            <ns3:atemp>14.0</ns3:atemp>
          </ns3:TrackPointExtension>
        </extensions>
      </trkpt>
      <trkpt lat="48.6477430723607540130615234375" lon="89.97265278361737728118896484375">
        <ele>2274.60009765625</ele>
        <time>2025-08-13T02:44:26.000Z</time>
        <extensions>
          <ns3:TrackPointExtension>
            <ns3:atemp>14.0</ns3:atemp>
          </ns3:TrackPointExtension>
        </extensions>
      </trkpt>
      <trkpt lat="48.6481853015720844268798828125" lon="89.9724676273763179779052734375">
        <ele>2274</ele>
        <time>2025-08-13T02:44:35.000Z</time>
        <extensions>
          <ns3:TrackPointExtension>
            <ns3:atemp>14.0</ns3:atemp>
          </ns3:TrackPointExtension>
        </extensions>
      </trkpt>
      <trkpt lat="48.64828295074403285980224609375" lon="89.9724300764501094818115234375">
        <ele>2273.60009765625</ele>
        <time>2025-08-13T02:44:37.000Z</time>
        <extensions>
          <ns3:TrackPointExtension>
            <ns3:atemp>14.0</ns3:atemp>
          </ns3:TrackPointExtension>
        </extensions>
      </trkpt>
      <trkpt lat="48.648533485829830169677734375" lon="89.97232991270720958709716796875">
        <ele>2272.39990234375</ele>
        <time>2025-08-13T02:44:42.000Z</time>
        <extensions>
          <ns3:TrackPointExtension>
            <ns3:atemp>14.0</ns3:atemp>
          </ns3:TrackPointExtension>
        </extensions>
      </trkpt>
      <trkpt lat="48.64880581386387348175048828125" lon="89.9722178466618061065673828125">
        <ele>2271.800048828125</ele>
        <time>2025-08-13T02:44:47.000Z</time>
        <extensions>
          <ns3:TrackPointExtension>
            <ns3:atemp>14.0</ns3:atemp>
          </ns3:TrackPointExtension>
        </extensions>
      </trkpt>
      <trkpt lat="48.64892072975635528564453125" lon="89.9721742607653141021728515625">
        <ele>2271.199951171875</ele>
        <time>2025-08-13T02:44:49.000Z</time>
        <extensions>
          <ns3:TrackPointExtension>
            <ns3:atemp>14.0</ns3:atemp>
          </ns3:TrackPointExtension>
        </extensions>
      </trkpt>
      <trkpt lat="48.64929380826652050018310546875" lon="89.97202120721340179443359375">
        <ele>2270.199951171875</ele>
        <time>2025-08-13T02:44:55.000Z</time>
        <extensions>
          <ns3:TrackPointExtension>
            <ns3:atemp>14.0</ns3:atemp>
          </ns3:TrackPointExtension>
        </extensions>
      </trkpt>
      <trkpt lat="48.6494268290698528289794921875" lon="89.97196622192859649658203125">
        <ele>2269.800048828125</ele>
        <time>2025-08-13T02:44:57.000Z</time>
        <extensions>
          <ns3:TrackPointExtension>
            <ns3:atemp>14.0</ns3:atemp>
          </ns3:TrackPointExtension>
        </extensions>
      </trkpt>
      <trkpt lat="48.64970603026449680328369140625" lon="89.9718542397022247314453125">
        <ele>2268.800048828125</ele>
        <time>2025-08-13T02:45:01.000Z</time>
        <extensions>
          <ns3:TrackPointExtension>
            <ns3:atemp>14.0</ns3:atemp>
          </ns3:TrackPointExtension>
        </extensions>
      </trkpt>
      <trkpt lat="48.64999151788651943206787109375" lon="89.9717350490391254425048828125">
        <ele>2267.800048828125</ele>
        <time>2025-08-13T02:45:05.000Z</time>
        <extensions>
          <ns3:TrackPointExtension>
            <ns3:atemp>14.0</ns3:atemp>
          </ns3:TrackPointExtension>
        </extensions>
      </trkpt>
      <trkpt lat="48.6500484310090541839599609375" lon="89.97171266935765743255615234375">
        <ele>2267.39990234375</ele>
        <time>2025-08-13T02:45:06.000Z</time>
        <extensions>
          <ns3:TrackPointExtension>
            <ns3:atemp>14.0</ns3:atemp>
          </ns3:TrackPointExtension>
        </extensions>
      </trkpt>
      <trkpt lat="48.6504712142050266265869140625" lon="89.971550814807415008544921875">
        <ele>2266.60009765625</ele>
        <time>2025-08-13T02:45:12.000Z</time>
        <extensions>
          <ns3:TrackPointExtension>
            <ns3:atemp>14.0</ns3:atemp>
          </ns3:TrackPointExtension>
        </extensions>
      </trkpt>
      <trkpt lat="48.65087614394724369049072265625" lon="89.971376471221446990966796875">
        <ele>2266</ele>
        <time>2025-08-13T02:45:18.000Z</time>
        <extensions>
          <ns3:TrackPointExtension>
            <ns3:atemp>14.0</ns3:atemp>
          </ns3:TrackPointExtension>
        </extensions>
      </trkpt>
      <trkpt lat="48.6513234861195087432861328125" lon="89.971190392971038818359375">
        <ele>2266</ele>
        <time>2025-08-13T02:45:26.000Z</time>
        <extensions>
          <ns3:TrackPointExtension>
            <ns3:atemp>14.0</ns3:atemp>
          </ns3:TrackPointExtension>
        </extensions>
      </trkpt>
      <trkpt lat="48.65171961486339569091796875" lon="89.97103356756269931793212890625">
        <ele>2265.800048828125</ele>
        <time>2025-08-13T02:45:34.000Z</time>
        <extensions>
          <ns3:TrackPointExtension>
            <ns3:atemp>14.0</ns3:atemp>
          </ns3:TrackPointExtension>
        </extensions>
      </trkpt>
      <trkpt lat="48.6520751751959323883056640625" lon="89.97088856063783168792724609375">
        <ele>2265.60009765625</ele>
        <time>2025-08-13T02:45:42.000Z</time>
        <extensions>
          <ns3:TrackPointExtension>
            <ns3:atemp>14.0</ns3:atemp>
          </ns3:TrackPointExtension>
        </extensions>
      </trkpt>
      <trkpt lat="48.65238807164132595062255859375" lon="89.97076635248959064483642578125">
        <ele>2265.60009765625</ele>
        <time>2025-08-13T02:45:49.000Z</time>
        <extensions>
          <ns3:TrackPointExtension>
            <ns3:atemp>14.0</ns3:atemp>
          </ns3:TrackPointExtension>
        </extensions>
      </trkpt>
      <trkpt lat="48.6526129581034183502197265625" lon="89.9707027338445186614990234375">
        <ele>2265.60009765625</ele>
        <time>2025-08-13T02:45:54.000Z</time>
        <extensions>
          <ns3:TrackPointExtension>
            <ns3:atemp>14.0</ns3:atemp>
          </ns3:TrackPointExtension>
        </extensions>
      </trkpt>
      <trkpt lat="48.6530179716646671295166015625" lon="89.97058966197073459625244140625">
        <ele>2265.60009765625</ele>
        <time>2025-08-13T02:46:03.000Z</time>
        <extensions>
          <ns3:TrackPointExtension>
            <ns3:atemp>14.0</ns3:atemp>
          </ns3:TrackPointExtension>
        </extensions>
      </trkpt>
      <trkpt lat="48.653389625251293182373046875" lon="89.970538616180419921875">
        <ele>2265.800048828125</ele>
        <time>2025-08-13T02:46:12.000Z</time>
        <extensions>
          <ns3:TrackPointExtension>
            <ns3:atemp>14.0</ns3:atemp>
          </ns3:TrackPointExtension>
        </extensions>
      </trkpt>
      <trkpt lat="48.6537924595177173614501953125" lon="89.97049226425588130950927734375">
        <ele>2266.199951171875</ele>
        <time>2025-08-13T02:46:21.000Z</time>
        <extensions>
          <ns3:TrackPointExtension>
            <ns3:atemp>14.0</ns3:atemp>
          </ns3:TrackPointExtension>
        </extensions>
      </trkpt>
      <trkpt lat="48.65392548032104969024658203125" lon="89.9704713933169841766357421875">
        <ele>2266.39990234375</ele>
        <time>2025-08-13T02:46:24.000Z</time>
        <extensions>
          <ns3:TrackPointExtension>
            <ns3:atemp>14.0</ns3:atemp>
          </ns3:TrackPointExtension>
        </extensions>
      </trkpt>
      <trkpt lat="48.6540425755083560943603515625" lon="89.9704388715326786041259765625">
        <ele>2266.60009765625</ele>
        <time>2025-08-13T02:46:27.000Z</time>
        <extensions>
          <ns3:TrackPointExtension>
            <ns3:atemp>14.0</ns3:atemp>
          </ns3:TrackPointExtension>
        </extensions>
      </trkpt>
      <trkpt lat="48.654079623520374298095703125" lon="89.97043694369494915008544921875">
        <ele>2266.60009765625</ele>
        <time>2025-08-13T02:46:28.000Z</time>
        <extensions>
          <ns3:TrackPointExtension>
            <ns3:atemp>14.0</ns3:atemp>
          </ns3:TrackPointExtension>
        </extensions>
      </trkpt>
      <trkpt lat="48.65443442948162555694580078125" lon="89.97046192176640033721923828125">
        <ele>2267</ele>
        <time>2025-08-13T02:46:37.000Z</time>
        <extensions>
          <ns3:TrackPointExtension>
            <ns3:atemp>14.0</ns3:atemp>
          </ns3:TrackPointExtension>
        </extensions>
      </trkpt>
      <trkpt lat="48.6548222601413726806640625" lon="89.97044499032199382781982421875">
        <ele>2267.39990234375</ele>
        <time>2025-08-13T02:46:46.000Z</time>
        <extensions>
          <ns3:TrackPointExtension>
            <ns3:atemp>14.0</ns3:atemp>
          </ns3:TrackPointExtension>
        </extensions>
      </trkpt>
      <trkpt lat="48.65513817407190799713134765625" lon="89.97044272720813751220703125">
        <ele>2267.60009765625</ele>
        <time>2025-08-13T02:46:53.000Z</time>
        <extensions>
          <ns3:TrackPointExtension>
            <ns3:atemp>14.0</ns3:atemp>
          </ns3:TrackPointExtension>
        </extensions>
      </trkpt>
      <trkpt lat="48.6554158665239810943603515625" lon="89.97042990289628505706787109375">
        <ele>2268.199951171875</ele>
        <time>2025-08-13T02:46:59.000Z</time>
        <extensions>
          <ns3:TrackPointExtension>
            <ns3:atemp>14.0</ns3:atemp>
          </ns3:TrackPointExtension>
        </extensions>
      </trkpt>
      <trkpt lat="48.65580621175467967987060546875" lon="89.97040945105254650115966796875">
        <ele>2268.800048828125</ele>
        <time>2025-08-13T02:47:08.000Z</time>
        <extensions>
          <ns3:TrackPointExtension>
            <ns3:atemp>14.0</ns3:atemp>
          </ns3:TrackPointExtension>
        </extensions>
      </trkpt>
      <trkpt lat="48.6558513902127742767333984375" lon="89.97040878050029277801513671875">
        <ele>2268.800048828125</ele>
        <time>2025-08-13T02:47:09.000Z</time>
        <extensions>
          <ns3:TrackPointExtension>
            <ns3:atemp>14.0</ns3:atemp>
          </ns3:TrackPointExtension>
        </extensions>
      </trkpt>
      <trkpt lat="48.65636260248720645904541015625" lon="89.9704073555767536163330078125">
        <ele>2269.199951171875</ele>
        <time>2025-08-13T02:47:20.000Z</time>
        <extensions>
          <ns3:TrackPointExtension>
            <ns3:atemp>14.0</ns3:atemp>
          </ns3:TrackPointExtension>
        </extensions>
      </trkpt>
      <trkpt lat="48.65680533461272716522216796875" lon="89.9703862331807613372802734375">
        <ele>2269.199951171875</ele>
        <time>2025-08-13T02:47:30.000Z</time>
        <extensions>
          <ns3:TrackPointExtension>
            <ns3:atemp>14.0</ns3:atemp>
          </ns3:TrackPointExtension>
        </extensions>
      </trkpt>
      <trkpt lat="48.65699778310954570770263671875" lon="89.97038112021982669830322265625">
        <ele>2269.800048828125</ele>
        <time>2025-08-13T02:47:34.000Z</time>
        <extensions>
          <ns3:TrackPointExtension>
            <ns3:atemp>14.0</ns3:atemp>
          </ns3:TrackPointExtension>
        </extensions>
      </trkpt>
      <trkpt lat="48.65724136121571063995361328125" lon="89.97037625871598720550537109375">
        <ele>2269.800048828125</ele>
        <time>2025-08-13T02:47:39.000Z</time>
        <extensions>
          <ns3:TrackPointExtension>
            <ns3:atemp>14.0</ns3:atemp>
          </ns3:TrackPointExtension>
        </extensions>
      </trkpt>
      <trkpt lat="48.65768618881702423095703125" lon="89.97034884989261627197265625">
        <ele>2270.199951171875</ele>
        <time>2025-08-13T02:47:49.000Z</time>
        <extensions>
          <ns3:TrackPointExtension>
            <ns3:atemp>14.0</ns3:atemp>
          </ns3:TrackPointExtension>
        </extensions>
      </trkpt>
      <trkpt lat="48.65818466059863567352294921875" lon="89.97034574858844280242919921875">
        <ele>2270.39990234375</ele>
        <time>2025-08-13T02:48:00.000Z</time>
        <extensions>
          <ns3:TrackPointExtension>
            <ns3:atemp>14.0</ns3:atemp>
          </ns3:TrackPointExtension>
        </extensions>
      </trkpt>
      <trkpt lat="48.65857793949544429779052734375" lon="89.97032336890697479248046875">
        <ele>2270.800048828125</ele>
        <time>2025-08-13T02:48:08.000Z</time>
        <extensions>
          <ns3:TrackPointExtension>
            <ns3:atemp>14.0</ns3:atemp>
          </ns3:TrackPointExtension>
        </extensions>
      </trkpt>
      <trkpt lat="48.6586623452603816986083984375" lon="89.970313645899295806884765625">
        <ele>2270.800048828125</ele>
        <time>2025-08-13T02:48:10.000Z</time>
        <extensions>
          <ns3:TrackPointExtension>
            <ns3:atemp>14.0</ns3:atemp>
          </ns3:TrackPointExtension>
        </extensions>
      </trkpt>
      <trkpt lat="48.6589624173939228057861328125" lon="89.9702983908355236053466796875">
        <ele>2271.199951171875</ele>
        <time>2025-08-13T02:48:17.000Z</time>
        <extensions>
          <ns3:TrackPointExtension>
            <ns3:atemp>14.0</ns3:atemp>
          </ns3:TrackPointExtension>
        </extensions>
      </trkpt>
      <trkpt lat="48.65942300297319889068603515625" lon="89.97026125900447368621826171875">
        <ele>2271.199951171875</ele>
        <time>2025-08-13T02:48:27.000Z</time>
        <extensions>
          <ns3:TrackPointExtension>
            <ns3:atemp>14.0</ns3:atemp>
          </ns3:TrackPointExtension>
        </extensions>
      </trkpt>
      <trkpt lat="48.65994301624596118927001953125" lon="89.970190264284610748291015625">
        <ele>2271</ele>
        <time>2025-08-13T02:48:37.000Z</time>
        <extensions>
          <ns3:TrackPointExtension>
            <ns3:atemp>14.0</ns3:atemp>
          </ns3:TrackPointExtension>
        </extensions>
      </trkpt>
      <trkpt lat="48.66035926155745983123779296875" lon="89.9701424874365329742431640625">
        <ele>2270.39990234375</ele>
        <time>2025-08-13T02:48:45.000Z</time>
        <extensions>
          <ns3:TrackPointExtension>
            <ns3:atemp>14.0</ns3:atemp>
          </ns3:TrackPointExtension>
        </extensions>
      </trkpt>
      <trkpt lat="48.66085748188197612762451171875" lon="89.970052130520343780517578125">
        <ele>2270</ele>
        <time>2025-08-13T02:48:54.000Z</time>
        <extensions>
          <ns3:TrackPointExtension>
            <ns3:atemp>14.0</ns3:atemp>
          </ns3:TrackPointExtension>
        </extensions>
      </trkpt>
      <trkpt lat="48.66098606027662754058837890625" lon="89.9700341932475566864013671875">
        <ele>2269.60009765625</ele>
        <time>2025-08-13T02:48:56.000Z</time>
        <extensions>
          <ns3:TrackPointExtension>
            <ns3:atemp>14.0</ns3:atemp>
          </ns3:TrackPointExtension>
        </extensions>
      </trkpt>
      <trkpt lat="48.66135352291166782379150390625" lon="89.9699721671640872955322265625">
        <ele>2268.39990234375</ele>
        <time>2025-08-13T02:49:02.000Z</time>
        <extensions>
          <ns3:TrackPointExtension>
            <ns3:atemp>14.0</ns3:atemp>
          </ns3:TrackPointExtension>
        </extensions>
      </trkpt>
      <trkpt lat="48.66142074577510356903076171875" lon="89.96995615772902965545654296875">
        <ele>2268.199951171875</ele>
        <time>2025-08-13T02:49:03.000Z</time>
        <extensions>
          <ns3:TrackPointExtension>
            <ns3:atemp>14.0</ns3:atemp>
          </ns3:TrackPointExtension>
        </extensions>
      </trkpt>
      <trkpt lat="48.66185341961681842803955078125" lon="89.96986445970833301544189453125">
        <ele>2267.39990234375</ele>
        <time>2025-08-13T02:49:09.000Z</time>
        <extensions>
          <ns3:TrackPointExtension>
            <ns3:atemp>14.0</ns3:atemp>
          </ns3:TrackPointExtension>
        </extensions>
      </trkpt>
      <trkpt lat="48.66200848482549190521240234375" lon="89.9698360450565814971923828125">
        <ele>2267.199951171875</ele>
        <time>2025-08-13T02:49:11.000Z</time>
        <extensions>
          <ns3:TrackPointExtension>
            <ns3:atemp>14.0</ns3:atemp>
          </ns3:TrackPointExtension>
        </extensions>
      </trkpt>
      <trkpt lat="48.66224267520010471343994140625" lon="89.969785921275615692138671875">
        <ele>2266.39990234375</ele>
        <time>2025-08-13T02:49:14.000Z</time>
        <extensions>
          <ns3:TrackPointExtension>
            <ns3:atemp>14.0</ns3:atemp>
          </ns3:TrackPointExtension>
        </extensions>
      </trkpt>
      <trkpt lat="48.66263695992529392242431640625" lon="89.96970218606293201446533203125">
        <ele>2265.199951171875</ele>
        <time>2025-08-13T02:49:19.000Z</time>
        <extensions>
          <ns3:TrackPointExtension>
            <ns3:atemp>14.0</ns3:atemp>
          </ns3:TrackPointExtension>
        </extensions>
      </trkpt>
      <trkpt lat="48.66271625272929668426513671875" lon="89.96968424879014492034912109375">
        <ele>2265.199951171875</ele>
        <time>2025-08-13T02:49:20.000Z</time>
        <extensions>
          <ns3:TrackPointExtension>
            <ns3:atemp>14.0</ns3:atemp>
          </ns3:TrackPointExtension>
        </extensions>
      </trkpt>
      <trkpt lat="48.66330231539905071258544921875" lon="89.969572015106678009033203125">
        <ele>2264.39990234375</ele>
        <time>2025-08-13T02:49:28.000Z</time>
        <extensions>
          <ns3:TrackPointExtension>
            <ns3:atemp>14.0</ns3:atemp>
          </ns3:TrackPointExtension>
        </extensions>
      </trkpt>
      <trkpt lat="48.6634400300681591033935546875" lon="89.96953806839883327484130859375">
        <ele>2264.199951171875</ele>
        <time>2025-08-13T02:49:30.000Z</time>
        <extensions>
          <ns3:TrackPointExtension>
            <ns3:atemp>14.0</ns3:atemp>
          </ns3:TrackPointExtension>
        </extensions>
      </trkpt>
      <trkpt lat="48.6635060794651508331298828125" lon="89.9695208854973316192626953125">
        <ele>2264.199951171875</ele>
        <time>2025-08-13T02:49:31.000Z</time>
        <extensions>
          <ns3:TrackPointExtension>
            <ns3:atemp>14.0</ns3:atemp>
          </ns3:TrackPointExtension>
        </extensions>
      </trkpt>
      <trkpt lat="48.6640155315399169921875" lon="89.9694320373237133026123046875">
        <ele>2264.199951171875</ele>
        <time>2025-08-13T02:49:39.000Z</time>
        <extensions>
          <ns3:TrackPointExtension>
            <ns3:atemp>14.0</ns3:atemp>
          </ns3:TrackPointExtension>
        </extensions>
      </trkpt>
      <trkpt lat="48.664463795721530914306640625" lon="89.9693458713591098785400390625">
        <ele>2263.199951171875</ele>
        <time>2025-08-13T02:49:46.000Z</time>
        <extensions>
          <ns3:TrackPointExtension>
            <ns3:atemp>14.0</ns3:atemp>
          </ns3:TrackPointExtension>
        </extensions>
      </trkpt>
      <trkpt lat="48.66480669938027858734130859375" lon="89.96927864849567413330078125">
        <ele>2262.39990234375</ele>
        <time>2025-08-13T02:49:51.000Z</time>
        <extensions>
          <ns3:TrackPointExtension>
            <ns3:atemp>14.0</ns3:atemp>
          </ns3:TrackPointExtension>
        </extensions>
      </trkpt>
      <trkpt lat="48.6649517901241779327392578125" lon="89.96925584971904754638671875">
        <ele>2261.800048828125</ele>
        <time>2025-08-13T02:49:53.000Z</time>
        <extensions>
          <ns3:TrackPointExtension>
            <ns3:atemp>14.0</ns3:atemp>
          </ns3:TrackPointExtension>
        </extensions>
      </trkpt>
      <trkpt lat="48.66527021862566471099853515625" lon="89.9691906385123729705810546875">
        <ele>2261</ele>
        <time>2025-08-13T02:49:57.000Z</time>
        <extensions>
          <ns3:TrackPointExtension>
            <ns3:atemp>14.0</ns3:atemp>
          </ns3:TrackPointExtension>
        </extensions>
      </trkpt>
      <trkpt lat="48.66535688750445842742919921875" lon="89.969171695411205291748046875">
        <ele>2260.800048828125</ele>
        <time>2025-08-13T02:49:58.000Z</time>
        <extensions>
          <ns3:TrackPointExtension>
            <ns3:atemp>14.0</ns3:atemp>
          </ns3:TrackPointExtension>
        </extensions>
      </trkpt>
      <trkpt lat="48.66573658771812915802001953125" lon="89.96909835375845432281494140625">
        <ele>2259.39990234375</ele>
        <time>2025-08-13T02:50:02.000Z</time>
        <extensions>
          <ns3:TrackPointExtension>
            <ns3:atemp>14.0</ns3:atemp>
          </ns3:TrackPointExtension>
        </extensions>
      </trkpt>
      <trkpt lat="48.6658359132707118988037109375" lon="89.969079829752445220947265625">
        <ele>2259</ele>
        <time>2025-08-13T02:50:03.000Z</time>
        <extensions>
          <ns3:TrackPointExtension>
            <ns3:atemp>14.0</ns3:atemp>
          </ns3:TrackPointExtension>
        </extensions>
      </trkpt>
      <trkpt lat="48.66604286246001720428466796875" lon="89.96904169209301471710205078125">
        <ele>2258.39990234375</ele>
        <time>2025-08-13T02:50:05.000Z</time>
        <extensions>
          <ns3:TrackPointExtension>
            <ns3:atemp>14.0</ns3:atemp>
          </ns3:TrackPointExtension>
        </extensions>
      </trkpt>
      <trkpt lat="48.6662570200860500335693359375" lon="89.96899391524493694305419921875">
        <ele>2257.39990234375</ele>
        <time>2025-08-13T02:50:07.000Z</time>
        <extensions>
          <ns3:TrackPointExtension>
            <ns3:atemp>14.0</ns3:atemp>
          </ns3:TrackPointExtension>
        </extensions>
      </trkpt>
      <trkpt lat="48.66658181883394718170166015625" lon="89.968928955495357513427734375">
        <ele>2256.199951171875</ele>
        <time>2025-08-13T02:50:10.000Z</time>
        <extensions>
          <ns3:TrackPointExtension>
            <ns3:atemp>14.0</ns3:atemp>
          </ns3:TrackPointExtension>
        </extensions>
      </trkpt>
      <trkpt lat="48.66691441275179386138916015625" lon="89.96885561384260654449462890625">
        <ele>2255.199951171875</ele>
        <time>2025-08-13T02:50:13.000Z</time>
        <extensions>
          <ns3:TrackPointExtension>
            <ns3:atemp>14.0</ns3:atemp>
          </ns3:TrackPointExtension>
        </extensions>
      </trkpt>
      <trkpt lat="48.667342476546764373779296875" lon="89.96877514757215976715087890625">
        <ele>2254</ele>
        <time>2025-08-13T02:50:17.000Z</time>
        <extensions>
          <ns3:TrackPointExtension>
            <ns3:atemp>14.0</ns3:atemp>
          </ns3:TrackPointExtension>
        </extensions>
      </trkpt>
      <trkpt lat="48.66755537688732147216796875" lon="89.9687336571514606475830078125">
        <ele>2253.39990234375</ele>
        <time>2025-08-13T02:50:19.000Z</time>
        <extensions>
          <ns3:TrackPointExtension>
            <ns3:atemp>14.0</ns3:atemp>
          </ns3:TrackPointExtension>
        </extensions>
      </trkpt>
      <trkpt lat="48.6679702810943126678466796875" lon="89.96865092776715755462646484375">
        <ele>2252.800048828125</ele>
        <time>2025-08-13T02:50:23.000Z</time>
        <extensions>
          <ns3:TrackPointExtension>
            <ns3:atemp>14.0</ns3:atemp>
          </ns3:TrackPointExtension>
        </extensions>
      </trkpt>
      <trkpt lat="48.6684540845453739166259765625" lon="89.9685556255280971527099609375">
        <ele>2253</ele>
        <time>2025-08-13T02:50:28.000Z</time>
        <extensions>
          <ns3:TrackPointExtension>
            <ns3:atemp>14.0</ns3:atemp>
          </ns3:TrackPointExtension>
        </extensions>
      </trkpt>
      <trkpt lat="48.66904425434768199920654296875" lon="89.9684325791895389556884765625">
        <ele>2254</ele>
        <time>2025-08-13T02:50:35.000Z</time>
        <extensions>
          <ns3:TrackPointExtension>
            <ns3:atemp>14.0</ns3:atemp>
          </ns3:TrackPointExtension>
        </extensions>
      </trkpt>
      <trkpt lat="48.66939109750092029571533203125" lon="89.968363344669342041015625">
        <ele>2255</ele>
        <time>2025-08-13T02:50:40.000Z</time>
        <extensions>
          <ns3:TrackPointExtension>
            <ns3:atemp>14.0</ns3:atemp>
          </ns3:TrackPointExtension>
        </extensions>
      </trkpt>
      <trkpt lat="48.66945463232696056365966796875" lon="89.96834716759622097015380859375">
        <ele>2255.199951171875</ele>
        <time>2025-08-13T02:50:41.000Z</time>
        <extensions>
          <ns3:TrackPointExtension>
            <ns3:atemp>14.0</ns3:atemp>
          </ns3:TrackPointExtension>
        </extensions>
      </trkpt>
      <trkpt lat="48.66972452960908412933349609375" lon="89.968281872570514678955078125">
        <ele>2256.199951171875</ele>
        <time>2025-08-13T02:50:46.000Z</time>
        <extensions>
          <ns3:TrackPointExtension>
            <ns3:atemp>14.0</ns3:atemp>
          </ns3:TrackPointExtension>
        </extensions>
      </trkpt>
      <trkpt lat="48.669770546257495880126953125" lon="89.96827139519155025482177734375">
        <ele>2256.39990234375</ele>
        <time>2025-08-13T02:50:47.000Z</time>
        <extensions>
          <ns3:TrackPointExtension>
            <ns3:atemp>14.0</ns3:atemp>
          </ns3:TrackPointExtension>
        </extensions>
      </trkpt>
      <trkpt lat="48.66989518515765666961669921875" lon="89.96824591420590877532958984375">
        <ele>2257.199951171875</ele>
        <time>2025-08-13T02:50:50.000Z</time>
        <extensions>
          <ns3:TrackPointExtension>
            <ns3:atemp>14.0</ns3:atemp>
          </ns3:TrackPointExtension>
        </extensions>
      </trkpt>
      <trkpt lat="48.66999928839504718780517578125" lon="89.9682297371327877044677734375">
        <ele>2257.800048828125</ele>
        <time>2025-08-13T02:50:53.000Z</time>
        <extensions>
          <ns3:TrackPointExtension>
            <ns3:atemp>14.0</ns3:atemp>
          </ns3:TrackPointExtension>
        </extensions>
      </trkpt>
      <trkpt lat="48.6700882203876972198486328125" lon="89.96820920147001743316650390625">
        <ele>2258.39990234375</ele>
        <time>2025-08-13T02:50:56.000Z</time>
        <extensions>
          <ns3:TrackPointExtension>
            <ns3:atemp>14.0</ns3:atemp>
          </ns3:TrackPointExtension>
        </extensions>
      </trkpt>
      <trkpt lat="48.67021822370588779449462890625" lon="89.96818170882761478424072265625">
        <ele>2259</ele>
        <time>2025-08-13T02:51:01.000Z</time>
        <extensions>
          <ns3:TrackPointExtension>
            <ns3:atemp>14.0</ns3:atemp>
          </ns3:TrackPointExtension>
        </extensions>
      </trkpt>
      <trkpt lat="48.6702692694962024688720703125" lon="89.96816880069673061370849609375">
        <ele>2259.39990234375</ele>
        <time>2025-08-13T02:51:03.000Z</time>
        <extensions>
          <ns3:TrackPointExtension>
            <ns3:atemp>14.0</ns3:atemp>
          </ns3:TrackPointExtension>
        </extensions>
      </trkpt>
      <trkpt lat="48.67047085426747798919677734375" lon="89.96812437660992145538330078125">
        <ele>2260.39990234375</ele>
        <time>2025-08-13T02:51:11.000Z</time>
        <extensions>
          <ns3:TrackPointExtension>
            <ns3:atemp>14.0</ns3:atemp>
          </ns3:TrackPointExtension>
        </extensions>
      </trkpt>
      <trkpt lat="48.67049566470086574554443359375" lon="89.9681154079735279083251953125">
        <ele>2260.60009765625</ele>
        <time>2025-08-13T02:51:12.000Z</time>
        <extensions>
          <ns3:TrackPointExtension>
            <ns3:atemp>14.0</ns3:atemp>
          </ns3:TrackPointExtension>
        </extensions>
      </trkpt>
      <trkpt lat="48.67067612707614898681640625" lon="89.96807978488504886627197265625">
        <ele>2261.39990234375</ele>
        <time>2025-08-13T02:51:20.000Z</time>
        <extensions>
          <ns3:TrackPointExtension>
            <ns3:atemp>14.0</ns3:atemp>
          </ns3:TrackPointExtension>
        </extensions>
      </trkpt>
      <trkpt lat="48.67071962915360927581787109375" lon="89.96806302107870578765869140625">
        <ele>2262</ele>
        <time>2025-08-13T02:51:22.000Z</time>
        <extensions>
          <ns3:TrackPointExtension>
            <ns3:atemp>14.0</ns3:atemp>
          </ns3:TrackPointExtension>
        </extensions>
      </trkpt>
      <trkpt lat="48.67077947594225406646728515625" lon="89.96804349124431610107421875">
        <ele>2262.60009765625</ele>
        <time>2025-08-13T02:51:25.000Z</time>
        <extensions>
          <ns3:TrackPointExtension>
            <ns3:atemp>14.0</ns3:atemp>
          </ns3:TrackPointExtension>
        </extensions>
      </trkpt>
      <trkpt lat="48.6708969064056873321533203125" lon="89.96803636662662029266357421875">
        <ele>2263.199951171875</ele>
        <time>2025-08-13T02:51:31.000Z</time>
        <extensions>
          <ns3:TrackPointExtension>
            <ns3:atemp>14.0</ns3:atemp>
          </ns3:TrackPointExtension>
        </extensions>
      </trkpt>
      <trkpt lat="48.6709852516651153564453125" lon="89.9680175073444843292236328125">
        <ele>2263.60009765625</ele>
        <time>2025-08-13T02:51:35.000Z</time>
        <extensions>
          <ns3:TrackPointExtension>
            <ns3:atemp>14.0</ns3:atemp>
          </ns3:TrackPointExtension>
        </extensions>
      </trkpt>
      <trkpt lat="48.6711077950894832611083984375" lon="89.96799328364431858062744140625">
        <ele>2264.39990234375</ele>
        <time>2025-08-13T02:51:40.000Z</time>
        <extensions>
          <ns3:TrackPointExtension>
            <ns3:atemp>14.0</ns3:atemp>
          </ns3:TrackPointExtension>
        </extensions>
      </trkpt>
      <trkpt lat="48.67117560468614101409912109375" lon="89.96797618456184864044189453125">
        <ele>2264.800048828125</ele>
        <time>2025-08-13T02:51:43.000Z</time>
        <extensions>
          <ns3:TrackPointExtension>
            <ns3:atemp>14.0</ns3:atemp>
          </ns3:TrackPointExtension>
        </extensions>
      </trkpt>
      <trkpt lat="48.671320863068103790283203125" lon="89.9679569900035858154296875">
        <ele>2265.39990234375</ele>
        <time>2025-08-13T02:51:50.000Z</time>
        <extensions>
          <ns3:TrackPointExtension>
            <ns3:atemp>14.0</ns3:atemp>
          </ns3:TrackPointExtension>
        </extensions>
      </trkpt>
      <trkpt lat="48.67140971124172210693359375" lon="89.967957325279712677001953125">
        <ele>2265.800048828125</ele>
        <time>2025-08-13T02:51:54.000Z</time>
        <extensions>
          <ns3:TrackPointExtension>
            <ns3:atemp>14.0</ns3:atemp>
          </ns3:TrackPointExtension>
        </extensions>
      </trkpt>
      <trkpt lat="48.67158061824738979339599609375" lon="89.9679155834019184112548828125">
        <ele>2267</ele>
        <time>2025-08-13T02:52:01.000Z</time>
        <extensions>
          <ns3:TrackPointExtension>
            <ns3:atemp>14.0</ns3:atemp>
          </ns3:TrackPointExtension>
        </extensions>
      </trkpt>
      <trkpt lat="48.6717863939702510833740234375" lon="89.96786369942128658294677734375">
        <ele>2268</ele>
        <time>2025-08-13T02:52:10.000Z</time>
        <extensions>
          <ns3:TrackPointExtension>
            <ns3:atemp>14.0</ns3:atemp>
          </ns3:TrackPointExtension>
        </extensions>
      </trkpt>
      <trkpt lat="48.67202661931514739990234375" lon="89.96782765723764896392822265625">
        <ele>2268.800048828125</ele>
        <time>2025-08-13T02:52:21.000Z</time>
        <extensions>
          <ns3:TrackPointExtension>
            <ns3:atemp>14.0</ns3:atemp>
          </ns3:TrackPointExtension>
        </extensions>
      </trkpt>
      <trkpt lat="48.67204832844436168670654296875" lon="89.9678213708102703094482421875">
        <ele>2269</ele>
        <time>2025-08-13T02:52:22.000Z</time>
        <extensions>
          <ns3:TrackPointExtension>
            <ns3:atemp>14.0</ns3:atemp>
          </ns3:TrackPointExtension>
        </extensions>
      </trkpt>
      <trkpt lat="48.6721957661211490631103515625" lon="89.96778155677020549774169921875">
        <ele>2270</ele>
        <time>2025-08-13T02:52:28.000Z</time>
        <extensions>
          <ns3:TrackPointExtension>
            <ns3:atemp>14.0</ns3:atemp>
          </ns3:TrackPointExtension>
        </extensions>
      </trkpt>
      <trkpt lat="48.6722966842353343963623046875" lon="89.96775993146002292633056640625">
        <ele>2270.60009765625</ele>
        <time>2025-08-13T02:52:32.000Z</time>
        <extensions>
          <ns3:TrackPointExtension>
            <ns3:atemp>14.0</ns3:atemp>
          </ns3:TrackPointExtension>
        </extensions>
      </trkpt>
      <trkpt lat="48.6724606342613697052001953125" lon="89.96774903498589992523193359375">
        <ele>2271</ele>
        <time>2025-08-13T02:52:38.000Z</time>
        <extensions>
          <ns3:TrackPointExtension>
            <ns3:atemp>14.0</ns3:atemp>
          </ns3:TrackPointExtension>
        </extensions>
      </trkpt>
      <trkpt lat="48.6725159548223018646240234375" lon="89.96773847378790378570556640625">
        <ele>2271.199951171875</ele>
        <time>2025-08-13T02:52:40.000Z</time>
        <extensions>
          <ns3:TrackPointExtension>
            <ns3:atemp>14.0</ns3:atemp>
          </ns3:TrackPointExtension>
        </extensions>
      </trkpt>
      <trkpt lat="48.672778308391571044921875" lon="89.96767024509608745574951171875">
        <ele>2272.199951171875</ele>
        <time>2025-08-13T02:52:49.000Z</time>
        <extensions>
          <ns3:TrackPointExtension>
            <ns3:atemp>14.0</ns3:atemp>
          </ns3:TrackPointExtension>
        </extensions>
      </trkpt>
      <trkpt lat="48.67283438332378864288330078125" lon="89.96765800751745700836181640625">
        <ele>2272.60009765625</ele>
        <time>2025-08-13T02:52:51.000Z</time>
        <extensions>
          <ns3:TrackPointExtension>
            <ns3:atemp>14.0</ns3:atemp>
          </ns3:TrackPointExtension>
        </extensions>
      </trkpt>
      <trkpt lat="48.6729739420115947723388671875" lon="89.96762833558022975921630859375">
        <ele>2273.199951171875</ele>
        <time>2025-08-13T02:52:57.000Z</time>
        <extensions>
          <ns3:TrackPointExtension>
            <ns3:atemp>14.0</ns3:atemp>
          </ns3:TrackPointExtension>
        </extensions>
      </trkpt>
      <trkpt lat="48.67304854094982147216796875" lon="89.96762397699058055877685546875">
        <ele>2273.199951171875</ele>
        <time>2025-08-13T02:53:00.000Z</time>
        <extensions>
          <ns3:TrackPointExtension>
            <ns3:atemp>14.0</ns3:atemp>
          </ns3:TrackPointExtension>
        </extensions>
      </trkpt>
      <trkpt lat="48.6733018420636653900146484375" lon="89.967573098838329315185546875">
        <ele>2274.39990234375</ele>
        <time>2025-08-13T02:53:09.000Z</time>
        <extensions>
          <ns3:TrackPointExtension>
            <ns3:atemp>14.0</ns3:atemp>
          </ns3:TrackPointExtension>
        </extensions>
      </trkpt>
      <trkpt lat="48.67332941852509975433349609375" lon="89.96756915934383869171142578125">
        <ele>2274.39990234375</ele>
        <time>2025-08-13T02:53:10.000Z</time>
        <extensions>
          <ns3:TrackPointExtension>
            <ns3:atemp>14.0</ns3:atemp>
          </ns3:TrackPointExtension>
        </extensions>
      </trkpt>
      <trkpt lat="48.67360266856849193572998046875" lon="89.9675159342586994171142578125">
        <ele>2275.39990234375</ele>
        <time>2025-08-13T02:53:19.000Z</time>
        <extensions>
          <ns3:TrackPointExtension>
            <ns3:atemp>14.0</ns3:atemp>
          </ns3:TrackPointExtension>
        </extensions>
      </trkpt>
      <trkpt lat="48.67367425002157688140869140625" lon="89.96749187819659709930419921875">
        <ele>2275.60009765625</ele>
        <time>2025-08-13T02:53:22.000Z</time>
        <extensions>
          <ns3:TrackPointExtension>
            <ns3:atemp>14.0</ns3:atemp>
          </ns3:TrackPointExtension>
        </extensions>
      </trkpt>
      <trkpt lat="48.67387508042156696319580078125" lon="89.96744728647172451019287109375">
        <ele>2276</ele>
        <time>2025-08-13T02:53:30.000Z</time>
        <extensions>
          <ns3:TrackPointExtension>
            <ns3:atemp>14.0</ns3:atemp>
          </ns3:TrackPointExtension>
        </extensions>
      </trkpt>
      <trkpt lat="48.67395873181521892547607421875" lon="89.96743605472147464752197265625">
        <ele>2276.39990234375</ele>
        <time>2025-08-13T02:53:33.000Z</time>
        <extensions>
          <ns3:TrackPointExtension>
            <ns3:atemp>14.0</ns3:atemp>
          </ns3:TrackPointExtension>
        </extensions>
      </trkpt>
      <trkpt lat="48.6741400323808193206787109375" lon="89.967402108013629913330078125">
        <ele>2276.60009765625</ele>
        <time>2025-08-13T02:53:39.000Z</time>
        <extensions>
          <ns3:TrackPointExtension>
            <ns3:atemp>14.0</ns3:atemp>
          </ns3:TrackPointExtension>
        </extensions>
      </trkpt>
      <trkpt lat="48.6744924075901508331298828125" lon="89.967331700026988983154296875">
        <ele>2277.39990234375</ele>
        <time>2025-08-13T02:53:50.000Z</time>
        <extensions>
          <ns3:TrackPointExtension>
            <ns3:atemp>14.0</ns3:atemp>
          </ns3:TrackPointExtension>
        </extensions>
      </trkpt>
      <trkpt lat="48.674660883843898773193359375" lon="89.9673052132129669189453125">
        <ele>2277.60009765625</ele>
        <time>2025-08-13T02:53:56.000Z</time>
        <extensions>
          <ns3:TrackPointExtension>
            <ns3:atemp>14.0</ns3:atemp>
          </ns3:TrackPointExtension>
        </extensions>
      </trkpt>
      <trkpt lat="48.674790300428867340087890625" lon="89.96728241443634033203125">
        <ele>2277.800048828125</ele>
        <time>2025-08-13T02:54:03.000Z</time>
        <extensions>
          <ns3:TrackPointExtension>
            <ns3:atemp>14.0</ns3:atemp>
          </ns3:TrackPointExtension>
        </extensions>
      </trkpt>
      <trkpt lat="48.674849309027194976806640625" lon="89.96727168560028076171875">
        <ele>2279.199951171875</ele>
        <time>2025-08-13T02:55:16.000Z</time>
        <extensions>
          <ns3:TrackPointExtension>
            <ns3:atemp>14.0</ns3:atemp>
          </ns3:TrackPointExtension>
        </extensions>
      </trkpt>
      <trkpt lat="48.67490437813103199005126953125" lon="89.96725785546004772186279296875">
        <ele>2279</ele>
        <time>2025-08-13T02:55:18.000Z</time>
        <extensions>
          <ns3:TrackPointExtension>
            <ns3:atemp>14.0</ns3:atemp>
          </ns3:TrackPointExtension>
        </extensions>
      </trkpt>
      <trkpt lat="48.67514200508594512939453125" lon="89.96720907278358936309814453125">
        <ele>2278.60009765625</ele>
        <time>2025-08-13T02:55:25.000Z</time>
        <extensions>
          <ns3:TrackPointExtension>
            <ns3:atemp>14.0</ns3:atemp>
          </ns3:TrackPointExtension>
        </extensions>
      </trkpt>
      <trkpt lat="48.6753802187740802764892578125" lon="89.96707856655120849609375">
        <ele>2279.60009765625</ele>
        <time>2025-08-13T02:55:32.000Z</time>
        <extensions>
          <ns3:TrackPointExtension>
            <ns3:atemp>14.0</ns3:atemp>
          </ns3:TrackPointExtension>
        </extensions>
      </trkpt>
      <trkpt lat="48.6756507866084575653076171875" lon="89.967025928199291229248046875">
        <ele>2280.39990234375</ele>
        <time>2025-08-13T02:55:41.000Z</time>
        <extensions>
          <ns3:TrackPointExtension>
            <ns3:atemp>14.0</ns3:atemp>
          </ns3:TrackPointExtension>
        </extensions>
      </trkpt>
      <trkpt lat="48.67587835527956485748291015625" lon="89.96695962734520435333251953125">
        <ele>2280.39990234375</ele>
        <time>2025-08-13T02:55:50.000Z</time>
        <extensions>
          <ns3:TrackPointExtension>
            <ns3:atemp>14.0</ns3:atemp>
          </ns3:TrackPointExtension>
        </extensions>
      </trkpt>
      <trkpt lat="48.675898723304271697998046875" lon="89.9669463001191616058349609375">
        <ele>2280.60009765625</ele>
        <time>2025-08-13T02:55:54.000Z</time>
        <extensions>
          <ns3:TrackPointExtension>
            <ns3:atemp>14.0</ns3:atemp>
          </ns3:TrackPointExtension>
        </extensions>
      </trkpt>
      <trkpt lat="48.6759163253009319305419921875" lon="89.96705769561231136322021484375">
        <ele>2280</ele>
        <time>2025-08-13T03:01:59.000Z</time>
        <extensions>
          <ns3:TrackPointExtension>
            <ns3:atemp>14.0</ns3:atemp>
          </ns3:TrackPointExtension>
        </extensions>
      </trkpt>
      <trkpt lat="48.6759163253009319305419921875" lon="89.96705769561231136322021484375">
        <ele>2280</ele>
        <time>2025-08-13T03:02:00.000Z</time>
        <extensions>
          <ns3:TrackPointExtension>
            <ns3:atemp>14.0</ns3:atemp>
          </ns3:TrackPointExtension>
        </extensions>
      </trkpt>
      <trkpt lat="48.6759780161082744598388671875" lon="89.96704713441431522369384765625">
        <ele>2280</ele>
        <time>2025-08-13T03:02:05.000Z</time>
        <extensions>
          <ns3:TrackPointExtension>
            <ns3:atemp>14.0</ns3:atemp>
          </ns3:TrackPointExtension>
        </extensions>
      </trkpt>
      <trkpt lat="48.6760363541543483734130859375" lon="89.9670284427702426910400390625">
        <ele>2280</ele>
        <time>2025-08-13T03:02:07.000Z</time>
        <extensions>
          <ns3:TrackPointExtension>
            <ns3:atemp>14.0</ns3:atemp>
          </ns3:TrackPointExtension>
        </extensions>
      </trkpt>
      <trkpt lat="48.67630030028522014617919921875" lon="89.96696834452450275421142578125">
        <ele>2279.800048828125</ele>
        <time>2025-08-13T03:02:14.000Z</time>
        <extensions>
          <ns3:TrackPointExtension>
            <ns3:atemp>14.0</ns3:atemp>
          </ns3:TrackPointExtension>
        </extensions>
      </trkpt>
      <trkpt lat="48.676770441234111785888671875" lon="89.9668546020984649658203125">
        <ele>2279.800048828125</ele>
        <time>2025-08-13T03:02:26.000Z</time>
        <extensions>
          <ns3:TrackPointExtension>
            <ns3:atemp>14.0</ns3:atemp>
          </ns3:TrackPointExtension>
        </extensions>
      </trkpt>
      <trkpt lat="48.677178807556629180908203125" lon="89.96677204035222530364990234375">
        <ele>2279.60009765625</ele>
        <time>2025-08-13T03:02:35.000Z</time>
        <extensions>
          <ns3:TrackPointExtension>
            <ns3:atemp>14.0</ns3:atemp>
          </ns3:TrackPointExtension>
        </extensions>
      </trkpt>
      <trkpt lat="48.67774249054491519927978515625" lon="89.96661999262869358062744140625">
        <ele>2280</ele>
        <time>2025-08-13T03:02:47.000Z</time>
        <extensions>
          <ns3:TrackPointExtension>
            <ns3:atemp>14.0</ns3:atemp>
          </ns3:TrackPointExtension>
        </extensions>
      </trkpt>
      <trkpt lat="48.6782263778150081634521484375" lon="89.966483451426029205322265625">
        <ele>2280</ele>
        <time>2025-08-13T03:02:57.000Z</time>
        <extensions>
          <ns3:TrackPointExtension>
            <ns3:atemp>14.0</ns3:atemp>
          </ns3:TrackPointExtension>
        </extensions>
      </trkpt>
      <trkpt lat="48.67875762283802032470703125" lon="89.966306425631046295166015625">
        <ele>2280.39990234375</ele>
        <time>2025-08-13T03:03:08.000Z</time>
        <extensions>
          <ns3:TrackPointExtension>
            <ns3:atemp>14.0</ns3:atemp>
          </ns3:TrackPointExtension>
        </extensions>
      </trkpt>
      <trkpt lat="48.6788097582757472991943359375" lon="89.9662911705672740936279296875">
        <ele>2280.199951171875</ele>
        <time>2025-08-13T03:03:09.000Z</time>
        <extensions>
          <ns3:TrackPointExtension>
            <ns3:atemp>14.0</ns3:atemp>
          </ns3:TrackPointExtension>
        </extensions>
      </trkpt>
      <trkpt lat="48.67932700552046298980712890625" lon="89.96611070819199085235595703125">
        <ele>2280.39990234375</ele>
        <time>2025-08-13T03:03:19.000Z</time>
        <extensions>
          <ns3:TrackPointExtension>
            <ns3:atemp>15.0</ns3:atemp>
          </ns3:TrackPointExtension>
        </extensions>
      </trkpt>
      <trkpt lat="48.67987618781626224517822265625" lon="89.96589529328048229217529296875">
        <ele>2279.800048828125</ele>
        <time>2025-08-13T03:03:30.000Z</time>
        <extensions>
          <ns3:TrackPointExtension>
            <ns3:atemp>15.0</ns3:atemp>
          </ns3:TrackPointExtension>
        </extensions>
      </trkpt>
      <trkpt lat="48.67992572486400604248046875" lon="89.96587500907480716705322265625">
        <ele>2279.800048828125</ele>
        <time>2025-08-13T03:03:31.000Z</time>
        <extensions>
          <ns3:TrackPointExtension>
            <ns3:atemp>14.0</ns3:atemp>
          </ns3:TrackPointExtension>
        </extensions>
      </trkpt>
      <trkpt lat="48.68045152164995670318603515625" lon="89.9656524695456027984619140625">
        <ele>2280.39990234375</ele>
        <time>2025-08-13T03:03:42.000Z</time>
        <extensions>
          <ns3:TrackPointExtension>
            <ns3:atemp>15.0</ns3:atemp>
          </ns3:TrackPointExtension>
        </extensions>
      </trkpt>
      <trkpt lat="48.680996261537075042724609375" lon="89.965397156774997711181640625">
        <ele>2279.39990234375</ele>
        <time>2025-08-13T03:03:52.000Z</time>
        <extensions>
          <ns3:TrackPointExtension>
            <ns3:atemp>15.0</ns3:atemp>
          </ns3:TrackPointExtension>
        </extensions>
      </trkpt>
      <trkpt lat="48.68155022151768207550048828125" lon="89.96513790450990200042724609375">
        <ele>2279.60009765625</ele>
        <time>2025-08-13T03:04:02.000Z</time>
        <extensions>
          <ns3:TrackPointExtension>
            <ns3:atemp>15.0</ns3:atemp>
          </ns3:TrackPointExtension>
        </extensions>
      </trkpt>
      <trkpt lat="48.681720457971096038818359375" lon="89.9650536663830280303955078125">
        <ele>2279.199951171875</ele>
        <time>2025-08-13T03:04:05.000Z</time>
        <extensions>
          <ns3:TrackPointExtension>
            <ns3:atemp>15.0</ns3:atemp>
          </ns3:TrackPointExtension>
        </extensions>
      </trkpt>
      <trkpt lat="48.6822647787630558013916015625" lon="89.96479324065148830413818359375">
        <ele>2279.60009765625</ele>
        <time>2025-08-13T03:04:15.000Z</time>
        <extensions>
          <ns3:TrackPointExtension>
            <ns3:atemp>15.0</ns3:atemp>
          </ns3:TrackPointExtension>
        </extensions>
      </trkpt>
      <trkpt lat="48.68271597661077976226806640625" lon="89.9645876325666904449462890625">
        <ele>2278.39990234375</ele>
        <time>2025-08-13T03:04:24.000Z</time>
        <extensions>
          <ns3:TrackPointExtension>
            <ns3:atemp>15.0</ns3:atemp>
          </ns3:TrackPointExtension>
        </extensions>
      </trkpt>
      <trkpt lat="48.683007247745990753173828125" lon="89.96444706805050373077392578125">
        <ele>2278.199951171875</ele>
        <time>2025-08-13T03:04:30.000Z</time>
        <extensions>
          <ns3:TrackPointExtension>
            <ns3:atemp>15.0</ns3:atemp>
          </ns3:TrackPointExtension>
        </extensions>
      </trkpt>
      <trkpt lat="48.683099448680877685546875" lon="89.96440599672496318817138671875">
        <ele>2278</ele>
        <time>2025-08-13T03:04:32.000Z</time>
        <extensions>
          <ns3:TrackPointExtension>
            <ns3:atemp>15.0</ns3:atemp>
          </ns3:TrackPointExtension>
        </extensions>
      </trkpt>
      <trkpt lat="48.68344922550022602081298828125" lon="89.9642557092010974884033203125">
        <ele>2277.800048828125</ele>
        <time>2025-08-13T03:04:40.000Z</time>
        <extensions>
          <ns3:TrackPointExtension>
            <ns3:atemp>15.0</ns3:atemp>
          </ns3:TrackPointExtension>
        </extensions>
      </trkpt>
      <trkpt lat="48.68390855379402637481689453125" lon="89.96405898593366146087646484375">
        <ele>2277.800048828125</ele>
        <time>2025-08-13T03:04:50.000Z</time>
        <extensions>
          <ns3:TrackPointExtension>
            <ns3:atemp>15.0</ns3:atemp>
          </ns3:TrackPointExtension>
        </extensions>
      </trkpt>
      <trkpt lat="48.6844472587108612060546875" lon="89.96381876058876514434814453125">
        <ele>2277.800048828125</ele>
        <time>2025-08-13T03:05:02.000Z</time>
        <extensions>
          <ns3:TrackPointExtension>
            <ns3:atemp>14.0</ns3:atemp>
          </ns3:TrackPointExtension>
        </extensions>
      </trkpt>
      <trkpt lat="48.68449294008314609527587890625" lon="89.96379621326923370361328125">
        <ele>2277.800048828125</ele>
        <time>2025-08-13T03:05:03.000Z</time>
        <extensions>
          <ns3:TrackPointExtension>
            <ns3:atemp>14.0</ns3:atemp>
          </ns3:TrackPointExtension>
        </extensions>
      </trkpt>
      <trkpt lat="48.6850066669285297393798828125" lon="89.963546097278594970703125">
        <ele>2277.60009765625</ele>
        <time>2025-08-13T03:05:15.000Z</time>
        <extensions>
          <ns3:TrackPointExtension>
            <ns3:atemp>14.0</ns3:atemp>
          </ns3:TrackPointExtension>
        </extensions>
      </trkpt>
      <trkpt lat="48.6852527596056461334228515625" lon="89.96344459243118762969970703125">
        <ele>2277.800048828125</ele>
        <time>2025-08-13T03:05:22.000Z</time>
        <extensions>
          <ns3:TrackPointExtension>
            <ns3:atemp>14.0</ns3:atemp>
          </ns3:TrackPointExtension>
        </extensions>
      </trkpt>
      <trkpt lat="48.685477562248706817626953125" lon="89.9633353762328624725341796875">
        <ele>2277.60009765625</ele>
        <time>2025-08-13T03:05:28.000Z</time>
        <extensions>
          <ns3:TrackPointExtension>
            <ns3:atemp>14.0</ns3:atemp>
          </ns3:TrackPointExtension>
        </extensions>
      </trkpt>
      <trkpt lat="48.6857161112129688262939453125" lon="89.96322146616876125335693359375">
        <ele>2277.39990234375</ele>
        <time>2025-08-13T03:05:35.000Z</time>
        <extensions>
          <ns3:TrackPointExtension>
            <ns3:atemp>14.0</ns3:atemp>
          </ns3:TrackPointExtension>
        </extensions>
      </trkpt>
      <trkpt lat="48.68596832267940044403076171875" lon="89.96311551891267299652099609375">
        <ele>2277.199951171875</ele>
        <time>2025-08-13T03:05:41.000Z</time>
        <extensions>
          <ns3:TrackPointExtension>
            <ns3:atemp>14.0</ns3:atemp>
          </ns3:TrackPointExtension>
        </extensions>
      </trkpt>
      <trkpt lat="48.68605650030076503753662109375" lon="89.96307394467294216156005859375">
        <ele>2277.199951171875</ele>
        <time>2025-08-13T03:05:43.000Z</time>
        <extensions>
          <ns3:TrackPointExtension>
            <ns3:atemp>14.0</ns3:atemp>
          </ns3:TrackPointExtension>
        </extensions>
      </trkpt>
      <trkpt lat="48.68635087274014949798583984375" lon="89.96294117532670497894287109375">
        <ele>2277.39990234375</ele>
        <time>2025-08-13T03:05:50.000Z</time>
        <extensions>
          <ns3:TrackPointExtension>
            <ns3:atemp>14.0</ns3:atemp>
          </ns3:TrackPointExtension>
        </extensions>
      </trkpt>
      <trkpt lat="48.6866656132042407989501953125" lon="89.96277504600584506988525390625">
        <ele>2278</ele>
        <time>2025-08-13T03:05:58.000Z</time>
        <extensions>
          <ns3:TrackPointExtension>
            <ns3:atemp>14.0</ns3:atemp>
          </ns3:TrackPointExtension>
        </extensions>
      </trkpt>
      <trkpt lat="48.68689200840890407562255859375" lon="89.96264864690601825714111328125">
        <ele>2277.60009765625</ele>
        <time>2025-08-13T03:06:04.000Z</time>
        <extensions>
          <ns3:TrackPointExtension>
            <ns3:atemp>14.0</ns3:atemp>
          </ns3:TrackPointExtension>
        </extensions>
      </trkpt>
      <trkpt lat="48.68693173862993717193603515625" lon="89.96263758279383182525634765625">
        <ele>2277.60009765625</ele>
        <time>2025-08-13T03:06:05.000Z</time>
        <extensions>
          <ns3:TrackPointExtension>
            <ns3:atemp>14.0</ns3:atemp>
          </ns3:TrackPointExtension>
        </extensions>
      </trkpt>
      <trkpt lat="48.6872553639113903045654296875" lon="89.96251151897013187408447265625">
        <ele>2277.39990234375</ele>
        <time>2025-08-13T03:06:13.000Z</time>
        <extensions>
          <ns3:TrackPointExtension>
            <ns3:atemp>14.0</ns3:atemp>
          </ns3:TrackPointExtension>
        </extensions>
      </trkpt>
      <trkpt lat="48.68762710131704807281494140625" lon="89.9623473174870014190673828125">
        <ele>2277.199951171875</ele>
        <time>2025-08-13T03:06:20.000Z</time>
        <extensions>
          <ns3:TrackPointExtension>
            <ns3:atemp>14.0</ns3:atemp>
          </ns3:TrackPointExtension>
        </extensions>
      </trkpt>
      <trkpt lat="48.68806195445358753204345703125" lon="89.96213567443192005157470703125">
        <ele>2276.199951171875</ele>
        <time>2025-08-13T03:06:28.000Z</time>
        <extensions>
          <ns3:TrackPointExtension>
            <ns3:atemp>14.0</ns3:atemp>
          </ns3:TrackPointExtension>
        </extensions>
      </trkpt>
      <trkpt lat="48.6885481886565685272216796875" lon="89.9619252048432826995849609375">
        <ele>2276.39990234375</ele>
        <time>2025-08-13T03:06:37.000Z</time>
        <extensions>
          <ns3:TrackPointExtension>
            <ns3:atemp>14.0</ns3:atemp>
          </ns3:TrackPointExtension>
        </extensions>
      </trkpt>
      <trkpt lat="48.68860241957008838653564453125" lon="89.96190433390438556671142578125">
        <ele>2276.199951171875</ele>
        <time>2025-08-13T03:06:38.000Z</time>
        <extensions>
          <ns3:TrackPointExtension>
            <ns3:atemp>14.0</ns3:atemp>
          </ns3:TrackPointExtension>
        </extensions>
      </trkpt>
      <trkpt lat="48.68906560353934764862060546875" lon="89.96170115657150745391845703125">
        <ele>2275.800048828125</ele>
        <time>2025-08-13T03:06:47.000Z</time>
        <extensions>
          <ns3:TrackPointExtension>
            <ns3:atemp>14.0</ns3:atemp>
          </ns3:TrackPointExtension>
        </extensions>
      </trkpt>
      <trkpt lat="48.6893726326525211334228515625" lon="89.96156469918787479400634765625">
        <ele>2275</ele>
        <time>2025-08-13T03:06:53.000Z</time>
        <extensions>
          <ns3:TrackPointExtension>
            <ns3:atemp>14.0</ns3:atemp>
          </ns3:TrackPointExtension>
        </extensions>
      </trkpt>
      <trkpt lat="48.68964244611561298370361328125" lon="89.96144014410674571990966796875">
        <ele>2274.800048828125</ele>
        <time>2025-08-13T03:06:58.000Z</time>
        <extensions>
          <ns3:TrackPointExtension>
            <ns3:atemp>14.0</ns3:atemp>
          </ns3:TrackPointExtension>
        </extensions>
      </trkpt>
      <trkpt lat="48.69016715325415134429931640625" lon="89.96118374168872833251953125">
        <ele>2274.199951171875</ele>
        <time>2025-08-13T03:07:08.000Z</time>
        <extensions>
          <ns3:TrackPointExtension>
            <ns3:atemp>14.0</ns3:atemp>
          </ns3:TrackPointExtension>
        </extensions>
      </trkpt>
      <trkpt lat="48.69021794758737087249755859375" lon="89.96116639114916324615478515625">
        <ele>2274</ele>
        <time>2025-08-13T03:07:09.000Z</time>
        <extensions>
          <ns3:TrackPointExtension>
            <ns3:atemp>14.0</ns3:atemp>
          </ns3:TrackPointExtension>
        </extensions>
      </trkpt>
      <trkpt lat="48.690530844032764434814453125" lon="89.96102071367204189300537109375">
        <ele>2273.39990234375</ele>
        <time>2025-08-13T03:07:15.000Z</time>
        <extensions>
          <ns3:TrackPointExtension>
            <ns3:atemp>14.0</ns3:atemp>
          </ns3:TrackPointExtension>
        </extensions>
      </trkpt>
      <trkpt lat="48.6906359530985355377197265625" lon="89.9609716795384883880615234375">
        <ele>2273.39990234375</ele>
        <time>2025-08-13T03:07:17.000Z</time>
        <extensions>
          <ns3:TrackPointExtension>
            <ns3:atemp>14.0</ns3:atemp>
          </ns3:TrackPointExtension>
        </extensions>
      </trkpt>
      <trkpt lat="48.69080476462841033935546875" lon="89.96092298068106174468994140625">
        <ele>2272.800048828125</ele>
        <time>2025-08-13T03:07:20.000Z</time>
        <extensions>
          <ns3:TrackPointExtension>
            <ns3:atemp>14.0</ns3:atemp>
          </ns3:TrackPointExtension>
        </extensions>
      </trkpt>
      <trkpt lat="48.6908625997602939605712890625" lon="89.9609002657234668731689453125">
        <ele>2272.800048828125</ele>
        <time>2025-08-13T03:07:21.000Z</time>
        <extensions>
          <ns3:TrackPointExtension>
            <ns3:atemp>14.0</ns3:atemp>
          </ns3:TrackPointExtension>
        </extensions>
      </trkpt>
      <trkpt lat="48.6914263665676116943359375" lon="89.9606809951364994049072265625">
        <ele>2272</ele>
        <time>2025-08-13T03:07:31.000Z</time>
        <extensions>
          <ns3:TrackPointExtension>
            <ns3:atemp>14.0</ns3:atemp>
          </ns3:TrackPointExtension>
        </extensions>
      </trkpt>
      <trkpt lat="48.69154245592653751373291015625" lon="89.96065023355185985565185546875">
        <ele>2271.800048828125</ele>
        <time>2025-08-13T03:07:33.000Z</time>
        <extensions>
          <ns3:TrackPointExtension>
            <ns3:atemp>14.0</ns3:atemp>
          </ns3:TrackPointExtension>
        </extensions>
      </trkpt>
      <trkpt lat="48.692122064530849456787109375" lon="89.9605073221027851104736328125">
        <ele>2271.39990234375</ele>
        <time>2025-08-13T03:07:43.000Z</time>
        <extensions>
          <ns3:TrackPointExtension>
            <ns3:atemp>14.0</ns3:atemp>
          </ns3:TrackPointExtension>
        </extensions>
      </trkpt>
      <trkpt lat="48.6926134116947650909423828125" lon="89.960433728992938995361328125">
        <ele>2270.60009765625</ele>
        <time>2025-08-13T03:07:51.000Z</time>
        <extensions>
          <ns3:TrackPointExtension>
            <ns3:atemp>14.0</ns3:atemp>
          </ns3:TrackPointExtension>
        </extensions>
      </trkpt>
      <trkpt lat="48.6926797963678836822509765625" lon="89.9604275263845920562744140625">
        <ele>2270.60009765625</ele>
        <time>2025-08-13T03:07:52.000Z</time>
        <extensions>
          <ns3:TrackPointExtension>
            <ns3:atemp>14.0</ns3:atemp>
          </ns3:TrackPointExtension>
        </extensions>
      </trkpt>
      <trkpt lat="48.69315748102962970733642578125" lon="89.96040900237858295440673828125">
        <ele>2269.60009765625</ele>
        <time>2025-08-13T03:07:59.000Z</time>
        <extensions>
          <ns3:TrackPointExtension>
            <ns3:atemp>14.0</ns3:atemp>
          </ns3:TrackPointExtension>
        </extensions>
      </trkpt>
      <trkpt lat="48.69322436861693859100341796875" lon="89.96040590107440948486328125">
        <ele>2269.39990234375</ele>
        <time>2025-08-13T03:08:00.000Z</time>
        <extensions>
          <ns3:TrackPointExtension>
            <ns3:atemp>14.0</ns3:atemp>
          </ns3:TrackPointExtension>
        </extensions>
      </trkpt>
      <trkpt lat="48.6937178112566471099853515625" lon="89.9603943340480327606201171875">
        <ele>2268.60009765625</ele>
        <time>2025-08-13T03:08:07.000Z</time>
        <extensions>
          <ns3:TrackPointExtension>
            <ns3:atemp>14.0</ns3:atemp>
          </ns3:TrackPointExtension>
        </extensions>
      </trkpt>
      <trkpt lat="48.69379098527133464813232421875" lon="89.96039408259093761444091796875">
        <ele>2268.39990234375</ele>
        <time>2025-08-13T03:08:08.000Z</time>
        <extensions>
          <ns3:TrackPointExtension>
            <ns3:atemp>14.0</ns3:atemp>
          </ns3:TrackPointExtension>
        </extensions>
      </trkpt>
      <trkpt lat="48.694389201700687408447265625" lon="89.96039324440062046051025390625">
        <ele>2267.199951171875</ele>
        <time>2025-08-13T03:08:16.000Z</time>
        <extensions>
          <ns3:TrackPointExtension>
            <ns3:atemp>14.0</ns3:atemp>
          </ns3:TrackPointExtension>
        </extensions>
      </trkpt>
      <trkpt lat="48.69493762962520122528076171875" lon="89.9603824317455291748046875">
        <ele>2266.39990234375</ele>
        <time>2025-08-13T03:08:23.000Z</time>
        <extensions>
          <ns3:TrackPointExtension>
            <ns3:atemp>14.0</ns3:atemp>
          </ns3:TrackPointExtension>
        </extensions>
      </trkpt>
      <trkpt lat="48.695098645985126495361328125" lon="89.96038234792649745941162109375">
        <ele>2266.199951171875</ele>
        <time>2025-08-13T03:08:25.000Z</time>
        <extensions>
          <ns3:TrackPointExtension>
            <ns3:atemp>14.0</ns3:atemp>
          </ns3:TrackPointExtension>
        </extensions>
      </trkpt>
      <trkpt lat="48.69525949470698833465576171875" lon="89.9603809230029582977294921875">
        <ele>2266</ele>
        <time>2025-08-13T03:08:27.000Z</time>
        <extensions>
          <ns3:TrackPointExtension>
            <ns3:atemp>14.0</ns3:atemp>
          </ns3:TrackPointExtension>
        </extensions>
      </trkpt>
      <trkpt lat="48.695671297609806060791015625" lon="89.960359632968902587890625">
        <ele>2265.199951171875</ele>
        <time>2025-08-13T03:08:32.000Z</time>
        <extensions>
          <ns3:TrackPointExtension>
            <ns3:atemp>14.0</ns3:atemp>
          </ns3:TrackPointExtension>
        </extensions>
      </trkpt>
      <trkpt lat="48.69609542191028594970703125" lon="89.9603125266730785369873046875">
        <ele>2264.39990234375</ele>
        <time>2025-08-13T03:08:37.000Z</time>
        <extensions>
          <ns3:TrackPointExtension>
            <ns3:atemp>14.0</ns3:atemp>
          </ns3:TrackPointExtension>
        </extensions>
      </trkpt>
      <trkpt lat="48.6962675862014293670654296875" lon="89.9602853693068027496337890625">
        <ele>2264</ele>
        <time>2025-08-13T03:08:39.000Z</time>
        <extensions>
          <ns3:TrackPointExtension>
            <ns3:atemp>14.0</ns3:atemp>
          </ns3:TrackPointExtension>
        </extensions>
      </trkpt>
      <trkpt lat="48.6968888528645038604736328125" lon="89.96017095632851123809814453125">
        <ele>2262.800048828125</ele>
        <time>2025-08-13T03:08:46.000Z</time>
        <extensions>
          <ns3:TrackPointExtension>
            <ns3:atemp>14.0</ns3:atemp>
          </ns3:TrackPointExtension>
        </extensions>
      </trkpt>
      <trkpt lat="48.69736251421272754669189453125" lon="89.96005184948444366455078125">
        <ele>2261.60009765625</ele>
        <time>2025-08-13T03:08:51.000Z</time>
        <extensions>
          <ns3:TrackPointExtension>
            <ns3:atemp>14.0</ns3:atemp>
          </ns3:TrackPointExtension>
        </extensions>
      </trkpt>
      <trkpt lat="48.69766585528850555419921875" lon="89.95997230522334575653076171875">
        <ele>2260.39990234375</ele>
        <time>2025-08-13T03:08:54.000Z</time>
        <extensions>
          <ns3:TrackPointExtension>
            <ns3:atemp>14.0</ns3:atemp>
          </ns3:TrackPointExtension>
        </extensions>
      </trkpt>
      <trkpt lat="48.6978743970394134521484375" lon="89.9599098600447177886962890625">
        <ele>2259.39990234375</ele>
        <time>2025-08-13T03:08:56.000Z</time>
        <extensions>
          <ns3:TrackPointExtension>
            <ns3:atemp>14.0</ns3:atemp>
          </ns3:TrackPointExtension>
        </extensions>
      </trkpt>
      <trkpt lat="48.6981625668704509735107421875" lon="89.95980818755924701690673828125">
        <ele>2258.39990234375</ele>
        <time>2025-08-13T03:08:59.000Z</time>
        <extensions>
          <ns3:TrackPointExtension>
            <ns3:atemp>14.0</ns3:atemp>
          </ns3:TrackPointExtension>
        </extensions>
      </trkpt>
      <trkpt lat="48.6982551030814647674560546875" lon="89.9597757495939731597900390625">
        <ele>2258</ele>
        <time>2025-08-13T03:09:00.000Z</time>
        <extensions>
          <ns3:TrackPointExtension>
            <ns3:atemp>14.0</ns3:atemp>
          </ns3:TrackPointExtension>
        </extensions>
      </trkpt>
      <trkpt lat="48.69854754768311977386474609375" lon="89.95966318063437938690185546875">
        <ele>2256.800048828125</ele>
        <time>2025-08-13T03:09:03.000Z</time>
        <extensions>
          <ns3:TrackPointExtension>
            <ns3:atemp>14.0</ns3:atemp>
          </ns3:TrackPointExtension>
        </extensions>
      </trkpt>
      <trkpt lat="48.698849715292453765869140625" lon="89.9595494382083415985107421875">
        <ele>2255.60009765625</ele>
        <time>2025-08-13T03:09:06.000Z</time>
        <extensions>
          <ns3:TrackPointExtension>
            <ns3:atemp>14.0</ns3:atemp>
          </ns3:TrackPointExtension>
        </extensions>
      </trkpt>
      <trkpt lat="48.6991673894226551055908203125" lon="89.95943619869649410247802734375">
        <ele>2254.60009765625</ele>
        <time>2025-08-13T03:09:09.000Z</time>
        <extensions>
          <ns3:TrackPointExtension>
            <ns3:atemp>14.0</ns3:atemp>
          </ns3:TrackPointExtension>
        </extensions>
      </trkpt>
      <trkpt lat="48.699497468769550323486328125" lon="89.95932740159332752227783203125">
        <ele>2253.199951171875</ele>
        <time>2025-08-13T03:09:12.000Z</time>
        <extensions>
          <ns3:TrackPointExtension>
            <ns3:atemp>14.0</ns3:atemp>
          </ns3:TrackPointExtension>
        </extensions>
      </trkpt>
      <trkpt lat="48.6998362652957439422607421875" lon="89.95920988731086254119873046875">
        <ele>2252.199951171875</ele>
        <time>2025-08-13T03:09:15.000Z</time>
        <extensions>
          <ns3:TrackPointExtension>
            <ns3:atemp>14.0</ns3:atemp>
          </ns3:TrackPointExtension>
        </extensions>
      </trkpt>
      <trkpt lat="48.70006768964231014251708984375" lon="89.95912916958332061767578125">
        <ele>2251</ele>
        <time>2025-08-13T03:09:17.000Z</time>
        <extensions>
          <ns3:TrackPointExtension>
            <ns3:atemp>14.0</ns3:atemp>
          </ns3:TrackPointExtension>
        </extensions>
      </trkpt>
      <trkpt lat="48.70042324997484683990478515625" lon="89.9590039439499378204345703125">
        <ele>2249.60009765625</ele>
        <time>2025-08-13T03:09:20.000Z</time>
        <extensions>
          <ns3:TrackPointExtension>
            <ns3:atemp>14.0</ns3:atemp>
          </ns3:TrackPointExtension>
        </extensions>
      </trkpt>
      <trkpt lat="48.70078283362090587615966796875" lon="89.9588738568127155303955078125">
        <ele>2248.39990234375</ele>
        <time>2025-08-13T03:09:23.000Z</time>
        <extensions>
          <ns3:TrackPointExtension>
            <ns3:atemp>14.0</ns3:atemp>
          </ns3:TrackPointExtension>
        </extensions>
      </trkpt>
      <trkpt lat="48.7009061314165592193603515625" lon="89.95883069001138210296630859375">
        <ele>2248.199951171875</ele>
        <time>2025-08-13T03:09:24.000Z</time>
        <extensions>
          <ns3:TrackPointExtension>
            <ns3:atemp>14.0</ns3:atemp>
          </ns3:TrackPointExtension>
        </extensions>
      </trkpt>
      <trkpt lat="48.70127317495644092559814453125" lon="89.95871954597532749176025390625">
        <ele>2246.800048828125</ele>
        <time>2025-08-13T03:09:27.000Z</time>
        <extensions>
          <ns3:TrackPointExtension>
            <ns3:atemp>14.0</ns3:atemp>
          </ns3:TrackPointExtension>
        </extensions>
      </trkpt>
      <trkpt lat="48.70163661427795886993408203125" lon="89.95859717018902301788330078125">
        <ele>2245.199951171875</ele>
        <time>2025-08-13T03:09:30.000Z</time>
        <extensions>
          <ns3:TrackPointExtension>
            <ns3:atemp>14.0</ns3:atemp>
          </ns3:TrackPointExtension>
        </extensions>
      </trkpt>
      <trkpt lat="48.70188320986926555633544921875" lon="89.95850916020572185516357421875">
        <ele>2244.199951171875</ele>
        <time>2025-08-13T03:09:32.000Z</time>
        <extensions>
          <ns3:TrackPointExtension>
            <ns3:atemp>14.0</ns3:atemp>
          </ns3:TrackPointExtension>
        </extensions>
      </trkpt>
      <trkpt lat="48.70225402526557445526123046875" lon="89.95838108472526073455810546875">
        <ele>2243</ele>
        <time>2025-08-13T03:09:35.000Z</time>
        <extensions>
          <ns3:TrackPointExtension>
            <ns3:atemp>14.0</ns3:atemp>
          </ns3:TrackPointExtension>
        </extensions>
      </trkpt>
      <trkpt lat="48.702630959451198577880859375" lon="89.9582462199032306671142578125">
        <ele>2241.39990234375</ele>
        <time>2025-08-13T03:09:38.000Z</time>
        <extensions>
          <ns3:TrackPointExtension>
            <ns3:atemp>14.0</ns3:atemp>
          </ns3:TrackPointExtension>
        </extensions>
      </trkpt>
      <trkpt lat="48.7028820812702178955078125" lon="89.9581513367593288421630859375">
        <ele>2239.800048828125</ele>
        <time>2025-08-13T03:09:40.000Z</time>
        <extensions>
          <ns3:TrackPointExtension>
            <ns3:atemp>14.0</ns3:atemp>
          </ns3:TrackPointExtension>
        </extensions>
      </trkpt>
      <trkpt lat="48.70313144288957118988037109375" lon="89.9580588005483150482177734375">
        <ele>2238.60009765625</ele>
        <time>2025-08-13T03:09:42.000Z</time>
        <extensions>
          <ns3:TrackPointExtension>
            <ns3:atemp>14.0</ns3:atemp>
          </ns3:TrackPointExtension>
        </extensions>
      </trkpt>
      <trkpt lat="48.703506700694561004638671875" lon="89.95792879723012447357177734375">
        <ele>2237.39990234375</ele>
        <time>2025-08-13T03:09:45.000Z</time>
        <extensions>
          <ns3:TrackPointExtension>
            <ns3:atemp>14.0</ns3:atemp>
          </ns3:TrackPointExtension>
        </extensions>
      </trkpt>
      <trkpt lat="48.70363385416567325592041015625" lon="89.95788521133363246917724609375">
        <ele>2236.800048828125</ele>
        <time>2025-08-13T03:09:46.000Z</time>
        <extensions>
          <ns3:TrackPointExtension>
            <ns3:atemp>14.0</ns3:atemp>
          </ns3:TrackPointExtension>
        </extensions>
      </trkpt>
      <trkpt lat="48.7038877420127391815185546875" lon="89.95780105702579021453857421875">
        <ele>2235.60009765625</ele>
        <time>2025-08-13T03:09:48.000Z</time>
        <extensions>
          <ns3:TrackPointExtension>
            <ns3:atemp>14.0</ns3:atemp>
          </ns3:TrackPointExtension>
        </extensions>
      </trkpt>
      <trkpt lat="48.7042723037302494049072265625" lon="89.9576655216515064239501953125">
        <ele>2234.39990234375</ele>
        <time>2025-08-13T03:09:51.000Z</time>
        <extensions>
          <ns3:TrackPointExtension>
            <ns3:atemp>14.0</ns3:atemp>
          </ns3:TrackPointExtension>
        </extensions>
      </trkpt>
      <trkpt lat="48.70453323237597942352294921875" lon="89.95758681558072566986083984375">
        <ele>2233.39990234375</ele>
        <time>2025-08-13T03:09:53.000Z</time>
        <extensions>
          <ns3:TrackPointExtension>
            <ns3:atemp>14.0</ns3:atemp>
          </ns3:TrackPointExtension>
        </extensions>
      </trkpt>
      <trkpt lat="48.70479784905910491943359375" lon="89.9574978835880756378173828125">
        <ele>2232.199951171875</ele>
        <time>2025-08-13T03:09:55.000Z</time>
        <extensions>
          <ns3:TrackPointExtension>
            <ns3:atemp>14.0</ns3:atemp>
          </ns3:TrackPointExtension>
        </extensions>
      </trkpt>
      <trkpt lat="48.70519339106976985931396484375" lon="89.957359917461872100830078125">
        <ele>2230.800048828125</ele>
        <time>2025-08-13T03:09:58.000Z</time>
        <extensions>
          <ns3:TrackPointExtension>
            <ns3:atemp>14.0</ns3:atemp>
          </ns3:TrackPointExtension>
        </extensions>
      </trkpt>
      <trkpt lat="48.7055869214236736297607421875" lon="89.957222454249858856201171875">
        <ele>2229.60009765625</ele>
        <time>2025-08-13T03:10:01.000Z</time>
        <extensions>
          <ns3:TrackPointExtension>
            <ns3:atemp>14.0</ns3:atemp>
          </ns3:TrackPointExtension>
        </extensions>
      </trkpt>
      <trkpt lat="48.7057160027325153350830078125" lon="89.9571780301630496978759765625">
        <ele>2229</ele>
        <time>2025-08-13T03:10:02.000Z</time>
        <extensions>
          <ns3:TrackPointExtension>
            <ns3:atemp>14.0</ns3:atemp>
          </ns3:TrackPointExtension>
        </extensions>
      </trkpt>
      <trkpt lat="48.70597341097891330718994140625" lon="89.957090355455875396728515625">
        <ele>2228.199951171875</ele>
        <time>2025-08-13T03:10:04.000Z</time>
        <extensions>
          <ns3:TrackPointExtension>
            <ns3:atemp>14.0</ns3:atemp>
          </ns3:TrackPointExtension>
        </extensions>
      </trkpt>
      <trkpt lat="48.706228472292423248291015625" lon="89.9570080451667308807373046875">
        <ele>2226.60009765625</ele>
        <time>2025-08-13T03:10:06.000Z</time>
        <extensions>
          <ns3:TrackPointExtension>
            <ns3:atemp>14.0</ns3:atemp>
          </ns3:TrackPointExtension>
        </extensions>
      </trkpt>
      <trkpt lat="48.706480599939823150634765625" lon="89.9569237232208251953125">
        <ele>2225.39990234375</ele>
        <time>2025-08-13T03:10:08.000Z</time>
        <extensions>
          <ns3:TrackPointExtension>
            <ns3:atemp>14.0</ns3:atemp>
          </ns3:TrackPointExtension>
        </extensions>
      </trkpt>
      <trkpt lat="48.7068525888025760650634765625" lon="89.95679707266390323638916015625">
        <ele>2223.60009765625</ele>
        <time>2025-08-13T03:10:11.000Z</time>
        <extensions>
          <ns3:TrackPointExtension>
            <ns3:atemp>14.0</ns3:atemp>
          </ns3:TrackPointExtension>
        </extensions>
      </trkpt>
      <trkpt lat="48.7071003578603267669677734375" lon="89.95671258307993412017822265625">
        <ele>2222.39990234375</ele>
        <time>2025-08-13T03:10:13.000Z</time>
        <extensions>
          <ns3:TrackPointExtension>
            <ns3:atemp>14.0</ns3:atemp>
          </ns3:TrackPointExtension>
        </extensions>
      </trkpt>
      <trkpt lat="48.70747058652341365814208984375" lon="89.9565804004669189453125">
        <ele>2221.39990234375</ele>
        <time>2025-08-13T03:10:16.000Z</time>
        <extensions>
          <ns3:TrackPointExtension>
            <ns3:atemp>14.0</ns3:atemp>
          </ns3:TrackPointExtension>
        </extensions>
      </trkpt>
      <trkpt lat="48.70771701447665691375732421875" lon="89.95649649761617183685302734375">
        <ele>2220.199951171875</ele>
        <time>2025-08-13T03:10:18.000Z</time>
        <extensions>
          <ns3:TrackPointExtension>
            <ns3:atemp>14.0</ns3:atemp>
          </ns3:TrackPointExtension>
        </extensions>
      </trkpt>
      <trkpt lat="48.70820023119449615478515625" lon="89.9563250876963138580322265625">
        <ele>2219.199951171875</ele>
        <time>2025-08-13T03:10:22.000Z</time>
        <extensions>
          <ns3:TrackPointExtension>
            <ns3:atemp>14.0</ns3:atemp>
          </ns3:TrackPointExtension>
        </extensions>
      </trkpt>
      <trkpt lat="48.7084364332258701324462890625" lon="89.9562489800155162811279296875">
        <ele>2218.199951171875</ele>
        <time>2025-08-13T03:10:24.000Z</time>
        <extensions>
          <ns3:TrackPointExtension>
            <ns3:atemp>14.0</ns3:atemp>
          </ns3:TrackPointExtension>
        </extensions>
      </trkpt>
      <trkpt lat="48.708553947508335113525390625" lon="89.95621025562286376953125">
        <ele>2217.60009765625</ele>
        <time>2025-08-13T03:10:25.000Z</time>
        <extensions>
          <ns3:TrackPointExtension>
            <ns3:atemp>14.0</ns3:atemp>
          </ns3:TrackPointExtension>
        </extensions>
      </trkpt>
      <trkpt lat="48.70867322199046611785888671875" lon="89.95616935193538665771484375">
        <ele>2217</ele>
        <time>2025-08-13T03:10:26.000Z</time>
        <extensions>
          <ns3:TrackPointExtension>
            <ns3:atemp>14.0</ns3:atemp>
          </ns3:TrackPointExtension>
        </extensions>
      </trkpt>
      <trkpt lat="48.70890959165990352630615234375" lon="89.956088550388813018798828125">
        <ele>2215.39990234375</ele>
        <time>2025-08-13T03:10:28.000Z</time>
        <extensions>
          <ns3:TrackPointExtension>
            <ns3:atemp>14.0</ns3:atemp>
          </ns3:TrackPointExtension>
        </extensions>
      </trkpt>
      <trkpt lat="48.70914478786289691925048828125" lon="89.9560062400996685028076171875">
        <ele>2214</ele>
        <time>2025-08-13T03:10:30.000Z</time>
        <extensions>
          <ns3:TrackPointExtension>
            <ns3:atemp>14.0</ns3:atemp>
          </ns3:TrackPointExtension>
        </extensions>
      </trkpt>
      <trkpt lat="48.709501437842845916748046875" lon="89.95588176883757114410400390625">
        <ele>2212.60009765625</ele>
        <time>2025-08-13T03:10:33.000Z</time>
        <extensions>
          <ns3:TrackPointExtension>
            <ns3:atemp>14.0</ns3:atemp>
          </ns3:TrackPointExtension>
        </extensions>
      </trkpt>
      <trkpt lat="48.70985222049057483673095703125" lon="89.95576257817447185516357421875">
        <ele>2211.199951171875</ele>
        <time>2025-08-13T03:10:36.000Z</time>
        <extensions>
          <ns3:TrackPointExtension>
            <ns3:atemp>14.0</ns3:atemp>
          </ns3:TrackPointExtension>
        </extensions>
      </trkpt>
      <trkpt lat="48.7100812979042530059814453125" lon="89.95568496175110340118408203125">
        <ele>2211</ele>
        <time>2025-08-13T03:10:38.000Z</time>
        <extensions>
          <ns3:TrackPointExtension>
            <ns3:atemp>14.0</ns3:atemp>
          </ns3:TrackPointExtension>
        </extensions>
      </trkpt>
      <trkpt lat="48.7105298973619937896728515625" lon="89.9555321596562862396240234375">
        <ele>2209.800048828125</ele>
        <time>2025-08-13T03:10:42.000Z</time>
        <extensions>
          <ns3:TrackPointExtension>
            <ns3:atemp>14.0</ns3:atemp>
          </ns3:TrackPointExtension>
        </extensions>
      </trkpt>
      <trkpt lat="48.71085067279636859893798828125" lon="89.9554257094860076904296875">
        <ele>2208.60009765625</ele>
        <time>2025-08-13T03:10:45.000Z</time>
        <extensions>
          <ns3:TrackPointExtension>
            <ns3:atemp>14.0</ns3:atemp>
          </ns3:TrackPointExtension>
        </extensions>
      </trkpt>
      <trkpt lat="48.71105904690921306610107421875" lon="89.9553559720516204833984375">
        <ele>2207.60009765625</ele>
        <time>2025-08-13T03:10:47.000Z</time>
        <extensions>
          <ns3:TrackPointExtension>
            <ns3:atemp>14.0</ns3:atemp>
          </ns3:TrackPointExtension>
        </extensions>
      </trkpt>
      <trkpt lat="48.71116180904209613800048828125" lon="89.9553192593157291412353515625">
        <ele>2207.39990234375</ele>
        <time>2025-08-13T03:10:48.000Z</time>
        <extensions>
          <ns3:TrackPointExtension>
            <ns3:atemp>14.0</ns3:atemp>
          </ns3:TrackPointExtension>
        </extensions>
      </trkpt>
      <trkpt lat="48.71146305464208126068115234375" lon="89.95521389879286289215087890625">
        <ele>2206.39990234375</ele>
        <time>2025-08-13T03:10:51.000Z</time>
        <extensions>
          <ns3:TrackPointExtension>
            <ns3:atemp>14.0</ns3:atemp>
          </ns3:TrackPointExtension>
        </extensions>
      </trkpt>
      <trkpt lat="48.711659610271453857421875" lon="89.9551467597484588623046875">
        <ele>2205.39990234375</ele>
        <time>2025-08-13T03:10:53.000Z</time>
        <extensions>
          <ns3:TrackPointExtension>
            <ns3:atemp>14.0</ns3:atemp>
          </ns3:TrackPointExtension>
        </extensions>
      </trkpt>
      <trkpt lat="48.7120471894741058349609375" lon="89.9550084583461284637451171875">
        <ele>2204.199951171875</ele>
        <time>2025-08-13T03:10:57.000Z</time>
        <extensions>
          <ns3:TrackPointExtension>
            <ns3:atemp>14.0</ns3:atemp>
          </ns3:TrackPointExtension>
        </extensions>
      </trkpt>
      <trkpt lat="48.712429068982601165771484375" lon="89.95487443171441555023193359375">
        <ele>2203</ele>
        <time>2025-08-13T03:11:01.000Z</time>
        <extensions>
          <ns3:TrackPointExtension>
            <ns3:atemp>14.0</ns3:atemp>
          </ns3:TrackPointExtension>
        </extensions>
      </trkpt>
      <trkpt lat="48.71261741034686565399169921875" lon="89.9548119865357875823974609375">
        <ele>2202.60009765625</ele>
        <time>2025-08-13T03:11:03.000Z</time>
        <extensions>
          <ns3:TrackPointExtension>
            <ns3:atemp>14.0</ns3:atemp>
          </ns3:TrackPointExtension>
        </extensions>
      </trkpt>
      <trkpt lat="48.71280298568308353424072265625" lon="89.9547476135194301605224609375">
        <ele>2202</ele>
        <time>2025-08-13T03:11:05.000Z</time>
        <extensions>
          <ns3:TrackPointExtension>
            <ns3:atemp>14.0</ns3:atemp>
          </ns3:TrackPointExtension>
        </extensions>
      </trkpt>
      <trkpt lat="48.71307908557355403900146484375" lon="89.9546507187187671661376953125">
        <ele>2200.800048828125</ele>
        <time>2025-08-13T03:11:08.000Z</time>
        <extensions>
          <ns3:TrackPointExtension>
            <ns3:atemp>14.0</ns3:atemp>
          </ns3:TrackPointExtension>
        </extensions>
      </trkpt>
      <trkpt lat="48.71352433227002620697021484375" lon="89.95449406094849109649658203125">
        <ele>2199.60009765625</ele>
        <time>2025-08-13T03:11:13.000Z</time>
        <extensions>
          <ns3:TrackPointExtension>
            <ns3:atemp>14.0</ns3:atemp>
          </ns3:TrackPointExtension>
        </extensions>
      </trkpt>
      <trkpt lat="48.7137012742459774017333984375" lon="89.954430945217609405517578125">
        <ele>2199</ele>
        <time>2025-08-13T03:11:15.000Z</time>
        <extensions>
          <ns3:TrackPointExtension>
            <ns3:atemp>14.0</ns3:atemp>
          </ns3:TrackPointExtension>
        </extensions>
      </trkpt>
      <trkpt lat="48.7138772942125797271728515625" lon="89.95436984114348888397216796875">
        <ele>2198.60009765625</ele>
        <time>2025-08-13T03:11:17.000Z</time>
        <extensions>
          <ns3:TrackPointExtension>
            <ns3:atemp>14.0</ns3:atemp>
          </ns3:TrackPointExtension>
        </extensions>
      </trkpt>
      <trkpt lat="48.71413989923894405364990234375" lon="89.9542842619121074676513671875">
        <ele>2197.39990234375</ele>
        <time>2025-08-13T03:11:20.000Z</time>
        <extensions>
          <ns3:TrackPointExtension>
            <ns3:atemp>14.0</ns3:atemp>
          </ns3:TrackPointExtension>
        </extensions>
      </trkpt>
      <trkpt lat="48.714499063789844512939453125" lon="89.9541766382753849029541015625">
        <ele>2196.199951171875</ele>
        <time>2025-08-13T03:11:24.000Z</time>
        <extensions>
          <ns3:TrackPointExtension>
            <ns3:atemp>14.0</ns3:atemp>
          </ns3:TrackPointExtension>
        </extensions>
      </trkpt>
      <trkpt lat="48.7146735750138759613037109375" lon="89.95413514785468578338623046875">
        <ele>2196</ele>
        <time>2025-08-13T03:11:26.000Z</time>
        <extensions>
          <ns3:TrackPointExtension>
            <ns3:atemp>14.0</ns3:atemp>
          </ns3:TrackPointExtension>
        </extensions>
      </trkpt>
      <trkpt lat="48.7149327434599399566650390625" lon="89.9540864489972591400146484375">
        <ele>2195.199951171875</ele>
        <time>2025-08-13T03:11:29.000Z</time>
        <extensions>
          <ns3:TrackPointExtension>
            <ns3:atemp>14.0</ns3:atemp>
          </ns3:TrackPointExtension>
        </extensions>
      </trkpt>
      <trkpt lat="48.715442530810832977294921875" lon="89.954020567238330841064453125">
        <ele>2194.199951171875</ele>
        <time>2025-08-13T03:11:35.000Z</time>
        <extensions>
          <ns3:TrackPointExtension>
            <ns3:atemp>14.0</ns3:atemp>
          </ns3:TrackPointExtension>
        </extensions>
      </trkpt>
      <trkpt lat="48.71552408672869205474853515625" lon="89.95401562191545963287353515625">
        <ele>2194</ele>
        <time>2025-08-13T03:11:36.000Z</time>
        <extensions>
          <ns3:TrackPointExtension>
            <ns3:atemp>15.0</ns3:atemp>
          </ns3:TrackPointExtension>
        </extensions>
      </trkpt>
      <trkpt lat="48.71600034646689891815185546875" lon="89.9540277756750583648681640625">
        <ele>2193.199951171875</ele>
        <time>2025-08-13T03:11:42.000Z</time>
        <extensions>
          <ns3:TrackPointExtension>
            <ns3:atemp>15.0</ns3:atemp>
          </ns3:TrackPointExtension>
        </extensions>
      </trkpt>
      <trkpt lat="48.7161544896662235260009765625" lon="89.95404194109141826629638671875">
        <ele>2193</ele>
        <time>2025-08-13T03:11:44.000Z</time>
        <extensions>
          <ns3:TrackPointExtension>
            <ns3:atemp>15.0</ns3:atemp>
          </ns3:TrackPointExtension>
        </extensions>
      </trkpt>
      <trkpt lat="48.71674667112529277801513671875" lon="89.95411050505936145782470703125">
        <ele>2192</ele>
        <time>2025-08-13T03:11:52.000Z</time>
        <extensions>
          <ns3:TrackPointExtension>
            <ns3:atemp>15.0</ns3:atemp>
          </ns3:TrackPointExtension>
        </extensions>
      </trkpt>
      <trkpt lat="48.716890253126621246337890625" lon="89.95414294302463531494140625">
        <ele>2192</ele>
        <time>2025-08-13T03:11:54.000Z</time>
        <extensions>
          <ns3:TrackPointExtension>
            <ns3:atemp>15.0</ns3:atemp>
          </ns3:TrackPointExtension>
        </extensions>
      </trkpt>
      <trkpt lat="48.71696040965616703033447265625" lon="89.9541595391929149627685546875">
        <ele>2191.800048828125</ele>
        <time>2025-08-13T03:11:55.000Z</time>
        <extensions>
          <ns3:TrackPointExtension>
            <ns3:atemp>15.0</ns3:atemp>
          </ns3:TrackPointExtension>
        </extensions>
      </trkpt>
      <trkpt lat="48.71731295250356197357177734375" lon="89.954260289669036865234375">
        <ele>2191</ele>
        <time>2025-08-13T03:12:00.000Z</time>
        <extensions>
          <ns3:TrackPointExtension>
            <ns3:atemp>15.0</ns3:atemp>
          </ns3:TrackPointExtension>
        </extensions>
      </trkpt>
      <trkpt lat="48.7175914831459522247314453125" lon="89.95436690747737884521484375">
        <ele>2190.60009765625</ele>
        <time>2025-08-13T03:12:04.000Z</time>
        <extensions>
          <ns3:TrackPointExtension>
            <ns3:atemp>15.0</ns3:atemp>
          </ns3:TrackPointExtension>
        </extensions>
      </trkpt>
      <trkpt lat="48.7180793099105358123779296875" lon="89.95455072261393070220947265625">
        <ele>2189.800048828125</ele>
        <time>2025-08-13T03:12:11.000Z</time>
        <extensions>
          <ns3:TrackPointExtension>
            <ns3:atemp>15.0</ns3:atemp>
          </ns3:TrackPointExtension>
        </extensions>
      </trkpt>
      <trkpt lat="48.71835247613489627838134765625" lon="89.95465926826000213623046875">
        <ele>2189.199951171875</ele>
        <time>2025-08-13T03:12:15.000Z</time>
        <extensions>
          <ns3:TrackPointExtension>
            <ns3:atemp>15.0</ns3:atemp>
          </ns3:TrackPointExtension>
        </extensions>
      </trkpt>
      <trkpt lat="48.71856353245675563812255859375" lon="89.954742081463336944580078125">
        <ele>2188.800048828125</ele>
        <time>2025-08-13T03:12:18.000Z</time>
        <extensions>
          <ns3:TrackPointExtension>
            <ns3:atemp>15.0</ns3:atemp>
          </ns3:TrackPointExtension>
        </extensions>
      </trkpt>
      <trkpt lat="48.7191394530236721038818359375" lon="89.95497166179120540618896484375">
        <ele>2187.60009765625</ele>
        <time>2025-08-13T03:12:26.000Z</time>
        <extensions>
          <ns3:TrackPointExtension>
            <ns3:atemp>15.0</ns3:atemp>
          </ns3:TrackPointExtension>
        </extensions>
      </trkpt>
      <trkpt lat="48.71928454376757144927978515625" lon="89.95503100566565990447998046875">
        <ele>2187.199951171875</ele>
        <time>2025-08-13T03:12:28.000Z</time>
        <extensions>
          <ns3:TrackPointExtension>
            <ns3:atemp>15.0</ns3:atemp>
          </ns3:TrackPointExtension>
        </extensions>
      </trkpt>
      <trkpt lat="48.71964865364134311676025390625" lon="89.95517467148602008819580078125">
        <ele>2186.60009765625</ele>
        <time>2025-08-13T03:12:33.000Z</time>
        <extensions>
          <ns3:TrackPointExtension>
            <ns3:atemp>15.0</ns3:atemp>
          </ns3:TrackPointExtension>
        </extensions>
      </trkpt>
      <trkpt lat="48.72002081014215946197509765625" lon="89.95531548745930194854736328125">
        <ele>2185.800048828125</ele>
        <time>2025-08-13T03:12:38.000Z</time>
        <extensions>
          <ns3:TrackPointExtension>
            <ns3:atemp>15.0</ns3:atemp>
          </ns3:TrackPointExtension>
        </extensions>
      </trkpt>
      <trkpt lat="48.7201704271137714385986328125" lon="89.9553759209811687469482421875">
        <ele>2185.39990234375</ele>
        <time>2025-08-13T03:12:40.000Z</time>
        <extensions>
          <ns3:TrackPointExtension>
            <ns3:atemp>15.0</ns3:atemp>
          </ns3:TrackPointExtension>
        </extensions>
      </trkpt>
      <trkpt lat="48.7206220440566539764404296875" lon="89.95555646717548370361328125">
        <ele>2184.60009765625</ele>
        <time>2025-08-13T03:12:46.000Z</time>
        <extensions>
          <ns3:TrackPointExtension>
            <ns3:atemp>15.0</ns3:atemp>
          </ns3:TrackPointExtension>
        </extensions>
      </trkpt>
      <trkpt lat="48.7206958048045635223388671875" lon="89.9555854685604572296142578125">
        <ele>2184.39990234375</ele>
        <time>2025-08-13T03:12:47.000Z</time>
        <extensions>
          <ns3:TrackPointExtension>
            <ns3:atemp>15.0</ns3:atemp>
          </ns3:TrackPointExtension>
        </extensions>
      </trkpt>
      <trkpt lat="48.72107307426631450653076171875" lon="89.955731816589832305908203125">
        <ele>2183.39990234375</ele>
        <time>2025-08-13T03:12:52.000Z</time>
        <extensions>
          <ns3:TrackPointExtension>
            <ns3:atemp>15.0</ns3:atemp>
          </ns3:TrackPointExtension>
        </extensions>
      </trkpt>
      <trkpt lat="48.721299134194850921630859375" lon="89.955823682248592376708984375">
        <ele>2183</ele>
        <time>2025-08-13T03:12:55.000Z</time>
        <extensions>
          <ns3:TrackPointExtension>
            <ns3:atemp>15.0</ns3:atemp>
          </ns3:TrackPointExtension>
        </extensions>
      </trkpt>
      <trkpt lat="48.7216060794889926910400390625" lon="89.9559492431581020355224609375">
        <ele>2182.199951171875</ele>
        <time>2025-08-13T03:12:59.000Z</time>
        <extensions>
          <ns3:TrackPointExtension>
            <ns3:atemp>15.0</ns3:atemp>
          </ns3:TrackPointExtension>
        </extensions>
      </trkpt>
      <trkpt lat="48.7220006994903087615966796875" lon="89.95610355399549007415771484375">
        <ele>2181.199951171875</ele>
        <time>2025-08-13T03:13:04.000Z</time>
        <extensions>
          <ns3:TrackPointExtension>
            <ns3:atemp>15.0</ns3:atemp>
          </ns3:TrackPointExtension>
        </extensions>
      </trkpt>
      <trkpt lat="48.7221616320312023162841796875" lon="89.9561686813831329345703125">
        <ele>2181</ele>
        <time>2025-08-13T03:13:06.000Z</time>
        <extensions>
          <ns3:TrackPointExtension>
            <ns3:atemp>15.0</ns3:atemp>
          </ns3:TrackPointExtension>
        </extensions>
      </trkpt>
      <trkpt lat="48.7225735187530517578125" lon="89.956328608095645904541015625">
        <ele>2180</ele>
        <time>2025-08-13T03:13:11.000Z</time>
        <extensions>
          <ns3:TrackPointExtension>
            <ns3:atemp>15.0</ns3:atemp>
          </ns3:TrackPointExtension>
        </extensions>
      </trkpt>
      <trkpt lat="48.7229210324585437774658203125" lon="89.95645844377577304840087890625">
        <ele>2179</ele>
        <time>2025-08-13T03:13:15.000Z</time>
        <extensions>
          <ns3:TrackPointExtension>
            <ns3:atemp>15.0</ns3:atemp>
          </ns3:TrackPointExtension>
        </extensions>
      </trkpt>
      <trkpt lat="48.72309587895870208740234375" lon="89.95653203688561916351318359375">
        <ele>2178.199951171875</ele>
        <time>2025-08-13T03:13:17.000Z</time>
        <extensions>
          <ns3:TrackPointExtension>
            <ns3:atemp>15.0</ns3:atemp>
          </ns3:TrackPointExtension>
        </extensions>
      </trkpt>
      <trkpt lat="48.72318447567522525787353515625" lon="89.9565715156495571136474609375">
        <ele>2177.800048828125</ele>
        <time>2025-08-13T03:13:18.000Z</time>
        <extensions>
          <ns3:TrackPointExtension>
            <ns3:atemp>15.0</ns3:atemp>
          </ns3:TrackPointExtension>
        </extensions>
      </trkpt>
      <trkpt lat="48.7235530279576778411865234375" lon="89.95671845041215419769287109375">
        <ele>2176.800048828125</ele>
        <time>2025-08-13T03:13:22.000Z</time>
        <extensions>
          <ns3:TrackPointExtension>
            <ns3:atemp>15.0</ns3:atemp>
          </ns3:TrackPointExtension>
        </extensions>
      </trkpt>
      <trkpt lat="48.7238435447216033935546875" lon="89.95683160610496997833251953125">
        <ele>2175.800048828125</ele>
        <time>2025-08-13T03:13:25.000Z</time>
        <extensions>
          <ns3:TrackPointExtension>
            <ns3:atemp>15.0</ns3:atemp>
          </ns3:TrackPointExtension>
        </extensions>
      </trkpt>
      <trkpt lat="48.724248893558979034423828125" lon="89.9569862522184848785400390625">
        <ele>2174.39990234375</ele>
        <time>2025-08-13T03:13:29.000Z</time>
        <extensions>
          <ns3:TrackPointExtension>
            <ns3:atemp>15.0</ns3:atemp>
          </ns3:TrackPointExtension>
        </extensions>
      </trkpt>
      <trkpt lat="48.7245615385472774505615234375" lon="89.957109130918979644775390625">
        <ele>2173</ele>
        <time>2025-08-13T03:13:32.000Z</time>
        <extensions>
          <ns3:TrackPointExtension>
            <ns3:atemp>15.0</ns3:atemp>
          </ns3:TrackPointExtension>
        </extensions>
      </trkpt>
      <trkpt lat="48.7248793803155422210693359375" lon="89.9572413973510265350341796875">
        <ele>2171.800048828125</ele>
        <time>2025-08-13T03:13:35.000Z</time>
        <extensions>
          <ns3:TrackPointExtension>
            <ns3:atemp>15.0</ns3:atemp>
          </ns3:TrackPointExtension>
        </extensions>
      </trkpt>
      <trkpt lat="48.72509789653122425079345703125" lon="89.9573258869349956512451171875">
        <ele>2170.800048828125</ele>
        <time>2025-08-13T03:13:37.000Z</time>
        <extensions>
          <ns3:TrackPointExtension>
            <ns3:atemp>15.0</ns3:atemp>
          </ns3:TrackPointExtension>
        </extensions>
      </trkpt>
      <trkpt lat="48.725542388856410980224609375" lon="89.95749310590326786041259765625">
        <ele>2169.39990234375</ele>
        <time>2025-08-13T03:13:41.000Z</time>
        <extensions>
          <ns3:TrackPointExtension>
            <ns3:atemp>15.0</ns3:atemp>
          </ns3:TrackPointExtension>
        </extensions>
      </trkpt>
      <trkpt lat="48.72588562779128551483154296875" lon="89.9576182477176189422607421875">
        <ele>2168</ele>
        <time>2025-08-13T03:13:44.000Z</time>
        <extensions>
          <ns3:TrackPointExtension>
            <ns3:atemp>15.0</ns3:atemp>
          </ns3:TrackPointExtension>
        </extensions>
      </trkpt>
      <trkpt lat="48.7262392602860927581787109375" lon="89.957720339298248291015625">
        <ele>2167</ele>
        <time>2025-08-13T03:13:47.000Z</time>
        <extensions>
          <ns3:TrackPointExtension>
            <ns3:atemp>15.0</ns3:atemp>
          </ns3:TrackPointExtension>
        </extensions>
      </trkpt>
      <trkpt lat="48.7265973351895809173583984375" lon="89.95780005119740962982177734375">
        <ele>2165.60009765625</ele>
        <time>2025-08-13T03:13:50.000Z</time>
        <extensions>
          <ns3:TrackPointExtension>
            <ns3:atemp>15.0</ns3:atemp>
          </ns3:TrackPointExtension>
        </extensions>
      </trkpt>
      <trkpt lat="48.726718537509441375732421875" lon="89.9578174017369747161865234375">
        <ele>2165.199951171875</ele>
        <time>2025-08-13T03:13:51.000Z</time>
        <extensions>
          <ns3:TrackPointExtension>
            <ns3:atemp>15.0</ns3:atemp>
          </ns3:TrackPointExtension>
        </extensions>
      </trkpt>
      <trkpt lat="48.726966641843318939208984375" lon="89.9578358419239521026611328125">
        <ele>2164.39990234375</ele>
        <time>2025-08-13T03:13:53.000Z</time>
        <extensions>
          <ns3:TrackPointExtension>
            <ns3:atemp>15.0</ns3:atemp>
          </ns3:TrackPointExtension>
        </extensions>
      </trkpt>
      <trkpt lat="48.72734424658119678497314453125" lon="89.95783056132495403289794921875">
        <ele>2162.800048828125</ele>
        <time>2025-08-13T03:13:56.000Z</time>
        <extensions>
          <ns3:TrackPointExtension>
            <ns3:atemp>15.0</ns3:atemp>
          </ns3:TrackPointExtension>
        </extensions>
      </trkpt>
      <trkpt lat="48.727472908794879913330078125" lon="89.95782184414565563201904296875">
        <ele>2162.199951171875</ele>
        <time>2025-08-13T03:13:57.000Z</time>
        <extensions>
          <ns3:TrackPointExtension>
            <ns3:atemp>15.0</ns3:atemp>
          </ns3:TrackPointExtension>
        </extensions>
      </trkpt>
      <trkpt lat="48.72760140337049961090087890625" lon="89.9578066729009151458740234375">
        <ele>2161.60009765625</ele>
        <time>2025-08-13T03:13:58.000Z</time>
        <extensions>
          <ns3:TrackPointExtension>
            <ns3:atemp>15.0</ns3:atemp>
          </ns3:TrackPointExtension>
        </extensions>
      </trkpt>
      <trkpt lat="48.728113956749439239501953125" lon="89.957699887454509735107421875">
        <ele>2160.199951171875</ele>
        <time>2025-08-13T03:14:02.000Z</time>
        <extensions>
          <ns3:TrackPointExtension>
            <ns3:atemp>15.0</ns3:atemp>
          </ns3:TrackPointExtension>
        </extensions>
      </trkpt>
      <trkpt lat="48.7282415293157100677490234375" lon="89.9576626718044281005859375">
        <ele>2159.60009765625</ele>
        <time>2025-08-13T03:14:03.000Z</time>
        <extensions>
          <ns3:TrackPointExtension>
            <ns3:atemp>15.0</ns3:atemp>
          </ns3:TrackPointExtension>
        </extensions>
      </trkpt>
      <trkpt lat="48.72836952097713947296142578125" lon="89.95762201957404613494873046875">
        <ele>2158.800048828125</ele>
        <time>2025-08-13T03:14:04.000Z</time>
        <extensions>
          <ns3:TrackPointExtension>
            <ns3:atemp>15.0</ns3:atemp>
          </ns3:TrackPointExtension>
        </extensions>
      </trkpt>
      <trkpt lat="48.72874653898179531097412109375" lon="89.95748137123882770538330078125">
        <ele>2157.199951171875</ele>
        <time>2025-08-13T03:14:07.000Z</time>
        <extensions>
          <ns3:TrackPointExtension>
            <ns3:atemp>15.0</ns3:atemp>
          </ns3:TrackPointExtension>
        </extensions>
      </trkpt>
      <trkpt lat="48.72900268994271755218505859375" lon="89.95737894438207149505615234375">
        <ele>2155.800048828125</ele>
        <time>2025-08-13T03:14:09.000Z</time>
        <extensions>
          <ns3:TrackPointExtension>
            <ns3:atemp>15.0</ns3:atemp>
          </ns3:TrackPointExtension>
        </extensions>
      </trkpt>
      <trkpt lat="48.729130513966083526611328125" lon="89.95732680894434452056884765625">
        <ele>2155.39990234375</ele>
        <time>2025-08-13T03:14:10.000Z</time>
        <extensions>
          <ns3:TrackPointExtension>
            <ns3:atemp>15.0</ns3:atemp>
          </ns3:TrackPointExtension>
        </extensions>
      </trkpt>
      <trkpt lat="48.7292577512562274932861328125" lon="89.95727651752531528472900390625">
        <ele>2154.800048828125</ele>
        <time>2025-08-13T03:14:11.000Z</time>
        <extensions>
          <ns3:TrackPointExtension>
            <ns3:atemp>15.0</ns3:atemp>
          </ns3:TrackPointExtension>
        </extensions>
      </trkpt>
      <trkpt lat="48.72951113618910312652587890625" lon="89.95717710815370082855224609375">
        <ele>2153.39990234375</ele>
        <time>2025-08-13T03:14:13.000Z</time>
        <extensions>
          <ns3:TrackPointExtension>
            <ns3:atemp>15.0</ns3:atemp>
          </ns3:TrackPointExtension>
        </extensions>
      </trkpt>
      <trkpt lat="48.7297576479613780975341796875" lon="89.95707501657307147979736328125">
        <ele>2152.199951171875</ele>
        <time>2025-08-13T03:14:15.000Z</time>
        <extensions>
          <ns3:TrackPointExtension>
            <ns3:atemp>15.0</ns3:atemp>
          </ns3:TrackPointExtension>
        </extensions>
      </trkpt>
      <trkpt lat="48.7299992144107818603515625" lon="89.95697711594402790069580078125">
        <ele>2151</ele>
        <time>2025-08-13T03:14:17.000Z</time>
        <extensions>
          <ns3:TrackPointExtension>
            <ns3:atemp>15.0</ns3:atemp>
          </ns3:TrackPointExtension>
        </extensions>
      </trkpt>
      <trkpt lat="48.7303644977509975433349609375" lon="89.9568326957523822784423828125">
        <ele>2149.800048828125</ele>
        <time>2025-08-13T03:14:20.000Z</time>
        <extensions>
          <ns3:TrackPointExtension>
            <ns3:atemp>15.0</ns3:atemp>
          </ns3:TrackPointExtension>
        </extensions>
      </trkpt>
      <trkpt lat="48.7306048907339572906494140625" lon="89.9567374773323535919189453125">
        <ele>2149</ele>
        <time>2025-08-13T03:14:22.000Z</time>
        <extensions>
          <ns3:TrackPointExtension>
            <ns3:atemp>15.0</ns3:atemp>
          </ns3:TrackPointExtension>
        </extensions>
      </trkpt>
      <trkpt lat="48.73072366230189800262451171875" lon="89.9566912092268466949462890625">
        <ele>2148.39990234375</ele>
        <time>2025-08-13T03:14:23.000Z</time>
        <extensions>
          <ns3:TrackPointExtension>
            <ns3:atemp>15.0</ns3:atemp>
          </ns3:TrackPointExtension>
        </extensions>
      </trkpt>
      <trkpt lat="48.73107419349253177642822265625" lon="89.9565524049103260040283203125">
        <ele>2147.199951171875</ele>
        <time>2025-08-13T03:14:26.000Z</time>
        <extensions>
          <ns3:TrackPointExtension>
            <ns3:atemp>15.0</ns3:atemp>
          </ns3:TrackPointExtension>
        </extensions>
      </trkpt>
      <trkpt lat="48.73130209743976593017578125" lon="89.95646062307059764862060546875">
        <ele>2146.60009765625</ele>
        <time>2025-08-13T03:14:28.000Z</time>
        <extensions>
          <ns3:TrackPointExtension>
            <ns3:atemp>15.0</ns3:atemp>
          </ns3:TrackPointExtension>
        </extensions>
      </trkpt>
      <trkpt lat="48.73163427226245403289794921875" lon="89.9563250876963138580322265625">
        <ele>2145.199951171875</ele>
        <time>2025-08-13T03:14:31.000Z</time>
        <extensions>
          <ns3:TrackPointExtension>
            <ns3:atemp>15.0</ns3:atemp>
          </ns3:TrackPointExtension>
        </extensions>
      </trkpt>
      <trkpt lat="48.73185538686811923980712890625" lon="89.95623732917010784149169921875">
        <ele>2144</ele>
        <time>2025-08-13T03:14:33.000Z</time>
        <extensions>
          <ns3:TrackPointExtension>
            <ns3:atemp>15.0</ns3:atemp>
          </ns3:TrackPointExtension>
        </extensions>
      </trkpt>
      <trkpt lat="48.73218881897628307342529296875" lon="89.95610003359615802764892578125">
        <ele>2142.800048828125</ele>
        <time>2025-08-13T03:14:36.000Z</time>
        <extensions>
          <ns3:TrackPointExtension>
            <ns3:atemp>15.0</ns3:atemp>
          </ns3:TrackPointExtension>
        </extensions>
      </trkpt>
      <trkpt lat="48.732522167265415191650390625" lon="89.95596240274608135223388671875">
        <ele>2141.39990234375</ele>
        <time>2025-08-13T03:14:39.000Z</time>
        <extensions>
          <ns3:TrackPointExtension>
            <ns3:atemp>15.0</ns3:atemp>
          </ns3:TrackPointExtension>
        </extensions>
      </trkpt>
      <trkpt lat="48.73295559547841548919677734375" lon="89.95578789152204990386962890625">
        <ele>2140.199951171875</ele>
        <time>2025-08-13T03:14:43.000Z</time>
        <extensions>
          <ns3:TrackPointExtension>
            <ns3:atemp>15.0</ns3:atemp>
          </ns3:TrackPointExtension>
        </extensions>
      </trkpt>
      <trkpt lat="48.73326958157122135162353515625" lon="89.95565973222255706787109375">
        <ele>2139.60009765625</ele>
        <time>2025-08-13T03:14:46.000Z</time>
        <extensions>
          <ns3:TrackPointExtension>
            <ns3:atemp>15.0</ns3:atemp>
          </ns3:TrackPointExtension>
        </extensions>
      </trkpt>
      <trkpt lat="48.73347577638924121856689453125" lon="89.955574236810207366943359375">
        <ele>2139</ele>
        <time>2025-08-13T03:14:48.000Z</time>
        <extensions>
          <ns3:TrackPointExtension>
            <ns3:atemp>15.0</ns3:atemp>
          </ns3:TrackPointExtension>
        </extensions>
      </trkpt>
      <trkpt lat="48.73378138057887554168701171875" lon="89.9554503522813320159912109375">
        <ele>2137.800048828125</ele>
        <time>2025-08-13T03:14:51.000Z</time>
        <extensions>
          <ns3:TrackPointExtension>
            <ns3:atemp>15.0</ns3:atemp>
          </ns3:TrackPointExtension>
        </extensions>
      </trkpt>
      <trkpt lat="48.73408262617886066436767578125" lon="89.95532303117215633392333984375">
        <ele>2136.60009765625</ele>
        <time>2025-08-13T03:14:54.000Z</time>
        <extensions>
          <ns3:TrackPointExtension>
            <ns3:atemp>15.0</ns3:atemp>
          </ns3:TrackPointExtension>
        </extensions>
      </trkpt>
      <trkpt lat="48.734181113541126251220703125" lon="89.9552800320088863372802734375">
        <ele>2136</ele>
        <time>2025-08-13T03:14:55.000Z</time>
        <extensions>
          <ns3:TrackPointExtension>
            <ns3:atemp>15.0</ns3:atemp>
          </ns3:TrackPointExtension>
        </extensions>
      </trkpt>
      <trkpt lat="48.73437649570405483245849609375" lon="89.9551995657384395599365234375">
        <ele>2135.39990234375</ele>
        <time>2025-08-13T03:14:57.000Z</time>
        <extensions>
          <ns3:TrackPointExtension>
            <ns3:atemp>15.0</ns3:atemp>
          </ns3:TrackPointExtension>
        </extensions>
      </trkpt>
      <trkpt lat="48.73466533608734607696533203125" lon="89.95508062653243541717529296875">
        <ele>2134.39990234375</ele>
        <time>2025-08-13T03:15:00.000Z</time>
        <extensions>
          <ns3:TrackPointExtension>
            <ns3:atemp>15.0</ns3:atemp>
          </ns3:TrackPointExtension>
        </extensions>
      </trkpt>
      <trkpt lat="48.734948225319385528564453125" lon="89.95496747083961963653564453125">
        <ele>2133.199951171875</ele>
        <time>2025-08-13T03:15:03.000Z</time>
        <extensions>
          <ns3:TrackPointExtension>
            <ns3:atemp>15.0</ns3:atemp>
          </ns3:TrackPointExtension>
        </extensions>
      </trkpt>
      <trkpt lat="48.7350404262542724609375" lon="89.95492883026599884033203125">
        <ele>2132.800048828125</ele>
        <time>2025-08-13T03:15:04.000Z</time>
        <extensions>
          <ns3:TrackPointExtension>
            <ns3:atemp>15.0</ns3:atemp>
          </ns3:TrackPointExtension>
        </extensions>
      </trkpt>
      <trkpt lat="48.73548693023622035980224609375" lon="89.95474912226200103759765625">
        <ele>2132.199951171875</ele>
        <time>2025-08-13T03:15:09.000Z</time>
        <extensions>
          <ns3:TrackPointExtension>
            <ns3:atemp>15.0</ns3:atemp>
          </ns3:TrackPointExtension>
        </extensions>
      </trkpt>
      <trkpt lat="48.73574207536876201629638671875" lon="89.95465231128036975860595703125">
        <ele>2132</ele>
        <time>2025-08-13T03:15:12.000Z</time>
        <extensions>
          <ns3:TrackPointExtension>
            <ns3:atemp>15.0</ns3:atemp>
          </ns3:TrackPointExtension>
        </extensions>
      </trkpt>
      <trkpt lat="48.7362127192318439483642578125" lon="89.954463131725788116455078125">
        <ele>2131.199951171875</ele>
        <time>2025-08-13T03:15:18.000Z</time>
        <extensions>
          <ns3:TrackPointExtension>
            <ns3:atemp>15.0</ns3:atemp>
          </ns3:TrackPointExtension>
        </extensions>
      </trkpt>
      <trkpt lat="48.73628966510295867919921875" lon="89.95443270541727542877197265625">
        <ele>2130.800048828125</ele>
        <time>2025-08-13T03:15:19.000Z</time>
        <extensions>
          <ns3:TrackPointExtension>
            <ns3:atemp>15.0</ns3:atemp>
          </ns3:TrackPointExtension>
        </extensions>
      </trkpt>
      <trkpt lat="48.73659082688391208648681640625" lon="89.95430747978389263153076171875">
        <ele>2129.60009765625</ele>
        <time>2025-08-13T03:15:23.000Z</time>
        <extensions>
          <ns3:TrackPointExtension>
            <ns3:atemp>15.0</ns3:atemp>
          </ns3:TrackPointExtension>
        </extensions>
      </trkpt>
      <trkpt lat="48.73695175163447856903076171875" lon="89.95415794663131237030029296875">
        <ele>2128.60009765625</ele>
        <time>2025-08-13T03:15:28.000Z</time>
        <extensions>
          <ns3:TrackPointExtension>
            <ns3:atemp>15.0</ns3:atemp>
          </ns3:TrackPointExtension>
        </extensions>
      </trkpt>
      <trkpt lat="48.73702568002045154571533203125" lon="89.95412844233214855194091796875">
        <ele>2128.60009765625</ele>
        <time>2025-08-13T03:15:29.000Z</time>
        <extensions>
          <ns3:TrackPointExtension>
            <ns3:atemp>15.0</ns3:atemp>
          </ns3:TrackPointExtension>
        </extensions>
      </trkpt>
      <trkpt lat="48.73757218010723590850830078125" lon="89.9539107643067836761474609375">
        <ele>2127.39990234375</ele>
        <time>2025-08-13T03:15:37.000Z</time>
        <extensions>
          <ns3:TrackPointExtension>
            <ns3:atemp>15.0</ns3:atemp>
          </ns3:TrackPointExtension>
        </extensions>
      </trkpt>
      <trkpt lat="48.73770645819604396820068359375" lon="89.9538544379174709320068359375">
        <ele>2127</ele>
        <time>2025-08-13T03:15:39.000Z</time>
        <extensions>
          <ns3:TrackPointExtension>
            <ns3:atemp>15.0</ns3:atemp>
          </ns3:TrackPointExtension>
        </extensions>
      </trkpt>
      <trkpt lat="48.73797518201172351837158203125" lon="89.95374019257724285125732421875">
        <ele>2126.39990234375</ele>
        <time>2025-08-13T03:15:43.000Z</time>
        <extensions>
          <ns3:TrackPointExtension>
            <ns3:atemp>15.0</ns3:atemp>
          </ns3:TrackPointExtension>
        </extensions>
      </trkpt>
      <trkpt lat="48.73845479451119899749755859375" lon="89.95355126447975635528564453125">
        <ele>2125.199951171875</ele>
        <time>2025-08-13T03:15:50.000Z</time>
        <extensions>
          <ns3:TrackPointExtension>
            <ns3:atemp>15.0</ns3:atemp>
          </ns3:TrackPointExtension>
        </extensions>
      </trkpt>
      <trkpt lat="48.73880398459732532501220703125" lon="89.9534155614674091339111328125">
        <ele>2124.199951171875</ele>
        <time>2025-08-13T03:15:55.000Z</time>
        <extensions>
          <ns3:TrackPointExtension>
            <ns3:atemp>15.0</ns3:atemp>
          </ns3:TrackPointExtension>
        </extensions>
      </trkpt>
      <trkpt lat="48.7391779012978076934814453125" lon="89.9532666988670825958251953125">
        <ele>2123.199951171875</ele>
        <time>2025-08-13T03:16:00.000Z</time>
        <extensions>
          <ns3:TrackPointExtension>
            <ns3:atemp>15.0</ns3:atemp>
          </ns3:TrackPointExtension>
        </extensions>
      </trkpt>
      <trkpt lat="48.73925375752151012420654296875" lon="89.95323644019663333892822265625">
        <ele>2122.800048828125</ele>
        <time>2025-08-13T03:16:01.000Z</time>
        <extensions>
          <ns3:TrackPointExtension>
            <ns3:atemp>15.0</ns3:atemp>
          </ns3:TrackPointExtension>
        </extensions>
      </trkpt>
      <trkpt lat="48.739729933440685272216796875" lon="89.953042566776275634765625">
        <ele>2122.199951171875</ele>
        <time>2025-08-13T03:16:07.000Z</time>
        <extensions>
          <ns3:TrackPointExtension>
            <ns3:atemp>15.0</ns3:atemp>
          </ns3:TrackPointExtension>
        </extensions>
      </trkpt>
      <trkpt lat="48.74005272053182125091552734375" lon="89.95291423983871936798095703125">
        <ele>2121.199951171875</ele>
        <time>2025-08-13T03:16:11.000Z</time>
        <extensions>
          <ns3:TrackPointExtension>
            <ns3:atemp>15.0</ns3:atemp>
          </ns3:TrackPointExtension>
        </extensions>
      </trkpt>
      <trkpt lat="48.74054406769573688507080078125" lon="89.952715337276458740234375">
        <ele>2120.199951171875</ele>
        <time>2025-08-13T03:16:17.000Z</time>
        <extensions>
          <ns3:TrackPointExtension>
            <ns3:atemp>15.0</ns3:atemp>
          </ns3:TrackPointExtension>
        </extensions>
      </trkpt>
      <trkpt lat="48.74095427803695201873779296875" lon="89.952550716698169708251953125">
        <ele>2119</ele>
        <time>2025-08-13T03:16:22.000Z</time>
        <extensions>
          <ns3:TrackPointExtension>
            <ns3:atemp>15.0</ns3:atemp>
          </ns3:TrackPointExtension>
        </extensions>
      </trkpt>
      <trkpt lat="48.74128201045095920562744140625" lon="89.9524189531803131103515625">
        <ele>2118.39990234375</ele>
        <time>2025-08-13T03:16:26.000Z</time>
        <extensions>
          <ns3:TrackPointExtension>
            <ns3:atemp>15.0</ns3:atemp>
          </ns3:TrackPointExtension>
        </extensions>
      </trkpt>
      <trkpt lat="48.74160756357014179229736328125" lon="89.95228542946279048919677734375">
        <ele>2117.800048828125</ele>
        <time>2025-08-13T03:16:30.000Z</time>
        <extensions>
          <ns3:TrackPointExtension>
            <ns3:atemp>15.0</ns3:atemp>
          </ns3:TrackPointExtension>
        </extensions>
      </trkpt>
      <trkpt lat="48.742011822760105133056640625" lon="89.95212131179869174957275390625">
        <ele>2117.39990234375</ele>
        <time>2025-08-13T03:16:35.000Z</time>
        <extensions>
          <ns3:TrackPointExtension>
            <ns3:atemp>15.0</ns3:atemp>
          </ns3:TrackPointExtension>
        </extensions>
      </trkpt>
      <trkpt lat="48.7424830533564090728759765625" lon="89.9519205652177333831787109375">
        <ele>2116.800048828125</ele>
        <time>2025-08-13T03:16:41.000Z</time>
        <extensions>
          <ns3:TrackPointExtension>
            <ns3:atemp>15.0</ns3:atemp>
          </ns3:TrackPointExtension>
        </extensions>
      </trkpt>
      <trkpt lat="48.7429470755159854888916015625" lon="89.951727278530597686767578125">
        <ele>2116.800048828125</ele>
        <time>2025-08-13T03:16:47.000Z</time>
        <extensions>
          <ns3:TrackPointExtension>
            <ns3:atemp>15.0</ns3:atemp>
          </ns3:TrackPointExtension>
        </extensions>
      </trkpt>
      <trkpt lat="48.7432518415153026580810546875" lon="89.95159509591758251190185546875">
        <ele>2115.39990234375</ele>
        <time>2025-08-13T03:16:51.000Z</time>
        <extensions>
          <ns3:TrackPointExtension>
            <ns3:atemp>15.0</ns3:atemp>
          </ns3:TrackPointExtension>
        </extensions>
      </trkpt>
      <trkpt lat="48.7434851936995983123779296875" lon="89.95149417780339717864990234375">
        <ele>2114.39990234375</ele>
        <time>2025-08-13T03:16:54.000Z</time>
        <extensions>
          <ns3:TrackPointExtension>
            <ns3:atemp>15.0</ns3:atemp>
          </ns3:TrackPointExtension>
        </extensions>
      </trkpt>
      <trkpt lat="48.743804879486560821533203125" lon="89.95135118253529071807861328125">
        <ele>2113.39990234375</ele>
        <time>2025-08-13T03:16:58.000Z</time>
        <extensions>
          <ns3:TrackPointExtension>
            <ns3:atemp>15.0</ns3:atemp>
          </ns3:TrackPointExtension>
        </extensions>
      </trkpt>
      <trkpt lat="48.74388693831861019134521484375" lon="89.95131564326584339141845703125">
        <ele>2113.199951171875</ele>
        <time>2025-08-13T03:16:59.000Z</time>
        <extensions>
          <ns3:TrackPointExtension>
            <ns3:atemp>15.0</ns3:atemp>
          </ns3:TrackPointExtension>
        </extensions>
      </trkpt>
      <trkpt lat="48.744394294917583465576171875" lon="89.951090253889560699462890625">
        <ele>2112</ele>
        <time>2025-08-13T03:17:05.000Z</time>
        <extensions>
          <ns3:TrackPointExtension>
            <ns3:atemp>15.0</ns3:atemp>
          </ns3:TrackPointExtension>
        </extensions>
      </trkpt>
      <trkpt lat="48.74465656466782093048095703125" lon="89.9509717337787151336669921875">
        <ele>2111.60009765625</ele>
        <time>2025-08-13T03:17:08.000Z</time>
        <extensions>
          <ns3:TrackPointExtension>
            <ns3:atemp>15.0</ns3:atemp>
          </ns3:TrackPointExtension>
        </extensions>
      </trkpt>
      <trkpt lat="48.74501296319067478179931640625" lon="89.95080853812396526336669921875">
        <ele>2110.800048828125</ele>
        <time>2025-08-13T03:17:12.000Z</time>
        <extensions>
          <ns3:TrackPointExtension>
            <ns3:atemp>15.0</ns3:atemp>
          </ns3:TrackPointExtension>
        </extensions>
      </trkpt>
      <trkpt lat="48.74519526958465576171875" lon="89.9507237970829010009765625">
        <ele>2109.800048828125</ele>
        <time>2025-08-13T03:17:14.000Z</time>
        <extensions>
          <ns3:TrackPointExtension>
            <ns3:atemp>15.0</ns3:atemp>
          </ns3:TrackPointExtension>
        </extensions>
      </trkpt>
      <trkpt lat="48.7453808449208736419677734375" lon="89.95063805021345615386962890625">
        <ele>2108.800048828125</ele>
        <time>2025-08-13T03:17:16.000Z</time>
        <extensions>
          <ns3:TrackPointExtension>
            <ns3:atemp>15.0</ns3:atemp>
          </ns3:TrackPointExtension>
        </extensions>
      </trkpt>
      <trkpt lat="48.7456628121435642242431640625" lon="89.95050092227756977081298828125">
        <ele>2108</ele>
        <time>2025-08-13T03:17:19.000Z</time>
        <extensions>
          <ns3:TrackPointExtension>
            <ns3:atemp>15.0</ns3:atemp>
          </ns3:TrackPointExtension>
        </extensions>
      </trkpt>
      <trkpt lat="48.74575895257294178009033203125" lon="89.950453229248523712158203125">
        <ele>2107.800048828125</ele>
        <time>2025-08-13T03:17:20.000Z</time>
        <extensions>
          <ns3:TrackPointExtension>
            <ns3:atemp>15.0</ns3:atemp>
          </ns3:TrackPointExtension>
        </extensions>
      </trkpt>
      <trkpt lat="48.74605164863169193267822265625" lon="89.95031165890395641326904296875">
        <ele>2106.60009765625</ele>
        <time>2025-08-13T03:17:23.000Z</time>
        <extensions>
          <ns3:TrackPointExtension>
            <ns3:atemp>15.0</ns3:atemp>
          </ns3:TrackPointExtension>
        </extensions>
      </trkpt>
      <trkpt lat="48.74645431526005268096923828125" lon="89.95012574829161167144775390625">
        <ele>2105.199951171875</ele>
        <time>2025-08-13T03:17:27.000Z</time>
        <extensions>
          <ns3:TrackPointExtension>
            <ns3:atemp>15.0</ns3:atemp>
          </ns3:TrackPointExtension>
        </extensions>
      </trkpt>
      <trkpt lat="48.7465576641261577606201171875" lon="89.95007713325321674346923828125">
        <ele>2104.800048828125</ele>
        <time>2025-08-13T03:17:28.000Z</time>
        <extensions>
          <ns3:TrackPointExtension>
            <ns3:atemp>15.0</ns3:atemp>
          </ns3:TrackPointExtension>
        </extensions>
      </trkpt>
      <trkpt lat="48.746762014925479888916015625" lon="89.94998292066156864166259765625">
        <ele>2104.199951171875</ele>
        <time>2025-08-13T03:17:30.000Z</time>
        <extensions>
          <ns3:TrackPointExtension>
            <ns3:atemp>15.0</ns3:atemp>
          </ns3:TrackPointExtension>
        </extensions>
      </trkpt>
      <trkpt lat="48.74717733822762966156005859375" lon="89.9497898854315280914306640625">
        <ele>2102.800048828125</ele>
        <time>2025-08-13T03:17:34.000Z</time>
        <extensions>
          <ns3:TrackPointExtension>
            <ns3:atemp>15.0</ns3:atemp>
          </ns3:TrackPointExtension>
        </extensions>
      </trkpt>
      <trkpt lat="48.74760095961391925811767578125" lon="89.9495890550315380096435546875">
        <ele>2101.800048828125</ele>
        <time>2025-08-13T03:17:38.000Z</time>
        <extensions>
          <ns3:TrackPointExtension>
            <ns3:atemp>15.0</ns3:atemp>
          </ns3:TrackPointExtension>
        </extensions>
      </trkpt>
      <trkpt lat="48.7477049790322780609130859375" lon="89.9495404399931430816650390625">
        <ele>2101.39990234375</ele>
        <time>2025-08-13T03:17:39.000Z</time>
        <extensions>
          <ns3:TrackPointExtension>
            <ns3:atemp>15.0</ns3:atemp>
          </ns3:TrackPointExtension>
        </extensions>
      </trkpt>
      <trkpt lat="48.7480201385915279388427734375" lon="89.94939099065959453582763671875">
        <ele>2100.39990234375</ele>
        <time>2025-08-13T03:17:42.000Z</time>
        <extensions>
          <ns3:TrackPointExtension>
            <ns3:atemp>15.0</ns3:atemp>
          </ns3:TrackPointExtension>
        </extensions>
      </trkpt>
      <trkpt lat="48.74834041111171245574951171875" lon="89.949234835803508758544921875">
        <ele>2099.199951171875</ele>
        <time>2025-08-13T03:17:45.000Z</time>
        <extensions>
          <ns3:TrackPointExtension>
            <ns3:atemp>15.0</ns3:atemp>
          </ns3:TrackPointExtension>
        </extensions>
      </trkpt>
      <trkpt lat="48.7488630227744579315185546875" lon="89.94897969067096710205078125">
        <ele>2098.199951171875</ele>
        <time>2025-08-13T03:17:50.000Z</time>
        <extensions>
          <ns3:TrackPointExtension>
            <ns3:atemp>15.0</ns3:atemp>
          </ns3:TrackPointExtension>
        </extensions>
      </trkpt>
      <trkpt lat="48.749461658298969268798828125" lon="89.948692359030246734619140625">
        <ele>2097.60009765625</ele>
        <time>2025-08-13T03:17:56.000Z</time>
        <extensions>
          <ns3:TrackPointExtension>
            <ns3:atemp>15.0</ns3:atemp>
          </ns3:TrackPointExtension>
        </extensions>
      </trkpt>
      <trkpt lat="48.749827779829502105712890625" lon="89.9485175125300884246826171875">
        <ele>2097.800048828125</ele>
        <time>2025-08-13T03:18:00.000Z</time>
        <extensions>
          <ns3:TrackPointExtension>
            <ns3:atemp>15.0</ns3:atemp>
          </ns3:TrackPointExtension>
        </extensions>
      </trkpt>
      <trkpt lat="48.75033513642847537994384765625" lon="89.948278628289699554443359375">
        <ele>2098</ele>
        <time>2025-08-13T03:18:06.000Z</time>
        <extensions>
          <ns3:TrackPointExtension>
            <ns3:atemp>15.0</ns3:atemp>
          </ns3:TrackPointExtension>
        </extensions>
      </trkpt>
      <trkpt lat="48.750867806375026702880859375" lon="89.948033206164836883544921875">
        <ele>2098</ele>
        <time>2025-08-13T03:18:13.000Z</time>
        <extensions>
          <ns3:TrackPointExtension>
            <ns3:atemp>15.0</ns3:atemp>
          </ns3:TrackPointExtension>
        </extensions>
      </trkpt>
      <trkpt lat="48.7509397231042385101318359375" lon="89.947996996343135833740234375">
        <ele>2098</ele>
        <time>2025-08-13T03:18:14.000Z</time>
        <extensions>
          <ns3:TrackPointExtension>
            <ns3:atemp>15.0</ns3:atemp>
          </ns3:TrackPointExtension>
        </extensions>
      </trkpt>
      <trkpt lat="48.75148194842040538787841796875" lon="89.94774126447737216949462890625">
        <ele>2098</ele>
        <time>2025-08-13T03:18:22.000Z</time>
        <extensions>
          <ns3:TrackPointExtension>
            <ns3:atemp>15.0</ns3:atemp>
          </ns3:TrackPointExtension>
        </extensions>
      </trkpt>
      <trkpt lat="48.7515452317893505096435546875" lon="89.94771058671176433563232421875">
        <ele>2098</ele>
        <time>2025-08-13T03:18:23.000Z</time>
        <extensions>
          <ns3:TrackPointExtension>
            <ns3:atemp>15.0</ns3:atemp>
          </ns3:TrackPointExtension>
        </extensions>
      </trkpt>
      <trkpt lat="48.7520820088684558868408203125" lon="89.94744387455284595489501953125">
        <ele>2097.39990234375</ele>
        <time>2025-08-13T03:18:32.000Z</time>
        <extensions>
          <ns3:TrackPointExtension>
            <ns3:atemp>15.0</ns3:atemp>
          </ns3:TrackPointExtension>
        </extensions>
      </trkpt>
      <trkpt lat="48.75257603824138641357421875" lon="89.94722343049943447113037109375">
        <ele>2098</ele>
        <time>2025-08-13T03:18:41.000Z</time>
        <extensions>
          <ns3:TrackPointExtension>
            <ns3:atemp>16.0</ns3:atemp>
          </ns3:TrackPointExtension>
        </extensions>
      </trkpt>
      <trkpt lat="48.75309638679027557373046875" lon="89.9469767510890960693359375">
        <ele>2098.199951171875</ele>
        <time>2025-08-13T03:18:51.000Z</time>
        <extensions>
          <ns3:TrackPointExtension>
            <ns3:atemp>16.0</ns3:atemp>
          </ns3:TrackPointExtension>
        </extensions>
      </trkpt>
      <trkpt lat="48.75315045006573200225830078125" lon="89.9469554610550403594970703125">
        <ele>2098.199951171875</ele>
        <time>2025-08-13T03:18:52.000Z</time>
        <extensions>
          <ns3:TrackPointExtension>
            <ns3:atemp>16.0</ns3:atemp>
          </ns3:TrackPointExtension>
        </extensions>
      </trkpt>
      <trkpt lat="48.7536645121872425079345703125" lon="89.946722947061061859130859375">
        <ele>2098.199951171875</ele>
        <time>2025-08-13T03:19:02.000Z</time>
        <extensions>
          <ns3:TrackPointExtension>
            <ns3:atemp>16.0</ns3:atemp>
          </ns3:TrackPointExtension>
        </extensions>
      </trkpt>
      <trkpt lat="48.75419969670474529266357421875" lon="89.94647325016558170318603515625">
        <ele>2097.199951171875</ele>
        <time>2025-08-13T03:19:13.000Z</time>
        <extensions>
          <ns3:TrackPointExtension>
            <ns3:atemp>16.0</ns3:atemp>
          </ns3:TrackPointExtension>
        </extensions>
      </trkpt>
      <trkpt lat="48.7546767108142375946044921875" lon="89.94624392129480838775634765625">
        <ele>2097.199951171875</ele>
        <time>2025-08-13T03:19:24.000Z</time>
        <extensions>
          <ns3:TrackPointExtension>
            <ns3:atemp>16.0</ns3:atemp>
          </ns3:TrackPointExtension>
        </extensions>
      </trkpt>
      <trkpt lat="48.7552067823708057403564453125" lon="89.945973940193653106689453125">
        <ele>2097</ele>
        <time>2025-08-13T03:19:36.000Z</time>
        <extensions>
          <ns3:TrackPointExtension>
            <ns3:atemp>16.0</ns3:atemp>
          </ns3:TrackPointExtension>
        </extensions>
      </trkpt>
      <trkpt lat="48.75530342571437358856201171875" lon="89.94593898765742778778076171875">
        <ele>2096.800048828125</ele>
        <time>2025-08-13T03:19:38.000Z</time>
        <extensions>
          <ns3:TrackPointExtension>
            <ns3:atemp>16.0</ns3:atemp>
          </ns3:TrackPointExtension>
        </extensions>
      </trkpt>
      <trkpt lat="48.7555591575801372528076171875" lon="89.94582130573689937591552734375">
        <ele>2097</ele>
        <time>2025-08-13T03:19:43.000Z</time>
        <extensions>
          <ns3:TrackPointExtension>
            <ns3:atemp>16.0</ns3:atemp>
          </ns3:TrackPointExtension>
        </extensions>
      </trkpt>
      <trkpt lat="48.75597682781517505645751953125" lon="89.945640005171298980712890625">
        <ele>2097</ele>
        <time>2025-08-13T03:19:50.000Z</time>
        <extensions>
          <ns3:TrackPointExtension>
            <ns3:atemp>16.0</ns3:atemp>
          </ns3:TrackPointExtension>
        </extensions>
      </trkpt>
      <trkpt lat="48.7564986012876033782958984375" lon="89.9453877098858356475830078125">
        <ele>2097</ele>
        <time>2025-08-13T03:19:58.000Z</time>
        <extensions>
          <ns3:TrackPointExtension>
            <ns3:atemp>16.0</ns3:atemp>
          </ns3:TrackPointExtension>
        </extensions>
      </trkpt>
      <trkpt lat="48.75656523741781711578369140625" lon="89.94535476900637149810791015625">
        <ele>2097</ele>
        <time>2025-08-13T03:19:59.000Z</time>
        <extensions>
          <ns3:TrackPointExtension>
            <ns3:atemp>16.0</ns3:atemp>
          </ns3:TrackPointExtension>
        </extensions>
      </trkpt>
      <trkpt lat="48.7571004219353199005126953125" lon="89.94510591030120849609375">
        <ele>2096.800048828125</ele>
        <time>2025-08-13T03:20:07.000Z</time>
        <extensions>
          <ns3:TrackPointExtension>
            <ns3:atemp>16.0</ns3:atemp>
          </ns3:TrackPointExtension>
        </extensions>
      </trkpt>
      <trkpt lat="48.757299743592739105224609375" lon="89.94500935077667236328125">
        <ele>2096.39990234375</ele>
        <time>2025-08-13T03:20:10.000Z</time>
        <extensions>
          <ns3:TrackPointExtension>
            <ns3:atemp>16.0</ns3:atemp>
          </ns3:TrackPointExtension>
        </extensions>
      </trkpt>
      <trkpt lat="48.75777223147451877593994140625" lon="89.94477625004947185516357421875">
        <ele>2096</ele>
        <time>2025-08-13T03:20:17.000Z</time>
        <extensions>
          <ns3:TrackPointExtension>
            <ns3:atemp>16.0</ns3:atemp>
          </ns3:TrackPointExtension>
        </extensions>
      </trkpt>
      <trkpt lat="48.7581609003245830535888671875" lon="89.94458732195198535919189453125">
        <ele>2095.60009765625</ele>
        <time>2025-08-13T03:20:23.000Z</time>
        <extensions>
          <ns3:TrackPointExtension>
            <ns3:atemp>16.0</ns3:atemp>
          </ns3:TrackPointExtension>
        </extensions>
      </trkpt>
      <trkpt lat="48.75841361470520496368408203125" lon="89.944470226764678955078125">
        <ele>2095</ele>
        <time>2025-08-13T03:20:27.000Z</time>
        <extensions>
          <ns3:TrackPointExtension>
            <ns3:atemp>16.0</ns3:atemp>
          </ns3:TrackPointExtension>
        </extensions>
      </trkpt>
      <trkpt lat="48.7588485516607761383056640625" lon="89.94427534751594066619873046875">
        <ele>2094.60009765625</ele>
        <time>2025-08-13T03:20:34.000Z</time>
        <extensions>
          <ns3:TrackPointExtension>
            <ns3:atemp>16.0</ns3:atemp>
          </ns3:TrackPointExtension>
        </extensions>
      </trkpt>
      <trkpt lat="48.75940569676458835601806640625" lon="89.9440211243927478790283203125">
        <ele>2094</ele>
        <time>2025-08-13T03:20:43.000Z</time>
        <extensions>
          <ns3:TrackPointExtension>
            <ns3:atemp>16.0</ns3:atemp>
          </ns3:TrackPointExtension>
        </extensions>
      </trkpt>
      <trkpt lat="48.75966134481132030487060546875" lon="89.94390972889959812164306640625">
        <ele>2093.800048828125</ele>
        <time>2025-08-13T03:20:47.000Z</time>
        <extensions>
          <ns3:TrackPointExtension>
            <ns3:atemp>16.0</ns3:atemp>
          </ns3:TrackPointExtension>
        </extensions>
      </trkpt>
      <trkpt lat="48.759991340339183807373046875" lon="89.9437713436782360076904296875">
        <ele>2093</ele>
        <time>2025-08-13T03:20:52.000Z</time>
        <extensions>
          <ns3:TrackPointExtension>
            <ns3:atemp>16.0</ns3:atemp>
          </ns3:TrackPointExtension>
        </extensions>
      </trkpt>
      <trkpt lat="48.76031697727739810943603515625" lon="89.94362533092498779296875">
        <ele>2092</ele>
        <time>2025-08-13T03:20:57.000Z</time>
        <extensions>
          <ns3:TrackPointExtension>
            <ns3:atemp>16.0</ns3:atemp>
          </ns3:TrackPointExtension>
        </extensions>
      </trkpt>
      <trkpt lat="48.7604015506803989410400390625" lon="89.94358719326555728912353515625">
        <ele>2091.800048828125</ele>
        <time>2025-08-13T03:20:58.000Z</time>
        <extensions>
          <ns3:TrackPointExtension>
            <ns3:atemp>16.0</ns3:atemp>
          </ns3:TrackPointExtension>
        </extensions>
      </trkpt>
      <trkpt lat="48.76099473796784877777099609375" lon="89.94335602037608623504638671875">
        <ele>2091.199951171875</ele>
        <time>2025-08-13T03:21:06.000Z</time>
        <extensions>
          <ns3:TrackPointExtension>
            <ns3:atemp>16.0</ns3:atemp>
          </ns3:TrackPointExtension>
        </extensions>
      </trkpt>
      <trkpt lat="48.7610710971057415008544921875" lon="89.9433264322578907012939453125">
        <ele>2090.800048828125</ele>
        <time>2025-08-13T03:21:07.000Z</time>
        <extensions>
          <ns3:TrackPointExtension>
            <ns3:atemp>16.0</ns3:atemp>
          </ns3:TrackPointExtension>
        </extensions>
      </trkpt>
      <trkpt lat="48.7611482106149196624755859375" lon="89.943295754492282867431640625">
        <ele>2090.39990234375</ele>
        <time>2025-08-13T03:21:08.000Z</time>
        <extensions>
          <ns3:TrackPointExtension>
            <ns3:atemp>16.0</ns3:atemp>
          </ns3:TrackPointExtension>
        </extensions>
      </trkpt>
      <trkpt lat="48.7613798864185810089111328125" lon="89.94320196099579334259033203125">
        <ele>2089.800048828125</ele>
        <time>2025-08-13T03:21:11.000Z</time>
        <extensions>
          <ns3:TrackPointExtension>
            <ns3:atemp>16.0</ns3:atemp>
          </ns3:TrackPointExtension>
        </extensions>
      </trkpt>
      <trkpt lat="48.76185421831905841827392578125" lon="89.943016469478607177734375">
        <ele>2088.800048828125</ele>
        <time>2025-08-13T03:21:17.000Z</time>
        <extensions>
          <ns3:TrackPointExtension>
            <ns3:atemp>16.0</ns3:atemp>
          </ns3:TrackPointExtension>
        </extensions>
      </trkpt>
      <trkpt lat="48.76226107589900493621826171875" lon="89.94285461492836475372314453125">
        <ele>2087.60009765625</ele>
        <time>2025-08-13T03:21:22.000Z</time>
        <extensions>
          <ns3:TrackPointExtension>
            <ns3:atemp>16.0</ns3:atemp>
          </ns3:TrackPointExtension>
        </extensions>
      </trkpt>
      <trkpt lat="48.7625959329307079315185546875" lon="89.94272955693304538726806640625">
        <ele>2086.60009765625</ele>
        <time>2025-08-13T03:21:26.000Z</time>
        <extensions>
          <ns3:TrackPointExtension>
            <ns3:atemp>16.0</ns3:atemp>
          </ns3:TrackPointExtension>
        </extensions>
      </trkpt>
      <trkpt lat="48.76285283826291561126708984375" lon="89.94263148866593837738037109375">
        <ele>2085.800048828125</ele>
        <time>2025-08-13T03:21:29.000Z</time>
        <extensions>
          <ns3:TrackPointExtension>
            <ns3:atemp>16.0</ns3:atemp>
          </ns3:TrackPointExtension>
        </extensions>
      </trkpt>
      <trkpt lat="48.76293933950364589691162109375" lon="89.942598380148410797119140625">
        <ele>2085.60009765625</ele>
        <time>2025-08-13T03:21:30.000Z</time>
        <extensions>
          <ns3:TrackPointExtension>
            <ns3:atemp>16.0</ns3:atemp>
          </ns3:TrackPointExtension>
        </extensions>
      </trkpt>
      <trkpt lat="48.76337989233434200286865234375" lon="89.94245328940451145172119140625">
        <ele>2084.39990234375</ele>
        <time>2025-08-13T03:21:35.000Z</time>
        <extensions>
          <ns3:TrackPointExtension>
            <ns3:atemp>16.0</ns3:atemp>
          </ns3:TrackPointExtension>
        </extensions>
      </trkpt>
      <trkpt lat="48.76364274881780147552490234375" lon="89.94234868325293064117431640625">
        <ele>2084.199951171875</ele>
        <time>2025-08-13T03:21:38.000Z</time>
        <extensions>
          <ns3:TrackPointExtension>
            <ns3:atemp>16.0</ns3:atemp>
          </ns3:TrackPointExtension>
        </extensions>
      </trkpt>
      <trkpt lat="48.7641764245927333831787109375" lon="89.94214785285294055938720703125">
        <ele>2083.60009765625</ele>
        <time>2025-08-13T03:21:44.000Z</time>
        <extensions>
          <ns3:TrackPointExtension>
            <ns3:atemp>16.0</ns3:atemp>
          </ns3:TrackPointExtension>
        </extensions>
      </trkpt>
      <trkpt lat="48.764268457889556884765625" lon="89.94211231358349323272705078125">
        <ele>2083.39990234375</ele>
        <time>2025-08-13T03:21:45.000Z</time>
        <extensions>
          <ns3:TrackPointExtension>
            <ns3:atemp>16.0</ns3:atemp>
          </ns3:TrackPointExtension>
        </extensions>
      </trkpt>
      <trkpt lat="48.7646354176104068756103515625" lon="89.94196713902056217193603515625">
        <ele>2082.199951171875</ele>
        <time>2025-08-13T03:21:49.000Z</time>
        <extensions>
          <ns3:TrackPointExtension>
            <ns3:atemp>16.0</ns3:atemp>
          </ns3:TrackPointExtension>
        </extensions>
      </trkpt>
      <trkpt lat="48.765008412301540374755859375" lon="89.9418180249631404876708984375">
        <ele>2081</ele>
        <time>2025-08-13T03:21:53.000Z</time>
        <extensions>
          <ns3:TrackPointExtension>
            <ns3:atemp>16.0</ns3:atemp>
          </ns3:TrackPointExtension>
        </extensions>
      </trkpt>
      <trkpt lat="48.765577711164951324462890625" lon="89.94158886373043060302734375">
        <ele>2079.800048828125</ele>
        <time>2025-08-13T03:21:59.000Z</time>
        <extensions>
          <ns3:TrackPointExtension>
            <ns3:atemp>16.0</ns3:atemp>
          </ns3:TrackPointExtension>
        </extensions>
      </trkpt>
      <trkpt lat="48.76567468978464603424072265625" lon="89.9415518157184123992919921875">
        <ele>2079.39990234375</ele>
        <time>2025-08-13T03:22:00.000Z</time>
        <extensions>
          <ns3:TrackPointExtension>
            <ns3:atemp>16.0</ns3:atemp>
          </ns3:TrackPointExtension>
        </extensions>
      </trkpt>
      <trkpt lat="48.7657713331282138824462890625" lon="89.9415139295160770416259765625">
        <ele>2078.800048828125</ele>
        <time>2025-08-13T03:22:01.000Z</time>
        <extensions>
          <ns3:TrackPointExtension>
            <ns3:atemp>16.0</ns3:atemp>
          </ns3:TrackPointExtension>
        </extensions>
      </trkpt>
      <trkpt lat="48.76616947352886199951171875" lon="89.9413664080202579498291015625">
        <ele>2077.800048828125</ele>
        <time>2025-08-13T03:22:05.000Z</time>
        <extensions>
          <ns3:TrackPointExtension>
            <ns3:atemp>16.0</ns3:atemp>
          </ns3:TrackPointExtension>
        </extensions>
      </trkpt>
      <trkpt lat="48.76657272689044475555419921875" lon="89.94121779687702655792236328125">
        <ele>2076.39990234375</ele>
        <time>2025-08-13T03:22:09.000Z</time>
        <extensions>
          <ns3:TrackPointExtension>
            <ns3:atemp>16.0</ns3:atemp>
          </ns3:TrackPointExtension>
        </extensions>
      </trkpt>
      <trkpt lat="48.766780011355876922607421875" lon="89.94113783352077007293701171875">
        <ele>2076</ele>
        <time>2025-08-13T03:22:11.000Z</time>
        <extensions>
          <ns3:TrackPointExtension>
            <ns3:atemp>16.0</ns3:atemp>
          </ns3:TrackPointExtension>
        </extensions>
      </trkpt>
      <trkpt lat="48.767093829810619354248046875" lon="89.941011182963848114013671875">
        <ele>2075.39990234375</ele>
        <time>2025-08-13T03:22:14.000Z</time>
        <extensions>
          <ns3:TrackPointExtension>
            <ns3:atemp>16.0</ns3:atemp>
          </ns3:TrackPointExtension>
        </extensions>
      </trkpt>
      <trkpt lat="48.7674213945865631103515625" lon="89.94088503532111644744873046875">
        <ele>2074.199951171875</ele>
        <time>2025-08-13T03:22:17.000Z</time>
        <extensions>
          <ns3:TrackPointExtension>
            <ns3:atemp>16.0</ns3:atemp>
          </ns3:TrackPointExtension>
        </extensions>
      </trkpt>
      <trkpt lat="48.76775759272277355194091796875" lon="89.9407555349171161651611328125">
        <ele>2073.199951171875</ele>
        <time>2025-08-13T03:22:20.000Z</time>
        <extensions>
          <ns3:TrackPointExtension>
            <ns3:atemp>16.0</ns3:atemp>
          </ns3:TrackPointExtension>
        </extensions>
      </trkpt>
      <trkpt lat="48.76787175424396991729736328125" lon="89.94071152992546558380126953125">
        <ele>2072.60009765625</ele>
        <time>2025-08-13T03:22:21.000Z</time>
        <extensions>
          <ns3:TrackPointExtension>
            <ns3:atemp>16.0</ns3:atemp>
          </ns3:TrackPointExtension>
        </extensions>
      </trkpt>
      <trkpt lat="48.76809932291507720947265625" lon="89.94062284938991069793701171875">
        <ele>2071.800048828125</ele>
        <time>2025-08-13T03:22:23.000Z</time>
        <extensions>
          <ns3:TrackPointExtension>
            <ns3:atemp>16.0</ns3:atemp>
          </ns3:TrackPointExtension>
        </extensions>
      </trkpt>
      <trkpt lat="48.768560327589511871337890625" lon="89.94044230319559574127197265625">
        <ele>2070.60009765625</ele>
        <time>2025-08-13T03:22:27.000Z</time>
        <extensions>
          <ns3:TrackPointExtension>
            <ns3:atemp>16.0</ns3:atemp>
          </ns3:TrackPointExtension>
        </extensions>
      </trkpt>
      <trkpt lat="48.768907673656940460205078125" lon="89.94030785746872425079345703125">
        <ele>2069.199951171875</ele>
        <time>2025-08-13T03:22:30.000Z</time>
        <extensions>
          <ns3:TrackPointExtension>
            <ns3:atemp>16.0</ns3:atemp>
          </ns3:TrackPointExtension>
        </extensions>
      </trkpt>
      <trkpt lat="48.7690235115587711334228515625" lon="89.940261505544185638427734375">
        <ele>2069</ele>
        <time>2025-08-13T03:22:31.000Z</time>
        <extensions>
          <ns3:TrackPointExtension>
            <ns3:atemp>16.0</ns3:atemp>
          </ns3:TrackPointExtension>
        </extensions>
      </trkpt>
      <trkpt lat="48.7693735398352146148681640625" lon="89.9401218630373477935791015625">
        <ele>2068</ele>
        <time>2025-08-13T03:22:34.000Z</time>
        <extensions>
          <ns3:TrackPointExtension>
            <ns3:atemp>16.0</ns3:atemp>
          </ns3:TrackPointExtension>
        </extensions>
      </trkpt>
      <trkpt lat="48.7697242386639118194580078125" lon="89.93998414836823940277099609375">
        <ele>2066.60009765625</ele>
        <time>2025-08-13T03:22:37.000Z</time>
        <extensions>
          <ns3:TrackPointExtension>
            <ns3:atemp>16.0</ns3:atemp>
          </ns3:TrackPointExtension>
        </extensions>
      </trkpt>
      <trkpt lat="48.77007870934903621673583984375" lon="89.93984802626073360443115234375">
        <ele>2065.199951171875</ele>
        <time>2025-08-13T03:22:40.000Z</time>
        <extensions>
          <ns3:TrackPointExtension>
            <ns3:atemp>16.0</ns3:atemp>
          </ns3:TrackPointExtension>
        </extensions>
      </trkpt>
      <trkpt lat="48.7703149951994419097900390625" lon="89.9397580884397029876708984375">
        <ele>2063.800048828125</ele>
        <time>2025-08-13T03:22:42.000Z</time>
        <extensions>
          <ns3:TrackPointExtension>
            <ns3:atemp>16.0</ns3:atemp>
          </ns3:TrackPointExtension>
        </extensions>
      </trkpt>
      <trkpt lat="48.77067583613097667694091796875" lon="89.93961886502802371978759765625">
        <ele>2062.60009765625</ele>
        <time>2025-08-13T03:22:45.000Z</time>
        <extensions>
          <ns3:TrackPointExtension>
            <ns3:atemp>16.0</ns3:atemp>
          </ns3:TrackPointExtension>
        </extensions>
      </trkpt>
      <trkpt lat="48.7708197534084320068359375" lon="89.93956119753420352935791015625">
        <ele>2062</ele>
        <time>2025-08-13T03:22:46.000Z</time>
        <extensions>
          <ns3:TrackPointExtension>
            <ns3:atemp>16.0</ns3:atemp>
          </ns3:TrackPointExtension>
        </extensions>
      </trkpt>
      <trkpt lat="48.77103525213897228240966796875" lon="89.939476959407329559326171875">
        <ele>2061.199951171875</ele>
        <time>2025-08-13T03:22:48.000Z</time>
        <extensions>
          <ns3:TrackPointExtension>
            <ns3:atemp>16.0</ns3:atemp>
          </ns3:TrackPointExtension>
        </extensions>
      </trkpt>
      <trkpt lat="48.771504051983356475830078125" lon="89.93930119089782238006591796875">
        <ele>2060.199951171875</ele>
        <time>2025-08-13T03:22:52.000Z</time>
        <extensions>
          <ns3:TrackPointExtension>
            <ns3:atemp>16.0</ns3:atemp>
          </ns3:TrackPointExtension>
        </extensions>
      </trkpt>
      <trkpt lat="48.7720589339733123779296875" lon="89.9390821717679500579833984375">
        <ele>2059.800048828125</ele>
        <time>2025-08-13T03:22:57.000Z</time>
        <extensions>
          <ns3:TrackPointExtension>
            <ns3:atemp>16.0</ns3:atemp>
          </ns3:TrackPointExtension>
        </extensions>
      </trkpt>
      <trkpt lat="48.7721667252480983734130859375" lon="89.93903967551887035369873046875">
        <ele>2059.60009765625</ele>
        <time>2025-08-13T03:22:58.000Z</time>
        <extensions>
          <ns3:TrackPointExtension>
            <ns3:atemp>16.0</ns3:atemp>
          </ns3:TrackPointExtension>
        </extensions>
      </trkpt>
      <trkpt lat="48.77247593365609645843505859375" lon="89.93891780264675617218017578125">
        <ele>2059.199951171875</ele>
        <time>2025-08-13T03:23:01.000Z</time>
        <extensions>
          <ns3:TrackPointExtension>
            <ns3:atemp>16.0</ns3:atemp>
          </ns3:TrackPointExtension>
        </extensions>
      </trkpt>
      <trkpt lat="48.772965185344219207763671875" lon="89.93872602470219135284423828125">
        <ele>2058.39990234375</ele>
        <time>2025-08-13T03:23:06.000Z</time>
        <extensions>
          <ns3:TrackPointExtension>
            <ns3:atemp>16.0</ns3:atemp>
          </ns3:TrackPointExtension>
        </extensions>
      </trkpt>
      <trkpt lat="48.77352635376155376434326171875" lon="89.938515387475490570068359375">
        <ele>2058</ele>
        <time>2025-08-13T03:23:12.000Z</time>
        <extensions>
          <ns3:TrackPointExtension>
            <ns3:atemp>16.0</ns3:atemp>
          </ns3:TrackPointExtension>
        </extensions>
      </trkpt>
      <trkpt lat="48.77370757050812244415283203125" lon="89.93844330310821533203125">
        <ele>2057.800048828125</ele>
        <time>2025-08-13T03:23:14.000Z</time>
        <extensions>
          <ns3:TrackPointExtension>
            <ns3:atemp>16.0</ns3:atemp>
          </ns3:TrackPointExtension>
        </extensions>
      </trkpt>
      <trkpt lat="48.774258680641651153564453125" lon="89.93821003474295139312744140625">
        <ele>2057.199951171875</ele>
        <time>2025-08-13T03:23:20.000Z</time>
        <extensions>
          <ns3:TrackPointExtension>
            <ns3:atemp>16.0</ns3:atemp>
          </ns3:TrackPointExtension>
        </extensions>
      </trkpt>
      <trkpt lat="48.77435297705233097076416015625" lon="89.93817315436899662017822265625">
        <ele>2057</ele>
        <time>2025-08-13T03:23:21.000Z</time>
        <extensions>
          <ns3:TrackPointExtension>
            <ns3:atemp>16.0</ns3:atemp>
          </ns3:TrackPointExtension>
        </extensions>
      </trkpt>
      <trkpt lat="48.77473519183695316314697265625" lon="89.9380342662334442138671875">
        <ele>2055.800048828125</ele>
        <time>2025-08-13T03:23:25.000Z</time>
        <extensions>
          <ns3:TrackPointExtension>
            <ns3:atemp>16.0</ns3:atemp>
          </ns3:TrackPointExtension>
        </extensions>
      </trkpt>
      <trkpt lat="48.77532494254410266876220703125" lon="89.937814660370349884033203125">
        <ele>2054.800048828125</ele>
        <time>2025-08-13T03:23:31.000Z</time>
        <extensions>
          <ns3:TrackPointExtension>
            <ns3:atemp>16.0</ns3:atemp>
          </ns3:TrackPointExtension>
        </extensions>
      </trkpt>
      <trkpt lat="48.775815702974796295166015625" lon="89.93764157406985759735107421875">
        <ele>2054</ele>
        <time>2025-08-13T03:23:36.000Z</time>
        <extensions>
          <ns3:TrackPointExtension>
            <ns3:atemp>16.0</ns3:atemp>
          </ns3:TrackPointExtension>
        </extensions>
      </trkpt>
      <trkpt lat="48.77611166797578334808349609375" lon="89.93756077252328395843505859375">
        <ele>2053.60009765625</ele>
        <time>2025-08-13T03:23:39.000Z</time>
        <extensions>
          <ns3:TrackPointExtension>
            <ns3:atemp>16.0</ns3:atemp>
          </ns3:TrackPointExtension>
        </extensions>
      </trkpt>
      <trkpt lat="48.77659387886524200439453125" lon="89.9374725110828876495361328125">
        <ele>2053.60009765625</ele>
        <time>2025-08-13T03:23:44.000Z</time>
        <extensions>
          <ns3:TrackPointExtension>
            <ns3:atemp>16.0</ns3:atemp>
          </ns3:TrackPointExtension>
        </extensions>
      </trkpt>
      <trkpt lat="48.77714213915169239044189453125" lon="89.93743387050926685333251953125">
        <ele>2054</ele>
        <time>2025-08-13T03:23:50.000Z</time>
        <extensions>
          <ns3:TrackPointExtension>
            <ns3:atemp>16.0</ns3:atemp>
          </ns3:TrackPointExtension>
        </extensions>
      </trkpt>
      <trkpt lat="48.77731899730861186981201171875" lon="89.93742733262479305267333984375">
        <ele>2054</ele>
        <time>2025-08-13T03:23:52.000Z</time>
        <extensions>
          <ns3:TrackPointExtension>
            <ns3:atemp>16.0</ns3:atemp>
          </ns3:TrackPointExtension>
        </extensions>
      </trkpt>
      <trkpt lat="48.77781093120574951171875" lon="89.93747167289257049560546875">
        <ele>2054.60009765625</ele>
        <time>2025-08-13T03:23:58.000Z</time>
        <extensions>
          <ns3:TrackPointExtension>
            <ns3:atemp>16.0</ns3:atemp>
          </ns3:TrackPointExtension>
        </extensions>
      </trkpt>
      <trkpt lat="48.77788879908621311187744140625" lon="89.93748265318572521209716796875">
        <ele>2054.60009765625</ele>
        <time>2025-08-13T03:23:59.000Z</time>
        <extensions>
          <ns3:TrackPointExtension>
            <ns3:atemp>16.0</ns3:atemp>
          </ns3:TrackPointExtension>
        </extensions>
      </trkpt>
      <trkpt lat="48.77834267914295196533203125" lon="89.93756018579006195068359375">
        <ele>2055</ele>
        <time>2025-08-13T03:24:05.000Z</time>
        <extensions>
          <ns3:TrackPointExtension>
            <ns3:atemp>16.0</ns3:atemp>
          </ns3:TrackPointExtension>
        </extensions>
      </trkpt>
      <trkpt lat="48.77854526974260807037353515625" lon="89.93760217912495136260986328125">
        <ele>2055.800048828125</ele>
        <time>2025-08-13T03:24:08.000Z</time>
        <extensions>
          <ns3:TrackPointExtension>
            <ns3:atemp>16.0</ns3:atemp>
          </ns3:TrackPointExtension>
        </extensions>
      </trkpt>
      <trkpt lat="48.77872078679502010345458984375" lon="89.93764710612595081329345703125">
        <ele>2056.39990234375</ele>
        <time>2025-08-13T03:24:11.000Z</time>
        <extensions>
          <ns3:TrackPointExtension>
            <ns3:atemp>16.0</ns3:atemp>
          </ns3:TrackPointExtension>
        </extensions>
      </trkpt>
      <trkpt lat="48.77877183258533477783203125" lon="89.93766889907419681549072265625">
        <ele>2056.60009765625</ele>
        <time>2025-08-13T03:24:12.000Z</time>
        <extensions>
          <ns3:TrackPointExtension>
            <ns3:atemp>16.0</ns3:atemp>
          </ns3:TrackPointExtension>
        </extensions>
      </trkpt>
      <trkpt lat="48.77881969325244426727294921875" lon="89.93769287131726741790771484375">
        <ele>2056.800048828125</ele>
        <time>2025-08-13T03:24:13.000Z</time>
        <extensions>
          <ns3:TrackPointExtension>
            <ns3:atemp>16.0</ns3:atemp>
          </ns3:TrackPointExtension>
        </extensions>
      </trkpt>
      <trkpt lat="48.77895413897931575775146484375" lon="89.93775825016200542449951171875">
        <ele>2057.39990234375</ele>
        <time>2025-08-13T03:24:16.000Z</time>
        <extensions>
          <ns3:TrackPointExtension>
            <ns3:atemp>16.0</ns3:atemp>
          </ns3:TrackPointExtension>
        </extensions>
      </trkpt>
      <trkpt lat="48.77910836599767208099365234375" lon="89.93781231343746185302734375">
        <ele>2058</ele>
        <time>2025-08-13T03:24:20.000Z</time>
        <extensions>
          <ns3:TrackPointExtension>
            <ns3:atemp>16.0</ns3:atemp>
          </ns3:TrackPointExtension>
        </extensions>
      </trkpt>
      <trkpt lat="48.77917416393756866455078125" lon="89.937837459146976470947265625">
        <ele>2058.199951171875</ele>
        <time>2025-08-13T03:24:22.000Z</time>
        <extensions>
          <ns3:TrackPointExtension>
            <ns3:atemp>16.0</ns3:atemp>
          </ns3:TrackPointExtension>
        </extensions>
      </trkpt>
      <trkpt lat="48.77939812839031219482421875" lon="89.9379157461225986480712890625">
        <ele>2059</ele>
        <time>2025-08-13T03:24:29.000Z</time>
        <extensions>
          <ns3:TrackPointExtension>
            <ns3:atemp>16.0</ns3:atemp>
          </ns3:TrackPointExtension>
        </extensions>
      </trkpt>
      <trkpt lat="48.779661655426025390625" lon="89.93802647106349468231201171875">
        <ele>2060</ele>
        <time>2025-08-13T03:24:37.000Z</time>
        <extensions>
          <ns3:TrackPointExtension>
            <ns3:atemp>16.0</ns3:atemp>
          </ns3:TrackPointExtension>
        </extensions>
      </trkpt>
      <trkpt lat="48.779793418943881988525390625" lon="89.93808765895664691925048828125">
        <ele>2060.60009765625</ele>
        <time>2025-08-13T03:24:41.000Z</time>
        <extensions>
          <ns3:TrackPointExtension>
            <ns3:atemp>16.0</ns3:atemp>
          </ns3:TrackPointExtension>
        </extensions>
      </trkpt>
      <trkpt lat="48.7799312174320220947265625" lon="89.9381469190120697021484375">
        <ele>2061.199951171875</ele>
        <time>2025-08-13T03:24:45.000Z</time>
        <extensions>
          <ns3:TrackPointExtension>
            <ns3:atemp>16.0</ns3:atemp>
          </ns3:TrackPointExtension>
        </extensions>
      </trkpt>
      <trkpt lat="48.7801486440002918243408203125" lon="89.93823115713894367218017578125">
        <ele>2062</ele>
        <time>2025-08-13T03:24:52.000Z</time>
        <extensions>
          <ns3:TrackPointExtension>
            <ns3:atemp>16.0</ns3:atemp>
          </ns3:TrackPointExtension>
        </extensions>
      </trkpt>
      <trkpt lat="48.78024277277290821075439453125" lon="89.93826770223677158355712890625">
        <ele>2062.199951171875</ele>
        <time>2025-08-13T03:24:55.000Z</time>
        <extensions>
          <ns3:TrackPointExtension>
            <ns3:atemp>16.0</ns3:atemp>
          </ns3:TrackPointExtension>
        </extensions>
      </trkpt>
      <trkpt lat="48.7804239057004451751708984375" lon="89.9383479170501232147216796875">
        <ele>2062.60009765625</ele>
        <time>2025-08-13T03:25:01.000Z</time>
        <extensions>
          <ns3:TrackPointExtension>
            <ns3:atemp>16.0</ns3:atemp>
          </ns3:TrackPointExtension>
        </extensions>
      </trkpt>
      <trkpt lat="48.78060000948607921600341796875" lon="89.93842276744544506072998046875">
        <ele>2063.199951171875</ele>
        <time>2025-08-13T03:25:07.000Z</time>
        <extensions>
          <ns3:TrackPointExtension>
            <ns3:atemp>16.0</ns3:atemp>
          </ns3:TrackPointExtension>
        </extensions>
      </trkpt>
      <trkpt lat="48.78065499477088451385498046875" lon="89.93844992481172084808349609375">
        <ele>2063.60009765625</ele>
        <time>2025-08-13T03:25:09.000Z</time>
        <extensions>
          <ns3:TrackPointExtension>
            <ns3:atemp>16.0</ns3:atemp>
          </ns3:TrackPointExtension>
        </extensions>
      </trkpt>
      <trkpt lat="48.78076965920627117156982421875" lon="89.93849451653659343719482421875">
        <ele>2064.39990234375</ele>
        <time>2025-08-13T03:25:13.000Z</time>
        <extensions>
          <ns3:TrackPointExtension>
            <ns3:atemp>16.0</ns3:atemp>
          </ns3:TrackPointExtension>
        </extensions>
      </trkpt>
      <trkpt lat="48.7809797935187816619873046875" lon="89.938595853745937347412109375">
        <ele>2065.199951171875</ele>
        <time>2025-08-13T03:25:20.000Z</time>
        <extensions>
          <ns3:TrackPointExtension>
            <ns3:atemp>16.0</ns3:atemp>
          </ns3:TrackPointExtension>
        </extensions>
      </trkpt>
      <trkpt lat="48.781128488481044769287109375" lon="89.93866366334259510040283203125">
        <ele>2065.60009765625</ele>
        <time>2025-08-13T03:25:25.000Z</time>
        <extensions>
          <ns3:TrackPointExtension>
            <ns3:atemp>16.0</ns3:atemp>
          </ns3:TrackPointExtension>
        </extensions>
      </trkpt>
      <trkpt lat="48.78134415484964847564697265625" lon="89.93876315653324127197265625">
        <ele>2066</ele>
        <time>2025-08-13T03:25:32.000Z</time>
        <extensions>
          <ns3:TrackPointExtension>
            <ns3:atemp>16.0</ns3:atemp>
          </ns3:TrackPointExtension>
        </extensions>
      </trkpt>
      <trkpt lat="48.781536184251308441162109375" lon="89.9388508312404155731201171875">
        <ele>2066.60009765625</ele>
        <time>2025-08-13T03:25:38.000Z</time>
        <extensions>
          <ns3:TrackPointExtension>
            <ns3:atemp>16.0</ns3:atemp>
          </ns3:TrackPointExtension>
        </extensions>
      </trkpt>
      <trkpt lat="48.7817150540649890899658203125" lon="89.9389266036450862884521484375">
        <ele>2067</ele>
        <time>2025-08-13T03:25:44.000Z</time>
        <extensions>
          <ns3:TrackPointExtension>
            <ns3:atemp>16.0</ns3:atemp>
          </ns3:TrackPointExtension>
        </extensions>
      </trkpt>
      <trkpt lat="48.7818159721791744232177734375" lon="89.9389601312577724456787109375">
        <ele>2067.60009765625</ele>
        <time>2025-08-13T03:25:48.000Z</time>
        <extensions>
          <ns3:TrackPointExtension>
            <ns3:atemp>16.0</ns3:atemp>
          </ns3:TrackPointExtension>
        </extensions>
      </trkpt>
      <trkpt lat="48.78193256445229053497314453125" lon="89.9390132725238800048828125">
        <ele>2068</ele>
        <time>2025-08-13T03:25:52.000Z</time>
        <extensions>
          <ns3:TrackPointExtension>
            <ns3:atemp>16.0</ns3:atemp>
          </ns3:TrackPointExtension>
        </extensions>
      </trkpt>
      <trkpt lat="48.78224822692573070526123046875" lon="89.9391562677919864654541015625">
        <ele>2068.60009765625</ele>
        <time>2025-08-13T03:26:02.000Z</time>
        <extensions>
          <ns3:TrackPointExtension>
            <ns3:atemp>16.0</ns3:atemp>
          </ns3:TrackPointExtension>
        </extensions>
      </trkpt>
      <trkpt lat="48.782278485596179962158203125" lon="89.939170517027378082275390625">
        <ele>2068.60009765625</ele>
        <time>2025-08-13T03:26:03.000Z</time>
        <extensions>
          <ns3:TrackPointExtension>
            <ns3:atemp>16.0</ns3:atemp>
          </ns3:TrackPointExtension>
        </extensions>
      </trkpt>
      <trkpt lat="48.78254729323089122772216796875" lon="89.93928090669214725494384765625">
        <ele>2069.39990234375</ele>
        <time>2025-08-13T03:26:11.000Z</time>
        <extensions>
          <ns3:TrackPointExtension>
            <ns3:atemp>16.0</ns3:atemp>
          </ns3:TrackPointExtension>
        </extensions>
      </trkpt>
      <trkpt lat="48.782722055912017822265625" lon="89.93935366161167621612548828125">
        <ele>2069.800048828125</ele>
        <time>2025-08-13T03:26:16.000Z</time>
        <extensions>
          <ns3:TrackPointExtension>
            <ns3:atemp>16.0</ns3:atemp>
          </ns3:TrackPointExtension>
        </extensions>
      </trkpt>
      <trkpt lat="48.78293436951935291290283203125" lon="89.93944100104272365570068359375">
        <ele>2070.39990234375</ele>
        <time>2025-08-13T03:26:22.000Z</time>
        <extensions>
          <ns3:TrackPointExtension>
            <ns3:atemp>16.0</ns3:atemp>
          </ns3:TrackPointExtension>
        </extensions>
      </trkpt>
      <trkpt lat="48.78304199315607547760009765625" lon="89.93948106653988361358642578125">
        <ele>2070.800048828125</ele>
        <time>2025-08-13T03:26:25.000Z</time>
        <extensions>
          <ns3:TrackPointExtension>
            <ns3:atemp>16.0</ns3:atemp>
          </ns3:TrackPointExtension>
        </extensions>
      </trkpt>
      <trkpt lat="48.78328733146190643310546875" lon="89.93958902545273303985595703125">
        <ele>2071.199951171875</ele>
        <time>2025-08-13T03:26:32.000Z</time>
        <extensions>
          <ns3:TrackPointExtension>
            <ns3:atemp>16.0</ns3:atemp>
          </ns3:TrackPointExtension>
        </extensions>
      </trkpt>
      <trkpt lat="48.78336913883686065673828125" lon="89.939620792865753173828125">
        <ele>2071.800048828125</ele>
        <time>2025-08-13T03:26:35.000Z</time>
        <extensions>
          <ns3:TrackPointExtension>
            <ns3:atemp>16.0</ns3:atemp>
          </ns3:TrackPointExtension>
        </extensions>
      </trkpt>
      <trkpt lat="48.78345555625855922698974609375" lon="89.93965901434421539306640625">
        <ele>2072</ele>
        <time>2025-08-13T03:26:38.000Z</time>
        <extensions>
          <ns3:TrackPointExtension>
            <ns3:atemp>16.0</ns3:atemp>
          </ns3:TrackPointExtension>
        </extensions>
      </trkpt>
      <trkpt lat="48.7836522795259952545166015625" lon="89.93973772041499614715576171875">
        <ele>2072.800048828125</ele>
        <time>2025-08-13T03:26:44.000Z</time>
        <extensions>
          <ns3:TrackPointExtension>
            <ns3:atemp>16.0</ns3:atemp>
          </ns3:TrackPointExtension>
        </extensions>
      </trkpt>
      <trkpt lat="48.78382653929293155670166015625" lon="89.93981198407709598541259765625">
        <ele>2073.39990234375</ele>
        <time>2025-08-13T03:26:50.000Z</time>
        <extensions>
          <ns3:TrackPointExtension>
            <ns3:atemp>16.0</ns3:atemp>
          </ns3:TrackPointExtension>
        </extensions>
      </trkpt>
      <trkpt lat="48.784015215933322906494140625" lon="89.93988306261599063873291015625">
        <ele>2073.800048828125</ele>
        <time>2025-08-13T03:26:57.000Z</time>
        <extensions>
          <ns3:TrackPointExtension>
            <ns3:atemp>16.0</ns3:atemp>
          </ns3:TrackPointExtension>
        </extensions>
      </trkpt>
      <trkpt lat="48.78420506604015827178955078125" lon="89.9399719946086406707763671875">
        <ele>2074.60009765625</ele>
        <time>2025-08-13T03:27:04.000Z</time>
        <extensions>
          <ns3:TrackPointExtension>
            <ns3:atemp>16.0</ns3:atemp>
          </ns3:TrackPointExtension>
        </extensions>
      </trkpt>
      <trkpt lat="48.78425066359341144561767578125" lon="89.9399870820343494415283203125">
        <ele>2075</ele>
        <time>2025-08-13T03:27:06.000Z</time>
        <extensions>
          <ns3:TrackPointExtension>
            <ns3:atemp>16.0</ns3:atemp>
          </ns3:TrackPointExtension>
        </extensions>
      </trkpt>
      <trkpt lat="48.78438930027186870574951171875" lon="89.94006159715354442596435546875">
        <ele>2075.39990234375</ele>
        <time>2025-08-13T03:27:12.000Z</time>
        <extensions>
          <ns3:TrackPointExtension>
            <ns3:atemp>16.0</ns3:atemp>
          </ns3:TrackPointExtension>
        </extensions>
      </trkpt>
      <trkpt lat="48.78457856364548206329345703125" lon="89.94013368152081966400146484375">
        <ele>2076</ele>
        <time>2025-08-13T03:27:18.000Z</time>
        <extensions>
          <ns3:TrackPointExtension>
            <ns3:atemp>16.0</ns3:atemp>
          </ns3:TrackPointExtension>
        </extensions>
      </trkpt>
      <trkpt lat="48.78469884395599365234375" lon="89.94018330238759517669677734375">
        <ele>2076.39990234375</ele>
        <time>2025-08-13T03:27:22.000Z</time>
        <extensions>
          <ns3:TrackPointExtension>
            <ns3:atemp>16.0</ns3:atemp>
          </ns3:TrackPointExtension>
        </extensions>
      </trkpt>
      <trkpt lat="48.78483002074062824249267578125" lon="89.940236024558544158935546875">
        <ele>2077</ele>
        <time>2025-08-13T03:27:27.000Z</time>
        <extensions>
          <ns3:TrackPointExtension>
            <ns3:atemp>16.0</ns3:atemp>
          </ns3:TrackPointExtension>
        </extensions>
      </trkpt>
      <trkpt lat="48.7848894484341144561767578125" lon="89.9402556382119655609130859375">
        <ele>2077.39990234375</ele>
        <time>2025-08-13T03:27:29.000Z</time>
        <extensions>
          <ns3:TrackPointExtension>
            <ns3:atemp>16.0</ns3:atemp>
          </ns3:TrackPointExtension>
        </extensions>
      </trkpt>
      <trkpt lat="48.7851046957075595855712890625" lon="89.94035295210778713226318359375">
        <ele>2077.800048828125</ele>
        <time>2025-08-13T03:27:37.000Z</time>
        <extensions>
          <ns3:TrackPointExtension>
            <ns3:atemp>16.0</ns3:atemp>
          </ns3:TrackPointExtension>
        </extensions>
      </trkpt>
      <trkpt lat="48.78523168154060840606689453125" lon="89.94040927849709987640380859375">
        <ele>2078</ele>
        <time>2025-08-13T03:27:42.000Z</time>
        <extensions>
          <ns3:TrackPointExtension>
            <ns3:atemp>16.0</ns3:atemp>
          </ns3:TrackPointExtension>
        </extensions>
      </trkpt>
      <trkpt lat="48.78534215502440929412841796875" lon="89.94046024046838283538818359375">
        <ele>2078.39990234375</ele>
        <time>2025-08-13T03:27:46.000Z</time>
        <extensions>
          <ns3:TrackPointExtension>
            <ns3:atemp>16.0</ns3:atemp>
          </ns3:TrackPointExtension>
        </extensions>
      </trkpt>
      <trkpt lat="48.78561146557331085205078125" lon="89.94055964983999729156494140625">
        <ele>2079</ele>
        <time>2025-08-13T03:27:55.000Z</time>
        <extensions>
          <ns3:TrackPointExtension>
            <ns3:atemp>16.0</ns3:atemp>
          </ns3:TrackPointExtension>
        </extensions>
      </trkpt>
      <trkpt lat="48.78567189909517765045166015625" lon="89.9405858851969242095947265625">
        <ele>2079.199951171875</ele>
        <time>2025-08-13T03:27:57.000Z</time>
        <extensions>
          <ns3:TrackPointExtension>
            <ns3:atemp>16.0</ns3:atemp>
          </ns3:TrackPointExtension>
        </extensions>
      </trkpt>
      <trkpt lat="48.78584506921470165252685546875" lon="89.94065067730844020843505859375">
        <ele>2079.60009765625</ele>
        <time>2025-08-13T03:28:04.000Z</time>
        <extensions>
          <ns3:TrackPointExtension>
            <ns3:atemp>16.0</ns3:atemp>
          </ns3:TrackPointExtension>
        </extensions>
      </trkpt>
      <trkpt lat="48.786038272082805633544921875" lon="89.94075335562229156494140625">
        <ele>2080.199951171875</ele>
        <time>2025-08-13T03:28:11.000Z</time>
        <extensions>
          <ns3:TrackPointExtension>
            <ns3:atemp>16.0</ns3:atemp>
          </ns3:TrackPointExtension>
        </extensions>
      </trkpt>
      <trkpt lat="48.78610390238463878631591796875" lon="89.94078009389340877532958984375">
        <ele>2080.39990234375</ele>
        <time>2025-08-13T03:28:13.000Z</time>
        <extensions>
          <ns3:TrackPointExtension>
            <ns3:atemp>16.0</ns3:atemp>
          </ns3:TrackPointExtension>
        </extensions>
      </trkpt>
      <trkpt lat="48.786438591778278350830078125" lon="89.94092158041894435882568359375">
        <ele>2080.800048828125</ele>
        <time>2025-08-13T03:28:24.000Z</time>
        <extensions>
          <ns3:TrackPointExtension>
            <ns3:atemp>16.0</ns3:atemp>
          </ns3:TrackPointExtension>
        </extensions>
      </trkpt>
      <trkpt lat="48.7866590358316898345947265625" lon="89.9410250969231128692626953125">
        <ele>2081.199951171875</ele>
        <time>2025-08-13T03:28:30.000Z</time>
        <extensions>
          <ns3:TrackPointExtension>
            <ns3:atemp>16.0</ns3:atemp>
          </ns3:TrackPointExtension>
        </extensions>
      </trkpt>
      <trkpt lat="48.78675417043268680572509765625" lon="89.94106625206768512725830078125">
        <ele>2081.39990234375</ele>
        <time>2025-08-13T03:28:33.000Z</time>
        <extensions>
          <ns3:TrackPointExtension>
            <ns3:atemp>16.0</ns3:atemp>
          </ns3:TrackPointExtension>
        </extensions>
      </trkpt>
      <trkpt lat="48.78710319288074970245361328125" lon="89.94122450239956378936767578125">
        <ele>2082.199951171875</ele>
        <time>2025-08-13T03:28:43.000Z</time>
        <extensions>
          <ns3:TrackPointExtension>
            <ns3:atemp>16.0</ns3:atemp>
          </ns3:TrackPointExtension>
        </extensions>
      </trkpt>
      <trkpt lat="48.78717544488608837127685546875" lon="89.94125652126967906951904296875">
        <ele>2082.199951171875</ele>
        <time>2025-08-13T03:28:45.000Z</time>
        <extensions>
          <ns3:TrackPointExtension>
            <ns3:atemp>16.0</ns3:atemp>
          </ns3:TrackPointExtension>
        </extensions>
      </trkpt>
      <trkpt lat="48.7874405644834041595458984375" lon="89.94137235917150974273681640625">
        <ele>2082.60009765625</ele>
        <time>2025-08-13T03:28:52.000Z</time>
        <extensions>
          <ns3:TrackPointExtension>
            <ns3:atemp>16.0</ns3:atemp>
          </ns3:TrackPointExtension>
        </extensions>
      </trkpt>
      <trkpt lat="48.78778933547437191009521484375" lon="89.94152390398085117340087890625">
        <ele>2083.199951171875</ele>
        <time>2025-08-13T03:29:02.000Z</time>
        <extensions>
          <ns3:TrackPointExtension>
            <ns3:atemp>16.0</ns3:atemp>
          </ns3:TrackPointExtension>
        </extensions>
      </trkpt>
      <trkpt lat="48.7878261320292949676513671875" lon="89.94153966195881366729736328125">
        <ele>2083.199951171875</ele>
        <time>2025-08-13T03:29:03.000Z</time>
        <extensions>
          <ns3:TrackPointExtension>
            <ns3:atemp>16.0</ns3:atemp>
          </ns3:TrackPointExtension>
        </extensions>
      </trkpt>
      <trkpt lat="48.78815981559455394744873046875" lon="89.9416741915047168731689453125">
        <ele>2084</ele>
        <time>2025-08-13T03:29:12.000Z</time>
        <extensions>
          <ns3:TrackPointExtension>
            <ns3:atemp>17.0</ns3:atemp>
          </ns3:TrackPointExtension>
        </extensions>
      </trkpt>
      <trkpt lat="48.78844899125397205352783203125" lon="89.941796399652957916259765625">
        <ele>2083.800048828125</ele>
        <time>2025-08-13T03:29:20.000Z</time>
        <extensions>
          <ns3:TrackPointExtension>
            <ns3:atemp>17.0</ns3:atemp>
          </ns3:TrackPointExtension>
        </extensions>
      </trkpt>
      <trkpt lat="48.7888146936893463134765625" lon="89.9419551528990268707275390625">
        <ele>2083.60009765625</ele>
        <time>2025-08-13T03:29:30.000Z</time>
        <extensions>
          <ns3:TrackPointExtension>
            <ns3:atemp>17.0</ns3:atemp>
          </ns3:TrackPointExtension>
        </extensions>
      </trkpt>
      <trkpt lat="48.7892101518809795379638671875" lon="89.94211466051638126373291015625">
        <ele>2083.800048828125</ele>
        <time>2025-08-13T03:29:40.000Z</time>
        <extensions>
          <ns3:TrackPointExtension>
            <ns3:atemp>17.0</ns3:atemp>
          </ns3:TrackPointExtension>
        </extensions>
      </trkpt>
      <trkpt lat="48.7896352820098400115966796875" lon="89.94231565855443477630615234375">
        <ele>2083.199951171875</ele>
        <time>2025-08-13T03:29:51.000Z</time>
        <extensions>
          <ns3:TrackPointExtension>
            <ns3:atemp>17.0</ns3:atemp>
          </ns3:TrackPointExtension>
        </extensions>
      </trkpt>
      <trkpt lat="48.7900181673467159271240234375" lon="89.94248279370367527008056640625">
        <ele>2083</ele>
        <time>2025-08-13T03:30:00.000Z</time>
        <extensions>
          <ns3:TrackPointExtension>
            <ns3:atemp>17.0</ns3:atemp>
          </ns3:TrackPointExtension>
        </extensions>
      </trkpt>
      <trkpt lat="48.79006233997642993927001953125" lon="89.942501485347747802734375">
        <ele>2083</ele>
        <time>2025-08-13T03:30:01.000Z</time>
        <extensions>
          <ns3:TrackPointExtension>
            <ns3:atemp>17.0</ns3:atemp>
          </ns3:TrackPointExtension>
        </extensions>
      </trkpt>
      <trkpt lat="48.79060800187289714813232421875" lon="89.94274221360683441162109375">
        <ele>2082.60009765625</ele>
        <time>2025-08-13T03:30:13.000Z</time>
        <extensions>
          <ns3:TrackPointExtension>
            <ns3:atemp>17.0</ns3:atemp>
          </ns3:TrackPointExtension>
        </extensions>
      </trkpt>
      <trkpt lat="48.7909395061433315277099609375" lon="89.94287900626659393310546875">
        <ele>2082.199951171875</ele>
        <time>2025-08-13T03:30:20.000Z</time>
        <extensions>
          <ns3:TrackPointExtension>
            <ns3:atemp>17.0</ns3:atemp>
          </ns3:TrackPointExtension>
        </extensions>
      </trkpt>
      <trkpt lat="48.7912717647850513458251953125" lon="89.9430183134973049163818359375">
        <ele>2082</ele>
        <time>2025-08-13T03:30:27.000Z</time>
        <extensions>
          <ns3:TrackPointExtension>
            <ns3:atemp>17.0</ns3:atemp>
          </ns3:TrackPointExtension>
        </extensions>
      </trkpt>
      <trkpt lat="48.79180812276899814605712890625" lon="89.94324554689228534698486328125">
        <ele>2081.39990234375</ele>
        <time>2025-08-13T03:30:38.000Z</time>
        <extensions>
          <ns3:TrackPointExtension>
            <ns3:atemp>17.0</ns3:atemp>
          </ns3:TrackPointExtension>
        </extensions>
      </trkpt>
      <trkpt lat="48.791857324540615081787109375" lon="89.9432674236595630645751953125">
        <ele>2081.199951171875</ele>
        <time>2025-08-13T03:30:39.000Z</time>
        <extensions>
          <ns3:TrackPointExtension>
            <ns3:atemp>17.0</ns3:atemp>
          </ns3:TrackPointExtension>
        </extensions>
      </trkpt>
      <trkpt lat="48.791906274855136871337890625" lon="89.943285696208477020263671875">
        <ele>2081.199951171875</ele>
        <time>2025-08-13T03:30:40.000Z</time>
        <extensions>
          <ns3:TrackPointExtension>
            <ns3:atemp>17.0</ns3:atemp>
          </ns3:TrackPointExtension>
        </extensions>
      </trkpt>
      <trkpt lat="48.79235990345478057861328125" lon="89.94346934370696544647216796875">
        <ele>2081.199951171875</ele>
        <time>2025-08-13T03:30:49.000Z</time>
        <extensions>
          <ns3:TrackPointExtension>
            <ns3:atemp>17.0</ns3:atemp>
          </ns3:TrackPointExtension>
        </extensions>
      </trkpt>
      <trkpt lat="48.79290330223739147186279296875" lon="89.9437187053263187408447265625">
        <ele>2081</ele>
        <time>2025-08-13T03:31:00.000Z</time>
        <extensions>
          <ns3:TrackPointExtension>
            <ns3:atemp>17.0</ns3:atemp>
          </ns3:TrackPointExtension>
        </extensions>
      </trkpt>
      <trkpt lat="48.793316446244716644287109375" lon="89.94389564730226993560791015625">
        <ele>2080.800048828125</ele>
        <time>2025-08-13T03:31:09.000Z</time>
        <extensions>
          <ns3:TrackPointExtension>
            <ns3:atemp>17.0</ns3:atemp>
          </ns3:TrackPointExtension>
        </extensions>
      </trkpt>
      <trkpt lat="48.79379622638225555419921875" lon="89.9441039375960826873779296875">
        <ele>2080.800048828125</ele>
        <time>2025-08-13T03:31:19.000Z</time>
        <extensions>
          <ns3:TrackPointExtension>
            <ns3:atemp>17.0</ns3:atemp>
          </ns3:TrackPointExtension>
        </extensions>
      </trkpt>
      <trkpt lat="48.79427500069141387939453125" lon="89.9443007446825504302978515625">
        <ele>2080.60009765625</ele>
        <time>2025-08-13T03:31:29.000Z</time>
        <extensions>
          <ns3:TrackPointExtension>
            <ns3:atemp>17.0</ns3:atemp>
          </ns3:TrackPointExtension>
        </extensions>
      </trkpt>
      <trkpt lat="48.79480473697185516357421875" lon="89.94453887455165386199951171875">
        <ele>2080.39990234375</ele>
        <time>2025-08-13T03:31:40.000Z</time>
        <extensions>
          <ns3:TrackPointExtension>
            <ns3:atemp>17.0</ns3:atemp>
          </ns3:TrackPointExtension>
        </extensions>
      </trkpt>
      <trkpt lat="48.7949383445084095001220703125" lon="89.944594614207744598388671875">
        <ele>2080.39990234375</ele>
        <time>2025-08-13T03:31:43.000Z</time>
        <extensions>
          <ns3:TrackPointExtension>
            <ns3:atemp>17.0</ns3:atemp>
          </ns3:TrackPointExtension>
        </extensions>
      </trkpt>
      <trkpt lat="48.79542357288300991058349609375" lon="89.94480357505381107330322265625">
        <ele>2080.800048828125</ele>
        <time>2025-08-13T03:31:54.000Z</time>
        <extensions>
          <ns3:TrackPointExtension>
            <ns3:atemp>17.0</ns3:atemp>
          </ns3:TrackPointExtension>
        </extensions>
      </trkpt>
      <trkpt lat="48.79584652371704578399658203125" lon="89.9449887312948703765869140625">
        <ele>2081</ele>
        <time>2025-08-13T03:32:04.000Z</time>
        <extensions>
          <ns3:TrackPointExtension>
            <ns3:atemp>17.0</ns3:atemp>
          </ns3:TrackPointExtension>
        </extensions>
      </trkpt>
      <trkpt lat="48.79626712761819362640380859375" lon="89.9451758153736591339111328125">
        <ele>2081</ele>
        <time>2025-08-13T03:32:14.000Z</time>
        <extensions>
          <ns3:TrackPointExtension>
            <ns3:atemp>17.0</ns3:atemp>
          </ns3:TrackPointExtension>
        </extensions>
      </trkpt>
      <trkpt lat="48.7967272102832794189453125" lon="89.94537589140236377716064453125">
        <ele>2080.800048828125</ele>
        <time>2025-08-13T03:32:26.000Z</time>
        <extensions>
          <ns3:TrackPointExtension>
            <ns3:atemp>17.0</ns3:atemp>
          </ns3:TrackPointExtension>
        </extensions>
      </trkpt>
      <trkpt lat="48.7970012985169887542724609375" lon="89.94549860246479511260986328125">
        <ele>2081.199951171875</ele>
        <time>2025-08-13T03:32:34.000Z</time>
        <extensions>
          <ns3:TrackPointExtension>
            <ns3:atemp>17.0</ns3:atemp>
          </ns3:TrackPointExtension>
        </extensions>
      </trkpt>
      <trkpt lat="48.79709006287157535552978515625" lon="89.9455462954938411712646484375">
        <ele>2081.39990234375</ele>
        <time>2025-08-13T03:32:39.000Z</time>
        <extensions>
          <ns3:TrackPointExtension>
            <ns3:atemp>17.0</ns3:atemp>
          </ns3:TrackPointExtension>
        </extensions>
      </trkpt>
      <trkpt lat="48.79709006287157535552978515625" lon="89.9455462954938411712646484375">
        <ele>2081.800048828125</ele>
        <time>2025-08-13T03:32:40.000Z</time>
        <extensions>
          <ns3:TrackPointExtension>
            <ns3:atemp>17.0</ns3:atemp>
          </ns3:TrackPointExtension>
        </extensions>
      </trkpt>
      <trkpt lat="48.7971384264528751373291015625" lon="89.94556213729083538055419921875">
        <ele>2080.199951171875</ele>
        <time>2025-08-13T03:33:43.000Z</time>
        <extensions>
          <ns3:TrackPointExtension>
            <ns3:atemp>17.0</ns3:atemp>
          </ns3:TrackPointExtension>
        </extensions>
      </trkpt>
      <trkpt lat="48.797161392867565155029296875" lon="89.9455659091472625732421875">
        <ele>2080</ele>
        <time>2025-08-13T03:33:44.000Z</time>
        <extensions>
          <ns3:TrackPointExtension>
            <ns3:atemp>17.0</ns3:atemp>
          </ns3:TrackPointExtension>
        </extensions>
      </trkpt>
      <trkpt lat="48.7971890531480312347412109375" lon="89.9455726146697998046875">
        <ele>2079.800048828125</ele>
        <time>2025-08-13T03:33:45.000Z</time>
        <extensions>
          <ns3:TrackPointExtension>
            <ns3:atemp>17.0</ns3:atemp>
          </ns3:TrackPointExtension>
        </extensions>
      </trkpt>
      <trkpt lat="48.79737772978842258453369140625" lon="89.94564813561737537384033203125">
        <ele>2079.60009765625</ele>
        <time>2025-08-13T03:33:50.000Z</time>
        <extensions>
          <ns3:TrackPointExtension>
            <ns3:atemp>17.0</ns3:atemp>
          </ns3:TrackPointExtension>
        </extensions>
      </trkpt>
      <trkpt lat="48.7977221421897411346435546875" lon="89.94579792022705078125">
        <ele>2079.60009765625</ele>
        <time>2025-08-13T03:33:57.000Z</time>
        <extensions>
          <ns3:TrackPointExtension>
            <ns3:atemp>17.0</ns3:atemp>
          </ns3:TrackPointExtension>
        </extensions>
      </trkpt>
      <trkpt lat="48.79823553375899791717529296875" lon="89.9460143409669399261474609375">
        <ele>2079.60009765625</ele>
        <time>2025-08-13T03:34:07.000Z</time>
        <extensions>
          <ns3:TrackPointExtension>
            <ns3:atemp>17.0</ns3:atemp>
          </ns3:TrackPointExtension>
        </extensions>
      </trkpt>
      <trkpt lat="48.798757977783679962158203125" lon="89.94623704813420772552490234375">
        <ele>2080.39990234375</ele>
        <time>2025-08-13T03:34:17.000Z</time>
        <extensions>
          <ns3:TrackPointExtension>
            <ns3:atemp>17.0</ns3:atemp>
          </ns3:TrackPointExtension>
        </extensions>
      </trkpt>
      <trkpt lat="48.7988112866878509521484375" lon="89.94625967927277088165283203125">
        <ele>2080.39990234375</ele>
        <time>2025-08-13T03:34:18.000Z</time>
        <extensions>
          <ns3:TrackPointExtension>
            <ns3:atemp>17.0</ns3:atemp>
          </ns3:TrackPointExtension>
        </extensions>
      </trkpt>
      <trkpt lat="48.79914321005344390869140625" lon="89.94640485383570194244384765625">
        <ele>2081</ele>
        <time>2025-08-13T03:34:24.000Z</time>
        <extensions>
          <ns3:TrackPointExtension>
            <ns3:atemp>17.0</ns3:atemp>
          </ns3:TrackPointExtension>
        </extensions>
      </trkpt>
      <trkpt lat="48.799335993826389312744140625" lon="89.9464763514697551727294921875">
        <ele>2081.199951171875</ele>
        <time>2025-08-13T03:34:28.000Z</time>
        <extensions>
          <ns3:TrackPointExtension>
            <ns3:atemp>17.0</ns3:atemp>
          </ns3:TrackPointExtension>
        </extensions>
      </trkpt>
      <trkpt lat="48.799580745398998260498046875" lon="89.9465947039425373077392578125">
        <ele>2081.800048828125</ele>
        <time>2025-08-13T03:34:34.000Z</time>
        <extensions>
          <ns3:TrackPointExtension>
            <ns3:atemp>17.0</ns3:atemp>
          </ns3:TrackPointExtension>
        </extensions>
      </trkpt>
      <trkpt lat="48.79970806650817394256591796875" lon="89.94666569866240024566650390625">
        <ele>2082.199951171875</ele>
        <time>2025-08-13T03:34:37.000Z</time>
        <extensions>
          <ns3:TrackPointExtension>
            <ns3:atemp>17.0</ns3:atemp>
          </ns3:TrackPointExtension>
        </extensions>
      </trkpt>
      <trkpt lat="48.800059854984283447265625" lon="89.94683928787708282470703125">
        <ele>2082.800048828125</ele>
        <time>2025-08-13T03:34:45.000Z</time>
        <extensions>
          <ns3:TrackPointExtension>
            <ns3:atemp>17.0</ns3:atemp>
          </ns3:TrackPointExtension>
        </extensions>
      </trkpt>
      <trkpt lat="48.80027770064771175384521484375" lon="89.94695671834051609039306640625">
        <ele>2083.199951171875</ele>
        <time>2025-08-13T03:34:50.000Z</time>
        <extensions>
          <ns3:TrackPointExtension>
            <ns3:atemp>17.0</ns3:atemp>
          </ns3:TrackPointExtension>
        </extensions>
      </trkpt>
      <trkpt lat="48.80040384829044342041015625" lon="89.94702293537557125091552734375">
        <ele>2083.39990234375</ele>
        <time>2025-08-13T03:34:53.000Z</time>
        <extensions>
          <ns3:TrackPointExtension>
            <ns3:atemp>17.0</ns3:atemp>
          </ns3:TrackPointExtension>
        </extensions>
      </trkpt>
      <trkpt lat="48.8008271344006061553955078125" lon="89.94725343771278858184814453125">
        <ele>2084.199951171875</ele>
        <time>2025-08-13T03:35:03.000Z</time>
        <extensions>
          <ns3:TrackPointExtension>
            <ns3:atemp>17.0</ns3:atemp>
          </ns3:TrackPointExtension>
        </extensions>
      </trkpt>
      <trkpt lat="48.8008660264313220977783203125" lon="89.9472793377935886383056640625">
        <ele>2084.199951171875</ele>
        <time>2025-08-13T03:35:04.000Z</time>
        <extensions>
          <ns3:TrackPointExtension>
            <ns3:atemp>17.0</ns3:atemp>
          </ns3:TrackPointExtension>
        </extensions>
      </trkpt>
      <trkpt lat="48.80117054097354412078857421875" lon="89.9474587105214595794677734375">
        <ele>2085.39990234375</ele>
        <time>2025-08-13T03:35:12.000Z</time>
        <extensions>
          <ns3:TrackPointExtension>
            <ns3:atemp>17.0</ns3:atemp>
          </ns3:TrackPointExtension>
        </extensions>
      </trkpt>
      <trkpt lat="48.80131487734615802764892578125" lon="89.947545714676380157470703125">
        <ele>2085.60009765625</ele>
        <time>2025-08-13T03:35:16.000Z</time>
        <extensions>
          <ns3:TrackPointExtension>
            <ns3:atemp>17.0</ns3:atemp>
          </ns3:TrackPointExtension>
        </extensions>
      </trkpt>
      <trkpt lat="48.8014195673167705535888671875" lon="89.94760447181761264801025390625">
        <ele>2086.39990234375</ele>
        <time>2025-08-13T03:35:19.000Z</time>
        <extensions>
          <ns3:TrackPointExtension>
            <ns3:atemp>17.0</ns3:atemp>
          </ns3:TrackPointExtension>
        </extensions>
      </trkpt>
      <trkpt lat="48.80168032832443714141845703125" lon="89.94775526225566864013671875">
        <ele>2087.199951171875</ele>
        <time>2025-08-13T03:35:27.000Z</time>
        <extensions>
          <ns3:TrackPointExtension>
            <ns3:atemp>17.0</ns3:atemp>
          </ns3:TrackPointExtension>
        </extensions>
      </trkpt>
      <trkpt lat="48.80171335302293300628662109375" lon="89.947775714099407196044921875">
        <ele>2087.60009765625</ele>
        <time>2025-08-13T03:35:28.000Z</time>
        <extensions>
          <ns3:TrackPointExtension>
            <ns3:atemp>17.0</ns3:atemp>
          </ns3:TrackPointExtension>
        </extensions>
      </trkpt>
      <trkpt lat="48.801975287497043609619140625" lon="89.9479260854423046112060546875">
        <ele>2088.39990234375</ele>
        <time>2025-08-13T03:35:36.000Z</time>
        <extensions>
          <ns3:TrackPointExtension>
            <ns3:atemp>17.0</ns3:atemp>
          </ns3:TrackPointExtension>
        </extensions>
      </trkpt>
      <trkpt lat="48.80200646817684173583984375" lon="89.9479448609054088592529296875">
        <ele>2088.60009765625</ele>
        <time>2025-08-13T03:35:37.000Z</time>
        <extensions>
          <ns3:TrackPointExtension>
            <ns3:atemp>17.0</ns3:atemp>
          </ns3:TrackPointExtension>
        </extensions>
      </trkpt>
      <trkpt lat="48.80225482396781444549560546875" lon="89.948094226419925689697265625">
        <ele>2089.60009765625</ele>
        <time>2025-08-13T03:35:45.000Z</time>
        <extensions>
          <ns3:TrackPointExtension>
            <ns3:atemp>17.0</ns3:atemp>
          </ns3:TrackPointExtension>
        </extensions>
      </trkpt>
      <trkpt lat="48.80231852643191814422607421875" lon="89.94813420809805393218994140625">
        <ele>2089.800048828125</ele>
        <time>2025-08-13T03:35:47.000Z</time>
        <extensions>
          <ns3:TrackPointExtension>
            <ns3:atemp>17.0</ns3:atemp>
          </ns3:TrackPointExtension>
        </extensions>
      </trkpt>
      <trkpt lat="48.80254718475043773651123046875" lon="89.94827024638652801513671875">
        <ele>2090.800048828125</ele>
        <time>2025-08-13T03:35:54.000Z</time>
        <extensions>
          <ns3:TrackPointExtension>
            <ns3:atemp>17.0</ns3:atemp>
          </ns3:TrackPointExtension>
        </extensions>
      </trkpt>
      <trkpt lat="48.80261667072772979736328125" lon="89.94831056334078311920166015625">
        <ele>2091</ele>
        <time>2025-08-13T03:35:56.000Z</time>
        <extensions>
          <ns3:TrackPointExtension>
            <ns3:atemp>17.0</ns3:atemp>
          </ns3:TrackPointExtension>
        </extensions>
      </trkpt>
      <trkpt lat="48.8028116337954998016357421875" lon="89.9484209530055522918701171875">
        <ele>2092</ele>
        <time>2025-08-13T03:36:02.000Z</time>
        <extensions>
          <ns3:TrackPointExtension>
            <ns3:atemp>17.0</ns3:atemp>
          </ns3:TrackPointExtension>
        </extensions>
      </trkpt>
      <trkpt lat="48.80291196517646312713623046875" lon="89.94848239235579967498779296875">
        <ele>2092.39990234375</ele>
        <time>2025-08-13T03:36:05.000Z</time>
        <extensions>
          <ns3:TrackPointExtension>
            <ns3:atemp>17.0</ns3:atemp>
          </ns3:TrackPointExtension>
        </extensions>
      </trkpt>
      <trkpt lat="48.80314313806593418121337890625" lon="89.94860728271305561065673828125">
        <ele>2093</ele>
        <time>2025-08-13T03:36:12.000Z</time>
        <extensions>
          <ns3:TrackPointExtension>
            <ns3:atemp>17.0</ns3:atemp>
          </ns3:TrackPointExtension>
        </extensions>
      </trkpt>
      <trkpt lat="48.80320608615875244140625" lon="89.94864466600120067596435546875">
        <ele>2093.199951171875</ele>
        <time>2025-08-13T03:36:14.000Z</time>
        <extensions>
          <ns3:TrackPointExtension>
            <ns3:atemp>17.0</ns3:atemp>
          </ns3:TrackPointExtension>
        </extensions>
      </trkpt>
      <trkpt lat="48.80330071784555912017822265625" lon="89.948699735105037689208984375">
        <ele>2094</ele>
        <time>2025-08-13T03:36:17.000Z</time>
        <extensions>
          <ns3:TrackPointExtension>
            <ns3:atemp>17.0</ns3:atemp>
          </ns3:TrackPointExtension>
        </extensions>
      </trkpt>
      <trkpt lat="48.80356592126190662384033203125" lon="89.94885941036045551300048828125">
        <ele>2095.199951171875</ele>
        <time>2025-08-13T03:36:25.000Z</time>
        <extensions>
          <ns3:TrackPointExtension>
            <ns3:atemp>17.0</ns3:atemp>
          </ns3:TrackPointExtension>
        </extensions>
      </trkpt>
      <trkpt lat="48.80387186072766780853271484375" lon="89.94901950471103191375732421875">
        <ele>2096.39990234375</ele>
        <time>2025-08-13T03:36:34.000Z</time>
        <extensions>
          <ns3:TrackPointExtension>
            <ns3:atemp>17.0</ns3:atemp>
          </ns3:TrackPointExtension>
        </extensions>
      </trkpt>
      <trkpt lat="48.804226331412792205810546875" lon="89.94919426739215850830078125">
        <ele>2097.39990234375</ele>
        <time>2025-08-13T03:36:44.000Z</time>
        <extensions>
          <ns3:TrackPointExtension>
            <ns3:atemp>17.0</ns3:atemp>
          </ns3:TrackPointExtension>
        </extensions>
      </trkpt>
      <trkpt lat="48.804299421608448028564453125" lon="89.94922888465225696563720703125">
        <ele>2097.60009765625</ele>
        <time>2025-08-13T03:36:46.000Z</time>
        <extensions>
          <ns3:TrackPointExtension>
            <ns3:atemp>17.0</ns3:atemp>
          </ns3:TrackPointExtension>
        </extensions>
      </trkpt>
      <trkpt lat="48.8045543991029262542724609375" lon="89.94935126043856143951416015625">
        <ele>2098.39990234375</ele>
        <time>2025-08-13T03:36:53.000Z</time>
        <extensions>
          <ns3:TrackPointExtension>
            <ns3:atemp>17.0</ns3:atemp>
          </ns3:TrackPointExtension>
        </extensions>
      </trkpt>
      <trkpt lat="48.8047067821025848388671875" lon="89.94940021075308322906494140625">
        <ele>2099</ele>
        <time>2025-08-13T03:36:57.000Z</time>
        <extensions>
          <ns3:TrackPointExtension>
            <ns3:atemp>17.0</ns3:atemp>
          </ns3:TrackPointExtension>
        </extensions>
      </trkpt>
      <trkpt lat="48.80494491197168827056884765625" lon="89.949486963450908660888671875">
        <ele>2099.60009765625</ele>
        <time>2025-08-13T03:37:03.000Z</time>
        <extensions>
          <ns3:TrackPointExtension>
            <ns3:atemp>17.0</ns3:atemp>
          </ns3:TrackPointExtension>
        </extensions>
      </trkpt>
      <trkpt lat="48.80513920448720455169677734375" lon="89.94954563677310943603515625">
        <ele>2099.800048828125</ele>
        <time>2025-08-13T03:37:08.000Z</time>
        <extensions>
          <ns3:TrackPointExtension>
            <ns3:atemp>17.0</ns3:atemp>
          </ns3:TrackPointExtension>
        </extensions>
      </trkpt>
      <trkpt lat="48.8053315691649913787841796875" lon="89.94960037060081958770751953125">
        <ele>2100.60009765625</ele>
        <time>2025-08-13T03:37:13.000Z</time>
        <extensions>
          <ns3:TrackPointExtension>
            <ns3:atemp>17.0</ns3:atemp>
          </ns3:TrackPointExtension>
        </extensions>
      </trkpt>
      <trkpt lat="48.80556182004511356353759765625" lon="89.94967781938612461090087890625">
        <ele>2101.39990234375</ele>
        <time>2025-08-13T03:37:19.000Z</time>
        <extensions>
          <ns3:TrackPointExtension>
            <ns3:atemp>17.0</ns3:atemp>
          </ns3:TrackPointExtension>
        </extensions>
      </trkpt>
      <trkpt lat="48.8056769035756587982177734375" lon="89.94971151463687419891357421875">
        <ele>2101.800048828125</ele>
        <time>2025-08-13T03:37:22.000Z</time>
        <extensions>
          <ns3:TrackPointExtension>
            <ns3:atemp>17.0</ns3:atemp>
          </ns3:TrackPointExtension>
        </extensions>
      </trkpt>
      <trkpt lat="48.8058763928711414337158203125" lon="89.9497543461620807647705078125">
        <ele>2102.60009765625</ele>
        <time>2025-08-13T03:37:27.000Z</time>
        <extensions>
          <ns3:TrackPointExtension>
            <ns3:atemp>17.0</ns3:atemp>
          </ns3:TrackPointExtension>
        </extensions>
      </trkpt>
      <trkpt lat="48.805955015122890472412109375" lon="89.94977856986224651336669921875">
        <ele>2102.800048828125</ele>
        <time>2025-08-13T03:37:29.000Z</time>
        <extensions>
          <ns3:TrackPointExtension>
            <ns3:atemp>17.0</ns3:atemp>
          </ns3:TrackPointExtension>
        </extensions>
      </trkpt>
      <trkpt lat="48.80623631179332733154296875" lon="89.94986741803586483001708984375">
        <ele>2103.60009765625</ele>
        <time>2025-08-13T03:37:36.000Z</time>
        <extensions>
          <ns3:TrackPointExtension>
            <ns3:atemp>17.0</ns3:atemp>
          </ns3:TrackPointExtension>
        </extensions>
      </trkpt>
      <trkpt lat="48.8063172809779644012451171875" lon="89.94989071972668170928955078125">
        <ele>2103.800048828125</ele>
        <time>2025-08-13T03:37:38.000Z</time>
        <extensions>
          <ns3:TrackPointExtension>
            <ns3:atemp>17.0</ns3:atemp>
          </ns3:TrackPointExtension>
        </extensions>
      </trkpt>
      <trkpt lat="48.80664291791617870330810546875" lon="89.94997571222484111785888671875">
        <ele>2105</ele>
        <time>2025-08-13T03:37:46.000Z</time>
        <extensions>
          <ns3:TrackPointExtension>
            <ns3:atemp>17.0</ns3:atemp>
          </ns3:TrackPointExtension>
        </extensions>
      </trkpt>
      <trkpt lat="48.80668180994689464569091796875" lon="89.94998727925121784210205078125">
        <ele>2105.199951171875</ele>
        <time>2025-08-13T03:37:47.000Z</time>
        <extensions>
          <ns3:TrackPointExtension>
            <ns3:atemp>17.0</ns3:atemp>
          </ns3:TrackPointExtension>
        </extensions>
      </trkpt>
      <trkpt lat="48.8069757632911205291748046875" lon="89.95007939636707305908203125">
        <ele>2106.39990234375</ele>
        <time>2025-08-13T03:37:55.000Z</time>
        <extensions>
          <ns3:TrackPointExtension>
            <ns3:atemp>17.0</ns3:atemp>
          </ns3:TrackPointExtension>
        </extensions>
      </trkpt>
      <trkpt lat="48.80701255984604358673095703125" lon="89.95008945465087890625">
        <ele>2106.39990234375</ele>
        <time>2025-08-13T03:37:56.000Z</time>
        <extensions>
          <ns3:TrackPointExtension>
            <ns3:atemp>17.0</ns3:atemp>
          </ns3:TrackPointExtension>
        </extensions>
      </trkpt>
      <trkpt lat="48.807273320853710174560546875" lon="89.95016229338943958282470703125">
        <ele>2107.39990234375</ele>
        <time>2025-08-13T03:38:03.000Z</time>
        <extensions>
          <ns3:TrackPointExtension>
            <ns3:atemp>17.0</ns3:atemp>
          </ns3:TrackPointExtension>
        </extensions>
      </trkpt>
      <trkpt lat="48.807468116283416748046875" lon="89.950220882892608642578125">
        <ele>2107.800048828125</ele>
        <time>2025-08-13T03:38:08.000Z</time>
        <extensions>
          <ns3:TrackPointExtension>
            <ns3:atemp>17.0</ns3:atemp>
          </ns3:TrackPointExtension>
        </extensions>
      </trkpt>
      <trkpt lat="48.8077455572783946990966796875" lon="89.9502954818308353424072265625">
        <ele>2108.39990234375</ele>
        <time>2025-08-13T03:38:15.000Z</time>
        <extensions>
          <ns3:TrackPointExtension>
            <ns3:atemp>17.0</ns3:atemp>
          </ns3:TrackPointExtension>
        </extensions>
      </trkpt>
      <trkpt lat="48.8078230060636997222900390625" lon="89.95031677186489105224609375">
        <ele>2108.800048828125</ele>
        <time>2025-08-13T03:38:17.000Z</time>
        <extensions>
          <ns3:TrackPointExtension>
            <ns3:atemp>17.0</ns3:atemp>
          </ns3:TrackPointExtension>
        </extensions>
      </trkpt>
      <trkpt lat="48.808019645512104034423828125" lon="89.9503756128251552581787109375">
        <ele>2109.39990234375</ele>
        <time>2025-08-13T03:38:22.000Z</time>
        <extensions>
          <ns3:TrackPointExtension>
            <ns3:atemp>17.0</ns3:atemp>
          </ns3:TrackPointExtension>
        </extensions>
      </trkpt>
      <trkpt lat="48.8081753812730312347412109375" lon="89.95042397640645503997802734375">
        <ele>2110</ele>
        <time>2025-08-13T03:38:26.000Z</time>
        <extensions>
          <ns3:TrackPointExtension>
            <ns3:atemp>17.0</ns3:atemp>
          </ns3:TrackPointExtension>
        </extensions>
      </trkpt>
      <trkpt lat="48.80839758552610874176025390625" lon="89.95048583485186100006103515625">
        <ele>2110.800048828125</ele>
        <time>2025-08-13T03:38:32.000Z</time>
        <extensions>
          <ns3:TrackPointExtension>
            <ns3:atemp>17.0</ns3:atemp>
          </ns3:TrackPointExtension>
        </extensions>
      </trkpt>
      <trkpt lat="48.8085103221237659454345703125" lon="89.950525648891925811767578125">
        <ele>2111.39990234375</ele>
        <time>2025-08-13T03:38:35.000Z</time>
        <extensions>
          <ns3:TrackPointExtension>
            <ns3:atemp>17.0</ns3:atemp>
          </ns3:TrackPointExtension>
        </extensions>
      </trkpt>
      <trkpt lat="48.80865910090506076812744140625" lon="89.9505700729787349700927734375">
        <ele>2111.800048828125</ele>
        <time>2025-08-13T03:38:39.000Z</time>
        <extensions>
          <ns3:TrackPointExtension>
            <ns3:atemp>17.0</ns3:atemp>
          </ns3:TrackPointExtension>
        </extensions>
      </trkpt>
      <trkpt lat="48.80897861905395984649658203125" lon="89.950652383267879486083984375">
        <ele>2112.800048828125</ele>
        <time>2025-08-13T03:38:47.000Z</time>
        <extensions>
          <ns3:TrackPointExtension>
            <ns3:atemp>17.0</ns3:atemp>
          </ns3:TrackPointExtension>
        </extensions>
      </trkpt>
      <trkpt lat="48.8090605102479457855224609375" lon="89.95066956616938114166259765625">
        <ele>2112.800048828125</ele>
        <time>2025-08-13T03:38:49.000Z</time>
        <extensions>
          <ns3:TrackPointExtension>
            <ns3:atemp>17.0</ns3:atemp>
          </ns3:TrackPointExtension>
        </extensions>
      </trkpt>
      <trkpt lat="48.80939637310802936553955078125" lon="89.95076310820877552032470703125">
        <ele>2113.800048828125</ele>
        <time>2025-08-13T03:38:57.000Z</time>
        <extensions>
          <ns3:TrackPointExtension>
            <ns3:atemp>17.0</ns3:atemp>
          </ns3:TrackPointExtension>
        </extensions>
      </trkpt>
      <trkpt lat="48.80989224649965763092041015625" lon="89.9509043432772159576416015625">
        <ele>2114.800048828125</ele>
        <time>2025-08-13T03:39:09.000Z</time>
        <extensions>
          <ns3:TrackPointExtension>
            <ns3:atemp>17.0</ns3:atemp>
          </ns3:TrackPointExtension>
        </extensions>
      </trkpt>
      <trkpt lat="48.80998360924422740936279296875" lon="89.95093007571995258331298828125">
        <ele>2114.800048828125</ele>
        <time>2025-08-13T03:39:11.000Z</time>
        <extensions>
          <ns3:TrackPointExtension>
            <ns3:atemp>17.0</ns3:atemp>
          </ns3:TrackPointExtension>
        </extensions>
      </trkpt>
      <trkpt lat="48.81037370301783084869384765625" lon="89.95103468187153339385986328125">
        <ele>2115.800048828125</ele>
        <time>2025-08-13T03:39:19.000Z</time>
        <extensions>
          <ns3:TrackPointExtension>
            <ns3:atemp>17.0</ns3:atemp>
          </ns3:TrackPointExtension>
        </extensions>
      </trkpt>
      <trkpt lat="48.810467161238193511962890625" lon="89.95106116868555545806884765625">
        <ele>2116</ele>
        <time>2025-08-13T03:39:21.000Z</time>
        <extensions>
          <ns3:TrackPointExtension>
            <ns3:atemp>17.0</ns3:atemp>
          </ns3:TrackPointExtension>
        </extensions>
      </trkpt>
      <trkpt lat="48.81078341044485569000244140625" lon="89.9511450715363025665283203125">
        <ele>2116.199951171875</ele>
        <time>2025-08-13T03:39:28.000Z</time>
        <extensions>
          <ns3:TrackPointExtension>
            <ns3:atemp>17.0</ns3:atemp>
          </ns3:TrackPointExtension>
        </extensions>
      </trkpt>
      <trkpt lat="48.8111392222344875335693359375" lon="89.95124691165983676910400390625">
        <ele>2117</ele>
        <time>2025-08-13T03:39:36.000Z</time>
        <extensions>
          <ns3:TrackPointExtension>
            <ns3:atemp>17.0</ns3:atemp>
          </ns3:TrackPointExtension>
        </extensions>
      </trkpt>
      <trkpt lat="48.8113638572394847869873046875" lon="89.95129711925983428955078125">
        <ele>2117.39990234375</ele>
        <time>2025-08-13T03:39:42.000Z</time>
        <extensions>
          <ns3:TrackPointExtension>
            <ns3:atemp>17.0</ns3:atemp>
          </ns3:TrackPointExtension>
        </extensions>
      </trkpt>
      <trkpt lat="48.81162361241877079010009765625" lon="89.95138169266283512115478515625">
        <ele>2118</ele>
        <time>2025-08-13T03:39:48.000Z</time>
        <extensions>
          <ns3:TrackPointExtension>
            <ns3:atemp>17.0</ns3:atemp>
          </ns3:TrackPointExtension>
        </extensions>
      </trkpt>
      <trkpt lat="48.8118644244968891143798828125" lon="89.9514481611549854278564453125">
        <ele>2118.60009765625</ele>
        <time>2025-08-13T03:39:53.000Z</time>
        <extensions>
          <ns3:TrackPointExtension>
            <ns3:atemp>17.0</ns3:atemp>
          </ns3:TrackPointExtension>
        </extensions>
      </trkpt>
      <trkpt lat="48.8121534325182437896728515625" lon="89.95152435265481472015380859375">
        <ele>2119</ele>
        <time>2025-08-13T03:39:59.000Z</time>
        <extensions>
          <ns3:TrackPointExtension>
            <ns3:atemp>17.0</ns3:atemp>
          </ns3:TrackPointExtension>
        </extensions>
      </trkpt>
      <trkpt lat="48.812424503266811370849609375" lon="89.95159124024212360382080078125">
        <ele>2119.60009765625</ele>
        <time>2025-08-13T03:40:05.000Z</time>
        <extensions>
          <ns3:TrackPointExtension>
            <ns3:atemp>17.0</ns3:atemp>
          </ns3:TrackPointExtension>
        </extensions>
      </trkpt>
      <trkpt lat="48.81280495785176753997802734375" lon="89.9517046473920345306396484375">
        <ele>2120.199951171875</ele>
        <time>2025-08-13T03:40:13.000Z</time>
        <extensions>
          <ns3:TrackPointExtension>
            <ns3:atemp>17.0</ns3:atemp>
          </ns3:TrackPointExtension>
        </extensions>
      </trkpt>
      <trkpt lat="48.8128937222063541412353515625" lon="89.95172803290188312530517578125">
        <ele>2120.199951171875</ele>
        <time>2025-08-13T03:40:15.000Z</time>
        <extensions>
          <ns3:TrackPointExtension>
            <ns3:atemp>17.0</ns3:atemp>
          </ns3:TrackPointExtension>
        </extensions>
      </trkpt>
      <trkpt lat="48.8133201934397220611572265625" lon="89.95184102095663547515869140625">
        <ele>2121.199951171875</ele>
        <time>2025-08-13T03:40:25.000Z</time>
        <extensions>
          <ns3:TrackPointExtension>
            <ns3:atemp>17.0</ns3:atemp>
          </ns3:TrackPointExtension>
        </extensions>
      </trkpt>
      <trkpt lat="48.81364683620631694793701171875" lon="89.95193271897733211517333984375">
        <ele>2121.800048828125</ele>
        <time>2025-08-13T03:40:34.000Z</time>
        <extensions>
          <ns3:TrackPointExtension>
            <ns3:atemp>17.0</ns3:atemp>
          </ns3:TrackPointExtension>
        </extensions>
      </trkpt>
      <trkpt lat="48.8139622472226619720458984375" lon="89.95201553218066692352294921875">
        <ele>2122</ele>
        <time>2025-08-13T03:40:42.000Z</time>
        <extensions>
          <ns3:TrackPointExtension>
            <ns3:atemp>17.0</ns3:atemp>
          </ns3:TrackPointExtension>
        </extensions>
      </trkpt>
      <trkpt lat="48.81400004960596561431884765625" lon="89.95202525518834590911865234375">
        <ele>2122.199951171875</ele>
        <time>2025-08-13T03:40:43.000Z</time>
        <extensions>
          <ns3:TrackPointExtension>
            <ns3:atemp>17.0</ns3:atemp>
          </ns3:TrackPointExtension>
        </extensions>
      </trkpt>
      <trkpt lat="48.814345635473728179931640625" lon="89.95211519300937652587890625">
        <ele>2122.60009765625</ele>
        <time>2025-08-13T03:40:52.000Z</time>
        <extensions>
          <ns3:TrackPointExtension>
            <ns3:atemp>17.0</ns3:atemp>
          </ns3:TrackPointExtension>
        </extensions>
      </trkpt>
      <trkpt lat="48.81459214724600315093994140625" lon="89.9521710164844989776611328125">
        <ele>2123.199951171875</ele>
        <time>2025-08-13T03:40:58.000Z</time>
        <extensions>
          <ns3:TrackPointExtension>
            <ns3:atemp>17.0</ns3:atemp>
          </ns3:TrackPointExtension>
        </extensions>
      </trkpt>
      <trkpt lat="48.8148165307939052581787109375" lon="89.95222994126379489898681640625">
        <ele>2123.39990234375</ele>
        <time>2025-08-13T03:41:03.000Z</time>
        <extensions>
          <ns3:TrackPointExtension>
            <ns3:atemp>17.0</ns3:atemp>
          </ns3:TrackPointExtension>
        </extensions>
      </trkpt>
      <trkpt lat="48.81507393904030323028564453125" lon="89.95229632593691349029541015625">
        <ele>2123.800048828125</ele>
        <time>2025-08-13T03:41:09.000Z</time>
        <extensions>
          <ns3:TrackPointExtension>
            <ns3:atemp>17.0</ns3:atemp>
          </ns3:TrackPointExtension>
        </extensions>
      </trkpt>
      <trkpt lat="48.8151119090616703033447265625" lon="89.952301271259784698486328125">
        <ele>2123.800048828125</ele>
        <time>2025-08-13T03:41:10.000Z</time>
        <extensions>
          <ns3:TrackPointExtension>
            <ns3:atemp>17.0</ns3:atemp>
          </ns3:TrackPointExtension>
        </extensions>
      </trkpt>
      <trkpt lat="48.81532338447868824005126953125" lon="89.952363632619380950927734375">
        <ele>2124.199951171875</ele>
        <time>2025-08-13T03:41:16.000Z</time>
        <extensions>
          <ns3:TrackPointExtension>
            <ns3:atemp>17.0</ns3:atemp>
          </ns3:TrackPointExtension>
        </extensions>
      </trkpt>
      <trkpt lat="48.815712220966815948486328125" lon="89.9524637125432491302490234375">
        <ele>2124.60009765625</ele>
        <time>2025-08-13T03:41:25.000Z</time>
        <extensions>
          <ns3:TrackPointExtension>
            <ns3:atemp>17.0</ns3:atemp>
          </ns3:TrackPointExtension>
        </extensions>
      </trkpt>
      <trkpt lat="48.81603802554309368133544921875" lon="89.9525572545826435089111328125">
        <ele>2125.199951171875</ele>
        <time>2025-08-13T03:41:33.000Z</time>
        <extensions>
          <ns3:TrackPointExtension>
            <ns3:atemp>17.0</ns3:atemp>
          </ns3:TrackPointExtension>
        </extensions>
      </trkpt>
      <trkpt lat="48.81643298082053661346435546875" lon="89.9526447616517543792724609375">
        <ele>2126</ele>
        <time>2025-08-13T03:41:42.000Z</time>
        <extensions>
          <ns3:TrackPointExtension>
            <ns3:atemp>17.0</ns3:atemp>
          </ns3:TrackPointExtension>
        </extensions>
      </trkpt>
      <trkpt lat="48.81658150814473628997802734375" lon="89.95269631035625934600830078125">
        <ele>2126.199951171875</ele>
        <time>2025-08-13T03:41:46.000Z</time>
        <extensions>
          <ns3:TrackPointExtension>
            <ns3:atemp>17.0</ns3:atemp>
          </ns3:TrackPointExtension>
        </extensions>
      </trkpt>
      <trkpt lat="48.81661956198513507843017578125" lon="89.9527044408023357391357421875">
        <ele>2126.199951171875</ele>
        <time>2025-08-13T03:41:47.000Z</time>
        <extensions>
          <ns3:TrackPointExtension>
            <ns3:atemp>17.0</ns3:atemp>
          </ns3:TrackPointExtension>
        </extensions>
      </trkpt>
      <trkpt lat="48.81697990000247955322265625" lon="89.952793121337890625">
        <ele>2127.199951171875</ele>
        <time>2025-08-13T03:41:55.000Z</time>
        <extensions>
          <ns3:TrackPointExtension>
            <ns3:atemp>17.0</ns3:atemp>
          </ns3:TrackPointExtension>
        </extensions>
      </trkpt>
      <trkpt lat="48.8170692510902881622314453125" lon="89.95281700976192951202392578125">
        <ele>2127.60009765625</ele>
        <time>2025-08-13T03:41:57.000Z</time>
        <extensions>
          <ns3:TrackPointExtension>
            <ns3:atemp>17.0</ns3:atemp>
          </ns3:TrackPointExtension>
        </extensions>
      </trkpt>
      <trkpt lat="48.8172952271997928619384765625" lon="89.95288222096860408782958984375">
        <ele>2128</ele>
        <time>2025-08-13T03:42:03.000Z</time>
        <extensions>
          <ns3:TrackPointExtension>
            <ns3:atemp>17.0</ns3:atemp>
          </ns3:TrackPointExtension>
        </extensions>
      </trkpt>
      <trkpt lat="48.81733663380146026611328125" lon="89.95289278216660022735595703125">
        <ele>2128.39990234375</ele>
        <time>2025-08-13T03:42:04.000Z</time>
        <extensions>
          <ns3:TrackPointExtension>
            <ns3:atemp>17.0</ns3:atemp>
          </ns3:TrackPointExtension>
        </extensions>
      </trkpt>
      <trkpt lat="48.8176241330802440643310546875" lon="89.95297375135123729705810546875">
        <ele>2128.60009765625</ele>
        <time>2025-08-13T03:42:11.000Z</time>
        <extensions>
          <ns3:TrackPointExtension>
            <ns3:atemp>17.0</ns3:atemp>
          </ns3:TrackPointExtension>
        </extensions>
      </trkpt>
      <trkpt lat="48.81795446388423442840576171875" lon="89.95305153541266918182373046875">
        <ele>2129.39990234375</ele>
        <time>2025-08-13T03:42:20.000Z</time>
        <extensions>
          <ns3:TrackPointExtension>
            <ns3:atemp>17.0</ns3:atemp>
          </ns3:TrackPointExtension>
        </extensions>
      </trkpt>
      <trkpt lat="48.81798975169658660888671875" lon="89.953062348067760467529296875">
        <ele>2129.39990234375</ele>
        <time>2025-08-13T03:42:21.000Z</time>
        <extensions>
          <ns3:TrackPointExtension>
            <ns3:atemp>17.0</ns3:atemp>
          </ns3:TrackPointExtension>
        </extensions>
      </trkpt>
      <trkpt lat="48.818347491323947906494140625" lon="89.9531654454767704010009765625">
        <ele>2130</ele>
        <time>2025-08-13T03:42:31.000Z</time>
        <extensions>
          <ns3:TrackPointExtension>
            <ns3:atemp>17.0</ns3:atemp>
          </ns3:TrackPointExtension>
        </extensions>
      </trkpt>
      <trkpt lat="48.81842167116701602935791015625" lon="89.9531862325966358184814453125">
        <ele>2130.39990234375</ele>
        <time>2025-08-13T03:42:33.000Z</time>
        <extensions>
          <ns3:TrackPointExtension>
            <ns3:atemp>17.0</ns3:atemp>
          </ns3:TrackPointExtension>
        </extensions>
      </trkpt>
      <trkpt lat="48.818739093840122222900390625" lon="89.953272901475429534912109375">
        <ele>2131.199951171875</ele>
        <time>2025-08-13T03:42:41.000Z</time>
        <extensions>
          <ns3:TrackPointExtension>
            <ns3:atemp>17.0</ns3:atemp>
          </ns3:TrackPointExtension>
        </extensions>
      </trkpt>
      <trkpt lat="48.8188613019883632659912109375" lon="89.9533049203455448150634765625">
        <ele>2131.60009765625</ele>
        <time>2025-08-13T03:42:44.000Z</time>
        <extensions>
          <ns3:TrackPointExtension>
            <ns3:atemp>17.0</ns3:atemp>
          </ns3:TrackPointExtension>
        </extensions>
      </trkpt>
      <trkpt lat="48.819148130714893341064453125" lon="89.95339117012917995452880859375">
        <ele>2132.199951171875</ele>
        <time>2025-08-13T03:42:51.000Z</time>
        <extensions>
          <ns3:TrackPointExtension>
            <ns3:atemp>17.0</ns3:atemp>
          </ns3:TrackPointExtension>
        </extensions>
      </trkpt>
      <trkpt lat="48.81926782429218292236328125" lon="89.95341698639094829559326171875">
        <ele>2132.60009765625</ele>
        <time>2025-08-13T03:42:54.000Z</time>
        <extensions>
          <ns3:TrackPointExtension>
            <ns3:atemp>17.0</ns3:atemp>
          </ns3:TrackPointExtension>
        </extensions>
      </trkpt>
      <trkpt lat="48.81939799524843692779541015625" lon="89.95345537550747394561767578125">
        <ele>2133</ele>
        <time>2025-08-13T03:42:58.000Z</time>
        <extensions>
          <ns3:TrackPointExtension>
            <ns3:atemp>17.0</ns3:atemp>
          </ns3:TrackPointExtension>
        </extensions>
      </trkpt>
      <trkpt lat="48.819699324667453765869140625" lon="89.9535365961492061614990234375">
        <ele>2133.60009765625</ele>
        <time>2025-08-13T03:43:06.000Z</time>
        <extensions>
          <ns3:TrackPointExtension>
            <ns3:atemp>17.0</ns3:atemp>
          </ns3:TrackPointExtension>
        </extensions>
      </trkpt>
      <trkpt lat="48.82000903598964214324951171875" lon="89.9536210857331752777099609375">
        <ele>2134.60009765625</ele>
        <time>2025-08-13T03:43:14.000Z</time>
        <extensions>
          <ns3:TrackPointExtension>
            <ns3:atemp>17.0</ns3:atemp>
          </ns3:TrackPointExtension>
        </extensions>
      </trkpt>
      <trkpt lat="48.82004876621067523956298828125" lon="89.9536344967782497406005859375">
        <ele>2134.800048828125</ele>
        <time>2025-08-13T03:43:15.000Z</time>
        <extensions>
          <ns3:TrackPointExtension>
            <ns3:atemp>17.0</ns3:atemp>
          </ns3:TrackPointExtension>
        </extensions>
      </trkpt>
      <trkpt lat="48.8203630037605762481689453125" lon="89.9537152983248233795166015625">
        <ele>2135.60009765625</ele>
        <time>2025-08-13T03:43:23.000Z</time>
        <extensions>
          <ns3:TrackPointExtension>
            <ns3:atemp>17.0</ns3:atemp>
          </ns3:TrackPointExtension>
        </extensions>
      </trkpt>
      <trkpt lat="48.820522762835025787353515625" lon="89.9537551961839199066162109375">
        <ele>2136</ele>
        <time>2025-08-13T03:43:27.000Z</time>
        <extensions>
          <ns3:TrackPointExtension>
            <ns3:atemp>17.0</ns3:atemp>
          </ns3:TrackPointExtension>
        </extensions>
      </trkpt>
      <trkpt lat="48.8207437098026275634765625" lon="89.953810013830661773681640625">
        <ele>2136.800048828125</ele>
        <time>2025-08-13T03:43:33.000Z</time>
        <extensions>
          <ns3:TrackPointExtension>
            <ns3:atemp>17.0</ns3:atemp>
          </ns3:TrackPointExtension>
        </extensions>
      </trkpt>
      <trkpt lat="48.82084119133651256561279296875" lon="89.95383507572114467620849609375">
        <ele>2137</ele>
        <time>2025-08-13T03:43:36.000Z</time>
        <extensions>
          <ns3:TrackPointExtension>
            <ns3:atemp>17.0</ns3:atemp>
          </ns3:TrackPointExtension>
        </extensions>
      </trkpt>
      <trkpt lat="48.82114361040294170379638671875" lon="89.9539037235081195831298828125">
        <ele>2137.800048828125</ele>
        <time>2025-08-13T03:43:44.000Z</time>
        <extensions>
          <ns3:TrackPointExtension>
            <ns3:atemp>17.0</ns3:atemp>
          </ns3:TrackPointExtension>
        </extensions>
      </trkpt>
      <trkpt lat="48.8212192989885807037353515625" lon="89.95392241515219211578369140625">
        <ele>2138.199951171875</ele>
        <time>2025-08-13T03:43:46.000Z</time>
        <extensions>
          <ns3:TrackPointExtension>
            <ns3:atemp>17.0</ns3:atemp>
          </ns3:TrackPointExtension>
        </extensions>
      </trkpt>
      <trkpt lat="48.82152515463531017303466796875" lon="89.9540033005177974700927734375">
        <ele>2139</ele>
        <time>2025-08-13T03:43:54.000Z</time>
        <extensions>
          <ns3:TrackPointExtension>
            <ns3:atemp>17.0</ns3:atemp>
          </ns3:TrackPointExtension>
        </extensions>
      </trkpt>
      <trkpt lat="48.8216357119381427764892578125" lon="89.9540314637124538421630859375">
        <ele>2139.39990234375</ele>
        <time>2025-08-13T03:43:57.000Z</time>
        <extensions>
          <ns3:TrackPointExtension>
            <ns3:atemp>17.0</ns3:atemp>
          </ns3:TrackPointExtension>
        </extensions>
      </trkpt>
      <trkpt lat="48.82186763919889926910400390625" lon="89.954092316329479217529296875">
        <ele>2140</ele>
        <time>2025-08-13T03:44:03.000Z</time>
        <extensions>
          <ns3:TrackPointExtension>
            <ns3:atemp>17.0</ns3:atemp>
          </ns3:TrackPointExtension>
        </extensions>
      </trkpt>
      <trkpt lat="48.822071067988872528076171875" lon="89.95414788834750652313232421875">
        <ele>2140.199951171875</ele>
        <time>2025-08-13T03:44:08.000Z</time>
        <extensions>
          <ns3:TrackPointExtension>
            <ns3:atemp>17.0</ns3:atemp>
          </ns3:TrackPointExtension>
        </extensions>
      </trkpt>
      <trkpt lat="48.8223230279982089996337890625" lon="89.95422349311411380767822265625">
        <ele>2141</ele>
        <time>2025-08-13T03:44:15.000Z</time>
        <extensions>
          <ns3:TrackPointExtension>
            <ns3:atemp>17.0</ns3:atemp>
          </ns3:TrackPointExtension>
        </extensions>
      </trkpt>
      <trkpt lat="48.8224014826118946075439453125" lon="89.9542467109858989715576171875">
        <ele>2141.199951171875</ele>
        <time>2025-08-13T03:44:17.000Z</time>
        <extensions>
          <ns3:TrackPointExtension>
            <ns3:atemp>17.0</ns3:atemp>
          </ns3:TrackPointExtension>
        </extensions>
      </trkpt>
      <trkpt lat="48.8228460587561130523681640625" lon="89.9543643929064273834228515625">
        <ele>2141.800048828125</ele>
        <time>2025-08-13T03:44:29.000Z</time>
        <extensions>
          <ns3:TrackPointExtension>
            <ns3:atemp>17.0</ns3:atemp>
          </ns3:TrackPointExtension>
        </extensions>
      </trkpt>
      <trkpt lat="48.82300305180251598358154296875" lon="89.95441325940191745758056640625">
        <ele>2142</ele>
        <time>2025-08-13T03:44:33.000Z</time>
        <extensions>
          <ns3:TrackPointExtension>
            <ns3:atemp>17.0</ns3:atemp>
          </ns3:TrackPointExtension>
        </extensions>
      </trkpt>
      <trkpt lat="48.82333883084356784820556640625" lon="89.954506717622280120849609375">
        <ele>2142.800048828125</ele>
        <time>2025-08-13T03:44:41.000Z</time>
        <extensions>
          <ns3:TrackPointExtension>
            <ns3:atemp>17.0</ns3:atemp>
          </ns3:TrackPointExtension>
        </extensions>
      </trkpt>
      <trkpt lat="48.82363823242485523223876953125" lon="89.95458550751209259033203125">
        <ele>2143</ele>
        <time>2025-08-13T03:44:48.000Z</time>
        <extensions>
          <ns3:TrackPointExtension>
            <ns3:atemp>17.0</ns3:atemp>
          </ns3:TrackPointExtension>
        </extensions>
      </trkpt>
      <trkpt lat="48.8238709978759288787841796875" lon="89.9546425044536590576171875">
        <ele>2143.39990234375</ele>
        <time>2025-08-13T03:44:54.000Z</time>
        <extensions>
          <ns3:TrackPointExtension>
            <ns3:atemp>17.0</ns3:atemp>
          </ns3:TrackPointExtension>
        </extensions>
      </trkpt>
      <trkpt lat="48.824079036712646484375" lon="89.9546963162720203399658203125">
        <ele>2143.800048828125</ele>
        <time>2025-08-13T03:45:01.000Z</time>
        <extensions>
          <ns3:TrackPointExtension>
            <ns3:atemp>17.0</ns3:atemp>
          </ns3:TrackPointExtension>
        </extensions>
      </trkpt>
      <trkpt lat="48.82417266257107257843017578125" lon="89.9547093920409679412841796875">
        <ele>2144.199951171875</ele>
        <time>2025-08-13T03:45:04.000Z</time>
        <extensions>
          <ns3:TrackPointExtension>
            <ns3:atemp>17.0</ns3:atemp>
          </ns3:TrackPointExtension>
        </extensions>
      </trkpt>
      <trkpt lat="48.824286572635173797607421875" lon="89.9547405727207660675048828125">
        <ele>2144.39990234375</ele>
        <time>2025-08-13T03:45:07.000Z</time>
        <extensions>
          <ns3:TrackPointExtension>
            <ns3:atemp>17.0</ns3:atemp>
          </ns3:TrackPointExtension>
        </extensions>
      </trkpt>
      <trkpt lat="48.82464590482413768768310546875" lon="89.954827241599559783935546875">
        <ele>2145</ele>
        <time>2025-08-13T03:45:15.000Z</time>
        <extensions>
          <ns3:TrackPointExtension>
            <ns3:atemp>17.0</ns3:atemp>
          </ns3:TrackPointExtension>
        </extensions>
      </trkpt>
      <trkpt lat="48.8248432986438274383544921875" lon="89.9548743478953838348388671875">
        <ele>2145.199951171875</ele>
        <time>2025-08-13T03:45:19.000Z</time>
        <extensions>
          <ns3:TrackPointExtension>
            <ns3:atemp>17.0</ns3:atemp>
          </ns3:TrackPointExtension>
        </extensions>
      </trkpt>
      <trkpt lat="48.82503549568355083465576171875" lon="89.9549241364002227783203125">
        <ele>2145.39990234375</ele>
        <time>2025-08-13T03:45:23.000Z</time>
        <extensions>
          <ns3:TrackPointExtension>
            <ns3:atemp>17.0</ns3:atemp>
          </ns3:TrackPointExtension>
        </extensions>
      </trkpt>
      <trkpt lat="48.8254903815686702728271484375" lon="89.95504810474812984466552734375">
        <ele>2146</ele>
        <time>2025-08-13T03:45:34.000Z</time>
        <extensions>
          <ns3:TrackPointExtension>
            <ns3:atemp>17.0</ns3:atemp>
          </ns3:TrackPointExtension>
        </extensions>
      </trkpt>
      <trkpt lat="48.82552868686616420745849609375" lon="89.955054558813571929931640625">
        <ele>2146.199951171875</ele>
        <time>2025-08-13T03:45:35.000Z</time>
        <extensions>
          <ns3:TrackPointExtension>
            <ns3:atemp>17.0</ns3:atemp>
          </ns3:TrackPointExtension>
        </extensions>
      </trkpt>
      <trkpt lat="48.82577142678201198577880859375" lon="89.955123625695705413818359375">
        <ele>2146.60009765625</ele>
        <time>2025-08-13T03:45:42.000Z</time>
        <extensions>
          <ns3:TrackPointExtension>
            <ns3:atemp>17.0</ns3:atemp>
          </ns3:TrackPointExtension>
        </extensions>
      </trkpt>
      <trkpt lat="48.82597896270453929901123046875" lon="89.95517785660922527313232421875">
        <ele>2147</ele>
        <time>2025-08-13T03:45:49.000Z</time>
        <extensions>
          <ns3:TrackPointExtension>
            <ns3:atemp>17.0</ns3:atemp>
          </ns3:TrackPointExtension>
        </extensions>
      </trkpt>
      <trkpt lat="48.825986422598361968994140625" lon="89.9551801197230815887451171875">
        <ele>2147.199951171875</ele>
        <time>2025-08-13T03:45:51.000Z</time>
        <extensions>
          <ns3:TrackPointExtension>
            <ns3:atemp>17.0</ns3:atemp>
          </ns3:TrackPointExtension>
        </extensions>
      </trkpt>
      <trkpt lat="48.825986422598361968994140625" lon="89.9551801197230815887451171875">
        <ele>2148.60009765625</ele>
        <time>2025-08-13T03:45:52.000Z</time>
        <extensions>
          <ns3:TrackPointExtension>
            <ns3:atemp>17.0</ns3:atemp>
          </ns3:TrackPointExtension>
        </extensions>
      </trkpt>
      <trkpt lat="48.826037384569644927978515625" lon="89.95519428513944149017333984375">
        <ele>2146.800048828125</ele>
        <time>2025-08-13T03:50:16.000Z</time>
        <extensions>
          <ns3:TrackPointExtension>
            <ns3:atemp>17.0</ns3:atemp>
          </ns3:TrackPointExtension>
        </extensions>
      </trkpt>
      <trkpt lat="48.82616638205945491790771484375" lon="89.95521406643092632293701171875">
        <ele>2146.60009765625</ele>
        <time>2025-08-13T03:50:22.000Z</time>
        <extensions>
          <ns3:TrackPointExtension>
            <ns3:atemp>17.0</ns3:atemp>
          </ns3:TrackPointExtension>
        </extensions>
      </trkpt>
      <trkpt lat="48.826367966830730438232421875" lon="89.9552693031728267669677734375">
        <ele>2147</ele>
        <time>2025-08-13T03:50:28.000Z</time>
        <extensions>
          <ns3:TrackPointExtension>
            <ns3:atemp>17.0</ns3:atemp>
          </ns3:TrackPointExtension>
        </extensions>
      </trkpt>
      <trkpt lat="48.82670198567211627960205078125" lon="89.95535387657582759857177734375">
        <ele>2147</ele>
        <time>2025-08-13T03:50:36.000Z</time>
        <extensions>
          <ns3:TrackPointExtension>
            <ns3:atemp>17.0</ns3:atemp>
          </ns3:TrackPointExtension>
        </extensions>
      </trkpt>
      <trkpt lat="48.82728167809545993804931640625" lon="89.95550240390002727508544921875">
        <ele>2147</ele>
        <time>2025-08-13T03:50:48.000Z</time>
        <extensions>
          <ns3:TrackPointExtension>
            <ns3:atemp>17.0</ns3:atemp>
          </ns3:TrackPointExtension>
        </extensions>
      </trkpt>
      <trkpt lat="48.82781929336488246917724609375" lon="89.95563693344593048095703125">
        <ele>2147.199951171875</ele>
        <time>2025-08-13T03:50:59.000Z</time>
        <extensions>
          <ns3:TrackPointExtension>
            <ns3:atemp>17.0</ns3:atemp>
          </ns3:TrackPointExtension>
        </extensions>
      </trkpt>
      <trkpt lat="48.828312568366527557373046875" lon="89.95575964450836181640625">
        <ele>2147</ele>
        <time>2025-08-13T03:51:08.000Z</time>
        <extensions>
          <ns3:TrackPointExtension>
            <ns3:atemp>17.0</ns3:atemp>
          </ns3:TrackPointExtension>
        </extensions>
      </trkpt>
      <trkpt lat="48.82886652834713459014892578125" lon="89.9558996222913265228271484375">
        <ele>2146.39990234375</ele>
        <time>2025-08-13T03:51:18.000Z</time>
        <extensions>
          <ns3:TrackPointExtension>
            <ns3:atemp>17.0</ns3:atemp>
          </ns3:TrackPointExtension>
        </extensions>
      </trkpt>
      <trkpt lat="48.82892419584095478057861328125" lon="89.95591445825994014739990234375">
        <ele>2146.39990234375</ele>
        <time>2025-08-13T03:51:19.000Z</time>
        <extensions>
          <ns3:TrackPointExtension>
            <ns3:atemp>17.0</ns3:atemp>
          </ns3:TrackPointExtension>
        </extensions>
      </trkpt>
      <trkpt lat="48.82945057936012744903564453125" lon="89.9560377560555934906005859375">
        <ele>2145.800048828125</ele>
        <time>2025-08-13T03:51:28.000Z</time>
        <extensions>
          <ns3:TrackPointExtension>
            <ns3:atemp>17.0</ns3:atemp>
          </ns3:TrackPointExtension>
        </extensions>
      </trkpt>
      <trkpt lat="48.829572536051273345947265625" lon="89.956068098545074462890625">
        <ele>2145.60009765625</ele>
        <time>2025-08-13T03:51:30.000Z</time>
        <extensions>
          <ns3:TrackPointExtension>
            <ns3:atemp>17.0</ns3:atemp>
          </ns3:TrackPointExtension>
        </extensions>
      </trkpt>
      <trkpt lat="48.8301497139036655426025390625" lon="89.9562090821564197540283203125">
        <ele>2144.60009765625</ele>
        <time>2025-08-13T03:51:39.000Z</time>
        <extensions>
          <ns3:TrackPointExtension>
            <ns3:atemp>17.0</ns3:atemp>
          </ns3:TrackPointExtension>
        </extensions>
      </trkpt>
      <trkpt lat="48.8306987285614013671875" lon="89.95635501109063625335693359375">
        <ele>2143.800048828125</ele>
        <time>2025-08-13T03:51:47.000Z</time>
        <extensions>
          <ns3:TrackPointExtension>
            <ns3:atemp>17.0</ns3:atemp>
          </ns3:TrackPointExtension>
        </extensions>
      </trkpt>
      <trkpt lat="48.83077056147158145904541015625" lon="89.95637428946793079376220703125">
        <ele>2143.60009765625</ele>
        <time>2025-08-13T03:51:48.000Z</time>
        <extensions>
          <ns3:TrackPointExtension>
            <ns3:atemp>17.0</ns3:atemp>
          </ns3:TrackPointExtension>
        </extensions>
      </trkpt>
      <trkpt lat="48.83137607015669345855712890625" lon="89.9565252475440502166748046875">
        <ele>2142.800048828125</ele>
        <time>2025-08-13T03:51:56.000Z</time>
        <extensions>
          <ns3:TrackPointExtension>
            <ns3:atemp>17.0</ns3:atemp>
          </ns3:TrackPointExtension>
        </extensions>
      </trkpt>
      <trkpt lat="48.83152912370860576629638671875" lon="89.95656103827059268951416015625">
        <ele>2142.60009765625</ele>
        <time>2025-08-13T03:51:58.000Z</time>
        <extensions>
          <ns3:TrackPointExtension>
            <ns3:atemp>17.0</ns3:atemp>
          </ns3:TrackPointExtension>
        </extensions>
      </trkpt>
      <trkpt lat="48.8316812552511692047119140625" lon="89.95660177432000637054443359375">
        <ele>2142.39990234375</ele>
        <time>2025-08-13T03:52:00.000Z</time>
        <extensions>
          <ns3:TrackPointExtension>
            <ns3:atemp>17.0</ns3:atemp>
          </ns3:TrackPointExtension>
        </extensions>
      </trkpt>
      <trkpt lat="48.83221392519772052764892578125" lon="89.956735633313655853271484375">
        <ele>2141.60009765625</ele>
        <time>2025-08-13T03:52:07.000Z</time>
        <extensions>
          <ns3:TrackPointExtension>
            <ns3:atemp>17.0</ns3:atemp>
          </ns3:TrackPointExtension>
        </extensions>
      </trkpt>
      <trkpt lat="48.83243839256465435028076171875" lon="89.9567938037216663360595703125">
        <ele>2141.60009765625</ele>
        <time>2025-08-13T03:52:10.000Z</time>
        <extensions>
          <ns3:TrackPointExtension>
            <ns3:atemp>17.0</ns3:atemp>
          </ns3:TrackPointExtension>
        </extensions>
      </trkpt>
      <trkpt lat="48.83258943445980548858642578125" lon="89.95683244429528713226318359375">
        <ele>2141.39990234375</ele>
        <time>2025-08-13T03:52:12.000Z</time>
        <extensions>
          <ns3:TrackPointExtension>
            <ns3:atemp>17.0</ns3:atemp>
          </ns3:TrackPointExtension>
        </extensions>
      </trkpt>
      <trkpt lat="48.83319041691720485687255859375" lon="89.95697476901113986968994140625">
        <ele>2141.199951171875</ele>
        <time>2025-08-13T03:52:20.000Z</time>
        <extensions>
          <ns3:TrackPointExtension>
            <ns3:atemp>17.0</ns3:atemp>
          </ns3:TrackPointExtension>
        </extensions>
      </trkpt>
      <trkpt lat="48.833339028060436248779296875" lon="89.957008548080921173095703125">
        <ele>2141</ele>
        <time>2025-08-13T03:52:22.000Z</time>
        <extensions>
          <ns3:TrackPointExtension>
            <ns3:atemp>17.0</ns3:atemp>
          </ns3:TrackPointExtension>
        </extensions>
      </trkpt>
      <trkpt lat="48.83378662168979644775390625" lon="89.95712153613567352294921875">
        <ele>2140.39990234375</ele>
        <time>2025-08-13T03:52:28.000Z</time>
        <extensions>
          <ns3:TrackPointExtension>
            <ns3:atemp>17.0</ns3:atemp>
          </ns3:TrackPointExtension>
        </extensions>
      </trkpt>
      <trkpt lat="48.8342337124049663543701171875" lon="89.9572239629924297332763671875">
        <ele>2139.800048828125</ele>
        <time>2025-08-13T03:52:34.000Z</time>
        <extensions>
          <ns3:TrackPointExtension>
            <ns3:atemp>17.0</ns3:atemp>
          </ns3:TrackPointExtension>
        </extensions>
      </trkpt>
      <trkpt lat="48.83468641899526119232177734375" lon="89.957332424819469451904296875">
        <ele>2139.39990234375</ele>
        <time>2025-08-13T03:52:40.000Z</time>
        <extensions>
          <ns3:TrackPointExtension>
            <ns3:atemp>17.0</ns3:atemp>
          </ns3:TrackPointExtension>
        </extensions>
      </trkpt>
      <trkpt lat="48.83529829792678356170654296875" lon="89.95749092660844326019287109375">
        <ele>2138.39990234375</ele>
        <time>2025-08-13T03:52:48.000Z</time>
        <extensions>
          <ns3:TrackPointExtension>
            <ns3:atemp>17.0</ns3:atemp>
          </ns3:TrackPointExtension>
        </extensions>
      </trkpt>
      <trkpt lat="48.83541279472410678863525390625" lon="89.95751691050827503204345703125">
        <ele>2138.199951171875</ele>
        <time>2025-08-13T03:52:49.000Z</time>
        <extensions>
          <ns3:TrackPointExtension>
            <ns3:atemp>17.0</ns3:atemp>
          </ns3:TrackPointExtension>
        </extensions>
      </trkpt>
      <trkpt lat="48.83589483797550201416015625" lon="89.95763040147721767425537109375">
        <ele>2137.199951171875</ele>
        <time>2025-08-13T03:52:55.000Z</time>
        <extensions>
          <ns3:TrackPointExtension>
            <ns3:atemp>17.0</ns3:atemp>
          </ns3:TrackPointExtension>
        </extensions>
      </trkpt>
      <trkpt lat="48.83615258149802684783935546875" lon="89.957697205245494842529296875">
        <ele>2136.39990234375</ele>
        <time>2025-08-13T03:52:58.000Z</time>
        <extensions>
          <ns3:TrackPointExtension>
            <ns3:atemp>17.0</ns3:atemp>
          </ns3:TrackPointExtension>
        </extensions>
      </trkpt>
      <trkpt lat="48.83632935583591461181640625" lon="89.95774171315133571624755859375">
        <ele>2136.199951171875</ele>
        <time>2025-08-13T03:53:00.000Z</time>
        <extensions>
          <ns3:TrackPointExtension>
            <ns3:atemp>17.0</ns3:atemp>
          </ns3:TrackPointExtension>
        </extensions>
      </trkpt>
      <trkpt lat="48.83678005076944828033447265625" lon="89.95785872451961040496826171875">
        <ele>2134.800048828125</ele>
        <time>2025-08-13T03:53:05.000Z</time>
        <extensions>
          <ns3:TrackPointExtension>
            <ns3:atemp>17.0</ns3:atemp>
          </ns3:TrackPointExtension>
        </extensions>
      </trkpt>
      <trkpt lat="48.83696696721017360687255859375" lon="89.95790448971092700958251953125">
        <ele>2134.199951171875</ele>
        <time>2025-08-13T03:53:07.000Z</time>
        <extensions>
          <ns3:TrackPointExtension>
            <ns3:atemp>17.0</ns3:atemp>
          </ns3:TrackPointExtension>
        </extensions>
      </trkpt>
      <trkpt lat="48.8373439013957977294921875" lon="89.9579974450170993804931640625">
        <ele>2133.800048828125</ele>
        <time>2025-08-13T03:53:11.000Z</time>
        <extensions>
          <ns3:TrackPointExtension>
            <ns3:atemp>17.0</ns3:atemp>
          </ns3:TrackPointExtension>
        </extensions>
      </trkpt>
      <trkpt lat="48.837796188890933990478515625" lon="89.958112277090549468994140625">
        <ele>2132.60009765625</ele>
        <time>2025-08-13T03:53:16.000Z</time>
        <extensions>
          <ns3:TrackPointExtension>
            <ns3:atemp>17.0</ns3:atemp>
          </ns3:TrackPointExtension>
        </extensions>
      </trkpt>
      <trkpt lat="48.83800783194601535797119140625" lon="89.95816114358603954315185546875">
        <ele>2132.199951171875</ele>
        <time>2025-08-13T03:53:18.000Z</time>
        <extensions>
          <ns3:TrackPointExtension>
            <ns3:atemp>17.0</ns3:atemp>
          </ns3:TrackPointExtension>
        </extensions>
      </trkpt>
      <trkpt lat="48.83855919353663921356201171875" lon="89.95829642750322818756103515625">
        <ele>2131.39990234375</ele>
        <time>2025-08-13T03:53:24.000Z</time>
        <extensions>
          <ns3:TrackPointExtension>
            <ns3:atemp>17.0</ns3:atemp>
          </ns3:TrackPointExtension>
        </extensions>
      </trkpt>
      <trkpt lat="48.83913167752325534820556640625" lon="89.95843623764812946319580078125">
        <ele>2130.800048828125</ele>
        <time>2025-08-13T03:53:30.000Z</time>
        <extensions>
          <ns3:TrackPointExtension>
            <ns3:atemp>17.0</ns3:atemp>
          </ns3:TrackPointExtension>
        </extensions>
      </trkpt>
      <trkpt lat="48.83939134888350963592529296875" lon="89.95849809609353542327880859375">
        <ele>2130.800048828125</ele>
        <time>2025-08-13T03:53:33.000Z</time>
        <extensions>
          <ns3:TrackPointExtension>
            <ns3:atemp>17.0</ns3:atemp>
          </ns3:TrackPointExtension>
        </extensions>
      </trkpt>
      <trkpt lat="48.839953355491161346435546875" lon="89.95863472111523151397705078125">
        <ele>2130.39990234375</ele>
        <time>2025-08-13T03:53:40.000Z</time>
        <extensions>
          <ns3:TrackPointExtension>
            <ns3:atemp>17.0</ns3:atemp>
          </ns3:TrackPointExtension>
        </extensions>
      </trkpt>
      <trkpt lat="48.8400328159332275390625" lon="89.9586589448153972625732421875">
        <ele>2130.39990234375</ele>
        <time>2025-08-13T03:53:41.000Z</time>
        <extensions>
          <ns3:TrackPointExtension>
            <ns3:atemp>17.0</ns3:atemp>
          </ns3:TrackPointExtension>
        </extensions>
      </trkpt>
      <trkpt lat="48.8405674137175083160400390625" lon="89.95879347436130046844482421875">
        <ele>2130.60009765625</ele>
        <time>2025-08-13T03:53:48.000Z</time>
        <extensions>
          <ns3:TrackPointExtension>
            <ns3:atemp>17.0</ns3:atemp>
          </ns3:TrackPointExtension>
        </extensions>
      </trkpt>
      <trkpt lat="48.84070797823369503021240234375" lon="89.9588242359459400177001953125">
        <ele>2130.60009765625</ele>
        <time>2025-08-13T03:53:50.000Z</time>
        <extensions>
          <ns3:TrackPointExtension>
            <ns3:atemp>17.0</ns3:atemp>
          </ns3:TrackPointExtension>
        </extensions>
      </trkpt>
      <trkpt lat="48.84116747416555881500244140625" lon="89.9589286744594573974609375">
        <ele>2130.60009765625</ele>
        <time>2025-08-13T03:53:57.000Z</time>
        <extensions>
          <ns3:TrackPointExtension>
            <ns3:atemp>17.0</ns3:atemp>
          </ns3:TrackPointExtension>
        </extensions>
      </trkpt>
      <trkpt lat="48.8416248746216297149658203125" lon="89.95905046351253986358642578125">
        <ele>2130.800048828125</ele>
        <time>2025-08-13T03:54:05.000Z</time>
        <extensions>
          <ns3:TrackPointExtension>
            <ns3:atemp>17.0</ns3:atemp>
          </ns3:TrackPointExtension>
        </extensions>
      </trkpt>
      <trkpt lat="48.84218570776283740997314453125" lon="89.9591856636106967926025390625">
        <ele>2131.39990234375</ele>
        <time>2025-08-13T03:54:15.000Z</time>
        <extensions>
          <ns3:TrackPointExtension>
            <ns3:atemp>17.0</ns3:atemp>
          </ns3:TrackPointExtension>
        </extensions>
      </trkpt>
      <trkpt lat="48.842239938676357269287109375" lon="89.95919982902705669403076171875">
        <ele>2131.39990234375</ele>
        <time>2025-08-13T03:54:16.000Z</time>
        <extensions>
          <ns3:TrackPointExtension>
            <ns3:atemp>17.0</ns3:atemp>
          </ns3:TrackPointExtension>
        </extensions>
      </trkpt>
      <trkpt lat="48.84258954785764217376708984375" lon="89.9592926166951656341552734375">
        <ele>2131.800048828125</ele>
        <time>2025-08-13T03:54:23.000Z</time>
        <extensions>
          <ns3:TrackPointExtension>
            <ns3:atemp>17.0</ns3:atemp>
          </ns3:TrackPointExtension>
        </extensions>
      </trkpt>
      <trkpt lat="48.84277730248868465423583984375" lon="89.9593365378677845001220703125">
        <ele>2132.39990234375</ele>
        <time>2025-08-13T03:54:28.000Z</time>
        <extensions>
          <ns3:TrackPointExtension>
            <ns3:atemp>17.0</ns3:atemp>
          </ns3:TrackPointExtension>
        </extensions>
      </trkpt>
      <trkpt lat="48.8428425975143909454345703125" lon="89.9593539722263813018798828125">
        <ele>2132.800048828125</ele>
        <time>2025-08-13T03:54:30.000Z</time>
        <extensions>
          <ns3:TrackPointExtension>
            <ns3:atemp>17.0</ns3:atemp>
          </ns3:TrackPointExtension>
        </extensions>
      </trkpt>
      <trkpt lat="48.843012750148773193359375" lon="89.95940015651285648345947265625">
        <ele>2133.60009765625</ele>
        <time>2025-08-13T03:54:35.000Z</time>
        <extensions>
          <ns3:TrackPointExtension>
            <ns3:atemp>17.0</ns3:atemp>
          </ns3:TrackPointExtension>
        </extensions>
      </trkpt>
      <trkpt lat="48.843192793428897857666015625" lon="89.9594414792954921722412109375">
        <ele>2134</ele>
        <time>2025-08-13T03:54:40.000Z</time>
        <extensions>
          <ns3:TrackPointExtension>
            <ns3:atemp>17.0</ns3:atemp>
          </ns3:TrackPointExtension>
        </extensions>
      </trkpt>
      <trkpt lat="48.84332581423223018646240234375" lon="89.95947374962270259857177734375">
        <ele>2134.60009765625</ele>
        <time>2025-08-13T03:54:44.000Z</time>
        <extensions>
          <ns3:TrackPointExtension>
            <ns3:atemp>17.0</ns3:atemp>
          </ns3:TrackPointExtension>
        </extensions>
      </trkpt>
      <trkpt lat="48.84348255582153797149658203125" lon="89.95951666496694087982177734375">
        <ele>2135.199951171875</ele>
        <time>2025-08-13T03:54:49.000Z</time>
        <extensions>
          <ns3:TrackPointExtension>
            <ns3:atemp>17.0</ns3:atemp>
          </ns3:TrackPointExtension>
        </extensions>
      </trkpt>
      <trkpt lat="48.8436543010175228118896484375" lon="89.9595561437308788299560546875">
        <ele>2135.800048828125</ele>
        <time>2025-08-13T03:54:55.000Z</time>
        <extensions>
          <ns3:TrackPointExtension>
            <ns3:atemp>17.0</ns3:atemp>
          </ns3:TrackPointExtension>
        </extensions>
      </trkpt>
      <trkpt lat="48.843758739531040191650390625" lon="89.95959528721868991851806640625">
        <ele>2136.39990234375</ele>
        <time>2025-08-13T03:54:59.000Z</time>
        <extensions>
          <ns3:TrackPointExtension>
            <ns3:atemp>17.0</ns3:atemp>
          </ns3:TrackPointExtension>
        </extensions>
      </trkpt>
      <trkpt lat="48.8438960351049900054931640625" lon="89.95962537825107574462890625">
        <ele>2136.800048828125</ele>
        <time>2025-08-13T03:55:04.000Z</time>
        <extensions>
          <ns3:TrackPointExtension>
            <ns3:atemp>17.0</ns3:atemp>
          </ns3:TrackPointExtension>
        </extensions>
      </trkpt>
      <trkpt lat="48.84402670897543430328369140625" lon="89.9596523679792881011962890625">
        <ele>2137.39990234375</ele>
        <time>2025-08-13T03:55:09.000Z</time>
        <extensions>
          <ns3:TrackPointExtension>
            <ns3:atemp>17.0</ns3:atemp>
          </ns3:TrackPointExtension>
        </extensions>
      </trkpt>
      <trkpt lat="48.84409703314304351806640625" lon="89.95967390947043895721435546875">
        <ele>2138</ele>
        <time>2025-08-13T03:55:12.000Z</time>
        <extensions>
          <ns3:TrackPointExtension>
            <ns3:atemp>17.0</ns3:atemp>
          </ns3:TrackPointExtension>
        </extensions>
      </trkpt>
      <trkpt lat="48.844212032854557037353515625" lon="89.959695450961589813232421875">
        <ele>2138.39990234375</ele>
        <time>2025-08-13T03:55:17.000Z</time>
        <extensions>
          <ns3:TrackPointExtension>
            <ns3:atemp>17.0</ns3:atemp>
          </ns3:TrackPointExtension>
        </extensions>
      </trkpt>
      <trkpt lat="48.84439148940145969390869140625" lon="89.9597462452948093414306640625">
        <ele>2139</ele>
        <time>2025-08-13T03:55:24.000Z</time>
        <extensions>
          <ns3:TrackPointExtension>
            <ns3:atemp>17.0</ns3:atemp>
          </ns3:TrackPointExtension>
        </extensions>
      </trkpt>
      <trkpt lat="48.84449668228626251220703125" lon="89.95977432467043399810791015625">
        <ele>2139.39990234375</ele>
        <time>2025-08-13T03:55:28.000Z</time>
        <extensions>
          <ns3:TrackPointExtension>
            <ns3:atemp>17.0</ns3:atemp>
          </ns3:TrackPointExtension>
        </extensions>
      </trkpt>
      <trkpt lat="48.84465216659009456634521484375" lon="89.9598163180053234100341796875">
        <ele>2140</ele>
        <time>2025-08-13T03:55:34.000Z</time>
        <extensions>
          <ns3:TrackPointExtension>
            <ns3:atemp>17.0</ns3:atemp>
          </ns3:TrackPointExtension>
        </extensions>
      </trkpt>
      <trkpt lat="48.84475878439843654632568359375" lon="89.95983685366809368133544921875">
        <ele>2140.60009765625</ele>
        <time>2025-08-13T03:55:38.000Z</time>
        <extensions>
          <ns3:TrackPointExtension>
            <ns3:atemp>17.0</ns3:atemp>
          </ns3:TrackPointExtension>
        </extensions>
      </trkpt>
      <trkpt lat="48.84489624761044979095458984375" lon="89.9598642624914646148681640625">
        <ele>2141</ele>
        <time>2025-08-13T03:55:43.000Z</time>
        <extensions>
          <ns3:TrackPointExtension>
            <ns3:atemp>17.0</ns3:atemp>
          </ns3:TrackPointExtension>
        </extensions>
      </trkpt>
      <trkpt lat="48.8450322858989238739013671875" lon="89.9598954431712627410888671875">
        <ele>2141.800048828125</ele>
        <time>2025-08-13T03:55:49.000Z</time>
        <extensions>
          <ns3:TrackPointExtension>
            <ns3:atemp>17.0</ns3:atemp>
          </ns3:TrackPointExtension>
        </extensions>
      </trkpt>
      <trkpt lat="48.845107555389404296875" lon="89.959909021854400634765625">
        <ele>2142.199951171875</ele>
        <time>2025-08-13T03:55:52.000Z</time>
        <extensions>
          <ns3:TrackPointExtension>
            <ns3:atemp>17.0</ns3:atemp>
          </ns3:TrackPointExtension>
        </extensions>
      </trkpt>
      <trkpt lat="48.84529137052595615386962890625" lon="89.959953613579273223876953125">
        <ele>2142.800048828125</ele>
        <time>2025-08-13T03:55:59.000Z</time>
        <extensions>
          <ns3:TrackPointExtension>
            <ns3:atemp>17.0</ns3:atemp>
          </ns3:TrackPointExtension>
        </extensions>
      </trkpt>
      <trkpt lat="48.84536513127386569976806640625" lon="89.95997984893620014190673828125">
        <ele>2143.199951171875</ele>
        <time>2025-08-13T03:56:02.000Z</time>
        <extensions>
          <ns3:TrackPointExtension>
            <ns3:atemp>17.0</ns3:atemp>
          </ns3:TrackPointExtension>
        </extensions>
      </trkpt>
      <trkpt lat="48.8455487787723541259765625" lon="89.96002972126007080078125">
        <ele>2144</ele>
        <time>2025-08-13T03:56:09.000Z</time>
        <extensions>
          <ns3:TrackPointExtension>
            <ns3:atemp>17.0</ns3:atemp>
          </ns3:TrackPointExtension>
        </extensions>
      </trkpt>
      <trkpt lat="48.84572379291057586669921875" lon="89.960068948566913604736328125">
        <ele>2144.199951171875</ele>
        <time>2025-08-13T03:56:16.000Z</time>
        <extensions>
          <ns3:TrackPointExtension>
            <ns3:atemp>17.0</ns3:atemp>
          </ns3:TrackPointExtension>
        </extensions>
      </trkpt>
      <trkpt lat="48.84583183564245700836181640625" lon="89.96008336544036865234375">
        <ele>2144.800048828125</ele>
        <time>2025-08-13T03:56:20.000Z</time>
        <extensions>
          <ns3:TrackPointExtension>
            <ns3:atemp>17.0</ns3:atemp>
          </ns3:TrackPointExtension>
        </extensions>
      </trkpt>
      <trkpt lat="48.8459727354347705841064453125" lon="89.96012284420430660247802734375">
        <ele>2145.39990234375</ele>
        <time>2025-08-13T03:56:25.000Z</time>
        <extensions>
          <ns3:TrackPointExtension>
            <ns3:atemp>17.0</ns3:atemp>
          </ns3:TrackPointExtension>
        </extensions>
      </trkpt>
      <trkpt lat="48.846090920269489288330078125" lon="89.96015083976089954376220703125">
        <ele>2146</ele>
        <time>2025-08-13T03:56:30.000Z</time>
        <extensions>
          <ns3:TrackPointExtension>
            <ns3:atemp>17.0</ns3:atemp>
          </ns3:TrackPointExtension>
        </extensions>
      </trkpt>
      <trkpt lat="48.8461588136851787567138671875" lon="89.96016022749245166778564453125">
        <ele>2146.39990234375</ele>
        <time>2025-08-13T03:56:33.000Z</time>
        <extensions>
          <ns3:TrackPointExtension>
            <ns3:atemp>17.0</ns3:atemp>
          </ns3:TrackPointExtension>
        </extensions>
      </trkpt>
      <trkpt lat="48.8463033176958560943603515625" lon="89.96020297519862651824951171875">
        <ele>2146.60009765625</ele>
        <time>2025-08-13T03:56:39.000Z</time>
        <extensions>
          <ns3:TrackPointExtension>
            <ns3:atemp>17.0</ns3:atemp>
          </ns3:TrackPointExtension>
        </extensions>
      </trkpt>
      <trkpt lat="48.84653273038566112518310546875" lon="89.960268102586269378662109375">
        <ele>2147.39990234375</ele>
        <time>2025-08-13T03:56:47.000Z</time>
        <extensions>
          <ns3:TrackPointExtension>
            <ns3:atemp>17.0</ns3:atemp>
          </ns3:TrackPointExtension>
        </extensions>
      </trkpt>
      <trkpt lat="48.84659291245043277740478515625" lon="89.96027656830847263336181640625">
        <ele>2147.60009765625</ele>
        <time>2025-08-13T03:56:49.000Z</time>
        <extensions>
          <ns3:TrackPointExtension>
            <ns3:atemp>17.0</ns3:atemp>
          </ns3:TrackPointExtension>
        </extensions>
      </trkpt>
      <trkpt lat="48.846934139728546142578125" lon="89.96036323718726634979248046875">
        <ele>2148.39990234375</ele>
        <time>2025-08-13T03:57:00.000Z</time>
        <extensions>
          <ns3:TrackPointExtension>
            <ns3:atemp>17.0</ns3:atemp>
          </ns3:TrackPointExtension>
        </extensions>
      </trkpt>
      <trkpt lat="48.8469674997031688690185546875" lon="89.9603698588907718658447265625">
        <ele>2148.39990234375</ele>
        <time>2025-08-13T03:57:01.000Z</time>
        <extensions>
          <ns3:TrackPointExtension>
            <ns3:atemp>17.0</ns3:atemp>
          </ns3:TrackPointExtension>
        </extensions>
      </trkpt>
      <trkpt lat="48.8472213037312030792236328125" lon="89.960427694022655487060546875">
        <ele>2149.60009765625</ele>
        <time>2025-08-13T03:57:08.000Z</time>
        <extensions>
          <ns3:TrackPointExtension>
            <ns3:atemp>17.0</ns3:atemp>
          </ns3:TrackPointExtension>
        </extensions>
      </trkpt>
      <trkpt lat="48.8473309390246868133544921875" lon="89.9604536779224872589111328125">
        <ele>2150</ele>
        <time>2025-08-13T03:57:11.000Z</time>
        <extensions>
          <ns3:TrackPointExtension>
            <ns3:atemp>17.0</ns3:atemp>
          </ns3:TrackPointExtension>
        </extensions>
      </trkpt>
      <trkpt lat="48.8475139997899532318115234375" lon="89.96049843728542327880859375">
        <ele>2151</ele>
        <time>2025-08-13T03:57:16.000Z</time>
        <extensions>
          <ns3:TrackPointExtension>
            <ns3:atemp>17.0</ns3:atemp>
          </ns3:TrackPointExtension>
        </extensions>
      </trkpt>
      <trkpt lat="48.8476999104022979736328125" lon="89.9605364911258220672607421875">
        <ele>2151.60009765625</ele>
        <time>2025-08-13T03:57:21.000Z</time>
        <extensions>
          <ns3:TrackPointExtension>
            <ns3:atemp>17.0</ns3:atemp>
          </ns3:TrackPointExtension>
        </extensions>
      </trkpt>
      <trkpt lat="48.84813954122364521026611328125" lon="89.96063430793583393096923828125">
        <ele>2151</ele>
        <time>2025-08-13T03:57:32.000Z</time>
        <extensions>
          <ns3:TrackPointExtension>
            <ns3:atemp>17.0</ns3:atemp>
          </ns3:TrackPointExtension>
        </extensions>
      </trkpt>
      <trkpt lat="48.84861278347671031951904296875" lon="89.9607587791979312896728515625">
        <ele>2151.39990234375</ele>
        <time>2025-08-13T03:57:44.000Z</time>
        <extensions>
          <ns3:TrackPointExtension>
            <ns3:atemp>17.0</ns3:atemp>
          </ns3:TrackPointExtension>
        </extensions>
      </trkpt>
      <trkpt lat="48.8491005264222621917724609375" lon="89.96086481027305126190185546875">
        <ele>2152</ele>
        <time>2025-08-13T03:57:55.000Z</time>
        <extensions>
          <ns3:TrackPointExtension>
            <ns3:atemp>17.0</ns3:atemp>
          </ns3:TrackPointExtension>
        </extensions>
      </trkpt>
      <trkpt lat="48.84914671070873737335205078125" lon="89.9608767963945865631103515625">
        <ele>2152</ele>
        <time>2025-08-13T03:57:56.000Z</time>
        <extensions>
          <ns3:TrackPointExtension>
            <ns3:atemp>17.0</ns3:atemp>
          </ns3:TrackPointExtension>
        </extensions>
      </trkpt>
      <trkpt lat="48.84951383806765079498291015625" lon="89.960962124168872833251953125">
        <ele>2152.60009765625</ele>
        <time>2025-08-13T03:58:05.000Z</time>
        <extensions>
          <ns3:TrackPointExtension>
            <ns3:atemp>17.0</ns3:atemp>
          </ns3:TrackPointExtension>
        </extensions>
      </trkpt>
      <trkpt lat="48.84969237260520458221435546875" lon="89.96099774725735187530517578125">
        <ele>2153.199951171875</ele>
        <time>2025-08-13T03:58:10.000Z</time>
        <extensions>
          <ns3:TrackPointExtension>
            <ns3:atemp>17.0</ns3:atemp>
          </ns3:TrackPointExtension>
        </extensions>
      </trkpt>
      <trkpt lat="48.8498944602906703948974609375" lon="89.96103462763130664825439453125">
        <ele>2153.60009765625</ele>
        <time>2025-08-13T03:58:15.000Z</time>
        <extensions>
          <ns3:TrackPointExtension>
            <ns3:atemp>17.0</ns3:atemp>
          </ns3:TrackPointExtension>
        </extensions>
      </trkpt>
      <trkpt lat="48.8503128848969936370849609375" lon="89.96113948523998260498046875">
        <ele>2153.199951171875</ele>
        <time>2025-08-13T03:58:27.000Z</time>
        <extensions>
          <ns3:TrackPointExtension>
            <ns3:atemp>17.0</ns3:atemp>
          </ns3:TrackPointExtension>
        </extensions>
      </trkpt>
      <trkpt lat="48.85070373304188251495361328125" lon="89.961232356727123260498046875">
        <ele>2153.60009765625</ele>
        <time>2025-08-13T03:58:38.000Z</time>
        <extensions>
          <ns3:TrackPointExtension>
            <ns3:atemp>17.0</ns3:atemp>
          </ns3:TrackPointExtension>
        </extensions>
      </trkpt>
      <trkpt lat="48.85112442076206207275390625" lon="89.96132321655750274658203125">
        <ele>2153.800048828125</ele>
        <time>2025-08-13T03:58:49.000Z</time>
        <extensions>
          <ns3:TrackPointExtension>
            <ns3:atemp>17.0</ns3:atemp>
          </ns3:TrackPointExtension>
        </extensions>
      </trkpt>
      <trkpt lat="48.851607553660869598388671875" lon="89.96143394149839878082275390625">
        <ele>2153.800048828125</ele>
        <time>2025-08-13T03:59:00.000Z</time>
        <extensions>
          <ns3:TrackPointExtension>
            <ns3:atemp>17.0</ns3:atemp>
          </ns3:TrackPointExtension>
        </extensions>
      </trkpt>
      <trkpt lat="48.85193587280809879302978515625" lon="89.96149412356317043304443359375">
        <ele>2153.800048828125</ele>
        <time>2025-08-13T03:59:08.000Z</time>
        <extensions>
          <ns3:TrackPointExtension>
            <ns3:atemp>17.0</ns3:atemp>
          </ns3:TrackPointExtension>
        </extensions>
      </trkpt>
      <trkpt lat="48.85225840844213962554931640625" lon="89.961561262607574462890625">
        <ele>2154</ele>
        <time>2025-08-13T03:59:17.000Z</time>
        <extensions>
          <ns3:TrackPointExtension>
            <ns3:atemp>17.0</ns3:atemp>
          </ns3:TrackPointExtension>
        </extensions>
      </trkpt>
      <trkpt lat="48.85248941369354724884033203125" lon="89.96161532588303089141845703125">
        <ele>2154</ele>
        <time>2025-08-13T03:59:25.000Z</time>
        <extensions>
          <ns3:TrackPointExtension>
            <ns3:atemp>17.0</ns3:atemp>
          </ns3:TrackPointExtension>
        </extensions>
      </trkpt>
      <trkpt lat="48.85269242338836193084716796875" lon="89.9616690538823604583740234375">
        <ele>2154</ele>
        <time>2025-08-13T03:59:32.000Z</time>
        <extensions>
          <ns3:TrackPointExtension>
            <ns3:atemp>17.0</ns3:atemp>
          </ns3:TrackPointExtension>
        </extensions>
      </trkpt>
      <trkpt lat="48.8528137095272541046142578125" lon="89.96169931255280971527099609375">
        <ele>2154.199951171875</ele>
        <time>2025-08-13T03:59:35.000Z</time>
        <extensions>
          <ns3:TrackPointExtension>
            <ns3:atemp>17.0</ns3:atemp>
          </ns3:TrackPointExtension>
        </extensions>
      </trkpt>
      <trkpt lat="48.853008337318897247314453125" lon="89.96175530366599559783935546875">
        <ele>2154.39990234375</ele>
        <time>2025-08-13T03:59:40.000Z</time>
        <extensions>
          <ns3:TrackPointExtension>
            <ns3:atemp>17.0</ns3:atemp>
          </ns3:TrackPointExtension>
        </extensions>
      </trkpt>
      <trkpt lat="48.85339600034058094024658203125" lon="89.96183861978352069854736328125">
        <ele>2154</ele>
        <time>2025-08-13T03:59:49.000Z</time>
        <extensions>
          <ns3:TrackPointExtension>
            <ns3:atemp>17.0</ns3:atemp>
          </ns3:TrackPointExtension>
        </extensions>
      </trkpt>
      <trkpt lat="48.85378860868513584136962890625" lon="89.961925037205219268798828125">
        <ele>2154.199951171875</ele>
        <time>2025-08-13T03:59:58.000Z</time>
        <extensions>
          <ns3:TrackPointExtension>
            <ns3:atemp>17.0</ns3:atemp>
          </ns3:TrackPointExtension>
        </extensions>
      </trkpt>
      <trkpt lat="48.8543021678924560546875" lon="89.96204162947833538055419921875">
        <ele>2154.199951171875</ele>
        <time>2025-08-13T04:00:09.000Z</time>
        <extensions>
          <ns3:TrackPointExtension>
            <ns3:atemp>17.0</ns3:atemp>
          </ns3:TrackPointExtension>
        </extensions>
      </trkpt>
      <trkpt lat="48.85466736741364002227783203125" lon="89.96212519705295562744140625">
        <ele>2154</ele>
        <time>2025-08-13T04:00:17.000Z</time>
        <extensions>
          <ns3:TrackPointExtension>
            <ns3:atemp>17.0</ns3:atemp>
          </ns3:TrackPointExtension>
        </extensions>
      </trkpt>
      <trkpt lat="48.855026699602603912353515625" lon="89.96215931139886379241943359375">
        <ele>2154</ele>
        <time>2025-08-13T04:00:26.000Z</time>
        <extensions>
          <ns3:TrackPointExtension>
            <ns3:atemp>17.0</ns3:atemp>
          </ns3:TrackPointExtension>
        </extensions>
      </trkpt>
      <trkpt lat="48.85521889664232730865478515625" lon="89.962231479585170745849609375">
        <ele>2154.199951171875</ele>
        <time>2025-08-13T04:00:32.000Z</time>
        <extensions>
          <ns3:TrackPointExtension>
            <ns3:atemp>17.0</ns3:atemp>
          </ns3:TrackPointExtension>
        </extensions>
      </trkpt>
      <trkpt lat="48.85555140674114227294921875" lon="89.96230666525661945343017578125">
        <ele>2154.39990234375</ele>
        <time>2025-08-13T04:00:41.000Z</time>
        <extensions>
          <ns3:TrackPointExtension>
            <ns3:atemp>17.0</ns3:atemp>
          </ns3:TrackPointExtension>
        </extensions>
      </trkpt>
      <trkpt lat="48.8559207133948802947998046875" lon="89.9623751454055309295654296875">
        <ele>2154.39990234375</ele>
        <time>2025-08-13T04:00:51.000Z</time>
        <extensions>
          <ns3:TrackPointExtension>
            <ns3:atemp>17.0</ns3:atemp>
          </ns3:TrackPointExtension>
        </extensions>
      </trkpt>
      <trkpt lat="48.856334947049617767333984375" lon="89.96244840323925018310546875">
        <ele>2154</ele>
        <time>2025-08-13T04:01:01.000Z</time>
        <extensions>
          <ns3:TrackPointExtension>
            <ns3:atemp>17.0</ns3:atemp>
          </ns3:TrackPointExtension>
        </extensions>
      </trkpt>
      <trkpt lat="48.85659746825695037841796875" lon="89.96252618730068206787109375">
        <ele>2153.800048828125</ele>
        <time>2025-08-13T04:01:08.000Z</time>
        <extensions>
          <ns3:TrackPointExtension>
            <ns3:atemp>17.0</ns3:atemp>
          </ns3:TrackPointExtension>
        </extensions>
      </trkpt>
      <trkpt lat="48.856605850160121917724609375" lon="89.9625310488045215606689453125">
        <ele>2153.60009765625</ele>
        <time>2025-08-13T04:01:11.000Z</time>
        <extensions>
          <ns3:TrackPointExtension>
            <ns3:atemp>17.0</ns3:atemp>
          </ns3:TrackPointExtension>
        </extensions>
      </trkpt>
      <trkpt lat="48.85667231865227222442626953125" lon="89.9625313840806484222412109375">
        <ele>2155.800048828125</ele>
        <time>2025-08-13T04:03:22.000Z</time>
        <extensions>
          <ns3:TrackPointExtension>
            <ns3:atemp>17.0</ns3:atemp>
          </ns3:TrackPointExtension>
        </extensions>
      </trkpt>
      <trkpt lat="48.85673400945961475372314453125" lon="89.9625434540212154388427734375">
        <ele>2155</ele>
        <time>2025-08-13T04:03:24.000Z</time>
        <extensions>
          <ns3:TrackPointExtension>
            <ns3:atemp>17.0</ns3:atemp>
          </ns3:TrackPointExtension>
        </extensions>
      </trkpt>
      <trkpt lat="48.85699753649532794952392578125" lon="89.9625885486602783203125">
        <ele>2155.199951171875</ele>
        <time>2025-08-13T04:03:30.000Z</time>
        <extensions>
          <ns3:TrackPointExtension>
            <ns3:atemp>17.0</ns3:atemp>
          </ns3:TrackPointExtension>
        </extensions>
      </trkpt>
      <trkpt lat="48.85739400051534175872802734375" lon="89.962659962475299835205078125">
        <ele>2154.60009765625</ele>
        <time>2025-08-13T04:03:37.000Z</time>
        <extensions>
          <ns3:TrackPointExtension>
            <ns3:atemp>17.0</ns3:atemp>
          </ns3:TrackPointExtension>
        </extensions>
      </trkpt>
      <trkpt lat="48.857453763484954833984375" lon="89.96266993694007396697998046875">
        <ele>2154.60009765625</ele>
        <time>2025-08-13T04:03:38.000Z</time>
        <extensions>
          <ns3:TrackPointExtension>
            <ns3:atemp>17.0</ns3:atemp>
          </ns3:TrackPointExtension>
        </extensions>
      </trkpt>
      <trkpt lat="48.8580423407256603240966796875" lon="89.96277253143489360809326171875">
        <ele>2154</ele>
        <time>2025-08-13T04:03:47.000Z</time>
        <extensions>
          <ns3:TrackPointExtension>
            <ns3:atemp>17.0</ns3:atemp>
          </ns3:TrackPointExtension>
        </extensions>
      </trkpt>
      <trkpt lat="48.858476690948009490966796875" lon="89.96283732354640960693359375">
        <ele>2153.60009765625</ele>
        <time>2025-08-13T04:03:53.000Z</time>
        <extensions>
          <ns3:TrackPointExtension>
            <ns3:atemp>17.0</ns3:atemp>
          </ns3:TrackPointExtension>
        </extensions>
      </trkpt>
      <trkpt lat="48.8586200214922428131103515625" lon="89.9628602899610996246337890625">
        <ele>2153.199951171875</ele>
        <time>2025-08-13T04:03:55.000Z</time>
        <extensions>
          <ns3:TrackPointExtension>
            <ns3:atemp>17.0</ns3:atemp>
          </ns3:TrackPointExtension>
        </extensions>
      </trkpt>
      <trkpt lat="48.85884524323046207427978515625" lon="89.96289473958313465118408203125">
        <ele>2152.60009765625</ele>
        <time>2025-08-13T04:03:58.000Z</time>
        <extensions>
          <ns3:TrackPointExtension>
            <ns3:atemp>17.0</ns3:atemp>
          </ns3:TrackPointExtension>
        </extensions>
      </trkpt>
      <trkpt lat="48.85922544635832309722900390625" lon="89.96296531520783901214599609375">
        <ele>2151.800048828125</ele>
        <time>2025-08-13T04:04:03.000Z</time>
        <extensions>
          <ns3:TrackPointExtension>
            <ns3:atemp>17.0</ns3:atemp>
          </ns3:TrackPointExtension>
        </extensions>
      </trkpt>
      <trkpt lat="48.85954345576465129852294921875" lon="89.96302532963454723358154296875">
        <ele>2151.60009765625</ele>
        <time>2025-08-13T04:04:07.000Z</time>
        <extensions>
          <ns3:TrackPointExtension>
            <ns3:atemp>17.0</ns3:atemp>
          </ns3:TrackPointExtension>
        </extensions>
      </trkpt>
      <trkpt lat="48.85987512767314910888671875" lon="89.96308165602385997772216796875">
        <ele>2150.60009765625</ele>
        <time>2025-08-13T04:04:11.000Z</time>
        <extensions>
          <ns3:TrackPointExtension>
            <ns3:atemp>17.0</ns3:atemp>
          </ns3:TrackPointExtension>
        </extensions>
      </trkpt>
      <trkpt lat="48.860136307775974273681640625" lon="89.963125325739383697509765625">
        <ele>2149.39990234375</ele>
        <time>2025-08-13T04:04:14.000Z</time>
        <extensions>
          <ns3:TrackPointExtension>
            <ns3:atemp>17.0</ns3:atemp>
          </ns3:TrackPointExtension>
        </extensions>
      </trkpt>
      <trkpt lat="48.86040310375392436981201171875" lon="89.96316597796976566314697265625">
        <ele>2148.199951171875</ele>
        <time>2025-08-13T04:04:17.000Z</time>
        <extensions>
          <ns3:TrackPointExtension>
            <ns3:atemp>17.0</ns3:atemp>
          </ns3:TrackPointExtension>
        </extensions>
      </trkpt>
      <trkpt lat="48.8606809638440608978271484375" lon="89.963210485875606536865234375">
        <ele>2147.800048828125</ele>
        <time>2025-08-13T04:04:20.000Z</time>
        <extensions>
          <ns3:TrackPointExtension>
            <ns3:atemp>17.0</ns3:atemp>
          </ns3:TrackPointExtension>
        </extensions>
      </trkpt>
      <trkpt lat="48.86124867014586925506591796875" lon="89.96331165544688701629638671875">
        <ele>2147.60009765625</ele>
        <time>2025-08-13T04:04:26.000Z</time>
        <extensions>
          <ns3:TrackPointExtension>
            <ns3:atemp>17.0</ns3:atemp>
          </ns3:TrackPointExtension>
        </extensions>
      </trkpt>
      <trkpt lat="48.86144220829010009765625" lon="89.963342249393463134765625">
        <ele>2147</ele>
        <time>2025-08-13T04:04:28.000Z</time>
        <extensions>
          <ns3:TrackPointExtension>
            <ns3:atemp>17.0</ns3:atemp>
          </ns3:TrackPointExtension>
        </extensions>
      </trkpt>
      <trkpt lat="48.861539773643016815185546875" lon="89.96335842646658420562744140625">
        <ele>2146.60009765625</ele>
        <time>2025-08-13T04:04:29.000Z</time>
        <extensions>
          <ns3:TrackPointExtension>
            <ns3:atemp>17.0</ns3:atemp>
          </ns3:TrackPointExtension>
        </extensions>
      </trkpt>
      <trkpt lat="48.86173482052981853485107421875" lon="89.963392876088619232177734375">
        <ele>2145.60009765625</ele>
        <time>2025-08-13T04:04:31.000Z</time>
        <extensions>
          <ns3:TrackPointExtension>
            <ns3:atemp>17.0</ns3:atemp>
          </ns3:TrackPointExtension>
        </extensions>
      </trkpt>
      <trkpt lat="48.8622218929231166839599609375" lon="89.96347074396908283233642578125">
        <ele>2144</ele>
        <time>2025-08-13T04:04:36.000Z</time>
        <extensions>
          <ns3:TrackPointExtension>
            <ns3:atemp>17.0</ns3:atemp>
          </ns3:TrackPointExtension>
        </extensions>
      </trkpt>
      <trkpt lat="48.8624160178005695343017578125" lon="89.9635020084679126739501953125">
        <ele>2143</ele>
        <time>2025-08-13T04:04:38.000Z</time>
        <extensions>
          <ns3:TrackPointExtension>
            <ns3:atemp>17.0</ns3:atemp>
          </ns3:TrackPointExtension>
        </extensions>
      </trkpt>
      <trkpt lat="48.8626061193645000457763671875" lon="89.96353201568126678466796875">
        <ele>2142.39990234375</ele>
        <time>2025-08-13T04:04:40.000Z</time>
        <extensions>
          <ns3:TrackPointExtension>
            <ns3:atemp>17.0</ns3:atemp>
          </ns3:TrackPointExtension>
        </extensions>
      </trkpt>
      <trkpt lat="48.8628850691020488739013671875" lon="89.963575936853885650634765625">
        <ele>2141.800048828125</ele>
        <time>2025-08-13T04:04:43.000Z</time>
        <extensions>
          <ns3:TrackPointExtension>
            <ns3:atemp>17.0</ns3:atemp>
          </ns3:TrackPointExtension>
        </extensions>
      </trkpt>
      <trkpt lat="48.86349284090101718902587890625" lon="89.9636786989867687225341796875">
        <ele>2141.199951171875</ele>
        <time>2025-08-13T04:04:50.000Z</time>
        <extensions>
          <ns3:TrackPointExtension>
            <ns3:atemp>17.0</ns3:atemp>
          </ns3:TrackPointExtension>
        </extensions>
      </trkpt>
      <trkpt lat="48.86357598938047885894775390625" lon="89.9636937864124774932861328125">
        <ele>2141.199951171875</ele>
        <time>2025-08-13T04:04:51.000Z</time>
        <extensions>
          <ns3:TrackPointExtension>
            <ns3:atemp>17.0</ns3:atemp>
          </ns3:TrackPointExtension>
        </extensions>
      </trkpt>
      <trkpt lat="48.863738514482975006103515625" lon="89.9637196026742458343505859375">
        <ele>2140.800048828125</ele>
        <time>2025-08-13T04:04:53.000Z</time>
        <extensions>
          <ns3:TrackPointExtension>
            <ns3:atemp>17.0</ns3:atemp>
          </ns3:TrackPointExtension>
        </extensions>
      </trkpt>
      <trkpt lat="48.8642824999988079071044921875" lon="89.96380518190562725067138671875">
        <ele>2140.39990234375</ele>
        <time>2025-08-13T04:05:00.000Z</time>
        <extensions>
          <ns3:TrackPointExtension>
            <ns3:atemp>17.0</ns3:atemp>
          </ns3:TrackPointExtension>
        </extensions>
      </trkpt>
      <trkpt lat="48.86442859657108783721923828125" lon="89.9638315849006175994873046875">
        <ele>2140.39990234375</ele>
        <time>2025-08-13T04:05:02.000Z</time>
        <extensions>
          <ns3:TrackPointExtension>
            <ns3:atemp>17.0</ns3:atemp>
          </ns3:TrackPointExtension>
        </extensions>
      </trkpt>
      <trkpt lat="48.8647844083607196807861328125" lon="89.9638858996331691741943359375">
        <ele>2139.800048828125</ele>
        <time>2025-08-13T04:05:07.000Z</time>
        <extensions>
          <ns3:TrackPointExtension>
            <ns3:atemp>17.0</ns3:atemp>
          </ns3:TrackPointExtension>
        </extensions>
      </trkpt>
      <trkpt lat="48.86498339474201202392578125" lon="89.96390710584819316864013671875">
        <ele>2139.60009765625</ele>
        <time>2025-08-13T04:05:10.000Z</time>
        <extensions>
          <ns3:TrackPointExtension>
            <ns3:atemp>18.0</ns3:atemp>
          </ns3:TrackPointExtension>
        </extensions>
      </trkpt>
      <trkpt lat="48.8654153980314731597900390625" lon="89.9639526195824146270751953125">
        <ele>2139.199951171875</ele>
        <time>2025-08-13T04:05:17.000Z</time>
        <extensions>
          <ns3:TrackPointExtension>
            <ns3:atemp>17.0</ns3:atemp>
          </ns3:TrackPointExtension>
        </extensions>
      </trkpt>
      <trkpt lat="48.8659067451953887939453125" lon="89.964001066982746124267578125">
        <ele>2139.199951171875</ele>
        <time>2025-08-13T04:05:26.000Z</time>
        <extensions>
          <ns3:TrackPointExtension>
            <ns3:atemp>17.0</ns3:atemp>
          </ns3:TrackPointExtension>
        </extensions>
      </trkpt>
      <trkpt lat="48.86606005020439624786376953125" lon="89.9640153162181377410888671875">
        <ele>2138.60009765625</ele>
        <time>2025-08-13T04:05:29.000Z</time>
        <extensions>
          <ns3:TrackPointExtension>
            <ns3:atemp>17.0</ns3:atemp>
          </ns3:TrackPointExtension>
        </extensions>
      </trkpt>
      <trkpt lat="48.86640362441539764404296875" lon="89.96402562595903873443603515625">
        <ele>2137.800048828125</ele>
        <time>2025-08-13T04:05:36.000Z</time>
        <extensions>
          <ns3:TrackPointExtension>
            <ns3:atemp>17.0</ns3:atemp>
          </ns3:TrackPointExtension>
        </extensions>
      </trkpt>
      <trkpt lat="48.8665037043392658233642578125" lon="89.96403333730995655059814453125">
        <ele>2137.60009765625</ele>
        <time>2025-08-13T04:05:38.000Z</time>
        <extensions>
          <ns3:TrackPointExtension>
            <ns3:atemp>17.0</ns3:atemp>
          </ns3:TrackPointExtension>
        </extensions>
      </trkpt>
      <trkpt lat="48.867064453661441802978515625" lon="89.9640505202114582061767578125">
        <ele>2136.60009765625</ele>
        <time>2025-08-13T04:05:49.000Z</time>
        <extensions>
          <ns3:TrackPointExtension>
            <ns3:atemp>17.0</ns3:atemp>
          </ns3:TrackPointExtension>
        </extensions>
      </trkpt>
      <trkpt lat="48.8671702332794666290283203125" lon="89.9640451557934284210205078125">
        <ele>2136.199951171875</ele>
        <time>2025-08-13T04:05:51.000Z</time>
        <extensions>
          <ns3:TrackPointExtension>
            <ns3:atemp>17.0</ns3:atemp>
          </ns3:TrackPointExtension>
        </extensions>
      </trkpt>
      <trkpt lat="48.86728028766810894012451171875" lon="89.96404205448925495147705078125">
        <ele>2135.60009765625</ele>
        <time>2025-08-13T04:05:53.000Z</time>
        <extensions>
          <ns3:TrackPointExtension>
            <ns3:atemp>17.0</ns3:atemp>
          </ns3:TrackPointExtension>
        </extensions>
      </trkpt>
      <trkpt lat="48.8673895038664340972900390625" lon="89.9640337564051151275634765625">
        <ele>2135</ele>
        <time>2025-08-13T04:05:55.000Z</time>
        <extensions>
          <ns3:TrackPointExtension>
            <ns3:atemp>17.0</ns3:atemp>
          </ns3:TrackPointExtension>
        </extensions>
      </trkpt>
      <trkpt lat="48.86750140227377414703369140625" lon="89.964040629565715789794921875">
        <ele>2134.800048828125</ele>
        <time>2025-08-13T04:05:57.000Z</time>
        <extensions>
          <ns3:TrackPointExtension>
            <ns3:atemp>17.0</ns3:atemp>
          </ns3:TrackPointExtension>
        </extensions>
      </trkpt>
      <trkpt lat="48.86761321686208248138427734375" lon="89.9640329182147979736328125">
        <ele>2134.60009765625</ele>
        <time>2025-08-13T04:05:59.000Z</time>
        <extensions>
          <ns3:TrackPointExtension>
            <ns3:atemp>17.0</ns3:atemp>
          </ns3:TrackPointExtension>
        </extensions>
      </trkpt>
      <trkpt lat="48.86767096817493438720703125" lon="89.96403702534735202789306640625">
        <ele>2134.39990234375</ele>
        <time>2025-08-13T04:06:00.000Z</time>
        <extensions>
          <ns3:TrackPointExtension>
            <ns3:atemp>17.0</ns3:atemp>
          </ns3:TrackPointExtension>
        </extensions>
      </trkpt>
      <trkpt lat="48.8677891530096530914306640625" lon="89.96403836645185947418212890625">
        <ele>2134</ele>
        <time>2025-08-13T04:06:02.000Z</time>
        <extensions>
          <ns3:TrackPointExtension>
            <ns3:atemp>17.0</ns3:atemp>
          </ns3:TrackPointExtension>
        </extensions>
      </trkpt>
      <trkpt lat="48.86813423596322536468505859375" lon="89.96402696706354618072509765625">
        <ele>2133.199951171875</ele>
        <time>2025-08-13T04:06:08.000Z</time>
        <extensions>
          <ns3:TrackPointExtension>
            <ns3:atemp>17.0</ns3:atemp>
          </ns3:TrackPointExtension>
        </extensions>
      </trkpt>
      <trkpt lat="48.86871493421494960784912109375" lon="89.96399226598441600799560546875">
        <ele>2133.60009765625</ele>
        <time>2025-08-13T04:06:18.000Z</time>
        <extensions>
          <ns3:TrackPointExtension>
            <ns3:atemp>17.0</ns3:atemp>
          </ns3:TrackPointExtension>
        </extensions>
      </trkpt>
      <trkpt lat="48.86877159588038921356201171875" lon="89.96398824267089366912841796875">
        <ele>2133.60009765625</ele>
        <time>2025-08-13T04:06:19.000Z</time>
        <extensions>
          <ns3:TrackPointExtension>
            <ns3:atemp>17.0</ns3:atemp>
          </ns3:TrackPointExtension>
        </extensions>
      </trkpt>
      <trkpt lat="48.86905959807336330413818359375" lon="89.9639459140598773956298828125">
        <ele>2133</ele>
        <time>2025-08-13T04:06:24.000Z</time>
        <extensions>
          <ns3:TrackPointExtension>
            <ns3:atemp>17.0</ns3:atemp>
          </ns3:TrackPointExtension>
        </extensions>
      </trkpt>
      <trkpt lat="48.8691151700913906097412109375" lon="89.96394348330795764923095703125">
        <ele>2132.800048828125</ele>
        <time>2025-08-13T04:06:25.000Z</time>
        <extensions>
          <ns3:TrackPointExtension>
            <ns3:atemp>17.0</ns3:atemp>
          </ns3:TrackPointExtension>
        </extensions>
      </trkpt>
      <trkpt lat="48.8691738434135913848876953125" lon="89.9639395438134670257568359375">
        <ele>2132.800048828125</ele>
        <time>2025-08-13T04:06:26.000Z</time>
        <extensions>
          <ns3:TrackPointExtension>
            <ns3:atemp>17.0</ns3:atemp>
          </ns3:TrackPointExtension>
        </extensions>
      </trkpt>
      <trkpt lat="48.8692891784012317657470703125" lon="89.9639345146715641021728515625">
        <ele>2131.800048828125</ele>
        <time>2025-08-13T04:06:28.000Z</time>
        <extensions>
          <ns3:TrackPointExtension>
            <ns3:atemp>17.0</ns3:atemp>
          </ns3:TrackPointExtension>
        </extensions>
      </trkpt>
      <trkpt lat="48.869530744850635528564453125" lon="89.9639180861413478851318359375">
        <ele>2130.60009765625</ele>
        <time>2025-08-13T04:06:32.000Z</time>
        <extensions>
          <ns3:TrackPointExtension>
            <ns3:atemp>17.0</ns3:atemp>
          </ns3:TrackPointExtension>
        </extensions>
      </trkpt>
      <trkpt lat="48.8698829524219036102294921875" lon="89.9638929404318332672119140625">
        <ele>2129.60009765625</ele>
        <time>2025-08-13T04:06:38.000Z</time>
        <extensions>
          <ns3:TrackPointExtension>
            <ns3:atemp>17.0</ns3:atemp>
          </ns3:TrackPointExtension>
        </extensions>
      </trkpt>
      <trkpt lat="48.8701790012419223785400390625" lon="89.9638731591403484344482421875">
        <ele>2128.800048828125</ele>
        <time>2025-08-13T04:06:43.000Z</time>
        <extensions>
          <ns3:TrackPointExtension>
            <ns3:atemp>17.0</ns3:atemp>
          </ns3:TrackPointExtension>
        </extensions>
      </trkpt>
      <trkpt lat="48.87029877863824367523193359375" lon="89.9638614244759082794189453125">
        <ele>2128.39990234375</ele>
        <time>2025-08-13T04:06:45.000Z</time>
        <extensions>
          <ns3:TrackPointExtension>
            <ns3:atemp>17.0</ns3:atemp>
          </ns3:TrackPointExtension>
        </extensions>
      </trkpt>
      <trkpt lat="48.87089121155440807342529296875" lon="89.96382236480712890625">
        <ele>2127.60009765625</ele>
        <time>2025-08-13T04:06:55.000Z</time>
        <extensions>
          <ns3:TrackPointExtension>
            <ns3:atemp>17.0</ns3:atemp>
          </ns3:TrackPointExtension>
        </extensions>
      </trkpt>
      <trkpt lat="48.87095089070498943328857421875" lon="89.96381976641714572906494140625">
        <ele>2127.39990234375</ele>
        <time>2025-08-13T04:06:56.000Z</time>
        <extensions>
          <ns3:TrackPointExtension>
            <ns3:atemp>17.0</ns3:atemp>
          </ns3:TrackPointExtension>
        </extensions>
      </trkpt>
      <trkpt lat="48.8715110532939434051513671875" lon="89.9637786112725734710693359375">
        <ele>2127.60009765625</ele>
        <time>2025-08-13T04:07:06.000Z</time>
        <extensions>
          <ns3:TrackPointExtension>
            <ns3:atemp>17.0</ns3:atemp>
          </ns3:TrackPointExtension>
        </extensions>
      </trkpt>
      <trkpt lat="48.8717648573219776153564453125" lon="89.9637621827423572540283203125">
        <ele>2128.39990234375</ele>
        <time>2025-08-13T04:07:11.000Z</time>
        <extensions>
          <ns3:TrackPointExtension>
            <ns3:atemp>17.0</ns3:atemp>
          </ns3:TrackPointExtension>
        </extensions>
      </trkpt>
      <trkpt lat="48.8719713874161243438720703125" lon="89.96374734677374362945556640625">
        <ele>2127.60009765625</ele>
        <time>2025-08-13T04:07:15.000Z</time>
        <extensions>
          <ns3:TrackPointExtension>
            <ns3:atemp>17.0</ns3:atemp>
          </ns3:TrackPointExtension>
        </extensions>
      </trkpt>
      <trkpt lat="48.87219325639307498931884765625" lon="89.9637320078909397125244140625">
        <ele>2127.39990234375</ele>
        <time>2025-08-13T04:07:19.000Z</time>
        <extensions>
          <ns3:TrackPointExtension>
            <ns3:atemp>17.0</ns3:atemp>
          </ns3:TrackPointExtension>
        </extensions>
      </trkpt>
      <trkpt lat="48.8724674284458160400390625" lon="89.96370862238109111785888671875">
        <ele>2126.199951171875</ele>
        <time>2025-08-13T04:07:24.000Z</time>
        <extensions>
          <ns3:TrackPointExtension>
            <ns3:atemp>17.0</ns3:atemp>
          </ns3:TrackPointExtension>
        </extensions>
      </trkpt>
      <trkpt lat="48.8726275227963924407958984375" lon="89.9636957980692386627197265625">
        <ele>2125.800048828125</ele>
        <time>2025-08-13T04:07:26.000Z</time>
        <extensions>
          <ns3:TrackPointExtension>
            <ns3:atemp>17.0</ns3:atemp>
          </ns3:TrackPointExtension>
        </extensions>
      </trkpt>
      <trkpt lat="48.87313437648117542266845703125" lon="89.96364844031631946563720703125">
        <ele>2125.199951171875</ele>
        <time>2025-08-13T04:07:37.000Z</time>
        <extensions>
          <ns3:TrackPointExtension>
            <ns3:atemp>17.0</ns3:atemp>
          </ns3:TrackPointExtension>
        </extensions>
      </trkpt>
      <trkpt lat="48.8736253045499324798583984375" lon="89.96356730349361896514892578125">
        <ele>2124.199951171875</ele>
        <time>2025-08-13T04:07:47.000Z</time>
        <extensions>
          <ns3:TrackPointExtension>
            <ns3:atemp>17.0</ns3:atemp>
          </ns3:TrackPointExtension>
        </extensions>
      </trkpt>
      <trkpt lat="48.87404121458530426025390625" lon="89.96345951221883296966552734375">
        <ele>2123.39990234375</ele>
        <time>2025-08-13T04:07:55.000Z</time>
        <extensions>
          <ns3:TrackPointExtension>
            <ns3:atemp>17.0</ns3:atemp>
          </ns3:TrackPointExtension>
        </extensions>
      </trkpt>
      <trkpt lat="48.8743055798113346099853515625" lon="89.963376112282276153564453125">
        <ele>2122.800048828125</ele>
        <time>2025-08-13T04:08:00.000Z</time>
        <extensions>
          <ns3:TrackPointExtension>
            <ns3:atemp>17.0</ns3:atemp>
          </ns3:TrackPointExtension>
        </extensions>
      </trkpt>
      <trkpt lat="48.87451998889446258544921875" lon="89.9632981605827808380126953125">
        <ele>2121.800048828125</ele>
        <time>2025-08-13T04:08:04.000Z</time>
        <extensions>
          <ns3:TrackPointExtension>
            <ns3:atemp>17.0</ns3:atemp>
          </ns3:TrackPointExtension>
        </extensions>
      </trkpt>
      <trkpt lat="48.8746780715882778167724609375" lon="89.963236637413501739501953125">
        <ele>2121.199951171875</ele>
        <time>2025-08-13T04:08:07.000Z</time>
        <extensions>
          <ns3:TrackPointExtension>
            <ns3:atemp>17.0</ns3:atemp>
          </ns3:TrackPointExtension>
        </extensions>
      </trkpt>
      <trkpt lat="48.87478795833885669708251953125" lon="89.96319866739213466644287109375">
        <ele>2120.39990234375</ele>
        <time>2025-08-13T04:08:09.000Z</time>
        <extensions>
          <ns3:TrackPointExtension>
            <ns3:atemp>17.0</ns3:atemp>
          </ns3:TrackPointExtension>
        </extensions>
      </trkpt>
      <trkpt lat="48.8750669918954372406005859375" lon="89.96309640817344188690185546875">
        <ele>2119.39990234375</ele>
        <time>2025-08-13T04:08:14.000Z</time>
        <extensions>
          <ns3:TrackPointExtension>
            <ns3:atemp>17.0</ns3:atemp>
          </ns3:TrackPointExtension>
        </extensions>
      </trkpt>
      <trkpt lat="48.87531149201095104217529296875" lon="89.96300705708563327789306640625">
        <ele>2118.39990234375</ele>
        <time>2025-08-13T04:08:18.000Z</time>
        <extensions>
          <ns3:TrackPointExtension>
            <ns3:atemp>17.0</ns3:atemp>
          </ns3:TrackPointExtension>
        </extensions>
      </trkpt>
      <trkpt lat="48.87537385337054729461669921875" lon="89.96298350393772125244140625">
        <ele>2118.199951171875</ele>
        <time>2025-08-13T04:08:19.000Z</time>
        <extensions>
          <ns3:TrackPointExtension>
            <ns3:atemp>17.0</ns3:atemp>
          </ns3:TrackPointExtension>
        </extensions>
      </trkpt>
      <trkpt lat="48.87576042674481868743896484375" lon="89.96284377761185169219970703125">
        <ele>2117</ele>
        <time>2025-08-13T04:08:25.000Z</time>
        <extensions>
          <ns3:TrackPointExtension>
            <ns3:atemp>17.0</ns3:atemp>
          </ns3:TrackPointExtension>
        </extensions>
      </trkpt>
      <trkpt lat="48.87582815252244472503662109375" lon="89.96281879954040050506591796875">
        <ele>2116.800048828125</ele>
        <time>2025-08-13T04:08:26.000Z</time>
        <extensions>
          <ns3:TrackPointExtension>
            <ns3:atemp>17.0</ns3:atemp>
          </ns3:TrackPointExtension>
        </extensions>
      </trkpt>
      <trkpt lat="48.876037113368511199951171875" lon="89.962738417088985443115234375">
        <ele>2116</ele>
        <time>2025-08-13T04:08:29.000Z</time>
        <extensions>
          <ns3:TrackPointExtension>
            <ns3:atemp>17.0</ns3:atemp>
          </ns3:TrackPointExtension>
        </extensions>
      </trkpt>
      <trkpt lat="48.876387141644954681396484375" lon="89.96261411346495151519775390625">
        <ele>2115</ele>
        <time>2025-08-13T04:08:34.000Z</time>
        <extensions>
          <ns3:TrackPointExtension>
            <ns3:atemp>17.0</ns3:atemp>
          </ns3:TrackPointExtension>
        </extensions>
      </trkpt>
      <trkpt lat="48.87652938254177570343017578125" lon="89.96255761943757534027099609375">
        <ele>2114.60009765625</ele>
        <time>2025-08-13T04:08:36.000Z</time>
        <extensions>
          <ns3:TrackPointExtension>
            <ns3:atemp>17.0</ns3:atemp>
          </ns3:TrackPointExtension>
        </extensions>
      </trkpt>
      <trkpt lat="48.87667221017181873321533203125" lon="89.96250146068632602691650390625">
        <ele>2113.800048828125</ele>
        <time>2025-08-13T04:08:38.000Z</time>
        <extensions>
          <ns3:TrackPointExtension>
            <ns3:atemp>17.0</ns3:atemp>
          </ns3:TrackPointExtension>
        </extensions>
      </trkpt>
      <trkpt lat="48.87696214020252227783203125" lon="89.96239182539284229278564453125">
        <ele>2112.800048828125</ele>
        <time>2025-08-13T04:08:42.000Z</time>
        <extensions>
          <ns3:TrackPointExtension>
            <ns3:atemp>17.0</ns3:atemp>
          </ns3:TrackPointExtension>
        </extensions>
      </trkpt>
      <trkpt lat="48.87739137746393680572509765625" lon="89.96223206631839275360107421875">
        <ele>2111.60009765625</ele>
        <time>2025-08-13T04:08:48.000Z</time>
        <extensions>
          <ns3:TrackPointExtension>
            <ns3:atemp>17.0</ns3:atemp>
          </ns3:TrackPointExtension>
        </extensions>
      </trkpt>
      <trkpt lat="48.87745491228997707366943359375" lon="89.96220859698951244354248046875">
        <ele>2111.39990234375</ele>
        <time>2025-08-13T04:08:49.000Z</time>
        <extensions>
          <ns3:TrackPointExtension>
            <ns3:atemp>17.0</ns3:atemp>
          </ns3:TrackPointExtension>
        </extensions>
      </trkpt>
      <trkpt lat="48.87803426943719387054443359375" lon="89.96200692839920520782470703125">
        <ele>2111</ele>
        <time>2025-08-13T04:08:58.000Z</time>
        <extensions>
          <ns3:TrackPointExtension>
            <ns3:atemp>17.0</ns3:atemp>
          </ns3:TrackPointExtension>
        </extensions>
      </trkpt>
      <trkpt lat="48.8784341700375080108642578125" lon="89.9618732370436191558837890625">
        <ele>2110.39990234375</ele>
        <time>2025-08-13T04:09:05.000Z</time>
        <extensions>
          <ns3:TrackPointExtension>
            <ns3:atemp>17.0</ns3:atemp>
          </ns3:TrackPointExtension>
        </extensions>
      </trkpt>
      <trkpt lat="48.87848538346588611602783203125" lon="89.96185806579887866973876953125">
        <ele>2110.199951171875</ele>
        <time>2025-08-13T04:09:06.000Z</time>
        <extensions>
          <ns3:TrackPointExtension>
            <ns3:atemp>17.0</ns3:atemp>
          </ns3:TrackPointExtension>
        </extensions>
      </trkpt>
      <trkpt lat="48.878975808620452880859375" lon="89.96171909384429454803466796875">
        <ele>2109.800048828125</ele>
        <time>2025-08-13T04:09:15.000Z</time>
        <extensions>
          <ns3:TrackPointExtension>
            <ns3:atemp>17.0</ns3:atemp>
          </ns3:TrackPointExtension>
        </extensions>
      </trkpt>
      <trkpt lat="48.87932248413562774658203125" lon="89.9616093747317790985107421875">
        <ele>2109.800048828125</ele>
        <time>2025-08-13T04:09:22.000Z</time>
        <extensions>
          <ns3:TrackPointExtension>
            <ns3:atemp>17.0</ns3:atemp>
          </ns3:TrackPointExtension>
        </extensions>
      </trkpt>
      <trkpt lat="48.8793719373643398284912109375" lon="89.9615895934402942657470703125">
        <ele>2109.60009765625</ele>
        <time>2025-08-13T04:09:23.000Z</time>
        <extensions>
          <ns3:TrackPointExtension>
            <ns3:atemp>17.0</ns3:atemp>
          </ns3:TrackPointExtension>
        </extensions>
      </trkpt>
      <trkpt lat="48.87951560318470001220703125" lon="89.96156193315982818603515625">
        <ele>2109.199951171875</ele>
        <time>2025-08-13T04:09:26.000Z</time>
        <extensions>
          <ns3:TrackPointExtension>
            <ns3:atemp>17.0</ns3:atemp>
          </ns3:TrackPointExtension>
        </extensions>
      </trkpt>
      <trkpt lat="48.87961409054696559906005859375" lon="89.96155313216149806976318359375">
        <ele>2109</ele>
        <time>2025-08-13T04:09:28.000Z</time>
        <extensions>
          <ns3:TrackPointExtension>
            <ns3:atemp>17.0</ns3:atemp>
          </ns3:TrackPointExtension>
        </extensions>
      </trkpt>
      <trkpt lat="48.87987744994461536407470703125" lon="89.96150300838053226470947265625">
        <ele>2108.199951171875</ele>
        <time>2025-08-13T04:09:33.000Z</time>
        <extensions>
          <ns3:TrackPointExtension>
            <ns3:atemp>17.0</ns3:atemp>
          </ns3:TrackPointExtension>
        </extensions>
      </trkpt>
      <trkpt lat="48.8799305073916912078857421875" lon="89.961490519344806671142578125">
        <ele>2108</ele>
        <time>2025-08-13T04:09:34.000Z</time>
        <extensions>
          <ns3:TrackPointExtension>
            <ns3:atemp>17.0</ns3:atemp>
          </ns3:TrackPointExtension>
        </extensions>
      </trkpt>
      <trkpt lat="48.88020434416830539703369140625" lon="89.96142656542360782623291015625">
        <ele>2107.199951171875</ele>
        <time>2025-08-13T04:09:39.000Z</time>
        <extensions>
          <ns3:TrackPointExtension>
            <ns3:atemp>17.0</ns3:atemp>
          </ns3:TrackPointExtension>
        </extensions>
      </trkpt>
      <trkpt lat="48.880497626960277557373046875" lon="89.96136940084397792816162109375">
        <ele>2106.39990234375</ele>
        <time>2025-08-13T04:09:44.000Z</time>
        <extensions>
          <ns3:TrackPointExtension>
            <ns3:atemp>17.0</ns3:atemp>
          </ns3:TrackPointExtension>
        </extensions>
      </trkpt>
      <trkpt lat="48.88108737766742706298828125" lon="89.9612514674663543701171875">
        <ele>2106</ele>
        <time>2025-08-13T04:09:54.000Z</time>
        <extensions>
          <ns3:TrackPointExtension>
            <ns3:atemp>18.0</ns3:atemp>
          </ns3:TrackPointExtension>
        </extensions>
      </trkpt>
      <trkpt lat="48.881151415407657623291015625" lon="89.9612392298877239227294921875">
        <ele>2106</ele>
        <time>2025-08-13T04:09:55.000Z</time>
        <extensions>
          <ns3:TrackPointExtension>
            <ns3:atemp>18.0</ns3:atemp>
          </ns3:TrackPointExtension>
        </extensions>
      </trkpt>
      <trkpt lat="48.88133891858160495758056640625" lon="89.961205534636974334716796875">
        <ele>2104.60009765625</ele>
        <time>2025-08-13T04:09:58.000Z</time>
        <extensions>
          <ns3:TrackPointExtension>
            <ns3:atemp>18.0</ns3:atemp>
          </ns3:TrackPointExtension>
        </extensions>
      </trkpt>
      <trkpt lat="48.8815918006002902984619140625" lon="89.96114979498088359832763671875">
        <ele>2103.60009765625</ele>
        <time>2025-08-13T04:10:02.000Z</time>
        <extensions>
          <ns3:TrackPointExtension>
            <ns3:atemp>18.0</ns3:atemp>
          </ns3:TrackPointExtension>
        </extensions>
      </trkpt>
      <trkpt lat="48.8818462751805782318115234375" lon="89.9611051194369792938232421875">
        <ele>2102.800048828125</ele>
        <time>2025-08-13T04:10:06.000Z</time>
        <extensions>
          <ns3:TrackPointExtension>
            <ns3:atemp>18.0</ns3:atemp>
          </ns3:TrackPointExtension>
        </extensions>
      </trkpt>
      <trkpt lat="48.88191240839660167694091796875" lon="89.96109229512512683868408203125">
        <ele>2102.60009765625</ele>
        <time>2025-08-13T04:10:07.000Z</time>
        <extensions>
          <ns3:TrackPointExtension>
            <ns3:atemp>18.0</ns3:atemp>
          </ns3:TrackPointExtension>
        </extensions>
      </trkpt>
      <trkpt lat="48.88211256824433803558349609375" lon="89.961050637066364288330078125">
        <ele>2101.800048828125</ele>
        <time>2025-08-13T04:10:10.000Z</time>
        <extensions>
          <ns3:TrackPointExtension>
            <ns3:atemp>18.0</ns3:atemp>
          </ns3:TrackPointExtension>
        </extensions>
      </trkpt>
      <trkpt lat="48.882313482463359832763671875" lon="89.9610206298530101776123046875">
        <ele>2101.199951171875</ele>
        <time>2025-08-13T04:10:13.000Z</time>
        <extensions>
          <ns3:TrackPointExtension>
            <ns3:atemp>18.0</ns3:atemp>
          </ns3:TrackPointExtension>
        </extensions>
      </trkpt>
      <trkpt lat="48.88258128426969051361083984375" lon="89.96097293682396411895751953125">
        <ele>2100.199951171875</ele>
        <time>2025-08-13T04:10:17.000Z</time>
        <extensions>
          <ns3:TrackPointExtension>
            <ns3:atemp>18.0</ns3:atemp>
          </ns3:TrackPointExtension>
        </extensions>
      </trkpt>
      <trkpt lat="48.88298529200255870819091796875" lon="89.9609039537608623504638671875">
        <ele>2099.199951171875</ele>
        <time>2025-08-13T04:10:23.000Z</time>
        <extensions>
          <ns3:TrackPointExtension>
            <ns3:atemp>18.0</ns3:atemp>
          </ns3:TrackPointExtension>
        </extensions>
      </trkpt>
      <trkpt lat="48.88332526199519634246826171875" lon="89.96083597652614116668701171875">
        <ele>2098.199951171875</ele>
        <time>2025-08-13T04:10:28.000Z</time>
        <extensions>
          <ns3:TrackPointExtension>
            <ns3:atemp>18.0</ns3:atemp>
          </ns3:TrackPointExtension>
        </extensions>
      </trkpt>
      <trkpt lat="48.88339231722056865692138671875" lon="89.960820972919464111328125">
        <ele>2098</ele>
        <time>2025-08-13T04:10:29.000Z</time>
        <extensions>
          <ns3:TrackPointExtension>
            <ns3:atemp>18.0</ns3:atemp>
          </ns3:TrackPointExtension>
        </extensions>
      </trkpt>
      <trkpt lat="48.883858434855937957763671875" lon="89.9607338011264801025390625">
        <ele>2096.800048828125</ele>
        <time>2025-08-13T04:10:36.000Z</time>
        <extensions>
          <ns3:TrackPointExtension>
            <ns3:atemp>18.0</ns3:atemp>
          </ns3:TrackPointExtension>
        </extensions>
      </trkpt>
      <trkpt lat="48.88412338681519031524658203125" lon="89.96068845503032207489013671875">
        <ele>2095.60009765625</ele>
        <time>2025-08-13T04:10:40.000Z</time>
        <extensions>
          <ns3:TrackPointExtension>
            <ns3:atemp>18.0</ns3:atemp>
          </ns3:TrackPointExtension>
        </extensions>
      </trkpt>
      <trkpt lat="48.88418792746961116790771484375" lon="89.960681162774562835693359375">
        <ele>2095.60009765625</ele>
        <time>2025-08-13T04:10:41.000Z</time>
        <extensions>
          <ns3:TrackPointExtension>
            <ns3:atemp>18.0</ns3:atemp>
          </ns3:TrackPointExtension>
        </extensions>
      </trkpt>
      <trkpt lat="48.88453125022351741790771484375" lon="89.9606716074049472808837890625">
        <ele>2094.60009765625</ele>
        <time>2025-08-13T04:10:46.000Z</time>
        <extensions>
          <ns3:TrackPointExtension>
            <ns3:atemp>18.0</ns3:atemp>
          </ns3:TrackPointExtension>
        </extensions>
      </trkpt>
      <trkpt lat="48.8846634328365325927734375" lon="89.9606565199792385101318359375">
        <ele>2094.39990234375</ele>
        <time>2025-08-13T04:10:48.000Z</time>
        <extensions>
          <ns3:TrackPointExtension>
            <ns3:atemp>18.0</ns3:atemp>
          </ns3:TrackPointExtension>
        </extensions>
      </trkpt>
      <trkpt lat="48.884729482233524322509765625" lon="89.9606340564787387847900390625">
        <ele>2094.199951171875</ele>
        <time>2025-08-13T04:10:49.000Z</time>
        <extensions>
          <ns3:TrackPointExtension>
            <ns3:atemp>18.0</ns3:atemp>
          </ns3:TrackPointExtension>
        </extensions>
      </trkpt>
      <trkpt lat="48.88490491546690464019775390625" lon="89.96056809090077877044677734375">
        <ele>2093.60009765625</ele>
        <time>2025-08-13T04:10:52.000Z</time>
        <extensions>
          <ns3:TrackPointExtension>
            <ns3:atemp>18.0</ns3:atemp>
          </ns3:TrackPointExtension>
        </extensions>
      </trkpt>
      <trkpt lat="48.8849596492946147918701171875" lon="89.960566498339176177978515625">
        <ele>2093.39990234375</ele>
        <time>2025-08-13T04:10:53.000Z</time>
        <extensions>
          <ns3:TrackPointExtension>
            <ns3:atemp>18.0</ns3:atemp>
          </ns3:TrackPointExtension>
        </extensions>
      </trkpt>
      <trkpt lat="48.88501253910362720489501953125" lon="89.9605740420520305633544921875">
        <ele>2093.199951171875</ele>
        <time>2025-08-13T04:10:54.000Z</time>
        <extensions>
          <ns3:TrackPointExtension>
            <ns3:atemp>18.0</ns3:atemp>
          </ns3:TrackPointExtension>
        </extensions>
      </trkpt>
      <trkpt lat="48.88510658405721187591552734375" lon="89.96059424243867397308349609375">
        <ele>2093</ele>
        <time>2025-08-13T04:10:56.000Z</time>
        <extensions>
          <ns3:TrackPointExtension>
            <ns3:atemp>18.0</ns3:atemp>
          </ns3:TrackPointExtension>
        </extensions>
      </trkpt>
      <trkpt lat="48.8852305524051189422607421875" lon="89.96056356467306613922119140625">
        <ele>2092.60009765625</ele>
        <time>2025-08-13T04:10:59.000Z</time>
        <extensions>
          <ns3:TrackPointExtension>
            <ns3:atemp>18.0</ns3:atemp>
          </ns3:TrackPointExtension>
        </extensions>
      </trkpt>
      <trkpt lat="48.8853125274181365966796875" lon="89.96052903123199939727783203125">
        <ele>2092.39990234375</ele>
        <time>2025-08-13T04:11:01.000Z</time>
        <extensions>
          <ns3:TrackPointExtension>
            <ns3:atemp>18.0</ns3:atemp>
          </ns3:TrackPointExtension>
        </extensions>
      </trkpt>
      <trkpt lat="48.8855182193219661712646484375" lon="89.9604563601315021514892578125">
        <ele>2092</ele>
        <time>2025-08-13T04:11:06.000Z</time>
        <extensions>
          <ns3:TrackPointExtension>
            <ns3:atemp>18.0</ns3:atemp>
          </ns3:TrackPointExtension>
        </extensions>
      </trkpt>
      <trkpt lat="48.8857331313192844390869140625" lon="89.96041570790112018585205078125">
        <ele>2091.199951171875</ele>
        <time>2025-08-13T04:11:11.000Z</time>
        <extensions>
          <ns3:TrackPointExtension>
            <ns3:atemp>18.0</ns3:atemp>
          </ns3:TrackPointExtension>
        </extensions>
      </trkpt>
      <trkpt lat="48.8858568482100963592529296875" lon="89.960392154753208160400390625">
        <ele>2090.800048828125</ele>
        <time>2025-08-13T04:11:14.000Z</time>
        <extensions>
          <ns3:TrackPointExtension>
            <ns3:atemp>18.0</ns3:atemp>
          </ns3:TrackPointExtension>
        </extensions>
      </trkpt>
      <trkpt lat="48.8858977518975734710693359375" lon="89.960379414260387420654296875">
        <ele>2090.60009765625</ele>
        <time>2025-08-13T04:11:15.000Z</time>
        <extensions>
          <ns3:TrackPointExtension>
            <ns3:atemp>18.0</ns3:atemp>
          </ns3:TrackPointExtension>
        </extensions>
      </trkpt>
      <trkpt lat="48.88611920177936553955078125" lon="89.9603019654750823974609375">
        <ele>2090.199951171875</ele>
        <time>2025-08-13T04:11:20.000Z</time>
        <extensions>
          <ns3:TrackPointExtension>
            <ns3:atemp>18.0</ns3:atemp>
          </ns3:TrackPointExtension>
        </extensions>
      </trkpt>
      <trkpt lat="48.88636236079037189483642578125" lon="89.96025033295154571533203125">
        <ele>2089.60009765625</ele>
        <time>2025-08-13T04:11:25.000Z</time>
        <extensions>
          <ns3:TrackPointExtension>
            <ns3:atemp>19.0</ns3:atemp>
          </ns3:TrackPointExtension>
        </extensions>
      </trkpt>
      <trkpt lat="48.88668104074895381927490234375" lon="89.96017933823168277740478515625">
        <ele>2089.199951171875</ele>
        <time>2025-08-13T04:11:31.000Z</time>
        <extensions>
          <ns3:TrackPointExtension>
            <ns3:atemp>19.0</ns3:atemp>
          </ns3:TrackPointExtension>
        </extensions>
      </trkpt>
      <trkpt lat="48.88679335825145244598388671875" lon="89.96014329604804515838623046875">
        <ele>2088.60009765625</ele>
        <time>2025-08-13T04:11:33.000Z</time>
        <extensions>
          <ns3:TrackPointExtension>
            <ns3:atemp>19.0</ns3:atemp>
          </ns3:TrackPointExtension>
        </extensions>
      </trkpt>
      <trkpt lat="48.886969797313213348388671875" lon="89.96009878814220428466796875">
        <ele>2088.199951171875</ele>
        <time>2025-08-13T04:11:36.000Z</time>
        <extensions>
          <ns3:TrackPointExtension>
            <ns3:atemp>19.0</ns3:atemp>
          </ns3:TrackPointExtension>
        </extensions>
      </trkpt>
      <trkpt lat="48.88721731491386890411376953125" lon="89.96005729772150516510009765625">
        <ele>2087.199951171875</ele>
        <time>2025-08-13T04:11:40.000Z</time>
        <extensions>
          <ns3:TrackPointExtension>
            <ns3:atemp>19.0</ns3:atemp>
          </ns3:TrackPointExtension>
        </extensions>
      </trkpt>
      <trkpt lat="48.8872831128537654876708984375" lon="89.96004589833319187164306640625">
        <ele>2087</ele>
        <time>2025-08-13T04:11:41.000Z</time>
        <extensions>
          <ns3:TrackPointExtension>
            <ns3:atemp>19.0</ns3:atemp>
          </ns3:TrackPointExtension>
        </extensions>
      </trkpt>
      <trkpt lat="48.88741470873355865478515625" lon="89.96002729050815105438232421875">
        <ele>2086.60009765625</ele>
        <time>2025-08-13T04:11:43.000Z</time>
        <extensions>
          <ns3:TrackPointExtension>
            <ns3:atemp>19.0</ns3:atemp>
          </ns3:TrackPointExtension>
        </extensions>
      </trkpt>
      <trkpt lat="48.88762400485575199127197265625" lon="89.9600040726363658905029296875">
        <ele>2086.199951171875</ele>
        <time>2025-08-13T04:11:46.000Z</time>
        <extensions>
          <ns3:TrackPointExtension>
            <ns3:atemp>19.0</ns3:atemp>
          </ns3:TrackPointExtension>
        </extensions>
      </trkpt>
      <trkpt lat="48.8877632282674312591552734375" lon="89.95997138321399688720703125">
        <ele>2085.800048828125</ele>
        <time>2025-08-13T04:11:48.000Z</time>
        <extensions>
          <ns3:TrackPointExtension>
            <ns3:atemp>19.0</ns3:atemp>
          </ns3:TrackPointExtension>
        </extensions>
      </trkpt>
      <trkpt lat="48.88797529041767120361328125" lon="89.9599276296794414520263671875">
        <ele>2084.800048828125</ele>
        <time>2025-08-13T04:11:51.000Z</time>
        <extensions>
          <ns3:TrackPointExtension>
            <ns3:atemp>19.0</ns3:atemp>
          </ns3:TrackPointExtension>
        </extensions>
      </trkpt>
      <trkpt lat="48.8881893642246723175048828125" lon="89.9598920904099941253662109375">
        <ele>2083.60009765625</ele>
        <time>2025-08-13T04:11:54.000Z</time>
        <extensions>
          <ns3:TrackPointExtension>
            <ns3:atemp>19.0</ns3:atemp>
          </ns3:TrackPointExtension>
        </extensions>
      </trkpt>
      <trkpt lat="48.8883315213024616241455078125" lon="89.95986266992986202239990234375">
        <ele>2083</ele>
        <time>2025-08-13T04:11:56.000Z</time>
        <extensions>
          <ns3:TrackPointExtension>
            <ns3:atemp>19.0</ns3:atemp>
          </ns3:TrackPointExtension>
        </extensions>
      </trkpt>
      <trkpt lat="48.88855305500328540802001953125" lon="89.9598200060427188873291015625">
        <ele>2082.39990234375</ele>
        <time>2025-08-13T04:11:59.000Z</time>
        <extensions>
          <ns3:TrackPointExtension>
            <ns3:atemp>19.0</ns3:atemp>
          </ns3:TrackPointExtension>
        </extensions>
      </trkpt>
      <trkpt lat="48.88870795257389545440673828125" lon="89.95979544706642627716064453125">
        <ele>2081.39990234375</ele>
        <time>2025-08-13T04:12:01.000Z</time>
        <extensions>
          <ns3:TrackPointExtension>
            <ns3:atemp>19.0</ns3:atemp>
          </ns3:TrackPointExtension>
        </extensions>
      </trkpt>
      <trkpt lat="48.88886704109609127044677734375" lon="89.9597613327205181121826171875">
        <ele>2080.60009765625</ele>
        <time>2025-08-13T04:12:03.000Z</time>
        <extensions>
          <ns3:TrackPointExtension>
            <ns3:atemp>19.0</ns3:atemp>
          </ns3:TrackPointExtension>
        </extensions>
      </trkpt>
      <trkpt lat="48.88903249986469745635986328125" lon="89.95973124168813228607177734375">
        <ele>2080.199951171875</ele>
        <time>2025-08-13T04:12:05.000Z</time>
        <extensions>
          <ns3:TrackPointExtension>
            <ns3:atemp>19.0</ns3:atemp>
          </ns3:TrackPointExtension>
        </extensions>
      </trkpt>
      <trkpt lat="48.88929552398622035980224609375" lon="89.9596984684467315673828125">
        <ele>2078.800048828125</ele>
        <time>2025-08-13T04:12:08.000Z</time>
        <extensions>
          <ns3:TrackPointExtension>
            <ns3:atemp>19.0</ns3:atemp>
          </ns3:TrackPointExtension>
        </extensions>
      </trkpt>
      <trkpt lat="48.8893903233110904693603515625" lon="89.9596959538757801055908203125">
        <ele>2078</ele>
        <time>2025-08-13T04:12:09.000Z</time>
        <extensions>
          <ns3:TrackPointExtension>
            <ns3:atemp>19.0</ns3:atemp>
          </ns3:TrackPointExtension>
        </extensions>
      </trkpt>
      <trkpt lat="48.88948562555015087127685546875" lon="89.959700815379619598388671875">
        <ele>2077.39990234375</ele>
        <time>2025-08-13T04:12:10.000Z</time>
        <extensions>
          <ns3:TrackPointExtension>
            <ns3:atemp>19.0</ns3:atemp>
          </ns3:TrackPointExtension>
        </extensions>
      </trkpt>
      <trkpt lat="48.8897906430065631866455078125" lon="89.95972269214689731597900390625">
        <ele>2076.199951171875</ele>
        <time>2025-08-13T04:12:13.000Z</time>
        <extensions>
          <ns3:TrackPointExtension>
            <ns3:atemp>19.0</ns3:atemp>
          </ns3:TrackPointExtension>
        </extensions>
      </trkpt>
      <trkpt lat="48.88999901711940765380859375" lon="89.9597475863993167877197265625">
        <ele>2074.60009765625</ele>
        <time>2025-08-13T04:12:15.000Z</time>
        <extensions>
          <ns3:TrackPointExtension>
            <ns3:atemp>19.0</ns3:atemp>
          </ns3:TrackPointExtension>
        </extensions>
      </trkpt>
      <trkpt lat="48.89020931906998157501220703125" lon="89.959772564470767974853515625">
        <ele>2073.199951171875</ele>
        <time>2025-08-13T04:12:17.000Z</time>
        <extensions>
          <ns3:TrackPointExtension>
            <ns3:atemp>19.0</ns3:atemp>
          </ns3:TrackPointExtension>
        </extensions>
      </trkpt>
      <trkpt lat="48.89051861129701137542724609375" lon="89.9598461575806140899658203125">
        <ele>2072.199951171875</ele>
        <time>2025-08-13T04:12:20.000Z</time>
        <extensions>
          <ns3:TrackPointExtension>
            <ns3:atemp>19.0</ns3:atemp>
          </ns3:TrackPointExtension>
        </extensions>
      </trkpt>
      <trkpt lat="48.89059907756745815277099609375" lon="89.95987214148044586181640625">
        <ele>2072</ele>
        <time>2025-08-13T04:12:21.000Z</time>
        <extensions>
          <ns3:TrackPointExtension>
            <ns3:atemp>19.0</ns3:atemp>
          </ns3:TrackPointExtension>
        </extensions>
      </trkpt>
      <trkpt lat="48.8908246345818042755126953125" lon="89.95993911288678646087646484375">
        <ele>2070.60009765625</ele>
        <time>2025-08-13T04:12:23.000Z</time>
        <extensions>
          <ns3:TrackPointExtension>
            <ns3:atemp>19.0</ns3:atemp>
          </ns3:TrackPointExtension>
        </extensions>
      </trkpt>
      <trkpt lat="48.89103510417044162750244140625" lon="89.95999711565673351287841796875">
        <ele>2068.39990234375</ele>
        <time>2025-08-13T04:12:25.000Z</time>
        <extensions>
          <ns3:TrackPointExtension>
            <ns3:atemp>19.0</ns3:atemp>
          </ns3:TrackPointExtension>
        </extensions>
      </trkpt>
      <trkpt lat="48.891247920691967010498046875" lon="89.96005143038928508758544921875">
        <ele>2067.199951171875</ele>
        <time>2025-08-13T04:12:27.000Z</time>
        <extensions>
          <ns3:TrackPointExtension>
            <ns3:atemp>19.0</ns3:atemp>
          </ns3:TrackPointExtension>
        </extensions>
      </trkpt>
      <trkpt lat="48.8914700411260128021240234375" lon="89.9601116962730884552001953125">
        <ele>2066.199951171875</ele>
        <time>2025-08-13T04:12:29.000Z</time>
        <extensions>
          <ns3:TrackPointExtension>
            <ns3:atemp>19.0</ns3:atemp>
          </ns3:TrackPointExtension>
        </extensions>
      </trkpt>
      <trkpt lat="48.891582526266574859619140625" lon="89.96014128439128398895263671875">
        <ele>2066</ele>
        <time>2025-08-13T04:12:30.000Z</time>
        <extensions>
          <ns3:TrackPointExtension>
            <ns3:atemp>19.0</ns3:atemp>
          </ns3:TrackPointExtension>
        </extensions>
      </trkpt>
      <trkpt lat="48.891925178468227386474609375" lon="89.9602350778877735137939453125">
        <ele>2064</ele>
        <time>2025-08-13T04:12:33.000Z</time>
        <extensions>
          <ns3:TrackPointExtension>
            <ns3:atemp>19.0</ns3:atemp>
          </ns3:TrackPointExtension>
        </extensions>
      </trkpt>
      <trkpt lat="48.8922669924795627593994140625" lon="89.96035669930279254913330078125">
        <ele>2062.39990234375</ele>
        <time>2025-08-13T04:12:36.000Z</time>
        <extensions>
          <ns3:TrackPointExtension>
            <ns3:atemp>19.0</ns3:atemp>
          </ns3:TrackPointExtension>
        </extensions>
      </trkpt>
      <trkpt lat="48.89235944487154483795166015625" lon="89.96039223857223987579345703125">
        <ele>2061.39990234375</ele>
        <time>2025-08-13T04:12:37.000Z</time>
        <extensions>
          <ns3:TrackPointExtension>
            <ns3:atemp>19.0</ns3:atemp>
          </ns3:TrackPointExtension>
        </extensions>
      </trkpt>
      <trkpt lat="48.8926193676888942718505859375" lon="89.96050103567540645599365234375">
        <ele>2060.39990234375</ele>
        <time>2025-08-13T04:12:39.000Z</time>
        <extensions>
          <ns3:TrackPointExtension>
            <ns3:atemp>19.0</ns3:atemp>
          </ns3:TrackPointExtension>
        </extensions>
      </trkpt>
      <trkpt lat="48.892737217247486114501953125" lon="89.9605606310069561004638671875">
        <ele>2059</ele>
        <time>2025-08-13T04:12:40.000Z</time>
        <extensions>
          <ns3:TrackPointExtension>
            <ns3:atemp>19.0</ns3:atemp>
          </ns3:TrackPointExtension>
        </extensions>
      </trkpt>
      <trkpt lat="48.8929729163646697998046875" lon="89.9606917239725589752197265625">
        <ele>2057</ele>
        <time>2025-08-13T04:12:42.000Z</time>
        <extensions>
          <ns3:TrackPointExtension>
            <ns3:atemp>19.0</ns3:atemp>
          </ns3:TrackPointExtension>
        </extensions>
      </trkpt>
      <trkpt lat="48.8932104595005512237548828125" lon="89.96085123158991336822509765625">
        <ele>2055</ele>
        <time>2025-08-13T04:12:44.000Z</time>
        <extensions>
          <ns3:TrackPointExtension>
            <ns3:atemp>19.0</ns3:atemp>
          </ns3:TrackPointExtension>
        </extensions>
      </trkpt>
      <trkpt lat="48.893447332084178924560546875" lon="89.9610303528606891632080078125">
        <ele>2053.60009765625</ele>
        <time>2025-08-13T04:12:46.000Z</time>
        <extensions>
          <ns3:TrackPointExtension>
            <ns3:atemp>19.0</ns3:atemp>
          </ns3:TrackPointExtension>
        </extensions>
      </trkpt>
      <trkpt lat="48.8936882279813289642333984375" lon="89.961225986480712890625">
        <ele>2052.199951171875</ele>
        <time>2025-08-13T04:12:48.000Z</time>
        <extensions>
          <ns3:TrackPointExtension>
            <ns3:atemp>19.0</ns3:atemp>
          </ns3:TrackPointExtension>
        </extensions>
      </trkpt>
      <trkpt lat="48.893930800259113311767578125" lon="89.96142723597586154937744140625">
        <ele>2050.800048828125</ele>
        <time>2025-08-13T04:12:50.000Z</time>
        <extensions>
          <ns3:TrackPointExtension>
            <ns3:atemp>19.0</ns3:atemp>
          </ns3:TrackPointExtension>
        </extensions>
      </trkpt>
      <trkpt lat="48.8942997716367244720458984375" lon="89.96173434890806674957275390625">
        <ele>2049.60009765625</ele>
        <time>2025-08-13T04:12:53.000Z</time>
        <extensions>
          <ns3:TrackPointExtension>
            <ns3:atemp>19.0</ns3:atemp>
          </ns3:TrackPointExtension>
        </extensions>
      </trkpt>
      <trkpt lat="48.89454544521868228912353515625" lon="89.961942471563816070556640625">
        <ele>2048.199951171875</ele>
        <time>2025-08-13T04:12:55.000Z</time>
        <extensions>
          <ns3:TrackPointExtension>
            <ns3:atemp>19.0</ns3:atemp>
          </ns3:TrackPointExtension>
        </extensions>
      </trkpt>
      <trkpt lat="48.8946655578911304473876953125" lon="89.962043054401874542236328125">
        <ele>2047.800048828125</ele>
        <time>2025-08-13T04:12:56.000Z</time>
        <extensions>
          <ns3:TrackPointExtension>
            <ns3:atemp>19.0</ns3:atemp>
          </ns3:TrackPointExtension>
        </extensions>
      </trkpt>
      <trkpt lat="48.89489446766674518585205078125" lon="89.9622403644025325775146484375">
        <ele>2047.199951171875</ele>
        <time>2025-08-13T04:12:58.000Z</time>
        <extensions>
          <ns3:TrackPointExtension>
            <ns3:atemp>19.0</ns3:atemp>
          </ns3:TrackPointExtension>
        </extensions>
      </trkpt>
      <trkpt lat="48.89533669687807559967041015625" lon="89.96261159889400005340576171875">
        <ele>2046</ele>
        <time>2025-08-13T04:13:02.000Z</time>
        <extensions>
          <ns3:TrackPointExtension>
            <ns3:atemp>19.0</ns3:atemp>
          </ns3:TrackPointExtension>
        </extensions>
      </trkpt>
      <trkpt lat="48.89576199464499950408935546875" lon="89.962983168661594390869140625">
        <ele>2044.800048828125</ele>
        <time>2025-08-13T04:13:06.000Z</time>
        <extensions>
          <ns3:TrackPointExtension>
            <ns3:atemp>19.0</ns3:atemp>
          </ns3:TrackPointExtension>
        </extensions>
      </trkpt>
      <trkpt lat="48.89607531018555164337158203125" lon="89.9632619507610797882080078125">
        <ele>2043.4000244140625</ele>
        <time>2025-08-13T04:13:09.000Z</time>
        <extensions>
          <ns3:TrackPointExtension>
            <ns3:atemp>19.0</ns3:atemp>
          </ns3:TrackPointExtension>
        </extensions>
      </trkpt>
      <trkpt lat="48.89628636650741100311279296875" lon="89.9634470231831073760986328125">
        <ele>2042.199951171875</ele>
        <time>2025-08-13T04:13:11.000Z</time>
        <extensions>
          <ns3:TrackPointExtension>
            <ns3:atemp>19.0</ns3:atemp>
          </ns3:TrackPointExtension>
        </extensions>
      </trkpt>
      <trkpt lat="48.8966131769120693206787109375" lon="89.96372379362583160400390625">
        <ele>2040.5999755859375</ele>
        <time>2025-08-13T04:13:14.000Z</time>
        <extensions>
          <ns3:TrackPointExtension>
            <ns3:atemp>19.0</ns3:atemp>
          </ns3:TrackPointExtension>
        </extensions>
      </trkpt>
      <trkpt lat="48.896834962069988250732421875" lon="89.9639095366001129150390625">
        <ele>2039.4000244140625</ele>
        <time>2025-08-13T04:13:16.000Z</time>
        <extensions>
          <ns3:TrackPointExtension>
            <ns3:atemp>19.0</ns3:atemp>
          </ns3:TrackPointExtension>
        </extensions>
      </trkpt>
      <trkpt lat="48.8971680589020252227783203125" lon="89.9641983769834041595458984375">
        <ele>2038.4000244140625</ele>
        <time>2025-08-13T04:13:19.000Z</time>
        <extensions>
          <ns3:TrackPointExtension>
            <ns3:atemp>19.0</ns3:atemp>
          </ns3:TrackPointExtension>
        </extensions>
      </trkpt>
      <trkpt lat="48.897390179336071014404296875" lon="89.9643901549279689788818359375">
        <ele>2037</ele>
        <time>2025-08-13T04:13:21.000Z</time>
        <extensions>
          <ns3:TrackPointExtension>
            <ns3:atemp>19.0</ns3:atemp>
          </ns3:TrackPointExtension>
        </extensions>
      </trkpt>
      <trkpt lat="48.897620849311351776123046875" lon="89.9645795859396457672119140625">
        <ele>2035.199951171875</ele>
        <time>2025-08-13T04:13:23.000Z</time>
        <extensions>
          <ns3:TrackPointExtension>
            <ns3:atemp>19.0</ns3:atemp>
          </ns3:TrackPointExtension>
        </extensions>
      </trkpt>
      <trkpt lat="48.8978533633053302764892578125" lon="89.96477094478905200958251953125">
        <ele>2034</ele>
        <time>2025-08-13T04:13:25.000Z</time>
        <extensions>
          <ns3:TrackPointExtension>
            <ns3:atemp>19.0</ns3:atemp>
          </ns3:TrackPointExtension>
        </extensions>
      </trkpt>
      <trkpt lat="48.89808847568929195404052734375" lon="89.96496490202844142913818359375">
        <ele>2032.4000244140625</ele>
        <time>2025-08-13T04:13:27.000Z</time>
        <extensions>
          <ns3:TrackPointExtension>
            <ns3:atemp>19.0</ns3:atemp>
          </ns3:TrackPointExtension>
        </extensions>
      </trkpt>
      <trkpt lat="48.89832903631031513214111328125" lon="89.9651505611836910247802734375">
        <ele>2030.800048828125</ele>
        <time>2025-08-13T04:13:29.000Z</time>
        <extensions>
          <ns3:TrackPointExtension>
            <ns3:atemp>19.0</ns3:atemp>
          </ns3:TrackPointExtension>
        </extensions>
      </trkpt>
      <trkpt lat="48.89845057390630245208740234375" lon="89.965248294174671173095703125">
        <ele>2030.199951171875</ele>
        <time>2025-08-13T04:13:30.000Z</time>
        <extensions>
          <ns3:TrackPointExtension>
            <ns3:atemp>19.0</ns3:atemp>
          </ns3:TrackPointExtension>
        </extensions>
      </trkpt>
      <trkpt lat="48.898573033511638641357421875" lon="89.96534057892858982086181640625">
        <ele>2029.4000244140625</ele>
        <time>2025-08-13T04:13:31.000Z</time>
        <extensions>
          <ns3:TrackPointExtension>
            <ns3:atemp>19.0</ns3:atemp>
          </ns3:TrackPointExtension>
        </extensions>
      </trkpt>
      <trkpt lat="48.8988182879984378814697265625" lon="89.9655277468264102935791015625">
        <ele>2027.800048828125</ele>
        <time>2025-08-13T04:13:33.000Z</time>
        <extensions>
          <ns3:TrackPointExtension>
            <ns3:atemp>19.0</ns3:atemp>
          </ns3:TrackPointExtension>
        </extensions>
      </trkpt>
      <trkpt lat="48.89906999655067920684814453125" lon="89.965709634125232696533203125">
        <ele>2026</ele>
        <time>2025-08-13T04:13:35.000Z</time>
        <extensions>
          <ns3:TrackPointExtension>
            <ns3:atemp>19.0</ns3:atemp>
          </ns3:TrackPointExtension>
        </extensions>
      </trkpt>
      <trkpt lat="48.899323381483554840087890625" lon="89.96588967740535736083984375">
        <ele>2024.5999755859375</ele>
        <time>2025-08-13T04:13:37.000Z</time>
        <extensions>
          <ns3:TrackPointExtension>
            <ns3:atemp>19.0</ns3:atemp>
          </ns3:TrackPointExtension>
        </extensions>
      </trkpt>
      <trkpt lat="48.8995853997766971588134765625" lon="89.96607131324708461761474609375">
        <ele>2023.4000244140625</ele>
        <time>2025-08-13T04:13:39.000Z</time>
        <extensions>
          <ns3:TrackPointExtension>
            <ns3:atemp>19.0</ns3:atemp>
          </ns3:TrackPointExtension>
        </extensions>
      </trkpt>
      <trkpt lat="48.899855799973011016845703125" lon="89.96625638566911220550537109375">
        <ele>2022.199951171875</ele>
        <time>2025-08-13T04:13:41.000Z</time>
        <extensions>
          <ns3:TrackPointExtension>
            <ns3:atemp>19.0</ns3:atemp>
          </ns3:TrackPointExtension>
        </extensions>
      </trkpt>
      <trkpt lat="48.9002685248851776123046875" lon="89.96652812696993350982666015625">
        <ele>2020.4000244140625</ele>
        <time>2025-08-13T04:13:44.000Z</time>
        <extensions>
          <ns3:TrackPointExtension>
            <ns3:atemp>19.0</ns3:atemp>
          </ns3:TrackPointExtension>
        </extensions>
      </trkpt>
      <trkpt lat="48.9005432836711406707763671875" lon="89.96671386994421482086181640625">
        <ele>2019.5999755859375</ele>
        <time>2025-08-13T04:13:46.000Z</time>
        <extensions>
          <ns3:TrackPointExtension>
            <ns3:atemp>19.0</ns3:atemp>
          </ns3:TrackPointExtension>
        </extensions>
      </trkpt>
      <trkpt lat="48.90068049542605876922607421875" lon="89.96680942364037036895751953125">
        <ele>2018.800048828125</ele>
        <time>2025-08-13T04:13:47.000Z</time>
        <extensions>
          <ns3:TrackPointExtension>
            <ns3:atemp>19.0</ns3:atemp>
          </ns3:TrackPointExtension>
        </extensions>
      </trkpt>
      <trkpt lat="48.90096179209649562835693359375" lon="89.96699835173785686492919921875">
        <ele>2017.199951171875</ele>
        <time>2025-08-13T04:13:49.000Z</time>
        <extensions>
          <ns3:TrackPointExtension>
            <ns3:atemp>19.0</ns3:atemp>
          </ns3:TrackPointExtension>
        </extensions>
      </trkpt>
      <trkpt lat="48.9012463577091693878173828125" lon="89.9672006070613861083984375">
        <ele>2015.5999755859375</ele>
        <time>2025-08-13T04:13:51.000Z</time>
        <extensions>
          <ns3:TrackPointExtension>
            <ns3:atemp>19.0</ns3:atemp>
          </ns3:TrackPointExtension>
        </extensions>
      </trkpt>
      <trkpt lat="48.90153109095990657806396484375" lon="89.9673910439014434814453125">
        <ele>2014.199951171875</ele>
        <time>2025-08-13T04:13:53.000Z</time>
        <extensions>
          <ns3:TrackPointExtension>
            <ns3:atemp>19.0</ns3:atemp>
          </ns3:TrackPointExtension>
        </extensions>
      </trkpt>
      <trkpt lat="48.90166771598160266876220703125" lon="89.96748626232147216796875">
        <ele>2013.199951171875</ele>
        <time>2025-08-13T04:13:54.000Z</time>
        <extensions>
          <ns3:TrackPointExtension>
            <ns3:atemp>19.0</ns3:atemp>
          </ns3:TrackPointExtension>
        </extensions>
      </trkpt>
      <trkpt lat="48.90180903486907482147216796875" lon="89.9675806425511837005615234375">
        <ele>2011.800048828125</ele>
        <time>2025-08-13T04:13:55.000Z</time>
        <extensions>
          <ns3:TrackPointExtension>
            <ns3:atemp>19.0</ns3:atemp>
          </ns3:TrackPointExtension>
        </extensions>
      </trkpt>
      <trkpt lat="48.9020909182727336883544921875" lon="89.96777258813381195068359375">
        <ele>2010</ele>
        <time>2025-08-13T04:13:57.000Z</time>
        <extensions>
          <ns3:TrackPointExtension>
            <ns3:atemp>19.0</ns3:atemp>
          </ns3:TrackPointExtension>
        </extensions>
      </trkpt>
      <trkpt lat="48.90237447805702686309814453125" lon="89.96796797029674053192138671875">
        <ele>2008.4000244140625</ele>
        <time>2025-08-13T04:13:59.000Z</time>
        <extensions>
          <ns3:TrackPointExtension>
            <ns3:atemp>19.0</ns3:atemp>
          </ns3:TrackPointExtension>
        </extensions>
      </trkpt>
      <trkpt lat="48.902657032012939453125" lon="89.96815622784197330474853515625">
        <ele>2006.4000244140625</ele>
        <time>2025-08-13T04:14:01.000Z</time>
        <extensions>
          <ns3:TrackPointExtension>
            <ns3:atemp>19.0</ns3:atemp>
          </ns3:TrackPointExtension>
        </extensions>
      </trkpt>
      <trkpt lat="48.90294201672077178955078125" lon="89.9683470837771892547607421875">
        <ele>2004.4000244140625</ele>
        <time>2025-08-13T04:14:03.000Z</time>
        <extensions>
          <ns3:TrackPointExtension>
            <ns3:atemp>19.0</ns3:atemp>
          </ns3:TrackPointExtension>
        </extensions>
      </trkpt>
      <trkpt lat="48.90308442525565624237060546875" lon="89.96844305656850337982177734375">
        <ele>2003.5999755859375</ele>
        <time>2025-08-13T04:14:04.000Z</time>
        <extensions>
          <ns3:TrackPointExtension>
            <ns3:atemp>19.0</ns3:atemp>
          </ns3:TrackPointExtension>
        </extensions>
      </trkpt>
      <trkpt lat="48.903225995600223541259765625" lon="89.96853835880756378173828125">
        <ele>2002.5999755859375</ele>
        <time>2025-08-13T04:14:05.000Z</time>
        <extensions>
          <ns3:TrackPointExtension>
            <ns3:atemp>19.0</ns3:atemp>
          </ns3:TrackPointExtension>
        </extensions>
      </trkpt>
      <trkpt lat="48.90336873941123485565185546875" lon="89.96863651089370250701904296875">
        <ele>2001.4000244140625</ele>
        <time>2025-08-13T04:14:06.000Z</time>
        <extensions>
          <ns3:TrackPointExtension>
            <ns3:atemp>19.0</ns3:atemp>
          </ns3:TrackPointExtension>
        </extensions>
      </trkpt>
      <trkpt lat="48.90364718623459339141845703125" lon="89.968836419284343719482421875">
        <ele>2000.4000244140625</ele>
        <time>2025-08-13T04:14:08.000Z</time>
        <extensions>
          <ns3:TrackPointExtension>
            <ns3:atemp>18.0</ns3:atemp>
          </ns3:TrackPointExtension>
        </extensions>
      </trkpt>
      <trkpt lat="48.90392865054309368133544921875" lon="89.9690320529043674468994140625">
        <ele>1998.800048828125</ele>
        <time>2025-08-13T04:14:10.000Z</time>
        <extensions>
          <ns3:TrackPointExtension>
            <ns3:atemp>19.0</ns3:atemp>
          </ns3:TrackPointExtension>
        </extensions>
      </trkpt>
      <trkpt lat="48.9040690474212169647216796875" lon="89.9691272713243961334228515625">
        <ele>1997.5999755859375</ele>
        <time>2025-08-13T04:14:11.000Z</time>
        <extensions>
          <ns3:TrackPointExtension>
            <ns3:atemp>18.0</ns3:atemp>
          </ns3:TrackPointExtension>
        </extensions>
      </trkpt>
      <trkpt lat="48.90434422530233860015869140625" lon="89.969321899116039276123046875">
        <ele>1995.5999755859375</ele>
        <time>2025-08-13T04:14:13.000Z</time>
        <extensions>
          <ns3:TrackPointExtension>
            <ns3:atemp>19.0</ns3:atemp>
          </ns3:TrackPointExtension>
        </extensions>
      </trkpt>
      <trkpt lat="48.90447900630533695220947265625" lon="89.96941569261252880096435546875">
        <ele>1994</ele>
        <time>2025-08-13T04:14:14.000Z</time>
        <extensions>
          <ns3:TrackPointExtension>
            <ns3:atemp>18.0</ns3:atemp>
          </ns3:TrackPointExtension>
        </extensions>
      </trkpt>
      <trkpt lat="48.9047504961490631103515625" lon="89.96960059739649295806884765625">
        <ele>1992</ele>
        <time>2025-08-13T04:14:16.000Z</time>
        <extensions>
          <ns3:TrackPointExtension>
            <ns3:atemp>18.0</ns3:atemp>
          </ns3:TrackPointExtension>
        </extensions>
      </trkpt>
      <trkpt lat="48.905025422573089599609375" lon="89.969779215753078460693359375">
        <ele>1990.5999755859375</ele>
        <time>2025-08-13T04:14:18.000Z</time>
        <extensions>
          <ns3:TrackPointExtension>
            <ns3:atemp>18.0</ns3:atemp>
          </ns3:TrackPointExtension>
        </extensions>
      </trkpt>
      <trkpt lat="48.9053001813590526580810546875" lon="89.96994727291166782379150390625">
        <ele>1989</ele>
        <time>2025-08-13T04:14:20.000Z</time>
        <extensions>
          <ns3:TrackPointExtension>
            <ns3:atemp>18.0</ns3:atemp>
          </ns3:TrackPointExtension>
        </extensions>
      </trkpt>
      <trkpt lat="48.905438818037509918212890625" lon="89.970027320086956024169921875">
        <ele>1987.800048828125</ele>
        <time>2025-08-13T04:14:21.000Z</time>
        <extensions>
          <ns3:TrackPointExtension>
            <ns3:atemp>18.0</ns3:atemp>
          </ns3:TrackPointExtension>
        </extensions>
      </trkpt>
      <trkpt lat="48.90557837672531604766845703125" lon="89.970102421939373016357421875">
        <ele>1986.4000244140625</ele>
        <time>2025-08-13T04:14:22.000Z</time>
        <extensions>
          <ns3:TrackPointExtension>
            <ns3:atemp>18.0</ns3:atemp>
          </ns3:TrackPointExtension>
        </extensions>
      </trkpt>
      <trkpt lat="48.90571852214634418487548828125" lon="89.97017190791666507720947265625">
        <ele>1985.4000244140625</ele>
        <time>2025-08-13T04:14:23.000Z</time>
        <extensions>
          <ns3:TrackPointExtension>
            <ns3:atemp>18.0</ns3:atemp>
          </ns3:TrackPointExtension>
        </extensions>
      </trkpt>
      <trkpt lat="48.90600115992128849029541015625" lon="89.9702970497310161590576171875">
        <ele>1984</ele>
        <time>2025-08-13T04:14:25.000Z</time>
        <extensions>
          <ns3:TrackPointExtension>
            <ns3:atemp>18.0</ns3:atemp>
          </ns3:TrackPointExtension>
        </extensions>
      </trkpt>
      <trkpt lat="48.90628363005816936492919921875" lon="89.97039721347391605377197265625">
        <ele>1982.800048828125</ele>
        <time>2025-08-13T04:14:27.000Z</time>
        <extensions>
          <ns3:TrackPointExtension>
            <ns3:atemp>18.0</ns3:atemp>
          </ns3:TrackPointExtension>
        </extensions>
      </trkpt>
      <trkpt lat="48.90669643878936767578125" lon="89.9705129675567150115966796875">
        <ele>1981.4000244140625</ele>
        <time>2025-08-13T04:14:30.000Z</time>
        <extensions>
          <ns3:TrackPointExtension>
            <ns3:atemp>18.0</ns3:atemp>
          </ns3:TrackPointExtension>
        </extensions>
      </trkpt>
      <trkpt lat="48.9069557748734951019287109375" lon="89.9705708026885986328125">
        <ele>1980.199951171875</ele>
        <time>2025-08-13T04:14:32.000Z</time>
        <extensions>
          <ns3:TrackPointExtension>
            <ns3:atemp>18.0</ns3:atemp>
          </ns3:TrackPointExtension>
        </extensions>
      </trkpt>
      <trkpt lat="48.9070828445255756378173828125" lon="89.97059603221714496612548828125">
        <ele>1979</ele>
        <time>2025-08-13T04:14:33.000Z</time>
        <extensions>
          <ns3:TrackPointExtension>
            <ns3:atemp>18.0</ns3:atemp>
          </ns3:TrackPointExtension>
        </extensions>
      </trkpt>
      <trkpt lat="48.90720941126346588134765625" lon="89.97061648406088352203369140625">
        <ele>1977.4000244140625</ele>
        <time>2025-08-13T04:14:34.000Z</time>
        <extensions>
          <ns3:TrackPointExtension>
            <ns3:atemp>18.0</ns3:atemp>
          </ns3:TrackPointExtension>
        </extensions>
      </trkpt>
      <trkpt lat="48.907461203634738922119140625" lon="89.97064925730228424072265625">
        <ele>1975.5999755859375</ele>
        <time>2025-08-13T04:14:36.000Z</time>
        <extensions>
          <ns3:TrackPointExtension>
            <ns3:atemp>18.0</ns3:atemp>
          </ns3:TrackPointExtension>
        </extensions>
      </trkpt>
      <trkpt lat="48.90771106816828250885009765625" lon="89.97067951597273349761962890625">
        <ele>1973.800048828125</ele>
        <time>2025-08-13T04:14:38.000Z</time>
        <extensions>
          <ns3:TrackPointExtension>
            <ns3:atemp>18.0</ns3:atemp>
          </ns3:TrackPointExtension>
        </extensions>
      </trkpt>
      <trkpt lat="48.90796579420566558837890625" lon="89.9707111157476902008056640625">
        <ele>1972.199951171875</ele>
        <time>2025-08-13T04:14:40.000Z</time>
        <extensions>
          <ns3:TrackPointExtension>
            <ns3:atemp>18.0</ns3:atemp>
          </ns3:TrackPointExtension>
        </extensions>
      </trkpt>
      <trkpt lat="48.90822756104171276092529296875" lon="89.9707359261810779571533203125">
        <ele>1971</ele>
        <time>2025-08-13T04:14:42.000Z</time>
        <extensions>
          <ns3:TrackPointExtension>
            <ns3:atemp>18.0</ns3:atemp>
          </ns3:TrackPointExtension>
        </extensions>
      </trkpt>
      <trkpt lat="48.90848740004003047943115234375" lon="89.970759563148021697998046875">
        <ele>1970.5999755859375</ele>
        <time>2025-08-13T04:14:44.000Z</time>
        <extensions>
          <ns3:TrackPointExtension>
            <ns3:atemp>18.0</ns3:atemp>
          </ns3:TrackPointExtension>
        </extensions>
      </trkpt>
      <trkpt lat="48.90861547552049160003662109375" lon="89.9707706272602081298828125">
        <ele>1969.800048828125</ele>
        <time>2025-08-13T04:14:45.000Z</time>
        <extensions>
          <ns3:TrackPointExtension>
            <ns3:atemp>18.0</ns3:atemp>
          </ns3:TrackPointExtension>
        </extensions>
      </trkpt>
      <trkpt lat="48.909114785492420196533203125" lon="89.9708103574812412261962890625">
        <ele>1968</ele>
        <time>2025-08-13T04:14:49.000Z</time>
        <extensions>
          <ns3:TrackPointExtension>
            <ns3:atemp>18.0</ns3:atemp>
          </ns3:TrackPointExtension>
        </extensions>
      </trkpt>
      <trkpt lat="48.909360207617282867431640625" lon="89.97083189897239208221435546875">
        <ele>1966</ele>
        <time>2025-08-13T04:14:51.000Z</time>
        <extensions>
          <ns3:TrackPointExtension>
            <ns3:atemp>18.0</ns3:atemp>
          </ns3:TrackPointExtension>
        </extensions>
      </trkpt>
      <trkpt lat="48.90960437245666980743408203125" lon="89.97085704468190670013427734375">
        <ele>1964.4000244140625</ele>
        <time>2025-08-13T04:14:53.000Z</time>
        <extensions>
          <ns3:TrackPointExtension>
            <ns3:atemp>18.0</ns3:atemp>
          </ns3:TrackPointExtension>
        </extensions>
      </trkpt>
      <trkpt lat="48.9098478667438030242919921875" lon="89.97088017873466014862060546875">
        <ele>1962.800048828125</ele>
        <time>2025-08-13T04:14:55.000Z</time>
        <extensions>
          <ns3:TrackPointExtension>
            <ns3:atemp>18.0</ns3:atemp>
          </ns3:TrackPointExtension>
        </extensions>
      </trkpt>
      <trkpt lat="48.90996898524463176727294921875" lon="89.97089593671262264251708984375">
        <ele>1962.4000244140625</ele>
        <time>2025-08-13T04:14:56.000Z</time>
        <extensions>
          <ns3:TrackPointExtension>
            <ns3:atemp>18.0</ns3:atemp>
          </ns3:TrackPointExtension>
        </extensions>
      </trkpt>
      <trkpt lat="48.9100879244506359100341796875" lon="89.9709092639386653900146484375">
        <ele>1961.800048828125</ele>
        <time>2025-08-13T04:14:57.000Z</time>
        <extensions>
          <ns3:TrackPointExtension>
            <ns3:atemp>18.0</ns3:atemp>
          </ns3:TrackPointExtension>
        </extensions>
      </trkpt>
      <trkpt lat="48.91033192165195941925048828125" lon="89.97093466110527515411376953125">
        <ele>1960.4000244140625</ele>
        <time>2025-08-13T04:14:59.000Z</time>
        <extensions>
          <ns3:TrackPointExtension>
            <ns3:atemp>18.0</ns3:atemp>
          </ns3:TrackPointExtension>
        </extensions>
      </trkpt>
      <trkpt lat="48.91057851724326610565185546875" lon="89.970962069928646087646484375">
        <ele>1958.800048828125</ele>
        <time>2025-08-13T04:15:01.000Z</time>
        <extensions>
          <ns3:TrackPointExtension>
            <ns3:atemp>18.0</ns3:atemp>
          </ns3:TrackPointExtension>
        </extensions>
      </trkpt>
      <trkpt lat="48.91082444228231906890869140625" lon="89.97098847292363643646240234375">
        <ele>1957.4000244140625</ele>
        <time>2025-08-13T04:15:03.000Z</time>
        <extensions>
          <ns3:TrackPointExtension>
            <ns3:atemp>18.0</ns3:atemp>
          </ns3:TrackPointExtension>
        </extensions>
      </trkpt>
      <trkpt lat="48.9110739715397357940673828125" lon="89.971011020243167877197265625">
        <ele>1956.199951171875</ele>
        <time>2025-08-13T04:15:05.000Z</time>
        <extensions>
          <ns3:TrackPointExtension>
            <ns3:atemp>18.0</ns3:atemp>
          </ns3:TrackPointExtension>
        </extensions>
      </trkpt>
      <trkpt lat="48.91132526099681854248046875" lon="89.9710313044488430023193359375">
        <ele>1955.199951171875</ele>
        <time>2025-08-13T04:15:07.000Z</time>
        <extensions>
          <ns3:TrackPointExtension>
            <ns3:atemp>18.0</ns3:atemp>
          </ns3:TrackPointExtension>
        </extensions>
      </trkpt>
      <trkpt lat="48.911451995372772216796875" lon="89.9710433743894100189208984375">
        <ele>1954.4000244140625</ele>
        <time>2025-08-13T04:15:08.000Z</time>
        <extensions>
          <ns3:TrackPointExtension>
            <ns3:atemp>18.0</ns3:atemp>
          </ns3:TrackPointExtension>
        </extensions>
      </trkpt>
      <trkpt lat="48.91157847829163074493408203125" lon="89.9710551090538501739501953125">
        <ele>1954</ele>
        <time>2025-08-13T04:15:09.000Z</time>
        <extensions>
          <ns3:TrackPointExtension>
            <ns3:atemp>18.0</ns3:atemp>
          </ns3:TrackPointExtension>
        </extensions>
      </trkpt>
      <trkpt lat="48.91195650212466716766357421875" lon="89.971093833446502685546875">
        <ele>1952</ele>
        <time>2025-08-13T04:15:12.000Z</time>
        <extensions>
          <ns3:TrackPointExtension>
            <ns3:atemp>18.0</ns3:atemp>
          </ns3:TrackPointExtension>
        </extensions>
      </trkpt>
      <trkpt lat="48.9122095517814159393310546875" lon="89.97111864387989044189453125">
        <ele>1950.800048828125</ele>
        <time>2025-08-13T04:15:14.000Z</time>
        <extensions>
          <ns3:TrackPointExtension>
            <ns3:atemp>18.0</ns3:atemp>
          </ns3:TrackPointExtension>
        </extensions>
      </trkpt>
      <trkpt lat="48.91233905218541622161865234375" lon="89.97113079763948917388916015625">
        <ele>1949.800048828125</ele>
        <time>2025-08-13T04:15:15.000Z</time>
        <extensions>
          <ns3:TrackPointExtension>
            <ns3:atemp>18.0</ns3:atemp>
          </ns3:TrackPointExtension>
        </extensions>
      </trkpt>
      <trkpt lat="48.91259788535535335540771484375" lon="89.97115351259708404541015625">
        <ele>1948</ele>
        <time>2025-08-13T04:15:17.000Z</time>
        <extensions>
          <ns3:TrackPointExtension>
            <ns3:atemp>18.0</ns3:atemp>
          </ns3:TrackPointExtension>
        </extensions>
      </trkpt>
      <trkpt lat="48.91285889782011508941650390625" lon="89.97117740102112293243408203125">
        <ele>1946.5999755859375</ele>
        <time>2025-08-13T04:15:19.000Z</time>
        <extensions>
          <ns3:TrackPointExtension>
            <ns3:atemp>18.0</ns3:atemp>
          </ns3:TrackPointExtension>
        </extensions>
      </trkpt>
      <trkpt lat="48.91312393359839916229248046875" lon="89.97120271436870098114013671875">
        <ele>1945.4000244140625</ele>
        <time>2025-08-13T04:15:21.000Z</time>
        <extensions>
          <ns3:TrackPointExtension>
            <ns3:atemp>18.0</ns3:atemp>
          </ns3:TrackPointExtension>
        </extensions>
      </trkpt>
      <trkpt lat="48.91339098103344440460205078125" lon="89.9712281115353107452392578125">
        <ele>1944</ele>
        <time>2025-08-13T04:15:23.000Z</time>
        <extensions>
          <ns3:TrackPointExtension>
            <ns3:atemp>18.0</ns3:atemp>
          </ns3:TrackPointExtension>
        </extensions>
      </trkpt>
      <trkpt lat="48.91365350224077701568603515625" lon="89.97125635854899883270263671875">
        <ele>1942.800048828125</ele>
        <time>2025-08-13T04:15:25.000Z</time>
        <extensions>
          <ns3:TrackPointExtension>
            <ns3:atemp>18.0</ns3:atemp>
          </ns3:TrackPointExtension>
        </extensions>
      </trkpt>
      <trkpt lat="48.91391803510487079620361328125" lon="89.97128603048622608184814453125">
        <ele>1941.4000244140625</ele>
        <time>2025-08-13T04:15:27.000Z</time>
        <extensions>
          <ns3:TrackPointExtension>
            <ns3:atemp>18.0</ns3:atemp>
          </ns3:TrackPointExtension>
        </extensions>
      </trkpt>
      <trkpt lat="48.9141873456537723541259765625" lon="89.9713065661489963531494140625">
        <ele>1940</ele>
        <time>2025-08-13T04:15:29.000Z</time>
        <extensions>
          <ns3:TrackPointExtension>
            <ns3:atemp>18.0</ns3:atemp>
          </ns3:TrackPointExtension>
        </extensions>
      </trkpt>
      <trkpt lat="48.9144575782120227813720703125" lon="89.97133665718138217926025390625">
        <ele>1937.800048828125</ele>
        <time>2025-08-13T04:15:31.000Z</time>
        <extensions>
          <ns3:TrackPointExtension>
            <ns3:atemp>18.0</ns3:atemp>
          </ns3:TrackPointExtension>
        </extensions>
      </trkpt>
      <trkpt lat="48.91459411941468715667724609375" lon="89.97135040350258350372314453125">
        <ele>1936.5999755859375</ele>
        <time>2025-08-13T04:15:32.000Z</time>
        <extensions>
          <ns3:TrackPointExtension>
            <ns3:atemp>18.0</ns3:atemp>
          </ns3:TrackPointExtension>
        </extensions>
      </trkpt>
      <trkpt lat="48.9147309958934783935546875" lon="89.97136406600475311279296875">
        <ele>1935.5999755859375</ele>
        <time>2025-08-13T04:15:33.000Z</time>
        <extensions>
          <ns3:TrackPointExtension>
            <ns3:atemp>18.0</ns3:atemp>
          </ns3:TrackPointExtension>
        </extensions>
      </trkpt>
      <trkpt lat="48.91499988734722137451171875" lon="89.97138845734298229217529296875">
        <ele>1934.4000244140625</ele>
        <time>2025-08-13T04:15:35.000Z</time>
        <extensions>
          <ns3:TrackPointExtension>
            <ns3:atemp>18.0</ns3:atemp>
          </ns3:TrackPointExtension>
        </extensions>
      </trkpt>
      <trkpt lat="48.91524740494787693023681640625" lon="89.97141343541443347930908203125">
        <ele>1933</ele>
        <time>2025-08-13T04:15:37.000Z</time>
        <extensions>
          <ns3:TrackPointExtension>
            <ns3:atemp>18.0</ns3:atemp>
          </ns3:TrackPointExtension>
        </extensions>
      </trkpt>
      <trkpt lat="48.9154784940183162689208984375" lon="89.97143086977303028106689453125">
        <ele>1932.199951171875</ele>
        <time>2025-08-13T04:15:39.000Z</time>
        <extensions>
          <ns3:TrackPointExtension>
            <ns3:atemp>18.0</ns3:atemp>
          </ns3:TrackPointExtension>
        </extensions>
      </trkpt>
      <trkpt lat="48.91559357754886150360107421875" lon="89.971442855894565582275390625">
        <ele>1931.800048828125</ele>
        <time>2025-08-13T04:15:40.000Z</time>
        <extensions>
          <ns3:TrackPointExtension>
            <ns3:atemp>18.0</ns3:atemp>
          </ns3:TrackPointExtension>
        </extensions>
      </trkpt>
      <trkpt lat="48.91582676209509372711181640625" lon="89.97146137990057468414306640625">
        <ele>1930.199951171875</ele>
        <time>2025-08-13T04:15:42.000Z</time>
        <extensions>
          <ns3:TrackPointExtension>
            <ns3:atemp>18.0</ns3:atemp>
          </ns3:TrackPointExtension>
        </extensions>
      </trkpt>
      <trkpt lat="48.9160638861358165740966796875" lon="89.971479736268520355224609375">
        <ele>1928.800048828125</ele>
        <time>2025-08-13T04:15:44.000Z</time>
        <extensions>
          <ns3:TrackPointExtension>
            <ns3:atemp>19.0</ns3:atemp>
          </ns3:TrackPointExtension>
        </extensions>
      </trkpt>
      <trkpt lat="48.91643160022795200347900390625" lon="89.97151024639606475830078125">
        <ele>1927.5999755859375</ele>
        <time>2025-08-13T04:15:47.000Z</time>
        <extensions>
          <ns3:TrackPointExtension>
            <ns3:atemp>18.0</ns3:atemp>
          </ns3:TrackPointExtension>
        </extensions>
      </trkpt>
      <trkpt lat="48.91655699349939823150634765625" lon="89.9715198017656803131103515625">
        <ele>1926.800048828125</ele>
        <time>2025-08-13T04:15:48.000Z</time>
        <extensions>
          <ns3:TrackPointExtension>
            <ns3:atemp>18.0</ns3:atemp>
          </ns3:TrackPointExtension>
        </extensions>
      </trkpt>
      <trkpt lat="48.91668297350406646728515625" lon="89.97152994386851787567138671875">
        <ele>1925.800048828125</ele>
        <time>2025-08-13T04:15:49.000Z</time>
        <extensions>
          <ns3:TrackPointExtension>
            <ns3:atemp>19.0</ns3:atemp>
          </ns3:TrackPointExtension>
        </extensions>
      </trkpt>
      <trkpt lat="48.916932754218578338623046875" lon="89.9715536646544933319091796875">
        <ele>1924.800048828125</ele>
        <time>2025-08-13T04:15:51.000Z</time>
        <extensions>
          <ns3:TrackPointExtension>
            <ns3:atemp>19.0</ns3:atemp>
          </ns3:TrackPointExtension>
        </extensions>
      </trkpt>
      <trkpt lat="48.91706049442291259765625" lon="89.97156766243278980255126953125">
        <ele>1923.5999755859375</ele>
        <time>2025-08-13T04:15:52.000Z</time>
        <extensions>
          <ns3:TrackPointExtension>
            <ns3:atemp>19.0</ns3:atemp>
          </ns3:TrackPointExtension>
        </extensions>
      </trkpt>
      <trkpt lat="48.9173193275928497314453125" lon="89.9715935625135898590087890625">
        <ele>1922</ele>
        <time>2025-08-13T04:15:54.000Z</time>
        <extensions>
          <ns3:TrackPointExtension>
            <ns3:atemp>19.0</ns3:atemp>
          </ns3:TrackPointExtension>
        </extensions>
      </trkpt>
      <trkpt lat="48.91758226789534091949462890625" lon="89.97162130661308765411376953125">
        <ele>1920.4000244140625</ele>
        <time>2025-08-13T04:15:56.000Z</time>
        <extensions>
          <ns3:TrackPointExtension>
            <ns3:atemp>19.0</ns3:atemp>
          </ns3:TrackPointExtension>
        </extensions>
      </trkpt>
      <trkpt lat="48.9177167974412441253662109375" lon="89.9716388247907161712646484375">
        <ele>1919.4000244140625</ele>
        <time>2025-08-13T04:15:57.000Z</time>
        <extensions>
          <ns3:TrackPointExtension>
            <ns3:atemp>19.0</ns3:atemp>
          </ns3:TrackPointExtension>
        </extensions>
      </trkpt>
      <trkpt lat="48.917985856533050537109375" lon="89.97167117893695831298828125">
        <ele>1918.199951171875</ele>
        <time>2025-08-13T04:15:59.000Z</time>
        <extensions>
          <ns3:TrackPointExtension>
            <ns3:atemp>19.0</ns3:atemp>
          </ns3:TrackPointExtension>
        </extensions>
      </trkpt>
      <trkpt lat="48.91812223009765148162841796875" lon="89.97168852947652339935302734375">
        <ele>1917</ele>
        <time>2025-08-13T04:16:00.000Z</time>
        <extensions>
          <ns3:TrackPointExtension>
            <ns3:atemp>19.0</ns3:atemp>
          </ns3:TrackPointExtension>
        </extensions>
      </trkpt>
      <trkpt lat="48.91825877130031585693359375" lon="89.97170512564480304718017578125">
        <ele>1915.800048828125</ele>
        <time>2025-08-13T04:16:01.000Z</time>
        <extensions>
          <ns3:TrackPointExtension>
            <ns3:atemp>19.0</ns3:atemp>
          </ns3:TrackPointExtension>
        </extensions>
      </trkpt>
      <trkpt lat="48.9183967374265193939208984375" lon="89.971721470355987548828125">
        <ele>1914.5999755859375</ele>
        <time>2025-08-13T04:16:02.000Z</time>
        <extensions>
          <ns3:TrackPointExtension>
            <ns3:atemp>19.0</ns3:atemp>
          </ns3:TrackPointExtension>
        </extensions>
      </trkpt>
      <trkpt lat="48.9186783693730831146240234375" lon="89.9717484600841999053955078125">
        <ele>1913.199951171875</ele>
        <time>2025-08-13T04:16:04.000Z</time>
        <extensions>
          <ns3:TrackPointExtension>
            <ns3:atemp>19.0</ns3:atemp>
          </ns3:TrackPointExtension>
        </extensions>
      </trkpt>
      <trkpt lat="48.9189583249390125274658203125" lon="89.971775114536285400390625">
        <ele>1911.5999755859375</ele>
        <time>2025-08-13T04:16:06.000Z</time>
        <extensions>
          <ns3:TrackPointExtension>
            <ns3:atemp>19.0</ns3:atemp>
          </ns3:TrackPointExtension>
        </extensions>
      </trkpt>
      <trkpt lat="48.919235430657863616943359375" lon="89.97179984115064144134521484375">
        <ele>1910</ele>
        <time>2025-08-13T04:16:08.000Z</time>
        <extensions>
          <ns3:TrackPointExtension>
            <ns3:atemp>19.0</ns3:atemp>
          </ns3:TrackPointExtension>
        </extensions>
      </trkpt>
      <trkpt lat="48.9193713851273059844970703125" lon="89.97181526385247707366943359375">
        <ele>1908.5999755859375</ele>
        <time>2025-08-13T04:16:09.000Z</time>
        <extensions>
          <ns3:TrackPointExtension>
            <ns3:atemp>19.0</ns3:atemp>
          </ns3:TrackPointExtension>
        </extensions>
      </trkpt>
      <trkpt lat="48.91964522190392017364501953125" lon="89.97184443287551403045654296875">
        <ele>1907.4000244140625</ele>
        <time>2025-08-13T04:16:11.000Z</time>
        <extensions>
          <ns3:TrackPointExtension>
            <ns3:atemp>19.0</ns3:atemp>
          </ns3:TrackPointExtension>
        </extensions>
      </trkpt>
      <trkpt lat="48.91991729848086833953857421875" lon="89.971872009336948394775390625">
        <ele>1905.800048828125</ele>
        <time>2025-08-13T04:16:13.000Z</time>
        <extensions>
          <ns3:TrackPointExtension>
            <ns3:atemp>19.0</ns3:atemp>
          </ns3:TrackPointExtension>
        </extensions>
      </trkpt>
      <trkpt lat="48.9201884530484676361083984375" lon="89.9718989990651607513427734375">
        <ele>1904.199951171875</ele>
        <time>2025-08-13T04:16:15.000Z</time>
        <extensions>
          <ns3:TrackPointExtension>
            <ns3:atemp>19.0</ns3:atemp>
          </ns3:TrackPointExtension>
        </extensions>
      </trkpt>
      <trkpt lat="48.92045491375029087066650390625" lon="89.97192339040338993072509765625">
        <ele>1903</ele>
        <time>2025-08-13T04:16:17.000Z</time>
        <extensions>
          <ns3:TrackPointExtension>
            <ns3:atemp>19.0</ns3:atemp>
          </ns3:TrackPointExtension>
        </extensions>
      </trkpt>
      <trkpt lat="48.9207168482244014739990234375" lon="89.9719499610364437103271484375">
        <ele>1901.800048828125</ele>
        <time>2025-08-13T04:16:19.000Z</time>
        <extensions>
          <ns3:TrackPointExtension>
            <ns3:atemp>19.0</ns3:atemp>
          </ns3:TrackPointExtension>
        </extensions>
      </trkpt>
      <trkpt lat="48.92097316682338714599609375" lon="89.97197284363210201263427734375">
        <ele>1900.199951171875</ele>
        <time>2025-08-13T04:16:21.000Z</time>
        <extensions>
          <ns3:TrackPointExtension>
            <ns3:atemp>19.0</ns3:atemp>
          </ns3:TrackPointExtension>
        </extensions>
      </trkpt>
      <trkpt lat="48.9212251268327236175537109375" lon="89.97199228964745998382568359375">
        <ele>1898.5999755859375</ele>
        <time>2025-08-13T04:16:23.000Z</time>
        <extensions>
          <ns3:TrackPointExtension>
            <ns3:atemp>19.0</ns3:atemp>
          </ns3:TrackPointExtension>
        </extensions>
      </trkpt>
      <trkpt lat="48.92134892754256725311279296875" lon="89.9720093049108982086181640625">
        <ele>1897</ele>
        <time>2025-08-13T04:16:24.000Z</time>
        <extensions>
          <ns3:TrackPointExtension>
            <ns3:atemp>19.0</ns3:atemp>
          </ns3:TrackPointExtension>
        </extensions>
      </trkpt>
      <trkpt lat="48.921593762934207916259765625" lon="89.972044341266155242919921875">
        <ele>1895.5999755859375</ele>
        <time>2025-08-13T04:16:26.000Z</time>
        <extensions>
          <ns3:TrackPointExtension>
            <ns3:atemp>19.0</ns3:atemp>
          </ns3:TrackPointExtension>
        </extensions>
      </trkpt>
      <trkpt lat="48.92196550033986568450927734375" lon="89.972075857222080230712890625">
        <ele>1894.4000244140625</ele>
        <time>2025-08-13T04:16:29.000Z</time>
        <extensions>
          <ns3:TrackPointExtension>
            <ns3:atemp>19.0</ns3:atemp>
          </ns3:TrackPointExtension>
        </extensions>
      </trkpt>
      <trkpt lat="48.9220864512026309967041015625" lon="89.97208013199269771575927734375">
        <ele>1893.4000244140625</ele>
        <time>2025-08-13T04:16:30.000Z</time>
        <extensions>
          <ns3:TrackPointExtension>
            <ns3:atemp>19.0</ns3:atemp>
          </ns3:TrackPointExtension>
        </extensions>
      </trkpt>
      <trkpt lat="48.9223204739391803741455078125" lon="89.9720968119800090789794921875">
        <ele>1891.800048828125</ele>
        <time>2025-08-13T04:16:32.000Z</time>
        <extensions>
          <ns3:TrackPointExtension>
            <ns3:atemp>19.0</ns3:atemp>
          </ns3:TrackPointExtension>
        </extensions>
      </trkpt>
      <trkpt lat="48.92254670150578022003173828125" lon="89.97212187387049198150634765625">
        <ele>1890</ele>
        <time>2025-08-13T04:16:34.000Z</time>
        <extensions>
          <ns3:TrackPointExtension>
            <ns3:atemp>19.0</ns3:atemp>
          </ns3:TrackPointExtension>
        </extensions>
      </trkpt>
      <trkpt lat="48.9227710850536823272705078125" lon="89.97214592993259429931640625">
        <ele>1888.5999755859375</ele>
        <time>2025-08-13T04:16:36.000Z</time>
        <extensions>
          <ns3:TrackPointExtension>
            <ns3:atemp>19.0</ns3:atemp>
          </ns3:TrackPointExtension>
        </extensions>
      </trkpt>
      <trkpt lat="48.9228860847651958465576171875" lon="89.97215623967349529266357421875">
        <ele>1887.5999755859375</ele>
        <time>2025-08-13T04:16:37.000Z</time>
        <extensions>
          <ns3:TrackPointExtension>
            <ns3:atemp>19.0</ns3:atemp>
          </ns3:TrackPointExtension>
        </extensions>
      </trkpt>
      <trkpt lat="48.92311616800725460052490234375" lon="89.97217618860304355621337890625">
        <ele>1886</ele>
        <time>2025-08-13T04:16:39.000Z</time>
        <extensions>
          <ns3:TrackPointExtension>
            <ns3:atemp>19.0</ns3:atemp>
          </ns3:TrackPointExtension>
        </extensions>
      </trkpt>
      <trkpt lat="48.923462927341461181640625" lon="89.97221373952925205230712890625">
        <ele>1884.199951171875</ele>
        <time>2025-08-13T04:16:42.000Z</time>
        <extensions>
          <ns3:TrackPointExtension>
            <ns3:atemp>19.0</ns3:atemp>
          </ns3:TrackPointExtension>
        </extensions>
      </trkpt>
      <trkpt lat="48.92370164394378662109375" lon="89.97223720885813236236572265625">
        <ele>1882.5999755859375</ele>
        <time>2025-08-13T04:16:44.000Z</time>
        <extensions>
          <ns3:TrackPointExtension>
            <ns3:atemp>19.0</ns3:atemp>
          </ns3:TrackPointExtension>
        </extensions>
      </trkpt>
      <trkpt lat="48.92394430004060268402099609375" lon="89.972255565226078033447265625">
        <ele>1881.199951171875</ele>
        <time>2025-08-13T04:16:46.000Z</time>
        <extensions>
          <ns3:TrackPointExtension>
            <ns3:atemp>19.0</ns3:atemp>
          </ns3:TrackPointExtension>
        </extensions>
      </trkpt>
      <trkpt lat="48.92431125976145267486572265625" lon="89.972281046211719512939453125">
        <ele>1879.5999755859375</ele>
        <time>2025-08-13T04:16:49.000Z</time>
        <extensions>
          <ns3:TrackPointExtension>
            <ns3:atemp>19.0</ns3:atemp>
          </ns3:TrackPointExtension>
        </extensions>
      </trkpt>
      <trkpt lat="48.9244340546429157257080078125" lon="89.9722895957529544830322265625">
        <ele>1878.5999755859375</ele>
        <time>2025-08-13T04:16:50.000Z</time>
        <extensions>
          <ns3:TrackPointExtension>
            <ns3:atemp>19.0</ns3:atemp>
          </ns3:TrackPointExtension>
        </extensions>
      </trkpt>
      <trkpt lat="48.9246791414916515350341796875" lon="89.9723150767385959625244140625">
        <ele>1877</ele>
        <time>2025-08-13T04:16:52.000Z</time>
        <extensions>
          <ns3:TrackPointExtension>
            <ns3:atemp>19.0</ns3:atemp>
          </ns3:TrackPointExtension>
        </extensions>
      </trkpt>
      <trkpt lat="48.92492632381618022918701171875" lon="89.97234215028584003448486328125">
        <ele>1875.5999755859375</ele>
        <time>2025-08-13T04:16:54.000Z</time>
        <extensions>
          <ns3:TrackPointExtension>
            <ns3:atemp>19.0</ns3:atemp>
          </ns3:TrackPointExtension>
        </extensions>
      </trkpt>
      <trkpt lat="48.92517342232167720794677734375" lon="89.97236788272857666015625">
        <ele>1874.4000244140625</ele>
        <time>2025-08-13T04:16:56.000Z</time>
        <extensions>
          <ns3:TrackPointExtension>
            <ns3:atemp>19.0</ns3:atemp>
          </ns3:TrackPointExtension>
        </extensions>
      </trkpt>
      <trkpt lat="48.92542202956974506378173828125" lon="89.97239411808550357818603515625">
        <ele>1873.199951171875</ele>
        <time>2025-08-13T04:16:58.000Z</time>
        <extensions>
          <ns3:TrackPointExtension>
            <ns3:atemp>19.0</ns3:atemp>
          </ns3:TrackPointExtension>
        </extensions>
      </trkpt>
      <trkpt lat="48.925671391189098358154296875" lon="89.97241825796663761138916015625">
        <ele>1871.800048828125</ele>
        <time>2025-08-13T04:17:00.000Z</time>
        <extensions>
          <ns3:TrackPointExtension>
            <ns3:atemp>19.0</ns3:atemp>
          </ns3:TrackPointExtension>
        </extensions>
      </trkpt>
      <trkpt lat="48.9259173162281513214111328125" lon="89.97244457714259624481201171875">
        <ele>1870.4000244140625</ele>
        <time>2025-08-13T04:17:02.000Z</time>
        <extensions>
          <ns3:TrackPointExtension>
            <ns3:atemp>19.0</ns3:atemp>
          </ns3:TrackPointExtension>
        </extensions>
      </trkpt>
      <trkpt lat="48.92616433091461658477783203125" lon="89.972471483051776885986328125">
        <ele>1868.800048828125</ele>
        <time>2025-08-13T04:17:04.000Z</time>
        <extensions>
          <ns3:TrackPointExtension>
            <ns3:atemp>19.0</ns3:atemp>
          </ns3:TrackPointExtension>
        </extensions>
      </trkpt>
      <trkpt lat="48.9262874610722064971923828125" lon="89.97248514555394649505615234375">
        <ele>1868</ele>
        <time>2025-08-13T04:17:05.000Z</time>
        <extensions>
          <ns3:TrackPointExtension>
            <ns3:atemp>19.0</ns3:atemp>
          </ns3:TrackPointExtension>
        </extensions>
      </trkpt>
      <trkpt lat="48.92640732228755950927734375" lon="89.9724981375038623809814453125">
        <ele>1867.4000244140625</ele>
        <time>2025-08-13T04:17:06.000Z</time>
        <extensions>
          <ns3:TrackPointExtension>
            <ns3:atemp>19.0</ns3:atemp>
          </ns3:TrackPointExtension>
        </extensions>
      </trkpt>
      <trkpt lat="48.9266478829085826873779296875" lon="89.97252319939434528350830078125">
        <ele>1865.800048828125</ele>
        <time>2025-08-13T04:17:08.000Z</time>
        <extensions>
          <ns3:TrackPointExtension>
            <ns3:atemp>19.0</ns3:atemp>
          </ns3:TrackPointExtension>
        </extensions>
      </trkpt>
      <trkpt lat="48.92689011991024017333984375" lon="89.97254566289484500885009765625">
        <ele>1864.4000244140625</ele>
        <time>2025-08-13T04:17:10.000Z</time>
        <extensions>
          <ns3:TrackPointExtension>
            <ns3:atemp>19.0</ns3:atemp>
          </ns3:TrackPointExtension>
        </extensions>
      </trkpt>
      <trkpt lat="48.9271333627402782440185546875" lon="89.97257114388048648834228515625">
        <ele>1863.4000244140625</ele>
        <time>2025-08-13T04:17:12.000Z</time>
        <extensions>
          <ns3:TrackPointExtension>
            <ns3:atemp>19.0</ns3:atemp>
          </ns3:TrackPointExtension>
        </extensions>
      </trkpt>
      <trkpt lat="48.9273861609399318695068359375" lon="89.972586818039417266845703125">
        <ele>1862</ele>
        <time>2025-08-13T04:17:14.000Z</time>
        <extensions>
          <ns3:TrackPointExtension>
            <ns3:atemp>19.0</ns3:atemp>
          </ns3:TrackPointExtension>
        </extensions>
      </trkpt>
      <trkpt lat="48.927514739334583282470703125" lon="89.972595535218715667724609375">
        <ele>1861.5999755859375</ele>
        <time>2025-08-13T04:17:15.000Z</time>
        <extensions>
          <ns3:TrackPointExtension>
            <ns3:atemp>19.0</ns3:atemp>
          </ns3:TrackPointExtension>
        </extensions>
      </trkpt>
      <trkpt lat="48.92763904295861721038818359375" lon="89.97260668314993381500244140625">
        <ele>1860.800048828125</ele>
        <time>2025-08-13T04:17:16.000Z</time>
        <extensions>
          <ns3:TrackPointExtension>
            <ns3:atemp>19.0</ns3:atemp>
          </ns3:TrackPointExtension>
        </extensions>
      </trkpt>
      <trkpt lat="48.92788614146411418914794921875" lon="89.9726309068500995635986328125">
        <ele>1859.199951171875</ele>
        <time>2025-08-13T04:17:18.000Z</time>
        <extensions>
          <ns3:TrackPointExtension>
            <ns3:atemp>19.0</ns3:atemp>
          </ns3:TrackPointExtension>
        </extensions>
      </trkpt>
      <trkpt lat="48.9281286299228668212890625" lon="89.97265747748315334320068359375">
        <ele>1858</ele>
        <time>2025-08-13T04:17:20.000Z</time>
        <extensions>
          <ns3:TrackPointExtension>
            <ns3:atemp>19.0</ns3:atemp>
          </ns3:TrackPointExtension>
        </extensions>
      </trkpt>
      <trkpt lat="48.92836407758295536041259765625" lon="89.9726858921349048614501953125">
        <ele>1856.800048828125</ele>
        <time>2025-08-13T04:17:22.000Z</time>
        <extensions>
          <ns3:TrackPointExtension>
            <ns3:atemp>19.0</ns3:atemp>
          </ns3:TrackPointExtension>
        </extensions>
      </trkpt>
      <trkpt lat="48.92848259769380092620849609375" lon="89.9726972915232181549072265625">
        <ele>1856.4000244140625</ele>
        <time>2025-08-13T04:17:23.000Z</time>
        <extensions>
          <ns3:TrackPointExtension>
            <ns3:atemp>19.0</ns3:atemp>
          </ns3:TrackPointExtension>
        </extensions>
      </trkpt>
      <trkpt lat="48.92859868705272674560546875" lon="89.972707517445087432861328125">
        <ele>1855.5999755859375</ele>
        <time>2025-08-13T04:17:24.000Z</time>
        <extensions>
          <ns3:TrackPointExtension>
            <ns3:atemp>19.0</ns3:atemp>
          </ns3:TrackPointExtension>
        </extensions>
      </trkpt>
      <trkpt lat="48.92871343530714511871337890625" lon="89.97271782718598842620849609375">
        <ele>1854.800048828125</ele>
        <time>2025-08-13T04:17:25.000Z</time>
        <extensions>
          <ns3:TrackPointExtension>
            <ns3:atemp>19.0</ns3:atemp>
          </ns3:TrackPointExtension>
        </extensions>
      </trkpt>
      <trkpt lat="48.92882910557091236114501953125" lon="89.97272687964141368865966796875">
        <ele>1854</ele>
        <time>2025-08-13T04:17:26.000Z</time>
        <extensions>
          <ns3:TrackPointExtension>
            <ns3:atemp>19.0</ns3:atemp>
          </ns3:TrackPointExtension>
        </extensions>
      </trkpt>
      <trkpt lat="48.92927703447639942169189453125" lon="89.9727713875472545623779296875">
        <ele>1853</ele>
        <time>2025-08-13T04:17:30.000Z</time>
        <extensions>
          <ns3:TrackPointExtension>
            <ns3:atemp>19.0</ns3:atemp>
          </ns3:TrackPointExtension>
        </extensions>
      </trkpt>
      <trkpt lat="48.9294900186359882354736328125" lon="89.97279125265777111053466796875">
        <ele>1851.800048828125</ele>
        <time>2025-08-13T04:17:32.000Z</time>
        <extensions>
          <ns3:TrackPointExtension>
            <ns3:atemp>19.0</ns3:atemp>
          </ns3:TrackPointExtension>
        </extensions>
      </trkpt>
      <trkpt lat="48.929701745510101318359375" lon="89.97281556017696857452392578125">
        <ele>1849.800048828125</ele>
        <time>2025-08-13T04:17:34.000Z</time>
        <extensions>
          <ns3:TrackPointExtension>
            <ns3:atemp>19.0</ns3:atemp>
          </ns3:TrackPointExtension>
        </extensions>
      </trkpt>
      <trkpt lat="48.9299158193171024322509765625" lon="89.97284037061035633087158203125">
        <ele>1848.199951171875</ele>
        <time>2025-08-13T04:17:36.000Z</time>
        <extensions>
          <ns3:TrackPointExtension>
            <ns3:atemp>19.0</ns3:atemp>
          </ns3:TrackPointExtension>
        </extensions>
      </trkpt>
      <trkpt lat="48.9301349222660064697265625" lon="89.97286853380501270294189453125">
        <ele>1846.800048828125</ele>
        <time>2025-08-13T04:17:38.000Z</time>
        <extensions>
          <ns3:TrackPointExtension>
            <ns3:atemp>19.0</ns3:atemp>
          </ns3:TrackPointExtension>
        </extensions>
      </trkpt>
      <trkpt lat="48.93035612069070339202880859375" lon="89.97288621962070465087890625">
        <ele>1845.5999755859375</ele>
        <time>2025-08-13T04:17:40.000Z</time>
        <extensions>
          <ns3:TrackPointExtension>
            <ns3:atemp>19.0</ns3:atemp>
          </ns3:TrackPointExtension>
        </extensions>
      </trkpt>
      <trkpt lat="48.93057757057249546051025390625" lon="89.97290097177028656005859375">
        <ele>1844.199951171875</ele>
        <time>2025-08-13T04:17:42.000Z</time>
        <extensions>
          <ns3:TrackPointExtension>
            <ns3:atemp>19.0</ns3:atemp>
          </ns3:TrackPointExtension>
        </extensions>
      </trkpt>
      <trkpt lat="48.93079516477882862091064453125" lon="89.97291899286210536956787109375">
        <ele>1843</ele>
        <time>2025-08-13T04:17:44.000Z</time>
        <extensions>
          <ns3:TrackPointExtension>
            <ns3:atemp>19.0</ns3:atemp>
          </ns3:TrackPointExtension>
        </extensions>
      </trkpt>
      <trkpt lat="48.93113094381988048553466796875" lon="89.97294782660901546478271484375">
        <ele>1841.800048828125</ele>
        <time>2025-08-13T04:17:47.000Z</time>
        <extensions>
          <ns3:TrackPointExtension>
            <ns3:atemp>19.0</ns3:atemp>
          </ns3:TrackPointExtension>
        </extensions>
      </trkpt>
      <trkpt lat="48.931356333196163177490234375" lon="89.97296492569148540496826171875">
        <ele>1840.800048828125</ele>
        <time>2025-08-13T04:17:49.000Z</time>
        <extensions>
          <ns3:TrackPointExtension>
            <ns3:atemp>19.0</ns3:atemp>
          </ns3:TrackPointExtension>
        </extensions>
      </trkpt>
      <trkpt lat="48.9317058585584163665771484375" lon="89.97297029010951519012451171875">
        <ele>1839.4000244140625</ele>
        <time>2025-08-13T04:17:52.000Z</time>
        <extensions>
          <ns3:TrackPointExtension>
            <ns3:atemp>19.0</ns3:atemp>
          </ns3:TrackPointExtension>
        </extensions>
      </trkpt>
      <trkpt lat="48.93193594180047512054443359375" lon="89.97295620851218700408935546875">
        <ele>1838</ele>
        <time>2025-08-13T04:17:54.000Z</time>
        <extensions>
          <ns3:TrackPointExtension>
            <ns3:atemp>19.0</ns3:atemp>
          </ns3:TrackPointExtension>
        </extensions>
      </trkpt>
      <trkpt lat="48.932164013385772705078125" lon="89.9729289673268795013427734375">
        <ele>1837</ele>
        <time>2025-08-13T04:17:56.000Z</time>
        <extensions>
          <ns3:TrackPointExtension>
            <ns3:atemp>19.0</ns3:atemp>
          </ns3:TrackPointExtension>
        </extensions>
      </trkpt>
      <trkpt lat="48.93239208497107028961181640625" lon="89.97289183549582958221435546875">
        <ele>1835.800048828125</ele>
        <time>2025-08-13T04:17:58.000Z</time>
        <extensions>
          <ns3:TrackPointExtension>
            <ns3:atemp>19.0</ns3:atemp>
          </ns3:TrackPointExtension>
        </extensions>
      </trkpt>
      <trkpt lat="48.932608924806118011474609375" lon="89.972849674522876739501953125">
        <ele>1835.199951171875</ele>
        <time>2025-08-13T04:18:00.000Z</time>
        <extensions>
          <ns3:TrackPointExtension>
            <ns3:atemp>19.0</ns3:atemp>
          </ns3:TrackPointExtension>
        </extensions>
      </trkpt>
      <trkpt lat="48.93282584846019744873046875" lon="89.97279100120067596435546875">
        <ele>1834.199951171875</ele>
        <time>2025-08-13T04:18:02.000Z</time>
        <extensions>
          <ns3:TrackPointExtension>
            <ns3:atemp>19.0</ns3:atemp>
          </ns3:TrackPointExtension>
        </extensions>
      </trkpt>
      <trkpt lat="48.9331441931426525115966796875" lon="89.97270391322672367095947265625">
        <ele>1833</ele>
        <time>2025-08-13T04:18:05.000Z</time>
        <extensions>
          <ns3:TrackPointExtension>
            <ns3:atemp>19.0</ns3:atemp>
          </ns3:TrackPointExtension>
        </extensions>
      </trkpt>
      <trkpt lat="48.93333219923079013824462890625" lon="89.9726537056267261505126953125">
        <ele>1832.199951171875</ele>
        <time>2025-08-13T04:18:07.000Z</time>
        <extensions>
          <ns3:TrackPointExtension>
            <ns3:atemp>19.0</ns3:atemp>
          </ns3:TrackPointExtension>
        </extensions>
      </trkpt>
      <trkpt lat="48.93341065384447574615478515625" lon="89.9726285599172115325927734375">
        <ele>1831.800048828125</ele>
        <time>2025-08-13T04:18:08.000Z</time>
        <extensions>
          <ns3:TrackPointExtension>
            <ns3:atemp>19.0</ns3:atemp>
          </ns3:TrackPointExtension>
        </extensions>
      </trkpt>
      <trkpt lat="48.93354141153395175933837890625" lon="89.97257734648883342742919921875">
        <ele>1830.800048828125</ele>
        <time>2025-08-13T04:18:10.000Z</time>
        <extensions>
          <ns3:TrackPointExtension>
            <ns3:atemp>19.0</ns3:atemp>
          </ns3:TrackPointExtension>
        </extensions>
      </trkpt>
      <trkpt lat="48.9336672239005565643310546875" lon="89.972541220486164093017578125">
        <ele>1829.5999755859375</ele>
        <time>2025-08-13T04:18:13.000Z</time>
        <extensions>
          <ns3:TrackPointExtension>
            <ns3:atemp>19.0</ns3:atemp>
          </ns3:TrackPointExtension>
        </extensions>
      </trkpt>
      <trkpt lat="48.9336762763559818267822265625" lon="89.97253761626780033111572265625">
        <ele>1829.199951171875</ele>
        <time>2025-08-13T04:18:14.000Z</time>
        <extensions>
          <ns3:TrackPointExtension>
            <ns3:atemp>19.0</ns3:atemp>
          </ns3:TrackPointExtension>
        </extensions>
      </trkpt>
      <trkpt lat="48.9336762763559818267822265625" lon="89.97253761626780033111572265625">
        <ele>1828.800048828125</ele>
        <time>2025-08-13T04:18:16.000Z</time>
        <extensions>
          <ns3:TrackPointExtension>
            <ns3:atemp>19.0</ns3:atemp>
          </ns3:TrackPointExtension>
        </extensions>
      </trkpt>
      <trkpt lat="48.93372229300439357757568359375" lon="89.97251180000603199005126953125">
        <ele>1827.800048828125</ele>
        <time>2025-08-13T04:19:48.000Z</time>
        <extensions>
          <ns3:TrackPointExtension>
            <ns3:atemp>20.0</ns3:atemp>
          </ns3:TrackPointExtension>
        </extensions>
      </trkpt>
      <trkpt lat="48.9338895119726657867431640625" lon="89.97244792990386486053466796875">
        <ele>1827.5999755859375</ele>
        <time>2025-08-13T04:19:53.000Z</time>
        <extensions>
          <ns3:TrackPointExtension>
            <ns3:atemp>20.0</ns3:atemp>
          </ns3:TrackPointExtension>
        </extensions>
      </trkpt>
      <trkpt lat="48.9341858960688114166259765625" lon="89.97233393602073192596435546875">
        <ele>1827.199951171875</ele>
        <time>2025-08-13T04:19:59.000Z</time>
        <extensions>
          <ns3:TrackPointExtension>
            <ns3:atemp>20.0</ns3:atemp>
          </ns3:TrackPointExtension>
        </extensions>
      </trkpt>
      <trkpt lat="48.93430014140903949737548828125" lon="89.9723013304173946380615234375">
        <ele>1826.5999755859375</ele>
        <time>2025-08-13T04:20:01.000Z</time>
        <extensions>
          <ns3:TrackPointExtension>
            <ns3:atemp>20.0</ns3:atemp>
          </ns3:TrackPointExtension>
        </extensions>
      </trkpt>
      <trkpt lat="48.9346462301909923553466796875" lon="89.97218406759202480316162109375">
        <ele>1826.5999755859375</ele>
        <time>2025-08-13T04:20:07.000Z</time>
        <extensions>
          <ns3:TrackPointExtension>
            <ns3:atemp>20.0</ns3:atemp>
          </ns3:TrackPointExtension>
        </extensions>
      </trkpt>
      <trkpt lat="48.93490565009415149688720703125" lon="89.972091950476169586181640625">
        <ele>1825.5999755859375</ele>
        <time>2025-08-13T04:20:12.000Z</time>
        <extensions>
          <ns3:TrackPointExtension>
            <ns3:atemp>20.0</ns3:atemp>
          </ns3:TrackPointExtension>
        </extensions>
      </trkpt>
      <trkpt lat="48.93511670641601085662841796875" lon="89.97201911173760890960693359375">
        <ele>1824.4000244140625</ele>
        <time>2025-08-13T04:20:16.000Z</time>
        <extensions>
          <ns3:TrackPointExtension>
            <ns3:atemp>20.0</ns3:atemp>
          </ns3:TrackPointExtension>
        </extensions>
      </trkpt>
      <trkpt lat="48.935334049165248870849609375" lon="89.97194451279938220977783203125">
        <ele>1823.199951171875</ele>
        <time>2025-08-13T04:20:20.000Z</time>
        <extensions>
          <ns3:TrackPointExtension>
            <ns3:atemp>20.0</ns3:atemp>
          </ns3:TrackPointExtension>
        </extensions>
      </trkpt>
      <trkpt lat="48.9356071315705776214599609375" lon="89.9718450196087360382080078125">
        <ele>1822</ele>
        <time>2025-08-13T04:20:25.000Z</time>
        <extensions>
          <ns3:TrackPointExtension>
            <ns3:atemp>20.0</ns3:atemp>
          </ns3:TrackPointExtension>
        </extensions>
      </trkpt>
      <trkpt lat="48.93566069193184375762939453125" lon="89.9718255735933780670166015625">
        <ele>1821.800048828125</ele>
        <time>2025-08-13T04:20:26.000Z</time>
        <extensions>
          <ns3:TrackPointExtension>
            <ns3:atemp>20.0</ns3:atemp>
          </ns3:TrackPointExtension>
        </extensions>
      </trkpt>
      <trkpt lat="48.935771249234676361083984375" lon="89.971787519752979278564453125">
        <ele>1820.800048828125</ele>
        <time>2025-08-13T04:20:28.000Z</time>
        <extensions>
          <ns3:TrackPointExtension>
            <ns3:atemp>20.0</ns3:atemp>
          </ns3:TrackPointExtension>
        </extensions>
      </trkpt>
      <trkpt lat="48.93594014458358287811279296875" lon="89.97172725386917591094970703125">
        <ele>1819.800048828125</ele>
        <time>2025-08-13T04:20:31.000Z</time>
        <extensions>
          <ns3:TrackPointExtension>
            <ns3:atemp>20.0</ns3:atemp>
          </ns3:TrackPointExtension>
        </extensions>
      </trkpt>
      <trkpt lat="48.9362411387264728546142578125" lon="89.97161753475666046142578125">
        <ele>1818.800048828125</ele>
        <time>2025-08-13T04:20:36.000Z</time>
        <extensions>
          <ns3:TrackPointExtension>
            <ns3:atemp>20.0</ns3:atemp>
          </ns3:TrackPointExtension>
        </extensions>
      </trkpt>
      <trkpt lat="48.93630006350576877593994140625" lon="89.97159364633262157440185546875">
        <ele>1818.800048828125</ele>
        <time>2025-08-13T04:20:37.000Z</time>
        <extensions>
          <ns3:TrackPointExtension>
            <ns3:atemp>20.0</ns3:atemp>
          </ns3:TrackPointExtension>
        </extensions>
      </trkpt>
      <trkpt lat="48.936598040163516998291015625" lon="89.971489124000072479248046875">
        <ele>1817.5999755859375</ele>
        <time>2025-08-13T04:20:42.000Z</time>
        <extensions>
          <ns3:TrackPointExtension>
            <ns3:atemp>20.0</ns3:atemp>
          </ns3:TrackPointExtension>
        </extensions>
      </trkpt>
      <trkpt lat="48.93672301433980464935302734375" lon="89.97144319117069244384765625">
        <ele>1816.800048828125</ele>
        <time>2025-08-13T04:20:44.000Z</time>
        <extensions>
          <ns3:TrackPointExtension>
            <ns3:atemp>20.0</ns3:atemp>
          </ns3:TrackPointExtension>
        </extensions>
      </trkpt>
      <trkpt lat="48.93678554333746433258056640625" lon="89.97142039239406585693359375">
        <ele>1816.4000244140625</ele>
        <time>2025-08-13T04:20:45.000Z</time>
        <extensions>
          <ns3:TrackPointExtension>
            <ns3:atemp>20.0</ns3:atemp>
          </ns3:TrackPointExtension>
        </extensions>
      </trkpt>
      <trkpt lat="48.93711210228502750396728515625" lon="89.971290640532970428466796875">
        <ele>1815.199951171875</ele>
        <time>2025-08-13T04:20:50.000Z</time>
        <extensions>
          <ns3:TrackPointExtension>
            <ns3:atemp>20.0</ns3:atemp>
          </ns3:TrackPointExtension>
        </extensions>
      </trkpt>
      <trkpt lat="48.93731662072241306304931640625" lon="89.971209503710269927978515625">
        <ele>1814.199951171875</ele>
        <time>2025-08-13T04:20:53.000Z</time>
        <extensions>
          <ns3:TrackPointExtension>
            <ns3:atemp>20.0</ns3:atemp>
          </ns3:TrackPointExtension>
        </extensions>
      </trkpt>
      <trkpt lat="48.93744821660220623016357421875" lon="89.9711540155112743377685546875">
        <ele>1813.800048828125</ele>
        <time>2025-08-13T04:20:55.000Z</time>
        <extensions>
          <ns3:TrackPointExtension>
            <ns3:atemp>20.0</ns3:atemp>
          </ns3:TrackPointExtension>
        </extensions>
      </trkpt>
      <trkpt lat="48.9376466162502765655517578125" lon="89.97106391005218029022216796875">
        <ele>1813.199951171875</ele>
        <time>2025-08-13T04:20:58.000Z</time>
        <extensions>
          <ns3:TrackPointExtension>
            <ns3:atemp>20.0</ns3:atemp>
          </ns3:TrackPointExtension>
        </extensions>
      </trkpt>
      <trkpt lat="48.93795959651470184326171875" lon="89.97092175297439098358154296875">
        <ele>1811.4000244140625</ele>
        <time>2025-08-13T04:21:03.000Z</time>
        <extensions>
          <ns3:TrackPointExtension>
            <ns3:atemp>20.0</ns3:atemp>
          </ns3:TrackPointExtension>
        </extensions>
      </trkpt>
      <trkpt lat="48.93814475275576114654541015625" lon="89.9708458967506885528564453125">
        <ele>1809.800048828125</ele>
        <time>2025-08-13T04:21:06.000Z</time>
        <extensions>
          <ns3:TrackPointExtension>
            <ns3:atemp>20.0</ns3:atemp>
          </ns3:TrackPointExtension>
        </extensions>
      </trkpt>
      <trkpt lat="48.9382088743150234222412109375" lon="89.97081932611763477325439453125">
        <ele>1809.4000244140625</ele>
        <time>2025-08-13T04:21:07.000Z</time>
        <extensions>
          <ns3:TrackPointExtension>
            <ns3:atemp>20.0</ns3:atemp>
          </ns3:TrackPointExtension>
        </extensions>
      </trkpt>
      <trkpt lat="48.9383988082408905029296875" lon="89.970725364983081817626953125">
        <ele>1808.5999755859375</ele>
        <time>2025-08-13T04:21:10.000Z</time>
        <extensions>
          <ns3:TrackPointExtension>
            <ns3:atemp>20.0</ns3:atemp>
          </ns3:TrackPointExtension>
        </extensions>
      </trkpt>
      <trkpt lat="48.93871354870498180389404296875" lon="89.97054439969360828399658203125">
        <ele>1807.5999755859375</ele>
        <time>2025-08-13T04:21:15.000Z</time>
        <extensions>
          <ns3:TrackPointExtension>
            <ns3:atemp>20.0</ns3:atemp>
          </ns3:TrackPointExtension>
        </extensions>
      </trkpt>
      <trkpt lat="48.93891337327659130096435546875" lon="89.9704643525183200836181640625">
        <ele>1806.4000244140625</ele>
        <time>2025-08-13T04:21:18.000Z</time>
        <extensions>
          <ns3:TrackPointExtension>
            <ns3:atemp>20.0</ns3:atemp>
          </ns3:TrackPointExtension>
        </extensions>
      </trkpt>
      <trkpt lat="48.93904455006122589111328125" lon="89.97040643356740474700927734375">
        <ele>1805.4000244140625</ele>
        <time>2025-08-13T04:21:20.000Z</time>
        <extensions>
          <ns3:TrackPointExtension>
            <ns3:atemp>20.0</ns3:atemp>
          </ns3:TrackPointExtension>
        </extensions>
      </trkpt>
      <trkpt lat="48.9393766410648822784423828125" lon="89.97022605501115322113037109375">
        <ele>1804.199951171875</ele>
        <time>2025-08-13T04:21:25.000Z</time>
        <extensions>
          <ns3:TrackPointExtension>
            <ns3:atemp>20.0</ns3:atemp>
          </ns3:TrackPointExtension>
        </extensions>
      </trkpt>
      <trkpt lat="48.93964846618473529815673828125" lon="89.97007518075406551361083984375">
        <ele>1803</ele>
        <time>2025-08-13T04:21:29.000Z</time>
        <extensions>
          <ns3:TrackPointExtension>
            <ns3:atemp>20.0</ns3:atemp>
          </ns3:TrackPointExtension>
        </extensions>
      </trkpt>
      <trkpt lat="48.9399154298007488250732421875" lon="89.969926066696643829345703125">
        <ele>1801.800048828125</ele>
        <time>2025-08-13T04:21:33.000Z</time>
        <extensions>
          <ns3:TrackPointExtension>
            <ns3:atemp>20.0</ns3:atemp>
          </ns3:TrackPointExtension>
        </extensions>
      </trkpt>
      <trkpt lat="48.940055407583713531494140625" lon="89.96984384022653102874755859375">
        <ele>1801</ele>
        <time>2025-08-13T04:21:35.000Z</time>
        <extensions>
          <ns3:TrackPointExtension>
            <ns3:atemp>20.0</ns3:atemp>
          </ns3:TrackPointExtension>
        </extensions>
      </trkpt>
      <trkpt lat="48.940124474465847015380859375" lon="89.96979765594005584716796875">
        <ele>1800.5999755859375</ele>
        <time>2025-08-13T04:21:36.000Z</time>
        <extensions>
          <ns3:TrackPointExtension>
            <ns3:atemp>20.0</ns3:atemp>
          </ns3:TrackPointExtension>
        </extensions>
      </trkpt>
      <trkpt lat="48.94048196263611316680908203125" lon="89.96956807561218738555908203125">
        <ele>1799.199951171875</ele>
        <time>2025-08-13T04:21:41.000Z</time>
        <extensions>
          <ns3:TrackPointExtension>
            <ns3:atemp>20.0</ns3:atemp>
          </ns3:TrackPointExtension>
        </extensions>
      </trkpt>
      <trkpt lat="48.94054524600505828857421875" lon="89.969538152217864990234375">
        <ele>1798.800048828125</ele>
        <time>2025-08-13T04:21:42.000Z</time>
        <extensions>
          <ns3:TrackPointExtension>
            <ns3:atemp>20.0</ns3:atemp>
          </ns3:TrackPointExtension>
        </extensions>
      </trkpt>
      <trkpt lat="48.940641470253467559814453125" lon="89.96949381195008754730224609375">
        <ele>1798.199951171875</ele>
        <time>2025-08-13T04:21:44.000Z</time>
        <extensions>
          <ns3:TrackPointExtension>
            <ns3:atemp>20.0</ns3:atemp>
          </ns3:TrackPointExtension>
        </extensions>
      </trkpt>
      <trkpt lat="48.94068539142608642578125" lon="89.9694759584963321685791015625">
        <ele>1797.5999755859375</ele>
        <time>2025-08-13T04:21:46.000Z</time>
        <extensions>
          <ns3:TrackPointExtension>
            <ns3:atemp>20.0</ns3:atemp>
          </ns3:TrackPointExtension>
        </extensions>
      </trkpt>
      <trkpt lat="48.94068539142608642578125" lon="89.9694759584963321685791015625">
        <ele>1797.4000244140625</ele>
        <time>2025-08-13T04:21:48.000Z</time>
        <extensions>
          <ns3:TrackPointExtension>
            <ns3:atemp>20.0</ns3:atemp>
          </ns3:TrackPointExtension>
        </extensions>
      </trkpt>
      <trkpt lat="48.94072436727583408355712890625" lon="89.969443939626216888427734375">
        <ele>1796.5999755859375</ele>
        <time>2025-08-13T04:22:04.000Z</time>
        <extensions>
          <ns3:TrackPointExtension>
            <ns3:atemp>20.0</ns3:atemp>
          </ns3:TrackPointExtension>
        </extensions>
      </trkpt>
      <trkpt lat="48.94077993929386138916015625" lon="89.96941669844090938568115234375">
        <ele>1796.4000244140625</ele>
        <time>2025-08-13T04:22:06.000Z</time>
        <extensions>
          <ns3:TrackPointExtension>
            <ns3:atemp>20.0</ns3:atemp>
          </ns3:TrackPointExtension>
        </extensions>
      </trkpt>
      <trkpt lat="48.940948583185672760009765625" lon="89.9692846834659576416015625">
        <ele>1796</ele>
        <time>2025-08-13T04:22:11.000Z</time>
        <extensions>
          <ns3:TrackPointExtension>
            <ns3:atemp>20.0</ns3:atemp>
          </ns3:TrackPointExtension>
        </extensions>
      </trkpt>
      <trkpt lat="48.94103148020803928375244140625" lon="89.969233386218547821044921875">
        <ele>1795.5999755859375</ele>
        <time>2025-08-13T04:22:13.000Z</time>
        <extensions>
          <ns3:TrackPointExtension>
            <ns3:atemp>20.0</ns3:atemp>
          </ns3:TrackPointExtension>
        </extensions>
      </trkpt>
      <trkpt lat="48.94126047380268573760986328125" lon="89.96907220222055912017822265625">
        <ele>1794.800048828125</ele>
        <time>2025-08-13T04:22:18.000Z</time>
        <extensions>
          <ns3:TrackPointExtension>
            <ns3:atemp>20.0</ns3:atemp>
          </ns3:TrackPointExtension>
        </extensions>
      </trkpt>
      <trkpt lat="48.9413095079362392425537109375" lon="89.96903817169368267059326171875">
        <ele>1794.5999755859375</ele>
        <time>2025-08-13T04:22:19.000Z</time>
        <extensions>
          <ns3:TrackPointExtension>
            <ns3:atemp>20.0</ns3:atemp>
          </ns3:TrackPointExtension>
        </extensions>
      </trkpt>
      <trkpt lat="48.9416374079883098602294921875" lon="89.96882091276347637176513671875">
        <ele>1793.4000244140625</ele>
        <time>2025-08-13T04:22:25.000Z</time>
        <extensions>
          <ns3:TrackPointExtension>
            <ns3:atemp>20.0</ns3:atemp>
          </ns3:TrackPointExtension>
        </extensions>
      </trkpt>
      <trkpt lat="48.9419200457632541656494140625" lon="89.9686220102012157440185546875">
        <ele>1792.199951171875</ele>
        <time>2025-08-13T04:22:30.000Z</time>
        <extensions>
          <ns3:TrackPointExtension>
            <ns3:atemp>20.0</ns3:atemp>
          </ns3:TrackPointExtension>
        </extensions>
      </trkpt>
      <trkpt lat="48.9421530626714229583740234375" lon="89.968451522290706634521484375">
        <ele>1791.5999755859375</ele>
        <time>2025-08-13T04:22:34.000Z</time>
        <extensions>
          <ns3:TrackPointExtension>
            <ns3:atemp>20.0</ns3:atemp>
          </ns3:TrackPointExtension>
        </extensions>
      </trkpt>
      <trkpt lat="48.94221249036490917205810546875" lon="89.9684067629277706146240234375">
        <ele>1791.199951171875</ele>
        <time>2025-08-13T04:22:35.000Z</time>
        <extensions>
          <ns3:TrackPointExtension>
            <ns3:atemp>20.0</ns3:atemp>
          </ns3:TrackPointExtension>
        </extensions>
      </trkpt>
      <trkpt lat="48.94251792691648006439208984375" lon="89.96818673796951770782470703125">
        <ele>1790.199951171875</ele>
        <time>2025-08-13T04:22:40.000Z</time>
        <extensions>
          <ns3:TrackPointExtension>
            <ns3:atemp>20.0</ns3:atemp>
          </ns3:TrackPointExtension>
        </extensions>
      </trkpt>
      <trkpt lat="48.94263996742665767669677734375" lon="89.96809638105332851409912109375">
        <ele>1789</ele>
        <time>2025-08-13T04:22:42.000Z</time>
        <extensions>
          <ns3:TrackPointExtension>
            <ns3:atemp>20.0</ns3:atemp>
          </ns3:TrackPointExtension>
        </extensions>
      </trkpt>
      <trkpt lat="48.9427652768790721893310546875" lon="89.9680037610232830047607421875">
        <ele>1788.4000244140625</ele>
        <time>2025-08-13T04:22:44.000Z</time>
        <extensions>
          <ns3:TrackPointExtension>
            <ns3:atemp>20.0</ns3:atemp>
          </ns3:TrackPointExtension>
        </extensions>
      </trkpt>
      <trkpt lat="48.94289410673081874847412109375" lon="89.96790778823196887969970703125">
        <ele>1788</ele>
        <time>2025-08-13T04:22:46.000Z</time>
        <extensions>
          <ns3:TrackPointExtension>
            <ns3:atemp>20.0</ns3:atemp>
          </ns3:TrackPointExtension>
        </extensions>
      </trkpt>
      <trkpt lat="48.94331135787069797515869140625" lon="89.967611990869045257568359375">
        <ele>1786.800048828125</ele>
        <time>2025-08-13T04:22:52.000Z</time>
        <extensions>
          <ns3:TrackPointExtension>
            <ns3:atemp>20.0</ns3:atemp>
          </ns3:TrackPointExtension>
        </extensions>
      </trkpt>
      <trkpt lat="48.9433637447655200958251953125" lon="89.967574439942836761474609375">
        <ele>1786.5999755859375</ele>
        <time>2025-08-13T04:22:53.000Z</time>
        <extensions>
          <ns3:TrackPointExtension>
            <ns3:atemp>20.0</ns3:atemp>
          </ns3:TrackPointExtension>
        </extensions>
      </trkpt>
      <trkpt lat="48.94349458627402782440185546875" lon="89.96748181991279125213623046875">
        <ele>1785.4000244140625</ele>
        <time>2025-08-13T04:22:55.000Z</time>
        <extensions>
          <ns3:TrackPointExtension>
            <ns3:atemp>20.0</ns3:atemp>
          </ns3:TrackPointExtension>
        </extensions>
      </trkpt>
      <trkpt lat="48.9437664113938808441162109375" lon="89.9672822467982769012451171875">
        <ele>1784.4000244140625</ele>
        <time>2025-08-13T04:22:59.000Z</time>
        <extensions>
          <ns3:TrackPointExtension>
            <ns3:atemp>20.0</ns3:atemp>
          </ns3:TrackPointExtension>
        </extensions>
      </trkpt>
      <trkpt lat="48.94403924234211444854736328125" lon="89.9670965038239955902099609375">
        <ele>1783</ele>
        <time>2025-08-13T04:23:03.000Z</time>
        <extensions>
          <ns3:TrackPointExtension>
            <ns3:atemp>20.0</ns3:atemp>
          </ns3:TrackPointExtension>
        </extensions>
      </trkpt>
      <trkpt lat="48.94417695701122283935546875" lon="89.96699449606239795684814453125">
        <ele>1782</ele>
        <time>2025-08-13T04:23:05.000Z</time>
        <extensions>
          <ns3:TrackPointExtension>
            <ns3:atemp>20.0</ns3:atemp>
          </ns3:TrackPointExtension>
        </extensions>
      </trkpt>
      <trkpt lat="48.944386504590511322021484375" lon="89.96684462763369083404541015625">
        <ele>1780.800048828125</ele>
        <time>2025-08-13T04:23:08.000Z</time>
        <extensions>
          <ns3:TrackPointExtension>
            <ns3:atemp>20.0</ns3:atemp>
          </ns3:TrackPointExtension>
        </extensions>
      </trkpt>
      <trkpt lat="48.9446626044809818267822265625" lon="89.9666458927094936370849609375">
        <ele>1779.5999755859375</ele>
        <time>2025-08-13T04:23:12.000Z</time>
        <extensions>
          <ns3:TrackPointExtension>
            <ns3:atemp>20.0</ns3:atemp>
          </ns3:TrackPointExtension>
        </extensions>
      </trkpt>
      <trkpt lat="48.94486737437546253204345703125" lon="89.96649560518562793731689453125">
        <ele>1778.4000244140625</ele>
        <time>2025-08-13T04:23:15.000Z</time>
        <extensions>
          <ns3:TrackPointExtension>
            <ns3:atemp>20.0</ns3:atemp>
          </ns3:TrackPointExtension>
        </extensions>
      </trkpt>
      <trkpt lat="48.94506820477545261383056640625" lon="89.966347329318523406982421875">
        <ele>1777.4000244140625</ele>
        <time>2025-08-13T04:23:18.000Z</time>
        <extensions>
          <ns3:TrackPointExtension>
            <ns3:atemp>20.0</ns3:atemp>
          </ns3:TrackPointExtension>
        </extensions>
      </trkpt>
      <trkpt lat="48.9453334920108318328857421875" lon="89.9661438167095184326171875">
        <ele>1776.199951171875</ele>
        <time>2025-08-13T04:23:22.000Z</time>
        <extensions>
          <ns3:TrackPointExtension>
            <ns3:atemp>20.0</ns3:atemp>
          </ns3:TrackPointExtension>
        </extensions>
      </trkpt>
      <trkpt lat="48.94552535377442836761474609375" lon="89.96600610204041004180908203125">
        <ele>1775.5999755859375</ele>
        <time>2025-08-13T04:23:25.000Z</time>
        <extensions>
          <ns3:TrackPointExtension>
            <ns3:atemp>20.0</ns3:atemp>
          </ns3:TrackPointExtension>
        </extensions>
      </trkpt>
      <trkpt lat="48.94565544091165065765380859375" lon="89.96591784060001373291015625">
        <ele>1775.199951171875</ele>
        <time>2025-08-13T04:23:27.000Z</time>
        <extensions>
          <ns3:TrackPointExtension>
            <ns3:atemp>20.0</ns3:atemp>
          </ns3:TrackPointExtension>
        </extensions>
      </trkpt>
      <trkpt lat="48.9459135197103023529052734375" lon="89.96572564356029033660888671875">
        <ele>1774</ele>
        <time>2025-08-13T04:23:31.000Z</time>
        <extensions>
          <ns3:TrackPointExtension>
            <ns3:atemp>20.0</ns3:atemp>
          </ns3:TrackPointExtension>
        </extensions>
      </trkpt>
      <trkpt lat="48.946103118360042572021484375" lon="89.9656041897833347320556640625">
        <ele>1772.800048828125</ele>
        <time>2025-08-13T04:23:34.000Z</time>
        <extensions>
          <ns3:TrackPointExtension>
            <ns3:atemp>20.0</ns3:atemp>
          </ns3:TrackPointExtension>
        </extensions>
      </trkpt>
      <trkpt lat="48.94616388715803623199462890625" lon="89.96556404046714305877685546875">
        <ele>1772.4000244140625</ele>
        <time>2025-08-13T04:23:35.000Z</time>
        <extensions>
          <ns3:TrackPointExtension>
            <ns3:atemp>20.0</ns3:atemp>
          </ns3:TrackPointExtension>
        </extensions>
      </trkpt>
      <trkpt lat="48.94651173613965511322021484375" lon="89.9653185345232486724853515625">
        <ele>1771.4000244140625</ele>
        <time>2025-08-13T04:23:41.000Z</time>
        <extensions>
          <ns3:TrackPointExtension>
            <ns3:atemp>20.0</ns3:atemp>
          </ns3:TrackPointExtension>
        </extensions>
      </trkpt>
      <trkpt lat="48.94667970947921276092529296875" lon="89.96519632637500762939453125">
        <ele>1770.4000244140625</ele>
        <time>2025-08-13T04:23:44.000Z</time>
        <extensions>
          <ns3:TrackPointExtension>
            <ns3:atemp>20.0</ns3:atemp>
          </ns3:TrackPointExtension>
        </extensions>
      </trkpt>
      <trkpt lat="48.94696402363479137420654296875" lon="89.964994825422763824462890625">
        <ele>1769.199951171875</ele>
        <time>2025-08-13T04:23:49.000Z</time>
        <extensions>
          <ns3:TrackPointExtension>
            <ns3:atemp>20.0</ns3:atemp>
          </ns3:TrackPointExtension>
        </extensions>
      </trkpt>
      <trkpt lat="48.94719636999070644378662109375" lon="89.964832551777362823486328125">
        <ele>1768.199951171875</ele>
        <time>2025-08-13T04:23:53.000Z</time>
        <extensions>
          <ns3:TrackPointExtension>
            <ns3:atemp>20.0</ns3:atemp>
          </ns3:TrackPointExtension>
        </extensions>
      </trkpt>
      <trkpt lat="48.9472554624080657958984375" lon="89.96479022316634654998779296875">
        <ele>1768</ele>
        <time>2025-08-13T04:23:54.000Z</time>
        <extensions>
          <ns3:TrackPointExtension>
            <ns3:atemp>20.0</ns3:atemp>
          </ns3:TrackPointExtension>
        </extensions>
      </trkpt>
      <trkpt lat="48.9475992880761623382568359375" lon="89.9645403586328029632568359375">
        <ele>1767</ele>
        <time>2025-08-13T04:24:00.000Z</time>
        <extensions>
          <ns3:TrackPointExtension>
            <ns3:atemp>20.0</ns3:atemp>
          </ns3:TrackPointExtension>
        </extensions>
      </trkpt>
      <trkpt lat="48.94781612791121006011962890625" lon="89.96439124457538127899169921875">
        <ele>1766.4000244140625</ele>
        <time>2025-08-13T04:24:04.000Z</time>
        <extensions>
          <ns3:TrackPointExtension>
            <ns3:atemp>20.0</ns3:atemp>
          </ns3:TrackPointExtension>
        </extensions>
      </trkpt>
      <trkpt lat="48.947919644415378570556640625" lon="89.96431714855134487152099609375">
        <ele>1765.800048828125</ele>
        <time>2025-08-13T04:24:06.000Z</time>
        <extensions>
          <ns3:TrackPointExtension>
            <ns3:atemp>20.0</ns3:atemp>
          </ns3:TrackPointExtension>
        </extensions>
      </trkpt>
      <trkpt lat="48.94817872904241085052490234375" lon="89.96413291431963443756103515625">
        <ele>1765.199951171875</ele>
        <time>2025-08-13T04:24:11.000Z</time>
        <extensions>
          <ns3:TrackPointExtension>
            <ns3:atemp>20.0</ns3:atemp>
          </ns3:TrackPointExtension>
        </extensions>
      </trkpt>
      <trkpt lat="48.94837771542370319366455078125" lon="89.9639846384525299072265625">
        <ele>1764.5999755859375</ele>
        <time>2025-08-13T04:24:15.000Z</time>
        <extensions>
          <ns3:TrackPointExtension>
            <ns3:atemp>20.0</ns3:atemp>
          </ns3:TrackPointExtension>
        </extensions>
      </trkpt>
      <trkpt lat="48.94866504706442356109619140625" lon="89.96377500705420970916748046875">
        <ele>1763.800048828125</ele>
        <time>2025-08-13T04:24:21.000Z</time>
        <extensions>
          <ns3:TrackPointExtension>
            <ns3:atemp>20.0</ns3:atemp>
          </ns3:TrackPointExtension>
        </extensions>
      </trkpt>
      <trkpt lat="48.9487124048173427581787109375" lon="89.96373276226222515106201171875">
        <ele>1763.5999755859375</ele>
        <time>2025-08-13T04:24:22.000Z</time>
        <extensions>
          <ns3:TrackPointExtension>
            <ns3:atemp>20.0</ns3:atemp>
          </ns3:TrackPointExtension>
        </extensions>
      </trkpt>
      <trkpt lat="48.94880251027643680572509765625" lon="89.96365112252533435821533203125">
        <ele>1763.4000244140625</ele>
        <time>2025-08-13T04:24:24.000Z</time>
        <extensions>
          <ns3:TrackPointExtension>
            <ns3:atemp>20.0</ns3:atemp>
          </ns3:TrackPointExtension>
        </extensions>
      </trkpt>
      <trkpt lat="48.9488994888961315155029296875" lon="89.96359412558376789093017578125">
        <ele>1763.199951171875</ele>
        <time>2025-08-13T04:24:26.000Z</time>
        <extensions>
          <ns3:TrackPointExtension>
            <ns3:atemp>20.0</ns3:atemp>
          </ns3:TrackPointExtension>
        </extensions>
      </trkpt>
      <trkpt lat="48.94900116138160228729248046875" lon="89.963549114763736724853515625">
        <ele>1763</ele>
        <time>2025-08-13T04:24:28.000Z</time>
        <extensions>
          <ns3:TrackPointExtension>
            <ns3:atemp>20.0</ns3:atemp>
          </ns3:TrackPointExtension>
        </extensions>
      </trkpt>
      <trkpt lat="48.949048183858394622802734375" lon="89.96352019719779491424560546875">
        <ele>1763</ele>
        <time>2025-08-13T04:24:29.000Z</time>
        <extensions>
          <ns3:TrackPointExtension>
            <ns3:atemp>20.0</ns3:atemp>
          </ns3:TrackPointExtension>
        </extensions>
      </trkpt>
      <trkpt lat="48.94918187521398067474365234375" lon="89.96342196129262447357177734375">
        <ele>1762.5999755859375</ele>
        <time>2025-08-13T04:24:32.000Z</time>
        <extensions>
          <ns3:TrackPointExtension>
            <ns3:atemp>20.0</ns3:atemp>
          </ns3:TrackPointExtension>
        </extensions>
      </trkpt>
      <trkpt lat="48.94931548275053501129150390625" lon="89.9633266590535640716552734375">
        <ele>1762.199951171875</ele>
        <time>2025-08-13T04:24:35.000Z</time>
        <extensions>
          <ns3:TrackPointExtension>
            <ns3:atemp>20.0</ns3:atemp>
          </ns3:TrackPointExtension>
        </extensions>
      </trkpt>
      <trkpt lat="48.94948530010879039764404296875" lon="89.963200427591800689697265625">
        <ele>1761.5999755859375</ele>
        <time>2025-08-13T04:24:39.000Z</time>
        <extensions>
          <ns3:TrackPointExtension>
            <ns3:atemp>20.0</ns3:atemp>
          </ns3:TrackPointExtension>
        </extensions>
      </trkpt>
      <trkpt lat="48.94975972361862659454345703125" lon="89.962998591363430023193359375">
        <ele>1761.199951171875</ele>
        <time>2025-08-13T04:24:45.000Z</time>
        <extensions>
          <ns3:TrackPointExtension>
            <ns3:atemp>20.0</ns3:atemp>
          </ns3:TrackPointExtension>
        </extensions>
      </trkpt>
      <trkpt lat="48.94994244910776615142822265625" lon="89.9628596194088459014892578125">
        <ele>1760.4000244140625</ele>
        <time>2025-08-13T04:24:49.000Z</time>
        <extensions>
          <ns3:TrackPointExtension>
            <ns3:atemp>20.0</ns3:atemp>
          </ns3:TrackPointExtension>
        </extensions>
      </trkpt>
      <trkpt lat="48.95012835972011089324951171875" lon="89.9627240002155303955078125">
        <ele>1760</ele>
        <time>2025-08-13T04:24:53.000Z</time>
        <extensions>
          <ns3:TrackPointExtension>
            <ns3:atemp>20.0</ns3:atemp>
          </ns3:TrackPointExtension>
        </extensions>
      </trkpt>
      <trkpt lat="48.9503542520105838775634765625" lon="89.96256600134074687957763671875">
        <ele>1759.4000244140625</ele>
        <time>2025-08-13T04:24:58.000Z</time>
        <extensions>
          <ns3:TrackPointExtension>
            <ns3:atemp>20.0</ns3:atemp>
          </ns3:TrackPointExtension>
        </extensions>
      </trkpt>
      <trkpt lat="48.9504853449761867523193359375" lon="89.96246986091136932373046875">
        <ele>1759.199951171875</ele>
        <time>2025-08-13T04:25:01.000Z</time>
        <extensions>
          <ns3:TrackPointExtension>
            <ns3:atemp>20.0</ns3:atemp>
          </ns3:TrackPointExtension>
        </extensions>
      </trkpt>
      <trkpt lat="48.95071928389370441436767578125" lon="89.962303899228572845458984375">
        <ele>1758.4000244140625</ele>
        <time>2025-08-13T04:25:06.000Z</time>
        <extensions>
          <ns3:TrackPointExtension>
            <ns3:atemp>20.0</ns3:atemp>
          </ns3:TrackPointExtension>
        </extensions>
      </trkpt>
      <trkpt lat="48.95086261443793773651123046875" lon="89.96220222674310207366943359375">
        <ele>1758</ele>
        <time>2025-08-13T04:25:09.000Z</time>
        <extensions>
          <ns3:TrackPointExtension>
            <ns3:atemp>20.0</ns3:atemp>
          </ns3:TrackPointExtension>
        </extensions>
      </trkpt>
      <trkpt lat="48.95119889639317989349365234375" lon="89.96195713989436626434326171875">
        <ele>1757.4000244140625</ele>
        <time>2025-08-13T04:25:16.000Z</time>
        <extensions>
          <ns3:TrackPointExtension>
            <ns3:atemp>20.0</ns3:atemp>
          </ns3:TrackPointExtension>
        </extensions>
      </trkpt>
      <trkpt lat="48.9512450806796550750732421875" lon="89.96192042715847492218017578125">
        <ele>1757</ele>
        <time>2025-08-13T04:25:17.000Z</time>
        <extensions>
          <ns3:TrackPointExtension>
            <ns3:atemp>20.0</ns3:atemp>
          </ns3:TrackPointExtension>
        </extensions>
      </trkpt>
      <trkpt lat="48.95153584890067577362060546875" lon="89.96172412298619747161865234375">
        <ele>1756</ele>
        <time>2025-08-13T04:25:23.000Z</time>
        <extensions>
          <ns3:TrackPointExtension>
            <ns3:atemp>20.0</ns3:atemp>
          </ns3:TrackPointExtension>
        </extensions>
      </trkpt>
      <trkpt lat="48.9515877328813076019287109375" lon="89.96169093064963817596435546875">
        <ele>1755.800048828125</ele>
        <time>2025-08-13T04:25:24.000Z</time>
        <extensions>
          <ns3:TrackPointExtension>
            <ns3:atemp>20.0</ns3:atemp>
          </ns3:TrackPointExtension>
        </extensions>
      </trkpt>
      <trkpt lat="48.9520953409373760223388671875" lon="89.96132195927202701568603515625">
        <ele>1755</ele>
        <time>2025-08-13T04:25:34.000Z</time>
        <extensions>
          <ns3:TrackPointExtension>
            <ns3:atemp>20.0</ns3:atemp>
          </ns3:TrackPointExtension>
        </extensions>
      </trkpt>
      <trkpt lat="48.95241024903953075408935546875" lon="89.9610957317054271697998046875">
        <ele>1753.800048828125</ele>
        <time>2025-08-13T04:25:40.000Z</time>
        <extensions>
          <ns3:TrackPointExtension>
            <ns3:atemp>20.0</ns3:atemp>
          </ns3:TrackPointExtension>
        </extensions>
      </trkpt>
      <trkpt lat="48.9526311121881008148193359375" lon="89.96093966066837310791015625">
        <ele>1753</ele>
        <time>2025-08-13T04:25:44.000Z</time>
        <extensions>
          <ns3:TrackPointExtension>
            <ns3:atemp>20.0</ns3:atemp>
          </ns3:TrackPointExtension>
        </extensions>
      </trkpt>
      <trkpt lat="48.9527387358248233795166015625" lon="89.960862882435321807861328125">
        <ele>1752.4000244140625</ele>
        <time>2025-08-13T04:25:46.000Z</time>
        <extensions>
          <ns3:TrackPointExtension>
            <ns3:atemp>20.0</ns3:atemp>
          </ns3:TrackPointExtension>
        </extensions>
      </trkpt>
      <trkpt lat="48.9532567374408245086669921875" lon="89.96047555468976497650146484375">
        <ele>1751.800048828125</ele>
        <time>2025-08-13T04:25:56.000Z</time>
        <extensions>
          <ns3:TrackPointExtension>
            <ns3:atemp>20.0</ns3:atemp>
          </ns3:TrackPointExtension>
        </extensions>
      </trkpt>
      <trkpt lat="48.95335874520242214202880859375" lon="89.96040246449410915374755859375">
        <ele>1751.5999755859375</ele>
        <time>2025-08-13T04:25:58.000Z</time>
        <extensions>
          <ns3:TrackPointExtension>
            <ns3:atemp>20.0</ns3:atemp>
          </ns3:TrackPointExtension>
        </extensions>
      </trkpt>
      <trkpt lat="48.95340736024081707000732421875" lon="89.96036524884402751922607421875">
        <ele>1751.4000244140625</ele>
        <time>2025-08-13T04:25:59.000Z</time>
        <extensions>
          <ns3:TrackPointExtension>
            <ns3:atemp>20.0</ns3:atemp>
          </ns3:TrackPointExtension>
        </extensions>
      </trkpt>
      <trkpt lat="48.9535479247570037841796875" lon="89.96025837957859039306640625">
        <ele>1750.199951171875</ele>
        <time>2025-08-13T04:26:02.000Z</time>
        <extensions>
          <ns3:TrackPointExtension>
            <ns3:atemp>20.0</ns3:atemp>
          </ns3:TrackPointExtension>
        </extensions>
      </trkpt>
      <trkpt lat="48.9537946879863739013671875" lon="89.96008411981165409088134765625">
        <ele>1749.5999755859375</ele>
        <time>2025-08-13T04:26:07.000Z</time>
        <extensions>
          <ns3:TrackPointExtension>
            <ns3:atemp>20.0</ns3:atemp>
          </ns3:TrackPointExtension>
        </extensions>
      </trkpt>
      <trkpt lat="48.95432400517165660858154296875" lon="89.95970056392252445220947265625">
        <ele>1749.5999755859375</ele>
        <time>2025-08-13T04:26:18.000Z</time>
        <extensions>
          <ns3:TrackPointExtension>
            <ns3:atemp>20.0</ns3:atemp>
          </ns3:TrackPointExtension>
        </extensions>
      </trkpt>
      <trkpt lat="48.95442391745746135711669921875" lon="89.95962613262236118316650390625">
        <ele>1749.199951171875</ele>
        <time>2025-08-13T04:26:20.000Z</time>
        <extensions>
          <ns3:TrackPointExtension>
            <ns3:atemp>20.0</ns3:atemp>
          </ns3:TrackPointExtension>
        </extensions>
      </trkpt>
      <trkpt lat="48.9549106545746326446533203125" lon="89.9592746794223785400390625">
        <ele>1748.4000244140625</ele>
        <time>2025-08-13T04:26:29.000Z</time>
        <extensions>
          <ns3:TrackPointExtension>
            <ns3:atemp>20.0</ns3:atemp>
          </ns3:TrackPointExtension>
        </extensions>
      </trkpt>
      <trkpt lat="48.955134786665439605712890625" lon="89.95910662226378917694091796875">
        <ele>1748.199951171875</ele>
        <time>2025-08-13T04:26:33.000Z</time>
        <extensions>
          <ns3:TrackPointExtension>
            <ns3:atemp>20.0</ns3:atemp>
          </ns3:TrackPointExtension>
        </extensions>
      </trkpt>
      <trkpt lat="48.9555859006941318511962890625" lon="89.95877771638333797454833984375">
        <ele>1747.4000244140625</ele>
        <time>2025-08-13T04:26:41.000Z</time>
        <extensions>
          <ns3:TrackPointExtension>
            <ns3:atemp>20.0</ns3:atemp>
          </ns3:TrackPointExtension>
        </extensions>
      </trkpt>
      <trkpt lat="48.95575203001499176025390625" lon="89.95865173637866973876953125">
        <ele>1747.199951171875</ele>
        <time>2025-08-13T04:26:44.000Z</time>
        <extensions>
          <ns3:TrackPointExtension>
            <ns3:atemp>20.0</ns3:atemp>
          </ns3:TrackPointExtension>
        </extensions>
      </trkpt>
      <trkpt lat="48.95618126727640628814697265625" lon="89.95835510082542896270751953125">
        <ele>1747.199951171875</ele>
        <time>2025-08-13T04:26:52.000Z</time>
        <extensions>
          <ns3:TrackPointExtension>
            <ns3:atemp>20.0</ns3:atemp>
          </ns3:TrackPointExtension>
        </extensions>
      </trkpt>
      <trkpt lat="48.9562303014099597930908203125" lon="89.9583260156214237213134765625">
        <ele>1746.800048828125</ele>
        <time>2025-08-13T04:26:53.000Z</time>
        <extensions>
          <ns3:TrackPointExtension>
            <ns3:atemp>20.0</ns3:atemp>
          </ns3:TrackPointExtension>
        </extensions>
      </trkpt>
      <trkpt lat="48.9564339816570281982421875" lon="89.9582378380000591278076171875">
        <ele>1746.199951171875</ele>
        <time>2025-08-13T04:26:57.000Z</time>
        <extensions>
          <ns3:TrackPointExtension>
            <ns3:atemp>20.0</ns3:atemp>
          </ns3:TrackPointExtension>
        </extensions>
      </trkpt>
      <trkpt lat="48.9568505622446537017822265625" lon="89.958067350089550018310546875">
        <ele>1746</ele>
        <time>2025-08-13T04:27:06.000Z</time>
        <extensions>
          <ns3:TrackPointExtension>
            <ns3:atemp>20.0</ns3:atemp>
          </ns3:TrackPointExtension>
        </extensions>
      </trkpt>
      <trkpt lat="48.95722347311675548553466796875" lon="89.95792795903980731964111328125">
        <ele>1745.5999755859375</ele>
        <time>2025-08-13T04:27:14.000Z</time>
        <extensions>
          <ns3:TrackPointExtension>
            <ns3:atemp>20.0</ns3:atemp>
          </ns3:TrackPointExtension>
        </extensions>
      </trkpt>
      <trkpt lat="48.95754617638885974884033203125" lon="89.957801140844821929931640625">
        <ele>1745.4000244140625</ele>
        <time>2025-08-13T04:27:21.000Z</time>
        <extensions>
          <ns3:TrackPointExtension>
            <ns3:atemp>20.0</ns3:atemp>
          </ns3:TrackPointExtension>
        </extensions>
      </trkpt>
      <trkpt lat="48.9578537084162235260009765625" lon="89.95774992741644382476806640625">
        <ele>1745.5999755859375</ele>
        <time>2025-08-13T04:27:28.000Z</time>
        <extensions>
          <ns3:TrackPointExtension>
            <ns3:atemp>20.0</ns3:atemp>
          </ns3:TrackPointExtension>
        </extensions>
      </trkpt>
      <trkpt lat="48.958028219640254974365234375" lon="89.95770852081477642059326171875">
        <ele>1745.4000244140625</ele>
        <time>2025-08-13T04:27:32.000Z</time>
        <extensions>
          <ns3:TrackPointExtension>
            <ns3:atemp>20.0</ns3:atemp>
          </ns3:TrackPointExtension>
        </extensions>
      </trkpt>
      <trkpt lat="48.95833658985793590545654296875" lon="89.95764565654098987579345703125">
        <ele>1745.4000244140625</ele>
        <time>2025-08-13T04:27:39.000Z</time>
        <extensions>
          <ns3:TrackPointExtension>
            <ns3:atemp>20.0</ns3:atemp>
          </ns3:TrackPointExtension>
        </extensions>
      </trkpt>
      <trkpt lat="48.95870874635875225067138671875" lon="89.957634508609771728515625">
        <ele>1745.199951171875</ele>
        <time>2025-08-13T04:27:48.000Z</time>
        <extensions>
          <ns3:TrackPointExtension>
            <ns3:atemp>20.0</ns3:atemp>
          </ns3:TrackPointExtension>
        </extensions>
      </trkpt>
      <trkpt lat="48.9589306153357028961181640625" lon="89.95769091881811618804931640625">
        <ele>1745</ele>
        <time>2025-08-13T04:27:53.000Z</time>
        <extensions>
          <ns3:TrackPointExtension>
            <ns3:atemp>20.0</ns3:atemp>
          </ns3:TrackPointExtension>
        </extensions>
      </trkpt>
      <trkpt lat="48.958973027765750885009765625" lon="89.9577107839286327362060546875">
        <ele>1745</ele>
        <time>2025-08-13T04:27:54.000Z</time>
        <extensions>
          <ns3:TrackPointExtension>
            <ns3:atemp>20.0</ns3:atemp>
          </ns3:TrackPointExtension>
        </extensions>
      </trkpt>
      <trkpt lat="48.959048129618167877197265625" lon="89.95775881223380565643310546875">
        <ele>1745</ele>
        <time>2025-08-13T04:27:56.000Z</time>
        <extensions>
          <ns3:TrackPointExtension>
            <ns3:atemp>20.0</ns3:atemp>
          </ns3:TrackPointExtension>
        </extensions>
      </trkpt>
      <trkpt lat="48.9592927135527133941650390625" lon="89.957977496087551116943359375">
        <ele>1745.199951171875</ele>
        <time>2025-08-13T04:28:04.000Z</time>
        <extensions>
          <ns3:TrackPointExtension>
            <ns3:atemp>21.0</ns3:atemp>
          </ns3:TrackPointExtension>
        </extensions>
      </trkpt>
      <trkpt lat="48.95949899218976497650146484375" lon="89.95815359987318515777587890625">
        <ele>1745</ele>
        <time>2025-08-13T04:28:11.000Z</time>
        <extensions>
          <ns3:TrackPointExtension>
            <ns3:atemp>21.0</ns3:atemp>
          </ns3:TrackPointExtension>
        </extensions>
      </trkpt>
      <trkpt lat="48.95980560220777988433837890625" lon="89.95841980911791324615478515625">
        <ele>1745.199951171875</ele>
        <time>2025-08-13T04:28:21.000Z</time>
        <extensions>
          <ns3:TrackPointExtension>
            <ns3:atemp>21.0</ns3:atemp>
          </ns3:TrackPointExtension>
        </extensions>
      </trkpt>
      <trkpt lat="48.96010617725551128387451171875" lon="89.9586604535579681396484375">
        <ele>1745</ele>
        <time>2025-08-13T04:28:29.000Z</time>
        <extensions>
          <ns3:TrackPointExtension>
            <ns3:atemp>21.0</ns3:atemp>
          </ns3:TrackPointExtension>
        </extensions>
      </trkpt>
      <trkpt lat="48.9604075066745281219482421875" lon="89.95890344493091106414794921875">
        <ele>1745</ele>
        <time>2025-08-13T04:28:37.000Z</time>
        <extensions>
          <ns3:TrackPointExtension>
            <ns3:atemp>21.0</ns3:atemp>
          </ns3:TrackPointExtension>
        </extensions>
      </trkpt>
      <trkpt lat="48.9606663398444652557373046875" lon="89.95912657119333744049072265625">
        <ele>1744.800048828125</ele>
        <time>2025-08-13T04:28:45.000Z</time>
        <extensions>
          <ns3:TrackPointExtension>
            <ns3:atemp>21.0</ns3:atemp>
          </ns3:TrackPointExtension>
        </extensions>
      </trkpt>
      <trkpt lat="48.96084194071590900421142578125" lon="89.9592500366270542144775390625">
        <ele>1744.5999755859375</ele>
        <time>2025-08-13T04:28:51.000Z</time>
        <extensions>
          <ns3:TrackPointExtension>
            <ns3:atemp>21.0</ns3:atemp>
          </ns3:TrackPointExtension>
        </extensions>
      </trkpt>
      <trkpt lat="48.96108853630721569061279296875" lon="89.95944692753255367279052734375">
        <ele>1744.4000244140625</ele>
        <time>2025-08-13T04:28:59.000Z</time>
        <extensions>
          <ns3:TrackPointExtension>
            <ns3:atemp>21.0</ns3:atemp>
          </ns3:TrackPointExtension>
        </extensions>
      </trkpt>
      <trkpt lat="48.9614002592861652374267578125" lon="89.959706179797649383544921875">
        <ele>1744.4000244140625</ele>
        <time>2025-08-13T04:29:08.000Z</time>
        <extensions>
          <ns3:TrackPointExtension>
            <ns3:atemp>21.0</ns3:atemp>
          </ns3:TrackPointExtension>
        </extensions>
      </trkpt>
      <trkpt lat="48.96163185127079486846923828125" lon="89.95989552699029445648193359375">
        <ele>1743.800048828125</ele>
        <time>2025-08-13T04:29:14.000Z</time>
        <extensions>
          <ns3:TrackPointExtension>
            <ns3:atemp>21.0</ns3:atemp>
          </ns3:TrackPointExtension>
        </extensions>
      </trkpt>
      <trkpt lat="48.96175271831452846527099609375" lon="89.95998303405940532684326171875">
        <ele>1743.5999755859375</ele>
        <time>2025-08-13T04:29:17.000Z</time>
        <extensions>
          <ns3:TrackPointExtension>
            <ns3:atemp>21.0</ns3:atemp>
          </ns3:TrackPointExtension>
        </extensions>
      </trkpt>
      <trkpt lat="48.96207693032920360565185546875" lon="89.96025259606540203094482421875">
        <ele>1743.199951171875</ele>
        <time>2025-08-13T04:29:26.000Z</time>
        <extensions>
          <ns3:TrackPointExtension>
            <ns3:atemp>21.0</ns3:atemp>
          </ns3:TrackPointExtension>
        </extensions>
      </trkpt>
      <trkpt lat="48.9623214304447174072265625" lon="89.96044420637190341949462890625">
        <ele>1743</ele>
        <time>2025-08-13T04:29:34.000Z</time>
        <extensions>
          <ns3:TrackPointExtension>
            <ns3:atemp>21.0</ns3:atemp>
          </ns3:TrackPointExtension>
        </extensions>
      </trkpt>
      <trkpt lat="48.96234950982034206390380859375" lon="89.96046951971948146820068359375">
        <ele>1742.800048828125</ele>
        <time>2025-08-13T04:29:35.000Z</time>
        <extensions>
          <ns3:TrackPointExtension>
            <ns3:atemp>21.0</ns3:atemp>
          </ns3:TrackPointExtension>
        </extensions>
      </trkpt>
      <trkpt lat="48.96253106184303760528564453125" lon="89.96059675700962543487548828125">
        <ele>1742.800048828125</ele>
        <time>2025-08-13T04:29:42.000Z</time>
        <extensions>
          <ns3:TrackPointExtension>
            <ns3:atemp>21.0</ns3:atemp>
          </ns3:TrackPointExtension>
        </extensions>
      </trkpt>
      <trkpt lat="48.962726779282093048095703125" lon="89.9607674963772296905517578125">
        <ele>1742.800048828125</ele>
        <time>2025-08-13T04:29:51.000Z</time>
        <extensions>
          <ns3:TrackPointExtension>
            <ns3:atemp>21.0</ns3:atemp>
          </ns3:TrackPointExtension>
        </extensions>
      </trkpt>
      <trkpt lat="48.9628597162663936614990234375" lon="89.96090856380760669708251953125">
        <ele>1743</ele>
        <time>2025-08-13T04:30:00.000Z</time>
        <extensions>
          <ns3:TrackPointExtension>
            <ns3:atemp>21.0</ns3:atemp>
          </ns3:TrackPointExtension>
        </extensions>
      </trkpt>
      <trkpt lat="48.96286449395120143890380859375" lon="89.960914514958858489990234375">
        <ele>1743</ele>
        <time>2025-08-13T04:30:03.000Z</time>
        <extensions>
          <ns3:TrackPointExtension>
            <ns3:atemp>21.0</ns3:atemp>
          </ns3:TrackPointExtension>
        </extensions>
      </trkpt>
      <trkpt lat="48.9629110135138034820556640625" lon="89.960939325392246246337890625">
        <ele>1743</ele>
        <time>2025-08-13T04:30:26.000Z</time>
        <extensions>
          <ns3:TrackPointExtension>
            <ns3:atemp>21.0</ns3:atemp>
          </ns3:TrackPointExtension>
        </extensions>
      </trkpt>
      <trkpt lat="48.96298192441463470458984375" lon="89.96098517440259456634521484375">
        <ele>1743</ele>
        <time>2025-08-13T04:30:31.000Z</time>
        <extensions>
          <ns3:TrackPointExtension>
            <ns3:atemp>21.0</ns3:atemp>
          </ns3:TrackPointExtension>
        </extensions>
      </trkpt>
      <trkpt lat="48.9629894681274890899658203125" lon="89.96099791489541530609130859375">
        <ele>1743</ele>
        <time>2025-08-13T04:30:32.000Z</time>
        <extensions>
          <ns3:TrackPointExtension>
            <ns3:atemp>21.0</ns3:atemp>
          </ns3:TrackPointExtension>
        </extensions>
      </trkpt>
      <trkpt lat="48.96301050670444965362548828125" lon="89.961081482470035552978515625">
        <ele>1743</ele>
        <time>2025-08-13T04:30:37.000Z</time>
        <extensions>
          <ns3:TrackPointExtension>
            <ns3:atemp>21.0</ns3:atemp>
          </ns3:TrackPointExtension>
        </extensions>
      </trkpt>
      <trkpt lat="48.96299893967807292938232421875" lon="89.9611119925975799560546875">
        <ele>1743</ele>
        <time>2025-08-13T04:30:39.000Z</time>
        <extensions>
          <ns3:TrackPointExtension>
            <ns3:atemp>21.0</ns3:atemp>
          </ns3:TrackPointExtension>
        </extensions>
      </trkpt>
      <trkpt lat="48.96291947923600673675537109375" lon="89.96125884354114532470703125">
        <ele>1742.4000244140625</ele>
        <time>2025-08-13T04:30:49.000Z</time>
        <extensions>
          <ns3:TrackPointExtension>
            <ns3:atemp>21.0</ns3:atemp>
          </ns3:TrackPointExtension>
        </extensions>
      </trkpt>
      <trkpt lat="48.9628704451024532318115234375" lon="89.9613958038389682769775390625">
        <ele>1742.4000244140625</ele>
        <time>2025-08-13T04:30:57.000Z</time>
        <extensions>
          <ns3:TrackPointExtension>
            <ns3:atemp>21.0</ns3:atemp>
          </ns3:TrackPointExtension>
        </extensions>
      </trkpt>
      <trkpt lat="48.962864577770233154296875" lon="89.9614454247057437896728515625">
        <ele>1742.5999755859375</ele>
        <time>2025-08-13T04:31:00.000Z</time>
        <extensions>
          <ns3:TrackPointExtension>
            <ns3:atemp>21.0</ns3:atemp>
          </ns3:TrackPointExtension>
        </extensions>
      </trkpt>
    </trkseg>
  </trk>
</gpx>
