<?xml version="1.0" encoding="UTF-8"?>
<gpx creator="Garmin Connect" version="1.1"
  xsi:schemaLocation="http://www.topografix.com/GPX/1/1 http://www.topografix.com/GPX/11.xsd"
  xmlns:ns3="http://www.garmin.com/xmlschemas/TrackPointExtension/v1"
  xmlns="http://www.topografix.com/GPX/1/1"
  xmlns:xsi="http://www.w3.org/2001/XMLSchema-instance" xmlns:ns2="http://www.garmin.com/xmlschemas/GpxExtensions/v3">
  <metadata>
    <link href="connect.garmin.com">
      <text>Garmin Connect</text>
    </link>
    <time>2025-08-07T03:01:17.000Z</time>
  </metadata>
  <trk>
    <name>Altay Cycling</name>
    <type>cycling</type>
    <trkseg>
      <trkpt lat="46.20395243167877197265625" lon="90.79362348653376102447509765625">
        <ele>1124.5999755859375</ele>
        <time>2025-08-07T03:01:17.000Z</time>
        <extensions>
          <ns3:TrackPointExtension>
            <ns3:atemp>28.0</ns3:atemp>
          </ns3:TrackPointExtension>
        </extensions>
      </trkpt>
      <trkpt lat="46.20395243167877197265625" lon="90.79362348653376102447509765625">
        <ele>1124.5999755859375</ele>
        <time>2025-08-07T03:01:18.000Z</time>
        <extensions>
          <ns3:TrackPointExtension>
            <ns3:atemp>28.0</ns3:atemp>
          </ns3:TrackPointExtension>
        </extensions>
      </trkpt>
      <trkpt lat="46.20393172837793827056884765625" lon="90.79364829696714878082275390625">
        <ele>1124.5999755859375</ele>
        <time>2025-08-07T03:01:24.000Z</time>
        <extensions>
          <ns3:TrackPointExtension>
            <ns3:atemp>28.0</ns3:atemp>
          </ns3:TrackPointExtension>
        </extensions>
      </trkpt>
      <trkpt lat="46.2039070017635822296142578125" lon="90.79369339160621166229248046875">
        <ele>1124.5999755859375</ele>
        <time>2025-08-07T03:01:26.000Z</time>
        <extensions>
          <ns3:TrackPointExtension>
            <ns3:atemp>28.0</ns3:atemp>
          </ns3:TrackPointExtension>
        </extensions>
      </trkpt>
      <trkpt lat="46.2037333287298679351806640625" lon="90.79388181678950786590576171875">
        <ele>1125.199951171875</ele>
        <time>2025-08-07T03:01:32.000Z</time>
        <extensions>
          <ns3:TrackPointExtension>
            <ns3:atemp>28.0</ns3:atemp>
          </ns3:TrackPointExtension>
        </extensions>
      </trkpt>
      <trkpt lat="46.20356057770550251007080078125" lon="90.794117935001850128173828125">
        <ele>1125.5999755859375</ele>
        <time>2025-08-07T03:01:39.000Z</time>
        <extensions>
          <ns3:TrackPointExtension>
            <ns3:atemp>28.0</ns3:atemp>
          </ns3:TrackPointExtension>
        </extensions>
      </trkpt>
      <trkpt lat="46.2034339271485805511474609375" lon="90.79438808374106884002685546875">
        <ele>1126</ele>
        <time>2025-08-07T03:01:45.000Z</time>
        <extensions>
          <ns3:TrackPointExtension>
            <ns3:atemp>28.0</ns3:atemp>
          </ns3:TrackPointExtension>
        </extensions>
      </trkpt>
      <trkpt lat="46.20328883640468120574951171875" lon="90.79466409981250762939453125">
        <ele>1126.4000244140625</ele>
        <time>2025-08-07T03:01:51.000Z</time>
        <extensions>
          <ns3:TrackPointExtension>
            <ns3:atemp>28.0</ns3:atemp>
          </ns3:TrackPointExtension>
        </extensions>
      </trkpt>
      <trkpt lat="46.20312186889350414276123046875" lon="90.79506064765155315399169921875">
        <ele>1126.4000244140625</ele>
        <time>2025-08-07T03:01:58.000Z</time>
        <extensions>
          <ns3:TrackPointExtension>
            <ns3:atemp>28.0</ns3:atemp>
          </ns3:TrackPointExtension>
        </extensions>
      </trkpt>
      <trkpt lat="46.20297065936028957366943359375" lon="90.79545266926288604736328125">
        <ele>1126.4000244140625</ele>
        <time>2025-08-07T03:02:04.000Z</time>
        <extensions>
          <ns3:TrackPointExtension>
            <ns3:atemp>28.0</ns3:atemp>
          </ns3:TrackPointExtension>
        </extensions>
      </trkpt>
      <trkpt lat="46.20291735045611858367919921875" lon="90.7955882884562015533447265625">
        <ele>1126.4000244140625</ele>
        <time>2025-08-07T03:02:06.000Z</time>
        <extensions>
          <ns3:TrackPointExtension>
            <ns3:atemp>28.0</ns3:atemp>
          </ns3:TrackPointExtension>
        </extensions>
      </trkpt>
      <trkpt lat="46.202650554478168487548828125" lon="90.79631231725215911865234375">
        <ele>1126.4000244140625</ele>
        <time>2025-08-07T03:02:16.000Z</time>
        <extensions>
          <ns3:TrackPointExtension>
            <ns3:atemp>28.0</ns3:atemp>
          </ns3:TrackPointExtension>
        </extensions>
      </trkpt>
      <trkpt lat="46.2026228941977024078369140625" lon="90.79638884402811527252197265625">
        <ele>1126.4000244140625</ele>
        <time>2025-08-07T03:02:17.000Z</time>
        <extensions>
          <ns3:TrackPointExtension>
            <ns3:atemp>28.0</ns3:atemp>
          </ns3:TrackPointExtension>
        </extensions>
      </trkpt>
      <trkpt lat="46.20236498303711414337158203125" lon="90.797084458172321319580078125">
        <ele>1125.800048828125</ele>
        <time>2025-08-07T03:02:26.000Z</time>
        <extensions>
          <ns3:TrackPointExtension>
            <ns3:atemp>27.0</ns3:atemp>
          </ns3:TrackPointExtension>
        </extensions>
      </trkpt>
      <trkpt lat="46.20210103690624237060546875" lon="90.7977917231619358062744140625">
        <ele>1125.5999755859375</ele>
        <time>2025-08-07T03:02:35.000Z</time>
        <extensions>
          <ns3:TrackPointExtension>
            <ns3:atemp>27.0</ns3:atemp>
          </ns3:TrackPointExtension>
        </extensions>
      </trkpt>
      <trkpt lat="46.20185268111526966094970703125" lon="90.79848616383969783782958984375">
        <ele>1125.199951171875</ele>
        <time>2025-08-07T03:02:43.000Z</time>
        <extensions>
          <ns3:TrackPointExtension>
            <ns3:atemp>27.0</ns3:atemp>
          </ns3:TrackPointExtension>
        </extensions>
      </trkpt>
      <trkpt lat="46.20175964199006557464599609375" lon="90.79874533228576183319091796875">
        <ele>1125.199951171875</ele>
        <time>2025-08-07T03:02:46.000Z</time>
        <extensions>
          <ns3:TrackPointExtension>
            <ns3:atemp>27.0</ns3:atemp>
          </ns3:TrackPointExtension>
        </extensions>
      </trkpt>
      <trkpt lat="46.201500557363033294677734375" lon="90.79943499527871608734130859375">
        <ele>1124.800048828125</ele>
        <time>2025-08-07T03:02:54.000Z</time>
        <extensions>
          <ns3:TrackPointExtension>
            <ns3:atemp>27.0</ns3:atemp>
          </ns3:TrackPointExtension>
        </extensions>
      </trkpt>
      <trkpt lat="46.201401650905609130859375" lon="90.79969399608671665191650390625">
        <ele>1124.800048828125</ele>
        <time>2025-08-07T03:02:57.000Z</time>
        <extensions>
          <ns3:TrackPointExtension>
            <ns3:atemp>27.0</ns3:atemp>
          </ns3:TrackPointExtension>
        </extensions>
      </trkpt>
      <trkpt lat="46.2012740783393383026123046875" lon="90.8000441081821918487548828125">
        <ele>1124.5999755859375</ele>
        <time>2025-08-07T03:03:01.000Z</time>
        <extensions>
          <ns3:TrackPointExtension>
            <ns3:atemp>27.0</ns3:atemp>
          </ns3:TrackPointExtension>
        </extensions>
      </trkpt>
      <trkpt lat="46.201091520488262176513671875" lon="90.8005577512085437774658203125">
        <ele>1124.4000244140625</ele>
        <time>2025-08-07T03:03:07.000Z</time>
        <extensions>
          <ns3:TrackPointExtension>
            <ns3:atemp>27.0</ns3:atemp>
          </ns3:TrackPointExtension>
        </extensions>
      </trkpt>
      <trkpt lat="46.20083612389862537384033203125" lon="90.80126023851335048675537109375">
        <ele>1123.800048828125</ele>
        <time>2025-08-07T03:03:15.000Z</time>
        <extensions>
          <ns3:TrackPointExtension>
            <ns3:atemp>27.0</ns3:atemp>
          </ns3:TrackPointExtension>
        </extensions>
      </trkpt>
      <trkpt lat="46.20067049749195575714111328125" lon="90.80170414410531520843505859375">
        <ele>1123.5999755859375</ele>
        <time>2025-08-07T03:03:20.000Z</time>
        <extensions>
          <ns3:TrackPointExtension>
            <ns3:atemp>27.0</ns3:atemp>
          </ns3:TrackPointExtension>
        </extensions>
      </trkpt>
      <trkpt lat="46.200407557189464569091796875" lon="90.802434794604778289794921875">
        <ele>1123</ele>
        <time>2025-08-07T03:03:28.000Z</time>
        <extensions>
          <ns3:TrackPointExtension>
            <ns3:atemp>27.0</ns3:atemp>
          </ns3:TrackPointExtension>
        </extensions>
      </trkpt>
      <trkpt lat="46.20034075342118740081787109375" lon="90.8026196993887424468994140625">
        <ele>1123</ele>
        <time>2025-08-07T03:03:30.000Z</time>
        <extensions>
          <ns3:TrackPointExtension>
            <ns3:atemp>27.0</ns3:atemp>
          </ns3:TrackPointExtension>
        </extensions>
      </trkpt>
      <trkpt lat="46.2000623904168605804443359375" lon="90.8033697120845317840576171875">
        <ele>1122.800048828125</ele>
        <time>2025-08-07T03:03:38.000Z</time>
        <extensions>
          <ns3:TrackPointExtension>
            <ns3:atemp>27.0</ns3:atemp>
          </ns3:TrackPointExtension>
        </extensions>
      </trkpt>
      <trkpt lat="46.20002944953739643096923828125" lon="90.80346484668552875518798828125">
        <ele>1122.800048828125</ele>
        <time>2025-08-07T03:03:39.000Z</time>
        <extensions>
          <ns3:TrackPointExtension>
            <ns3:atemp>27.0</ns3:atemp>
          </ns3:TrackPointExtension>
        </extensions>
      </trkpt>
      <trkpt lat="46.19979307986795902252197265625" lon="90.80411025322973728179931640625">
        <ele>1122.5999755859375</ele>
        <time>2025-08-07T03:03:46.000Z</time>
        <extensions>
          <ns3:TrackPointExtension>
            <ns3:atemp>27.0</ns3:atemp>
          </ns3:TrackPointExtension>
        </extensions>
      </trkpt>
      <trkpt lat="46.19959979318082332611083984375" lon="90.804642252624034881591796875">
        <ele>1122.5999755859375</ele>
        <time>2025-08-07T03:03:52.000Z</time>
        <extensions>
          <ns3:TrackPointExtension>
            <ns3:atemp>27.0</ns3:atemp>
          </ns3:TrackPointExtension>
        </extensions>
      </trkpt>
      <trkpt lat="46.1995678581297397613525390625" lon="90.80472783185541629791259765625">
        <ele>1122.4000244140625</ele>
        <time>2025-08-07T03:03:53.000Z</time>
        <extensions>
          <ns3:TrackPointExtension>
            <ns3:atemp>27.0</ns3:atemp>
          </ns3:TrackPointExtension>
        </extensions>
      </trkpt>
      <trkpt lat="46.19937683455646038055419921875" lon="90.805248431861400604248046875">
        <ele>1122.199951171875</ele>
        <time>2025-08-07T03:03:59.000Z</time>
        <extensions>
          <ns3:TrackPointExtension>
            <ns3:atemp>27.0</ns3:atemp>
          </ns3:TrackPointExtension>
        </extensions>
      </trkpt>
      <trkpt lat="46.19915555231273174285888671875" lon="90.8058254420757293701171875">
        <ele>1122</ele>
        <time>2025-08-07T03:04:06.000Z</time>
        <extensions>
          <ns3:TrackPointExtension>
            <ns3:atemp>27.0</ns3:atemp>
          </ns3:TrackPointExtension>
        </extensions>
      </trkpt>
      <trkpt lat="46.19896955788135528564453125" lon="90.80635827966034412384033203125">
        <ele>1121.4000244140625</ele>
        <time>2025-08-07T03:04:13.000Z</time>
        <extensions>
          <ns3:TrackPointExtension>
            <ns3:atemp>27.0</ns3:atemp>
          </ns3:TrackPointExtension>
        </extensions>
      </trkpt>
      <trkpt lat="46.19894147850573062896728515625" lon="90.80643271096050739288330078125">
        <ele>1121.4000244140625</ele>
        <time>2025-08-07T03:04:14.000Z</time>
        <extensions>
          <ns3:TrackPointExtension>
            <ns3:atemp>27.0</ns3:atemp>
          </ns3:TrackPointExtension>
        </extensions>
      </trkpt>
      <trkpt lat="46.1987744271755218505859375" lon="90.80686856992542743682861328125">
        <ele>1121.199951171875</ele>
        <time>2025-08-07T03:04:20.000Z</time>
        <extensions>
          <ns3:TrackPointExtension>
            <ns3:atemp>27.0</ns3:atemp>
          </ns3:TrackPointExtension>
        </extensions>
      </trkpt>
      <trkpt lat="46.198623217642307281494140625" lon="90.8072857372462749481201171875">
        <ele>1121</ele>
        <time>2025-08-07T03:04:26.000Z</time>
        <extensions>
          <ns3:TrackPointExtension>
            <ns3:atemp>27.0</ns3:atemp>
          </ns3:TrackPointExtension>
        </extensions>
      </trkpt>
      <trkpt lat="46.19853378273546695709228515625" lon="90.8073544688522815704345703125">
        <ele>1121</ele>
        <time>2025-08-07T03:04:28.000Z</time>
        <extensions>
          <ns3:TrackPointExtension>
            <ns3:atemp>27.0</ns3:atemp>
          </ns3:TrackPointExtension>
        </extensions>
      </trkpt>
      <trkpt lat="46.19848265312612056732177734375" lon="90.8073556423187255859375">
        <ele>1121</ele>
        <time>2025-08-07T03:04:29.000Z</time>
        <extensions>
          <ns3:TrackPointExtension>
            <ns3:atemp>27.0</ns3:atemp>
          </ns3:TrackPointExtension>
        </extensions>
      </trkpt>
      <trkpt lat="46.19843051768839359283447265625" lon="90.80733460374176502227783203125">
        <ele>1120.800048828125</ele>
        <time>2025-08-07T03:04:30.000Z</time>
        <extensions>
          <ns3:TrackPointExtension>
            <ns3:atemp>27.0</ns3:atemp>
          </ns3:TrackPointExtension>
        </extensions>
      </trkpt>
      <trkpt lat="46.19832423515617847442626953125" lon="90.807291604578495025634765625">
        <ele>1120.800048828125</ele>
        <time>2025-08-07T03:04:32.000Z</time>
        <extensions>
          <ns3:TrackPointExtension>
            <ns3:atemp>27.0</ns3:atemp>
          </ns3:TrackPointExtension>
        </extensions>
      </trkpt>
      <trkpt lat="46.1982150189578533172607421875" lon="90.80726302228868007659912109375">
        <ele>1120.800048828125</ele>
        <time>2025-08-07T03:04:34.000Z</time>
        <extensions>
          <ns3:TrackPointExtension>
            <ns3:atemp>27.0</ns3:atemp>
          </ns3:TrackPointExtension>
        </extensions>
      </trkpt>
      <trkpt lat="46.19811150245368480682373046875" lon="90.8072408102452754974365234375">
        <ele>1120.4000244140625</ele>
        <time>2025-08-07T03:04:36.000Z</time>
        <extensions>
          <ns3:TrackPointExtension>
            <ns3:atemp>27.0</ns3:atemp>
          </ns3:TrackPointExtension>
        </extensions>
      </trkpt>
      <trkpt lat="46.197882257401943206787109375" lon="90.8072049356997013092041015625">
        <ele>1119.5999755859375</ele>
        <time>2025-08-07T03:04:41.000Z</time>
        <extensions>
          <ns3:TrackPointExtension>
            <ns3:atemp>27.0</ns3:atemp>
          </ns3:TrackPointExtension>
        </extensions>
      </trkpt>
      <trkpt lat="46.19784110225737094879150390625" lon="90.80719881691038608551025390625">
        <ele>1119.4000244140625</ele>
        <time>2025-08-07T03:04:42.000Z</time>
        <extensions>
          <ns3:TrackPointExtension>
            <ns3:atemp>27.0</ns3:atemp>
          </ns3:TrackPointExtension>
        </extensions>
      </trkpt>
      <trkpt lat="46.19774471037089824676513671875" lon="90.80713276751339435577392578125">
        <ele>1118.800048828125</ele>
        <time>2025-08-07T03:04:46.000Z</time>
        <extensions>
          <ns3:TrackPointExtension>
            <ns3:atemp>27.0</ns3:atemp>
          </ns3:TrackPointExtension>
        </extensions>
      </trkpt>
      <trkpt lat="46.1976921558380126953125" lon="90.8070419915020465850830078125">
        <ele>1118.5999755859375</ele>
        <time>2025-08-07T03:04:52.000Z</time>
        <extensions>
          <ns3:TrackPointExtension>
            <ns3:atemp>27.0</ns3:atemp>
          </ns3:TrackPointExtension>
        </extensions>
      </trkpt>
      <trkpt lat="46.1976921558380126953125" lon="90.8070419915020465850830078125">
        <ele>1118.5999755859375</ele>
        <time>2025-08-07T03:04:54.000Z</time>
        <extensions>
          <ns3:TrackPointExtension>
            <ns3:atemp>27.0</ns3:atemp>
          </ns3:TrackPointExtension>
        </extensions>
      </trkpt>
      <trkpt lat="46.19764111004769802093505859375" lon="90.80711851827800273895263671875">
        <ele>1117.199951171875</ele>
        <time>2025-08-07T03:05:25.000Z</time>
        <extensions>
          <ns3:TrackPointExtension>
            <ns3:atemp>27.0</ns3:atemp>
          </ns3:TrackPointExtension>
        </extensions>
      </trkpt>
      <trkpt lat="46.1976148746907711029052734375" lon="90.80712522380053997039794921875">
        <ele>1117.199951171875</ele>
        <time>2025-08-07T03:05:26.000Z</time>
        <extensions>
          <ns3:TrackPointExtension>
            <ns3:atemp>27.0</ns3:atemp>
          </ns3:TrackPointExtension>
        </extensions>
      </trkpt>
      <trkpt lat="46.197458803653717041015625" lon="90.8071123994886875152587890625">
        <ele>1116.800048828125</ele>
        <time>2025-08-07T03:05:31.000Z</time>
        <extensions>
          <ns3:TrackPointExtension>
            <ns3:atemp>27.0</ns3:atemp>
          </ns3:TrackPointExtension>
        </extensions>
      </trkpt>
      <trkpt lat="46.1973097734153270721435546875" lon="90.8070396445691585540771484375">
        <ele>1116.199951171875</ele>
        <time>2025-08-07T03:05:37.000Z</time>
        <extensions>
          <ns3:TrackPointExtension>
            <ns3:atemp>27.0</ns3:atemp>
          </ns3:TrackPointExtension>
        </extensions>
      </trkpt>
      <trkpt lat="46.197228133678436279296875" lon="90.8069787919521331787109375">
        <ele>1115.5999755859375</ele>
        <time>2025-08-07T03:05:43.000Z</time>
        <extensions>
          <ns3:TrackPointExtension>
            <ns3:atemp>27.0</ns3:atemp>
          </ns3:TrackPointExtension>
        </extensions>
      </trkpt>
      <trkpt lat="46.19721715338528156280517578125" lon="90.8069675602018833160400390625">
        <ele>1115.5999755859375</ele>
        <time>2025-08-07T03:05:44.000Z</time>
        <extensions>
          <ns3:TrackPointExtension>
            <ns3:atemp>27.0</ns3:atemp>
          </ns3:TrackPointExtension>
        </extensions>
      </trkpt>
      <trkpt lat="46.19722520001232624053955078125" lon="90.8069377206265926361083984375">
        <ele>1115.5999755859375</ele>
        <time>2025-08-07T03:05:46.000Z</time>
        <extensions>
          <ns3:TrackPointExtension>
            <ns3:atemp>27.0</ns3:atemp>
          </ns3:TrackPointExtension>
        </extensions>
      </trkpt>
      <trkpt lat="46.19723685085773468017578125" lon="90.80692774616181850433349609375">
        <ele>1115.5999755859375</ele>
        <time>2025-08-07T03:05:47.000Z</time>
        <extensions>
          <ns3:TrackPointExtension>
            <ns3:atemp>27.0</ns3:atemp>
          </ns3:TrackPointExtension>
        </extensions>
      </trkpt>
      <trkpt lat="46.19727381505072116851806640625" lon="90.806918777525424957275390625">
        <ele>1115.5999755859375</ele>
        <time>2025-08-07T03:05:51.000Z</time>
        <extensions>
          <ns3:TrackPointExtension>
            <ns3:atemp>27.0</ns3:atemp>
          </ns3:TrackPointExtension>
        </extensions>
      </trkpt>
      <trkpt lat="46.19734221138060092926025390625" lon="90.806883908808231353759765625">
        <ele>1115.4000244140625</ele>
        <time>2025-08-07T03:05:56.000Z</time>
        <extensions>
          <ns3:TrackPointExtension>
            <ns3:atemp>27.0</ns3:atemp>
          </ns3:TrackPointExtension>
        </extensions>
      </trkpt>
      <trkpt lat="46.197371967136859893798828125" lon="90.8068943023681640625">
        <ele>1115.4000244140625</ele>
        <time>2025-08-07T03:05:58.000Z</time>
        <extensions>
          <ns3:TrackPointExtension>
            <ns3:atemp>27.0</ns3:atemp>
          </ns3:TrackPointExtension>
        </extensions>
      </trkpt>
      <trkpt lat="46.1974217556416988372802734375" lon="90.80692405812442302703857421875">
        <ele>1115.4000244140625</ele>
        <time>2025-08-07T03:06:02.000Z</time>
        <extensions>
          <ns3:TrackPointExtension>
            <ns3:atemp>27.0</ns3:atemp>
          </ns3:TrackPointExtension>
        </extensions>
      </trkpt>
      <trkpt lat="46.1974526010453701019287109375" lon="90.80696965567767620086669921875">
        <ele>1115.199951171875</ele>
        <time>2025-08-07T03:06:05.000Z</time>
        <extensions>
          <ns3:TrackPointExtension>
            <ns3:atemp>27.0</ns3:atemp>
          </ns3:TrackPointExtension>
        </extensions>
      </trkpt>
      <trkpt lat="46.19747799821197986602783203125" lon="90.8069876767694950103759765625">
        <ele>1115.199951171875</ele>
        <time>2025-08-07T03:06:07.000Z</time>
        <extensions>
          <ns3:TrackPointExtension>
            <ns3:atemp>27.0</ns3:atemp>
          </ns3:TrackPointExtension>
        </extensions>
      </trkpt>
      <trkpt lat="46.19748218916356563568115234375" lon="90.8069883473217487335205078125">
        <ele>1115</ele>
        <time>2025-08-07T03:06:10.000Z</time>
        <extensions>
          <ns3:TrackPointExtension>
            <ns3:atemp>27.0</ns3:atemp>
          </ns3:TrackPointExtension>
        </extensions>
      </trkpt>
      <trkpt lat="46.1976256035268306732177734375" lon="90.80700502730906009674072265625">
        <ele>1111.199951171875</ele>
        <time>2025-08-07T03:56:15.000Z</time>
        <extensions>
          <ns3:TrackPointExtension>
            <ns3:atemp>34.0</ns3:atemp>
          </ns3:TrackPointExtension>
        </extensions>
      </trkpt>
      <trkpt lat="46.1976758949458599090576171875" lon="90.807013325393199920654296875">
        <ele>1111.199951171875</ele>
        <time>2025-08-07T03:56:20.000Z</time>
        <extensions>
          <ns3:TrackPointExtension>
            <ns3:atemp>34.0</ns3:atemp>
          </ns3:TrackPointExtension>
        </extensions>
      </trkpt>
      <trkpt lat="46.19768746197223663330078125" lon="90.8070228807628154754638671875">
        <ele>1111.199951171875</ele>
        <time>2025-08-07T03:56:21.000Z</time>
        <extensions>
          <ns3:TrackPointExtension>
            <ns3:atemp>34.0</ns3:atemp>
          </ns3:TrackPointExtension>
        </extensions>
      </trkpt>
      <trkpt lat="46.19774571619927883148193359375" lon="90.8071450889110565185546875">
        <ele>1111.800048828125</ele>
        <time>2025-08-07T03:56:26.000Z</time>
        <extensions>
          <ns3:TrackPointExtension>
            <ns3:atemp>34.0</ns3:atemp>
          </ns3:TrackPointExtension>
        </extensions>
      </trkpt>
      <trkpt lat="46.1978418566286563873291015625" lon="90.80724592320621013641357421875">
        <ele>1112.4000244140625</ele>
        <time>2025-08-07T03:56:30.000Z</time>
        <extensions>
          <ns3:TrackPointExtension>
            <ns3:atemp>34.0</ns3:atemp>
          </ns3:TrackPointExtension>
        </extensions>
      </trkpt>
      <trkpt lat="46.19790740311145782470703125" lon="90.80728230066597461700439453125">
        <ele>1112.4000244140625</ele>
        <time>2025-08-07T03:56:32.000Z</time>
        <extensions>
          <ns3:TrackPointExtension>
            <ns3:atemp>34.0</ns3:atemp>
          </ns3:TrackPointExtension>
        </extensions>
      </trkpt>
      <trkpt lat="46.19813346303999423980712890625" lon="90.80730040557682514190673828125">
        <ele>1113.199951171875</ele>
        <time>2025-08-07T03:56:38.000Z</time>
        <extensions>
          <ns3:TrackPointExtension>
            <ns3:atemp>34.0</ns3:atemp>
          </ns3:TrackPointExtension>
        </extensions>
      </trkpt>
      <trkpt lat="46.1981684155762195587158203125" lon="90.807306356728076934814453125">
        <ele>1113.4000244140625</ele>
        <time>2025-08-07T03:56:39.000Z</time>
        <extensions>
          <ns3:TrackPointExtension>
            <ns3:atemp>34.0</ns3:atemp>
          </ns3:TrackPointExtension>
        </extensions>
      </trkpt>
      <trkpt lat="46.1984091438353061676025390625" lon="90.80737550742924213409423828125">
        <ele>1113.800048828125</ele>
        <time>2025-08-07T03:56:46.000Z</time>
        <extensions>
          <ns3:TrackPointExtension>
            <ns3:atemp>34.0</ns3:atemp>
          </ns3:TrackPointExtension>
        </extensions>
      </trkpt>
      <trkpt lat="46.19849908165633678436279296875" lon="90.80741741694509983062744140625">
        <ele>1114.199951171875</ele>
        <time>2025-08-07T03:56:49.000Z</time>
        <extensions>
          <ns3:TrackPointExtension>
            <ns3:atemp>34.0</ns3:atemp>
          </ns3:TrackPointExtension>
        </extensions>
      </trkpt>
      <trkpt lat="46.19851685129106044769287109375" lon="90.80745949409902095794677734375">
        <ele>1114.4000244140625</ele>
        <time>2025-08-07T03:56:50.000Z</time>
        <extensions>
          <ns3:TrackPointExtension>
            <ns3:atemp>34.0</ns3:atemp>
          </ns3:TrackPointExtension>
        </extensions>
      </trkpt>
      <trkpt lat="46.19852322153747081756591796875" lon="90.8075130544602870941162109375">
        <ele>1114.4000244140625</ele>
        <time>2025-08-07T03:56:51.000Z</time>
        <extensions>
          <ns3:TrackPointExtension>
            <ns3:atemp>34.0</ns3:atemp>
          </ns3:TrackPointExtension>
        </extensions>
      </trkpt>
      <trkpt lat="46.19848818518221378326416015625" lon="90.80767742358148097991943359375">
        <ele>1114.5999755859375</ele>
        <time>2025-08-07T03:56:54.000Z</time>
        <extensions>
          <ns3:TrackPointExtension>
            <ns3:atemp>34.0</ns3:atemp>
          </ns3:TrackPointExtension>
        </extensions>
      </trkpt>
      <trkpt lat="46.19835005141794681549072265625" lon="90.80805092118680477142333984375">
        <ele>1115</ele>
        <time>2025-08-07T03:57:00.000Z</time>
        <extensions>
          <ns3:TrackPointExtension>
            <ns3:atemp>34.0</ns3:atemp>
          </ns3:TrackPointExtension>
        </extensions>
      </trkpt>
      <trkpt lat="46.19820940308272838592529296875" lon="90.808407403528690338134765625">
        <ele>1115</ele>
        <time>2025-08-07T03:57:05.000Z</time>
        <extensions>
          <ns3:TrackPointExtension>
            <ns3:atemp>34.0</ns3:atemp>
          </ns3:TrackPointExtension>
        </extensions>
      </trkpt>
      <trkpt lat="46.1980346404016017913818359375" lon="90.808904282748699188232421875">
        <ele>1115</ele>
        <time>2025-08-07T03:57:11.000Z</time>
        <extensions>
          <ns3:TrackPointExtension>
            <ns3:atemp>34.0</ns3:atemp>
          </ns3:TrackPointExtension>
        </extensions>
      </trkpt>
      <trkpt lat="46.19781578890979290008544921875" lon="90.80952278338372707366943359375">
        <ele>1115.199951171875</ele>
        <time>2025-08-07T03:57:18.000Z</time>
        <extensions>
          <ns3:TrackPointExtension>
            <ns3:atemp>34.0</ns3:atemp>
          </ns3:TrackPointExtension>
        </extensions>
      </trkpt>
      <trkpt lat="46.1975360848009586334228515625" lon="90.810303725302219390869140625">
        <ele>1115</ele>
        <time>2025-08-07T03:57:26.000Z</time>
        <extensions>
          <ns3:TrackPointExtension>
            <ns3:atemp>34.0</ns3:atemp>
          </ns3:TrackPointExtension>
        </extensions>
      </trkpt>
      <trkpt lat="46.19738127104938030242919921875" lon="90.8107246644794940948486328125">
        <ele>1115</ele>
        <time>2025-08-07T03:57:31.000Z</time>
        <extensions>
          <ns3:TrackPointExtension>
            <ns3:atemp>34.0</ns3:atemp>
          </ns3:TrackPointExtension>
        </extensions>
      </trkpt>
      <trkpt lat="46.197225786745548248291015625" lon="90.81114225089550018310546875">
        <ele>1115.199951171875</ele>
        <time>2025-08-07T03:57:35.000Z</time>
        <extensions>
          <ns3:TrackPointExtension>
            <ns3:atemp>34.0</ns3:atemp>
          </ns3:TrackPointExtension>
        </extensions>
      </trkpt>
      <trkpt lat="46.19714641012251377105712890625" lon="90.81135439686477184295654296875">
        <ele>1115.4000244140625</ele>
        <time>2025-08-07T03:57:37.000Z</time>
        <extensions>
          <ns3:TrackPointExtension>
            <ns3:atemp>34.0</ns3:atemp>
          </ns3:TrackPointExtension>
        </extensions>
      </trkpt>
      <trkpt lat="46.1969198472797870635986328125" lon="90.81200659275054931640625">
        <ele>1115.800048828125</ele>
        <time>2025-08-07T03:57:43.000Z</time>
        <extensions>
          <ns3:TrackPointExtension>
            <ns3:atemp>34.0</ns3:atemp>
          </ns3:TrackPointExtension>
        </extensions>
      </trkpt>
      <trkpt lat="46.19664609432220458984375" lon="90.812776051461696624755859375">
        <ele>1116.4000244140625</ele>
        <time>2025-08-07T03:57:50.000Z</time>
        <extensions>
          <ns3:TrackPointExtension>
            <ns3:atemp>33.0</ns3:atemp>
          </ns3:TrackPointExtension>
        </extensions>
      </trkpt>
      <trkpt lat="46.19661055505275726318359375" lon="90.8128811605274677276611328125">
        <ele>1116.5999755859375</ele>
        <time>2025-08-07T03:57:51.000Z</time>
        <extensions>
          <ns3:TrackPointExtension>
            <ns3:atemp>33.0</ns3:atemp>
          </ns3:TrackPointExtension>
        </extensions>
      </trkpt>
      <trkpt lat="46.19633755646646022796630859375" lon="90.81357769668102264404296875">
        <ele>1117.199951171875</ele>
        <time>2025-08-07T03:57:58.000Z</time>
        <extensions>
          <ns3:TrackPointExtension>
            <ns3:atemp>33.0</ns3:atemp>
          </ns3:TrackPointExtension>
        </extensions>
      </trkpt>
      <trkpt lat="46.19615768082439899444580078125" lon="90.814063511788845062255859375">
        <ele>1117.5999755859375</ele>
        <time>2025-08-07T03:58:03.000Z</time>
        <extensions>
          <ns3:TrackPointExtension>
            <ns3:atemp>33.0</ns3:atemp>
          </ns3:TrackPointExtension>
        </extensions>
      </trkpt>
      <trkpt lat="46.19598233141005039215087890625" lon="90.814557708799839019775390625">
        <ele>1118</ele>
        <time>2025-08-07T03:58:08.000Z</time>
        <extensions>
          <ns3:TrackPointExtension>
            <ns3:atemp>33.0</ns3:atemp>
          </ns3:TrackPointExtension>
        </extensions>
      </trkpt>
      <trkpt lat="46.19588308967649936676025390625" lon="90.81485333852469921112060546875">
        <ele>1118.199951171875</ele>
        <time>2025-08-07T03:58:11.000Z</time>
        <extensions>
          <ns3:TrackPointExtension>
            <ns3:atemp>33.0</ns3:atemp>
          </ns3:TrackPointExtension>
        </extensions>
      </trkpt>
      <trkpt lat="46.19571109302341938018798828125" lon="90.815352983772754669189453125">
        <ele>1118.5999755859375</ele>
        <time>2025-08-07T03:58:16.000Z</time>
        <extensions>
          <ns3:TrackPointExtension>
            <ns3:atemp>33.0</ns3:atemp>
          </ns3:TrackPointExtension>
        </extensions>
      </trkpt>
      <trkpt lat="46.19563959538936614990234375" lon="90.81554216332733631134033203125">
        <ele>1118.5999755859375</ele>
        <time>2025-08-07T03:58:18.000Z</time>
        <extensions>
          <ns3:TrackPointExtension>
            <ns3:atemp>33.0</ns3:atemp>
          </ns3:TrackPointExtension>
        </extensions>
      </trkpt>
      <trkpt lat="46.195375733077526092529296875" lon="90.81630290485918521881103515625">
        <ele>1119.199951171875</ele>
        <time>2025-08-07T03:58:26.000Z</time>
        <extensions>
          <ns3:TrackPointExtension>
            <ns3:atemp>33.0</ns3:atemp>
          </ns3:TrackPointExtension>
        </extensions>
      </trkpt>
      <trkpt lat="46.19531010277569293975830078125" lon="90.81649459898471832275390625">
        <ele>1119.4000244140625</ele>
        <time>2025-08-07T03:58:28.000Z</time>
        <extensions>
          <ns3:TrackPointExtension>
            <ns3:atemp>33.0</ns3:atemp>
          </ns3:TrackPointExtension>
        </extensions>
      </trkpt>
      <trkpt lat="46.19524070061743259429931640625" lon="90.81668545491993427276611328125">
        <ele>1119.800048828125</ele>
        <time>2025-08-07T03:58:30.000Z</time>
        <extensions>
          <ns3:TrackPointExtension>
            <ns3:atemp>33.0</ns3:atemp>
          </ns3:TrackPointExtension>
        </extensions>
      </trkpt>
      <trkpt lat="46.1950667761266231536865234375" lon="90.81716439686715602874755859375">
        <ele>1120.5999755859375</ele>
        <time>2025-08-07T03:58:35.000Z</time>
        <extensions>
          <ns3:TrackPointExtension>
            <ns3:atemp>33.0</ns3:atemp>
          </ns3:TrackPointExtension>
        </extensions>
      </trkpt>
      <trkpt lat="46.1950354278087615966796875" lon="90.8172602020204067230224609375">
        <ele>1120.800048828125</ele>
        <time>2025-08-07T03:58:36.000Z</time>
        <extensions>
          <ns3:TrackPointExtension>
            <ns3:atemp>33.0</ns3:atemp>
          </ns3:TrackPointExtension>
        </extensions>
      </trkpt>
      <trkpt lat="46.1947730742394924163818359375" lon="90.818005017936229705810546875">
        <ele>1121.800048828125</ele>
        <time>2025-08-07T03:58:44.000Z</time>
        <extensions>
          <ns3:TrackPointExtension>
            <ns3:atemp>33.0</ns3:atemp>
          </ns3:TrackPointExtension>
        </extensions>
      </trkpt>
      <trkpt lat="46.1946704797446727752685546875" lon="90.81827365793287754058837890625">
        <ele>1121.800048828125</ele>
        <time>2025-08-07T03:58:47.000Z</time>
        <extensions>
          <ns3:TrackPointExtension>
            <ns3:atemp>33.0</ns3:atemp>
          </ns3:TrackPointExtension>
        </extensions>
      </trkpt>
      <trkpt lat="46.19454282335937023162841796875" lon="90.81863458268344402313232421875">
        <ele>1122.4000244140625</ele>
        <time>2025-08-07T03:58:51.000Z</time>
        <extensions>
          <ns3:TrackPointExtension>
            <ns3:atemp>32.0</ns3:atemp>
          </ns3:TrackPointExtension>
        </extensions>
      </trkpt>
      <trkpt lat="46.1944445036351680755615234375" lon="90.81889341585338115692138671875">
        <ele>1123</ele>
        <time>2025-08-07T03:58:54.000Z</time>
        <extensions>
          <ns3:TrackPointExtension>
            <ns3:atemp>32.0</ns3:atemp>
          </ns3:TrackPointExtension>
        </extensions>
      </trkpt>
      <trkpt lat="46.19425515644252300262451171875" lon="90.81941208802163600921630859375">
        <ele>1123</ele>
        <time>2025-08-07T03:59:00.000Z</time>
        <extensions>
          <ns3:TrackPointExtension>
            <ns3:atemp>32.0</ns3:atemp>
          </ns3:TrackPointExtension>
        </extensions>
      </trkpt>
      <trkpt lat="46.19400755502283573150634765625" lon="90.82008867524564266204833984375">
        <ele>1123.4000244140625</ele>
        <time>2025-08-07T03:59:08.000Z</time>
        <extensions>
          <ns3:TrackPointExtension>
            <ns3:atemp>32.0</ns3:atemp>
          </ns3:TrackPointExtension>
        </extensions>
      </trkpt>
      <trkpt lat="46.19391535408794879913330078125" lon="90.82034197635948657989501953125">
        <ele>1123.800048828125</ele>
        <time>2025-08-07T03:59:11.000Z</time>
        <extensions>
          <ns3:TrackPointExtension>
            <ns3:atemp>32.0</ns3:atemp>
          </ns3:TrackPointExtension>
        </extensions>
      </trkpt>
      <trkpt lat="46.1938510648906230926513671875" lon="90.8205127157270908355712890625">
        <ele>1124</ele>
        <time>2025-08-07T03:59:13.000Z</time>
        <extensions>
          <ns3:TrackPointExtension>
            <ns3:atemp>32.0</ns3:atemp>
          </ns3:TrackPointExtension>
        </extensions>
      </trkpt>
      <trkpt lat="46.1937880329787731170654296875" lon="90.820685885846614837646484375">
        <ele>1124</ele>
        <time>2025-08-07T03:59:15.000Z</time>
        <extensions>
          <ns3:TrackPointExtension>
            <ns3:atemp>32.0</ns3:atemp>
          </ns3:TrackPointExtension>
        </extensions>
      </trkpt>
      <trkpt lat="46.19353380985558032989501953125" lon="90.8213783986866474151611328125">
        <ele>1124.800048828125</ele>
        <time>2025-08-07T03:59:23.000Z</time>
        <extensions>
          <ns3:TrackPointExtension>
            <ns3:atemp>32.0</ns3:atemp>
          </ns3:TrackPointExtension>
        </extensions>
      </trkpt>
      <trkpt lat="46.19346574880182743072509765625" lon="90.821546204388141632080078125">
        <ele>1125</ele>
        <time>2025-08-07T03:59:25.000Z</time>
        <extensions>
          <ns3:TrackPointExtension>
            <ns3:atemp>32.0</ns3:atemp>
          </ns3:TrackPointExtension>
        </extensions>
      </trkpt>
      <trkpt lat="46.19321395643055438995361328125" lon="90.82224885933101177215576171875">
        <ele>1125.4000244140625</ele>
        <time>2025-08-07T03:59:33.000Z</time>
        <extensions>
          <ns3:TrackPointExtension>
            <ns3:atemp>32.0</ns3:atemp>
          </ns3:TrackPointExtension>
        </extensions>
      </trkpt>
      <trkpt lat="46.19318277575075626373291015625" lon="90.82233846187591552734375">
        <ele>1125.4000244140625</ele>
        <time>2025-08-07T03:59:34.000Z</time>
        <extensions>
          <ns3:TrackPointExtension>
            <ns3:atemp>32.0</ns3:atemp>
          </ns3:TrackPointExtension>
        </extensions>
      </trkpt>
      <trkpt lat="46.19295780546963214874267578125" lon="90.82296869717538356781005859375">
        <ele>1126</ele>
        <time>2025-08-07T03:59:41.000Z</time>
        <extensions>
          <ns3:TrackPointExtension>
            <ns3:atemp>32.0</ns3:atemp>
          </ns3:TrackPointExtension>
        </extensions>
      </trkpt>
      <trkpt lat="46.19292427785694599151611328125" lon="90.82305821590125560760498046875">
        <ele>1126</ele>
        <time>2025-08-07T03:59:42.000Z</time>
        <extensions>
          <ns3:TrackPointExtension>
            <ns3:atemp>32.0</ns3:atemp>
          </ns3:TrackPointExtension>
        </extensions>
      </trkpt>
      <trkpt lat="46.192694194614887237548828125" lon="90.823687948286533355712890625">
        <ele>1126</ele>
        <time>2025-08-07T03:59:49.000Z</time>
        <extensions>
          <ns3:TrackPointExtension>
            <ns3:atemp>31.0</ns3:atemp>
          </ns3:TrackPointExtension>
        </extensions>
      </trkpt>
      <trkpt lat="46.192501075565814971923828125" lon="90.824231766164302825927734375">
        <ele>1126.4000244140625</ele>
        <time>2025-08-07T03:59:55.000Z</time>
        <extensions>
          <ns3:TrackPointExtension>
            <ns3:atemp>31.0</ns3:atemp>
          </ns3:TrackPointExtension>
        </extensions>
      </trkpt>
      <trkpt lat="46.19221441447734832763671875" lon="90.8249702118337154388427734375">
        <ele>1127</ele>
        <time>2025-08-07T04:00:03.000Z</time>
        <extensions>
          <ns3:TrackPointExtension>
            <ns3:atemp>31.0</ns3:atemp>
          </ns3:TrackPointExtension>
        </extensions>
      </trkpt>
      <trkpt lat="46.19217828847467899322509765625" lon="90.8250595629215240478515625">
        <ele>1127</ele>
        <time>2025-08-07T04:00:04.000Z</time>
        <extensions>
          <ns3:TrackPointExtension>
            <ns3:atemp>31.0</ns3:atemp>
          </ns3:TrackPointExtension>
        </extensions>
      </trkpt>
      <trkpt lat="46.19194510392844676971435546875" lon="90.825699269771575927734375">
        <ele>1128</ele>
        <time>2025-08-07T04:00:11.000Z</time>
        <extensions>
          <ns3:TrackPointExtension>
            <ns3:atemp>31.0</ns3:atemp>
          </ns3:TrackPointExtension>
        </extensions>
      </trkpt>
      <trkpt lat="46.1919124983251094818115234375" lon="90.82578786648809909820556640625">
        <ele>1128.199951171875</ele>
        <time>2025-08-07T04:00:12.000Z</time>
        <extensions>
          <ns3:TrackPointExtension>
            <ns3:atemp>31.0</ns3:atemp>
          </ns3:TrackPointExtension>
        </extensions>
      </trkpt>
      <trkpt lat="46.19174494408071041107177734375" lon="90.82623101770877838134765625">
        <ele>1128.4000244140625</ele>
        <time>2025-08-07T04:00:17.000Z</time>
        <extensions>
          <ns3:TrackPointExtension>
            <ns3:atemp>31.0</ns3:atemp>
          </ns3:TrackPointExtension>
        </extensions>
      </trkpt>
      <trkpt lat="46.19151829741895198822021484375" lon="90.82686024717986583709716796875">
        <ele>1128.4000244140625</ele>
        <time>2025-08-07T04:00:24.000Z</time>
        <extensions>
          <ns3:TrackPointExtension>
            <ns3:atemp>31.0</ns3:atemp>
          </ns3:TrackPointExtension>
        </extensions>
      </trkpt>
      <trkpt lat="46.19125342927873134613037109375" lon="90.8275981061160564422607421875">
        <ele>1128.800048828125</ele>
        <time>2025-08-07T04:00:32.000Z</time>
        <extensions>
          <ns3:TrackPointExtension>
            <ns3:atemp>31.0</ns3:atemp>
          </ns3:TrackPointExtension>
        </extensions>
      </trkpt>
      <trkpt lat="46.19118268601596355438232421875" lon="90.8277739584445953369140625">
        <ele>1129</ele>
        <time>2025-08-07T04:00:34.000Z</time>
        <extensions>
          <ns3:TrackPointExtension>
            <ns3:atemp>31.0</ns3:atemp>
          </ns3:TrackPointExtension>
        </extensions>
      </trkpt>
      <trkpt lat="46.19114848785102367401123046875" lon="90.827863477170467376708984375">
        <ele>1129.199951171875</ele>
        <time>2025-08-07T04:00:35.000Z</time>
        <extensions>
          <ns3:TrackPointExtension>
            <ns3:atemp>31.0</ns3:atemp>
          </ns3:TrackPointExtension>
        </extensions>
      </trkpt>
      <trkpt lat="46.19098864495754241943359375" lon="90.82832842133939266204833984375">
        <ele>1129</ele>
        <time>2025-08-07T04:00:40.000Z</time>
        <extensions>
          <ns3:TrackPointExtension>
            <ns3:atemp>31.0</ns3:atemp>
          </ns3:TrackPointExtension>
        </extensions>
      </trkpt>
      <trkpt lat="46.19071547873318195343017578125" lon="90.82907977513968944549560546875">
        <ele>1128.5999755859375</ele>
        <time>2025-08-07T04:00:48.000Z</time>
        <extensions>
          <ns3:TrackPointExtension>
            <ns3:atemp>31.0</ns3:atemp>
          </ns3:TrackPointExtension>
        </extensions>
      </trkpt>
      <trkpt lat="46.19067893363535404205322265625" lon="90.82917650230228900909423828125">
        <ele>1128.5999755859375</ele>
        <time>2025-08-07T04:00:49.000Z</time>
        <extensions>
          <ns3:TrackPointExtension>
            <ns3:atemp>31.0</ns3:atemp>
          </ns3:TrackPointExtension>
        </extensions>
      </trkpt>
      <trkpt lat="46.19040031917393207550048828125" lon="90.8299433626234531402587890625">
        <ele>1128.800048828125</ele>
        <time>2025-08-07T04:00:57.000Z</time>
        <extensions>
          <ns3:TrackPointExtension>
            <ns3:atemp>31.0</ns3:atemp>
          </ns3:TrackPointExtension>
        </extensions>
      </trkpt>
      <trkpt lat="46.19032907299697399139404296875" lon="90.8301371522247791290283203125">
        <ele>1129</ele>
        <time>2025-08-07T04:00:59.000Z</time>
        <extensions>
          <ns3:TrackPointExtension>
            <ns3:atemp>31.0</ns3:atemp>
          </ns3:TrackPointExtension>
        </extensions>
      </trkpt>
      <trkpt lat="46.19017727673053741455078125" lon="90.8305136673152446746826171875">
        <ele>1129</ele>
        <time>2025-08-07T04:01:03.000Z</time>
        <extensions>
          <ns3:TrackPointExtension>
            <ns3:atemp>31.0</ns3:atemp>
          </ns3:TrackPointExtension>
        </extensions>
      </trkpt>
      <trkpt lat="46.18999681435525417327880859375" lon="90.83100141026079654693603515625">
        <ele>1128.5999755859375</ele>
        <time>2025-08-07T04:01:08.000Z</time>
        <extensions>
          <ns3:TrackPointExtension>
            <ns3:atemp>30.0</ns3:atemp>
          </ns3:TrackPointExtension>
        </extensions>
      </trkpt>
      <trkpt lat="46.1897506378591060638427734375" lon="90.83169425837695598602294921875">
        <ele>1129</ele>
        <time>2025-08-07T04:01:15.000Z</time>
        <extensions>
          <ns3:TrackPointExtension>
            <ns3:atemp>30.0</ns3:atemp>
          </ns3:TrackPointExtension>
        </extensions>
      </trkpt>
      <trkpt lat="46.18967176415026187896728515625" lon="90.83189173601567745208740234375">
        <ele>1129</ele>
        <time>2025-08-07T04:01:17.000Z</time>
        <extensions>
          <ns3:TrackPointExtension>
            <ns3:atemp>30.0</ns3:atemp>
          </ns3:TrackPointExtension>
        </extensions>
      </trkpt>
      <trkpt lat="46.18940974585711956024169921875" lon="90.83258257247507572174072265625">
        <ele>1128.5999755859375</ele>
        <time>2025-08-07T04:01:24.000Z</time>
        <extensions>
          <ns3:TrackPointExtension>
            <ns3:atemp>30.0</ns3:atemp>
          </ns3:TrackPointExtension>
        </extensions>
      </trkpt>
      <trkpt lat="46.18937454186379909515380859375" lon="90.83267963491380214691162109375">
        <ele>1128.5999755859375</ele>
        <time>2025-08-07T04:01:25.000Z</time>
        <extensions>
          <ns3:TrackPointExtension>
            <ns3:atemp>30.0</ns3:atemp>
          </ns3:TrackPointExtension>
        </extensions>
      </trkpt>
      <trkpt lat="46.18908737786114215850830078125" lon="90.833450518548488616943359375">
        <ele>1128.5999755859375</ele>
        <time>2025-08-07T04:01:33.000Z</time>
        <extensions>
          <ns3:TrackPointExtension>
            <ns3:atemp>30.0</ns3:atemp>
          </ns3:TrackPointExtension>
        </extensions>
      </trkpt>
      <trkpt lat="46.1889496631920337677001953125" lon="90.83382979966700077056884765625">
        <ele>1128.199951171875</ele>
        <time>2025-08-07T04:01:37.000Z</time>
        <extensions>
          <ns3:TrackPointExtension>
            <ns3:atemp>30.0</ns3:atemp>
          </ns3:TrackPointExtension>
        </extensions>
      </trkpt>
      <trkpt lat="46.18869946338236331939697265625" lon="90.83451233804225921630859375">
        <ele>1128.5999755859375</ele>
        <time>2025-08-07T04:01:44.000Z</time>
        <extensions>
          <ns3:TrackPointExtension>
            <ns3:atemp>30.0</ns3:atemp>
          </ns3:TrackPointExtension>
        </extensions>
      </trkpt>
      <trkpt lat="46.1884216032922267913818359375" lon="90.8352960459887981414794921875">
        <ele>1128.800048828125</ele>
        <time>2025-08-07T04:01:52.000Z</time>
        <extensions>
          <ns3:TrackPointExtension>
            <ns3:atemp>30.0</ns3:atemp>
          </ns3:TrackPointExtension>
        </extensions>
      </trkpt>
      <trkpt lat="46.1883860640227794647216796875" lon="90.83539545536041259765625">
        <ele>1128.5999755859375</ele>
        <time>2025-08-07T04:01:53.000Z</time>
        <extensions>
          <ns3:TrackPointExtension>
            <ns3:atemp>30.0</ns3:atemp>
          </ns3:TrackPointExtension>
        </extensions>
      </trkpt>
      <trkpt lat="46.1881681345403194427490234375" lon="90.83599853329360485076904296875">
        <ele>1128.4000244140625</ele>
        <time>2025-08-07T04:01:59.000Z</time>
        <extensions>
          <ns3:TrackPointExtension>
            <ns3:atemp>30.0</ns3:atemp>
          </ns3:TrackPointExtension>
        </extensions>
      </trkpt>
      <trkpt lat="46.18804668076336383819580078125" lon="90.83629810251295566558837890625">
        <ele>1128.4000244140625</ele>
        <time>2025-08-07T04:02:02.000Z</time>
        <extensions>
          <ns3:TrackPointExtension>
            <ns3:atemp>30.0</ns3:atemp>
          </ns3:TrackPointExtension>
        </extensions>
      </trkpt>
      <trkpt lat="46.18778097443282604217529296875" lon="90.8370166830718517303466796875">
        <ele>1128.4000244140625</ele>
        <time>2025-08-07T04:02:09.000Z</time>
        <extensions>
          <ns3:TrackPointExtension>
            <ns3:atemp>30.0</ns3:atemp>
          </ns3:TrackPointExtension>
        </extensions>
      </trkpt>
      <trkpt lat="46.1875207163393497467041015625" lon="90.83774180151522159576416015625">
        <ele>1128.199951171875</ele>
        <time>2025-08-07T04:02:16.000Z</time>
        <extensions>
          <ns3:TrackPointExtension>
            <ns3:atemp>30.0</ns3:atemp>
          </ns3:TrackPointExtension>
        </extensions>
      </trkpt>
      <trkpt lat="46.1874811537563800811767578125" lon="90.83784774877130985260009765625">
        <ele>1128.199951171875</ele>
        <time>2025-08-07T04:02:17.000Z</time>
        <extensions>
          <ns3:TrackPointExtension>
            <ns3:atemp>30.0</ns3:atemp>
          </ns3:TrackPointExtension>
        </extensions>
      </trkpt>
      <trkpt lat="46.1871894635260105133056640625" lon="90.83856255747377872467041015625">
        <ele>1128.5999755859375</ele>
        <time>2025-08-07T04:02:24.000Z</time>
        <extensions>
          <ns3:TrackPointExtension>
            <ns3:atemp>30.0</ns3:atemp>
          </ns3:TrackPointExtension>
        </extensions>
      </trkpt>
      <trkpt lat="46.18711419403553009033203125" lon="90.83876959048211574554443359375">
        <ele>1128.4000244140625</ele>
        <time>2025-08-07T04:02:26.000Z</time>
        <extensions>
          <ns3:TrackPointExtension>
            <ns3:atemp>30.0</ns3:atemp>
          </ns3:TrackPointExtension>
        </extensions>
      </trkpt>
      <trkpt lat="46.18682719767093658447265625" lon="90.83950686268508434295654296875">
        <ele>1128</ele>
        <time>2025-08-07T04:02:33.000Z</time>
        <extensions>
          <ns3:TrackPointExtension>
            <ns3:atemp>30.0</ns3:atemp>
          </ns3:TrackPointExtension>
        </extensions>
      </trkpt>
      <trkpt lat="46.18674647994339466094970703125" lon="90.83972512744367122650146484375">
        <ele>1128</ele>
        <time>2025-08-07T04:02:35.000Z</time>
        <extensions>
          <ns3:TrackPointExtension>
            <ns3:atemp>30.0</ns3:atemp>
          </ns3:TrackPointExtension>
        </extensions>
      </trkpt>
      <trkpt lat="46.18636191822588443756103515625" lon="90.84067982621490955352783203125">
        <ele>1128</ele>
        <time>2025-08-07T04:02:44.000Z</time>
        <extensions>
          <ns3:TrackPointExtension>
            <ns3:atemp>30.0</ns3:atemp>
          </ns3:TrackPointExtension>
        </extensions>
      </trkpt>
      <trkpt lat="46.1862842179834842681884765625" lon="90.840881578624248504638671875">
        <ele>1127.800048828125</ele>
        <time>2025-08-07T04:02:46.000Z</time>
        <extensions>
          <ns3:TrackPointExtension>
            <ns3:atemp>30.0</ns3:atemp>
          </ns3:TrackPointExtension>
        </extensions>
      </trkpt>
      <trkpt lat="46.18601021356880664825439453125" lon="90.84157853387296199798583984375">
        <ele>1127.5999755859375</ele>
        <time>2025-08-07T04:02:53.000Z</time>
        <extensions>
          <ns3:TrackPointExtension>
            <ns3:atemp>30.0</ns3:atemp>
          </ns3:TrackPointExtension>
        </extensions>
      </trkpt>
      <trkpt lat="46.18597500957548618316650390625" lon="90.841678194701671600341796875">
        <ele>1127.5999755859375</ele>
        <time>2025-08-07T04:02:54.000Z</time>
        <extensions>
          <ns3:TrackPointExtension>
            <ns3:atemp>30.0</ns3:atemp>
          </ns3:TrackPointExtension>
        </extensions>
      </trkpt>
      <trkpt lat="46.18569890968501567840576171875" lon="90.842352770268917083740234375">
        <ele>1127.5999755859375</ele>
        <time>2025-08-07T04:03:01.000Z</time>
        <extensions>
          <ns3:TrackPointExtension>
            <ns3:atemp>30.0</ns3:atemp>
          </ns3:TrackPointExtension>
        </extensions>
      </trkpt>
      <trkpt lat="46.18565666489303112030029296875" lon="90.84244471974670886993408203125">
        <ele>1127.800048828125</ele>
        <time>2025-08-07T04:03:02.000Z</time>
        <extensions>
          <ns3:TrackPointExtension>
            <ns3:atemp>30.0</ns3:atemp>
          </ns3:TrackPointExtension>
        </extensions>
      </trkpt>
      <trkpt lat="46.1853467859327793121337890625" lon="90.84318400360643863677978515625">
        <ele>1128</ele>
        <time>2025-08-07T04:03:10.000Z</time>
        <extensions>
          <ns3:TrackPointExtension>
            <ns3:atemp>30.0</ns3:atemp>
          </ns3:TrackPointExtension>
        </extensions>
      </trkpt>
      <trkpt lat="46.18512860499322414398193359375" lon="90.8437228761613368988037109375">
        <ele>1128</ele>
        <time>2025-08-07T04:03:16.000Z</time>
        <extensions>
          <ns3:TrackPointExtension>
            <ns3:atemp>30.0</ns3:atemp>
          </ns3:TrackPointExtension>
        </extensions>
      </trkpt>
      <trkpt lat="46.18505786173045635223388671875" lon="90.8439019136130809783935546875">
        <ele>1128</ele>
        <time>2025-08-07T04:03:18.000Z</time>
        <extensions>
          <ns3:TrackPointExtension>
            <ns3:atemp>29.0</ns3:atemp>
          </ns3:TrackPointExtension>
        </extensions>
      </trkpt>
      <trkpt lat="46.1847825162112712860107421875" lon="90.844588391482830047607421875">
        <ele>1128.800048828125</ele>
        <time>2025-08-07T04:03:26.000Z</time>
        <extensions>
          <ns3:TrackPointExtension>
            <ns3:atemp>29.0</ns3:atemp>
          </ns3:TrackPointExtension>
        </extensions>
      </trkpt>
      <trkpt lat="46.18452209047973155975341796875" lon="90.8452386595308780670166015625">
        <ele>1129.199951171875</ele>
        <time>2025-08-07T04:03:34.000Z</time>
        <extensions>
          <ns3:TrackPointExtension>
            <ns3:atemp>29.0</ns3:atemp>
          </ns3:TrackPointExtension>
        </extensions>
      </trkpt>
      <trkpt lat="46.1844579689204692840576171875" lon="90.84540470503270626068115234375">
        <ele>1129.4000244140625</ele>
        <time>2025-08-07T04:03:36.000Z</time>
        <extensions>
          <ns3:TrackPointExtension>
            <ns3:atemp>29.0</ns3:atemp>
          </ns3:TrackPointExtension>
        </extensions>
      </trkpt>
      <trkpt lat="46.18417239747941493988037109375" lon="90.84612571634352207183837890625">
        <ele>1130</ele>
        <time>2025-08-07T04:03:45.000Z</time>
        <extensions>
          <ns3:TrackPointExtension>
            <ns3:atemp>29.0</ns3:atemp>
          </ns3:TrackPointExtension>
        </extensions>
      </trkpt>
      <trkpt lat="46.18410014547407627105712890625" lon="90.84628187119960784912109375">
        <ele>1130.199951171875</ele>
        <time>2025-08-07T04:03:47.000Z</time>
        <extensions>
          <ns3:TrackPointExtension>
            <ns3:atemp>29.0</ns3:atemp>
          </ns3:TrackPointExtension>
        </extensions>
      </trkpt>
      <trkpt lat="46.18393988348543643951416015625" lon="90.8466890640556812286376953125">
        <ele>1130.5999755859375</ele>
        <time>2025-08-07T04:03:52.000Z</time>
        <extensions>
          <ns3:TrackPointExtension>
            <ns3:atemp>29.0</ns3:atemp>
          </ns3:TrackPointExtension>
        </extensions>
      </trkpt>
      <trkpt lat="46.18368675000965595245361328125" lon="90.84733455441892147064208984375">
        <ele>1131</ele>
        <time>2025-08-07T04:04:00.000Z</time>
        <extensions>
          <ns3:TrackPointExtension>
            <ns3:atemp>29.0</ns3:atemp>
          </ns3:TrackPointExtension>
        </extensions>
      </trkpt>
      <trkpt lat="46.1835212074220180511474609375" lon="90.84774392656981945037841796875">
        <ele>1131.199951171875</ele>
        <time>2025-08-07T04:04:05.000Z</time>
        <extensions>
          <ns3:TrackPointExtension>
            <ns3:atemp>29.0</ns3:atemp>
          </ns3:TrackPointExtension>
        </extensions>
      </trkpt>
      <trkpt lat="46.183384247124195098876953125" lon="90.8480724133551120758056640625">
        <ele>1131.4000244140625</ele>
        <time>2025-08-07T04:04:09.000Z</time>
        <extensions>
          <ns3:TrackPointExtension>
            <ns3:atemp>29.0</ns3:atemp>
          </ns3:TrackPointExtension>
        </extensions>
      </trkpt>
      <trkpt lat="46.18310102261602878570556640625" lon="90.8487386070191860198974609375">
        <ele>1131.5999755859375</ele>
        <time>2025-08-07T04:04:17.000Z</time>
        <extensions>
          <ns3:TrackPointExtension>
            <ns3:atemp>29.0</ns3:atemp>
          </ns3:TrackPointExtension>
        </extensions>
      </trkpt>
      <trkpt lat="46.1830229870975017547607421875" lon="90.84890917874872684478759765625">
        <ele>1131.800048828125</ele>
        <time>2025-08-07T04:04:19.000Z</time>
        <extensions>
          <ns3:TrackPointExtension>
            <ns3:atemp>29.0</ns3:atemp>
          </ns3:TrackPointExtension>
        </extensions>
      </trkpt>
      <trkpt lat="46.18286565877497196197509765625" lon="90.84925065748393535614013671875">
        <ele>1132.199951171875</ele>
        <time>2025-08-07T04:04:23.000Z</time>
        <extensions>
          <ns3:TrackPointExtension>
            <ns3:atemp>29.0</ns3:atemp>
          </ns3:TrackPointExtension>
        </extensions>
      </trkpt>
      <trkpt lat="46.182743869721889495849609375" lon="90.84951301105320453643798828125">
        <ele>1132.199951171875</ele>
        <time>2025-08-07T04:04:26.000Z</time>
        <extensions>
          <ns3:TrackPointExtension>
            <ns3:atemp>29.0</ns3:atemp>
          </ns3:TrackPointExtension>
        </extensions>
      </trkpt>
      <trkpt lat="46.182415969669818878173828125" lon="90.85023100487887859344482421875">
        <ele>1131.800048828125</ele>
        <time>2025-08-07T04:04:34.000Z</time>
        <extensions>
          <ns3:TrackPointExtension>
            <ns3:atemp>29.0</ns3:atemp>
          </ns3:TrackPointExtension>
        </extensions>
      </trkpt>
      <trkpt lat="46.18209184147417545318603515625" lon="90.85088227875530719757080078125">
        <ele>1131.4000244140625</ele>
        <time>2025-08-07T04:04:41.000Z</time>
        <extensions>
          <ns3:TrackPointExtension>
            <ns3:atemp>29.0</ns3:atemp>
          </ns3:TrackPointExtension>
        </extensions>
      </trkpt>
      <trkpt lat="46.1820454895496368408203125" lon="90.85097934119403362274169921875">
        <ele>1131.4000244140625</ele>
        <time>2025-08-07T04:04:42.000Z</time>
        <extensions>
          <ns3:TrackPointExtension>
            <ns3:atemp>29.0</ns3:atemp>
          </ns3:TrackPointExtension>
        </extensions>
      </trkpt>
      <trkpt lat="46.18172588758170604705810546875" lon="90.85163799114525318145751953125">
        <ele>1131.5999755859375</ele>
        <time>2025-08-07T04:04:49.000Z</time>
        <extensions>
          <ns3:TrackPointExtension>
            <ns3:atemp>29.0</ns3:atemp>
          </ns3:TrackPointExtension>
        </extensions>
      </trkpt>
      <trkpt lat="46.18168146349489688873291015625" lon="90.85173488594591617584228515625">
        <ele>1131.4000244140625</ele>
        <time>2025-08-07T04:04:50.000Z</time>
        <extensions>
          <ns3:TrackPointExtension>
            <ns3:atemp>29.0</ns3:atemp>
          </ns3:TrackPointExtension>
        </extensions>
      </trkpt>
      <trkpt lat="46.18141290731728076934814453125" lon="90.85231415927410125732421875">
        <ele>1131.199951171875</ele>
        <time>2025-08-07T04:04:56.000Z</time>
        <extensions>
          <ns3:TrackPointExtension>
            <ns3:atemp>29.0</ns3:atemp>
          </ns3:TrackPointExtension>
        </extensions>
      </trkpt>
      <trkpt lat="46.18119514547288417816162109375" lon="90.8527860604226589202880859375">
        <ele>1130.5999755859375</ele>
        <time>2025-08-07T04:05:01.000Z</time>
        <extensions>
          <ns3:TrackPointExtension>
            <ns3:atemp>29.0</ns3:atemp>
          </ns3:TrackPointExtension>
        </extensions>
      </trkpt>
      <trkpt lat="46.181099005043506622314453125" lon="90.85297155193984508514404296875">
        <ele>1130.199951171875</ele>
        <time>2025-08-07T04:05:03.000Z</time>
        <extensions>
          <ns3:TrackPointExtension>
            <ns3:atemp>29.0</ns3:atemp>
          </ns3:TrackPointExtension>
        </extensions>
      </trkpt>
      <trkpt lat="46.18075526319444179534912109375" lon="90.8536514081060886383056640625">
        <ele>1129.800048828125</ele>
        <time>2025-08-07T04:05:10.000Z</time>
        <extensions>
          <ns3:TrackPointExtension>
            <ns3:atemp>29.0</ns3:atemp>
          </ns3:TrackPointExtension>
        </extensions>
      </trkpt>
      <trkpt lat="46.180705390870571136474609375" lon="90.8537519909441471099853515625">
        <ele>1129.800048828125</ele>
        <time>2025-08-07T04:05:11.000Z</time>
        <extensions>
          <ns3:TrackPointExtension>
            <ns3:atemp>29.0</ns3:atemp>
          </ns3:TrackPointExtension>
        </extensions>
      </trkpt>
      <trkpt lat="46.18047572672367095947265625" lon="90.85430209524929523468017578125">
        <ele>1129</ele>
        <time>2025-08-07T04:05:16.000Z</time>
        <extensions>
          <ns3:TrackPointExtension>
            <ns3:atemp>29.0</ns3:atemp>
          </ns3:TrackPointExtension>
        </extensions>
      </trkpt>
      <trkpt lat="46.18038453161716461181640625" lon="90.85452589206397533416748046875">
        <ele>1128.5999755859375</ele>
        <time>2025-08-07T04:05:18.000Z</time>
        <extensions>
          <ns3:TrackPointExtension>
            <ns3:atemp>29.0</ns3:atemp>
          </ns3:TrackPointExtension>
        </extensions>
      </trkpt>
      <trkpt lat="46.18015763349831104278564453125" lon="90.85510156117379665374755859375">
        <ele>1127.800048828125</ele>
        <time>2025-08-07T04:05:23.000Z</time>
        <extensions>
          <ns3:TrackPointExtension>
            <ns3:atemp>29.0</ns3:atemp>
          </ns3:TrackPointExtension>
        </extensions>
      </trkpt>
      <trkpt lat="46.1800380237400531768798828125" lon="90.85546634159982204437255859375">
        <ele>1127.5999755859375</ele>
        <time>2025-08-07T04:05:26.000Z</time>
        <extensions>
          <ns3:TrackPointExtension>
            <ns3:atemp>29.0</ns3:atemp>
          </ns3:TrackPointExtension>
        </extensions>
      </trkpt>
      <trkpt lat="46.17989611811935901641845703125" lon="90.85596640594303607940673828125">
        <ele>1126.800048828125</ele>
        <time>2025-08-07T04:05:30.000Z</time>
        <extensions>
          <ns3:TrackPointExtension>
            <ns3:atemp>29.0</ns3:atemp>
          </ns3:TrackPointExtension>
        </extensions>
      </trkpt>
      <trkpt lat="46.17970350198447704315185546875" lon="90.85659370757639408111572265625">
        <ele>1126.5999755859375</ele>
        <time>2025-08-07T04:05:35.000Z</time>
        <extensions>
          <ns3:TrackPointExtension>
            <ns3:atemp>29.0</ns3:atemp>
          </ns3:TrackPointExtension>
        </extensions>
      </trkpt>
      <trkpt lat="46.1794801242649555206298828125" lon="90.85734472610056400299072265625">
        <ele>1126</ele>
        <time>2025-08-07T04:05:41.000Z</time>
        <extensions>
          <ns3:TrackPointExtension>
            <ns3:atemp>29.0</ns3:atemp>
          </ns3:TrackPointExtension>
        </extensions>
      </trkpt>
      <trkpt lat="46.17941147647798061370849609375" lon="90.85758109577000141143798828125">
        <ele>1125.5999755859375</ele>
        <time>2025-08-07T04:05:43.000Z</time>
        <extensions>
          <ns3:TrackPointExtension>
            <ns3:atemp>29.0</ns3:atemp>
          </ns3:TrackPointExtension>
        </extensions>
      </trkpt>
      <trkpt lat="46.17933268658816814422607421875" lon="90.8578148670494556427001953125">
        <ele>1125.4000244140625</ele>
        <time>2025-08-07T04:05:45.000Z</time>
        <extensions>
          <ns3:TrackPointExtension>
            <ns3:atemp>29.0</ns3:atemp>
          </ns3:TrackPointExtension>
        </extensions>
      </trkpt>
      <trkpt lat="46.17919941432774066925048828125" lon="90.85827629081904888153076171875">
        <ele>1125</ele>
        <time>2025-08-07T04:05:49.000Z</time>
        <extensions>
          <ns3:TrackPointExtension>
            <ns3:atemp>29.0</ns3:atemp>
          </ns3:TrackPointExtension>
        </extensions>
      </trkpt>
      <trkpt lat="46.17913202382624149322509765625" lon="90.858507044613361358642578125">
        <ele>1124.5999755859375</ele>
        <time>2025-08-07T04:05:51.000Z</time>
        <extensions>
          <ns3:TrackPointExtension>
            <ns3:atemp>28.0</ns3:atemp>
          </ns3:TrackPointExtension>
        </extensions>
      </trkpt>
      <trkpt lat="46.17891325615346431732177734375" lon="90.85919268429279327392578125">
        <ele>1124.5999755859375</ele>
        <time>2025-08-07T04:05:57.000Z</time>
        <extensions>
          <ns3:TrackPointExtension>
            <ns3:atemp>28.0</ns3:atemp>
          </ns3:TrackPointExtension>
        </extensions>
      </trkpt>
      <trkpt lat="46.17862961255013942718505859375" lon="90.85997479967772960662841796875">
        <ele>1124.5999755859375</ele>
        <time>2025-08-07T04:06:04.000Z</time>
        <extensions>
          <ns3:TrackPointExtension>
            <ns3:atemp>28.0</ns3:atemp>
          </ns3:TrackPointExtension>
        </extensions>
      </trkpt>
      <trkpt lat="46.17858770303428173065185546875" lon="90.8600850217044353485107421875">
        <ele>1124.5999755859375</ele>
        <time>2025-08-07T04:06:05.000Z</time>
        <extensions>
          <ns3:TrackPointExtension>
            <ns3:atemp>28.0</ns3:atemp>
          </ns3:TrackPointExtension>
        </extensions>
      </trkpt>
      <trkpt lat="46.1782922409474849700927734375" lon="90.86081366054713726043701171875">
        <ele>1124.4000244140625</ele>
        <time>2025-08-07T04:06:12.000Z</time>
        <extensions>
          <ns3:TrackPointExtension>
            <ns3:atemp>28.0</ns3:atemp>
          </ns3:TrackPointExtension>
        </extensions>
      </trkpt>
      <trkpt lat="46.17824790067970752716064453125" lon="90.86091591976583003997802734375">
        <ele>1124.4000244140625</ele>
        <time>2025-08-07T04:06:13.000Z</time>
        <extensions>
          <ns3:TrackPointExtension>
            <ns3:atemp>28.0</ns3:atemp>
          </ns3:TrackPointExtension>
        </extensions>
      </trkpt>
      <trkpt lat="46.1779355071485042572021484375" lon="90.86160155944526195526123046875">
        <ele>1124.4000244140625</ele>
        <time>2025-08-07T04:06:20.000Z</time>
        <extensions>
          <ns3:TrackPointExtension>
            <ns3:atemp>28.0</ns3:atemp>
          </ns3:TrackPointExtension>
        </extensions>
      </trkpt>
      <trkpt lat="46.1778969503939151763916015625" lon="90.8616973645985126495361328125">
        <ele>1124.5999755859375</ele>
        <time>2025-08-07T04:06:21.000Z</time>
        <extensions>
          <ns3:TrackPointExtension>
            <ns3:atemp>28.0</ns3:atemp>
          </ns3:TrackPointExtension>
        </extensions>
      </trkpt>
      <trkpt lat="46.177615486085414886474609375" lon="90.86236431263387203216552734375">
        <ele>1124.800048828125</ele>
        <time>2025-08-07T04:06:28.000Z</time>
        <extensions>
          <ns3:TrackPointExtension>
            <ns3:atemp>28.0</ns3:atemp>
          </ns3:TrackPointExtension>
        </extensions>
      </trkpt>
      <trkpt lat="46.17734181694686412811279296875" lon="90.86315891705453395843505859375">
        <ele>1125</ele>
        <time>2025-08-07T04:06:36.000Z</time>
        <extensions>
          <ns3:TrackPointExtension>
            <ns3:atemp>28.0</ns3:atemp>
          </ns3:TrackPointExtension>
        </extensions>
      </trkpt>
      <trkpt lat="46.17710242979228496551513671875" lon="90.863877832889556884765625">
        <ele>1124.4000244140625</ele>
        <time>2025-08-07T04:06:43.000Z</time>
        <extensions>
          <ns3:TrackPointExtension>
            <ns3:atemp>28.0</ns3:atemp>
          </ns3:TrackPointExtension>
        </extensions>
      </trkpt>
      <trkpt lat="46.17706856690347194671630859375" lon="90.86398503743112087249755859375">
        <ele>1124.4000244140625</ele>
        <time>2025-08-07T04:06:44.000Z</time>
        <extensions>
          <ns3:TrackPointExtension>
            <ns3:atemp>28.0</ns3:atemp>
          </ns3:TrackPointExtension>
        </extensions>
      </trkpt>
      <trkpt lat="46.17679934017360210418701171875" lon="90.86475566960871219635009765625">
        <ele>1124</ele>
        <time>2025-08-07T04:06:52.000Z</time>
        <extensions>
          <ns3:TrackPointExtension>
            <ns3:atemp>28.0</ns3:atemp>
          </ns3:TrackPointExtension>
        </extensions>
      </trkpt>
      <trkpt lat="46.1765712685883045196533203125" lon="90.8653508685529232025146484375">
        <ele>1124.199951171875</ele>
        <time>2025-08-07T04:06:59.000Z</time>
        <extensions>
          <ns3:TrackPointExtension>
            <ns3:atemp>28.0</ns3:atemp>
          </ns3:TrackPointExtension>
        </extensions>
      </trkpt>
      <trkpt lat="46.17634135298430919647216796875" lon="90.866056121885776519775390625">
        <ele>1124.199951171875</ele>
        <time>2025-08-07T04:07:07.000Z</time>
        <extensions>
          <ns3:TrackPointExtension>
            <ns3:atemp>28.0</ns3:atemp>
          </ns3:TrackPointExtension>
        </extensions>
      </trkpt>
      <trkpt lat="46.1763151176273822784423828125" lon="90.8661404438316822052001953125">
        <ele>1124.199951171875</ele>
        <time>2025-08-07T04:07:08.000Z</time>
        <extensions>
          <ns3:TrackPointExtension>
            <ns3:atemp>28.0</ns3:atemp>
          </ns3:TrackPointExtension>
        </extensions>
      </trkpt>
      <trkpt lat="46.1760945059359073638916015625" lon="90.86679314263164997100830078125">
        <ele>1125.199951171875</ele>
        <time>2025-08-07T04:07:16.000Z</time>
        <extensions>
          <ns3:TrackPointExtension>
            <ns3:atemp>28.0</ns3:atemp>
          </ns3:TrackPointExtension>
        </extensions>
      </trkpt>
      <trkpt lat="46.17591588757932186126708984375" lon="90.86734903044998645782470703125">
        <ele>1125.4000244140625</ele>
        <time>2025-08-07T04:07:23.000Z</time>
        <extensions>
          <ns3:TrackPointExtension>
            <ns3:atemp>28.0</ns3:atemp>
          </ns3:TrackPointExtension>
        </extensions>
      </trkpt>
      <trkpt lat="46.1758460663259029388427734375" lon="90.86758154444396495819091796875">
        <ele>1125.5999755859375</ele>
        <time>2025-08-07T04:07:26.000Z</time>
        <extensions>
          <ns3:TrackPointExtension>
            <ns3:atemp>28.0</ns3:atemp>
          </ns3:TrackPointExtension>
        </extensions>
      </trkpt>
      <trkpt lat="46.17558362893760204315185546875" lon="90.86832267232239246368408203125">
        <ele>1126.5999755859375</ele>
        <time>2025-08-07T04:07:36.000Z</time>
        <extensions>
          <ns3:TrackPointExtension>
            <ns3:atemp>28.0</ns3:atemp>
          </ns3:TrackPointExtension>
        </extensions>
      </trkpt>
      <trkpt lat="46.175557561218738555908203125" lon="90.8683951757848262786865234375">
        <ele>1126.5999755859375</ele>
        <time>2025-08-07T04:07:37.000Z</time>
        <extensions>
          <ns3:TrackPointExtension>
            <ns3:atemp>28.0</ns3:atemp>
          </ns3:TrackPointExtension>
        </extensions>
      </trkpt>
      <trkpt lat="46.17553082294762134552001953125" lon="90.8684655837714672088623046875">
        <ele>1126.800048828125</ele>
        <time>2025-08-07T04:07:38.000Z</time>
        <extensions>
          <ns3:TrackPointExtension>
            <ns3:atemp>28.0</ns3:atemp>
          </ns3:TrackPointExtension>
        </extensions>
      </trkpt>
      <trkpt lat="46.17526561953127384185791015625" lon="90.8692290075123310089111328125">
        <ele>1127.199951171875</ele>
        <time>2025-08-07T04:07:48.000Z</time>
        <extensions>
          <ns3:TrackPointExtension>
            <ns3:atemp>28.0</ns3:atemp>
          </ns3:TrackPointExtension>
        </extensions>
      </trkpt>
      <trkpt lat="46.175056658685207366943359375" lon="90.86987852118909358978271484375">
        <ele>1127.5999755859375</ele>
        <time>2025-08-07T04:07:56.000Z</time>
        <extensions>
          <ns3:TrackPointExtension>
            <ns3:atemp>28.0</ns3:atemp>
          </ns3:TrackPointExtension>
        </extensions>
      </trkpt>
      <trkpt lat="46.17497392930090427398681640625" lon="90.8701225183904170989990234375">
        <ele>1127.5999755859375</ele>
        <time>2025-08-07T04:07:59.000Z</time>
        <extensions>
          <ns3:TrackPointExtension>
            <ns3:atemp>28.0</ns3:atemp>
          </ns3:TrackPointExtension>
        </extensions>
      </trkpt>
      <trkpt lat="46.17471476085484027862548828125" lon="90.87086456827819347381591796875">
        <ele>1127.5999755859375</ele>
        <time>2025-08-07T04:08:08.000Z</time>
        <extensions>
          <ns3:TrackPointExtension>
            <ns3:atemp>28.0</ns3:atemp>
          </ns3:TrackPointExtension>
        </extensions>
      </trkpt>
      <trkpt lat="46.1746866814792156219482421875" lon="90.8709489740431308746337890625">
        <ele>1127.5999755859375</ele>
        <time>2025-08-07T04:08:09.000Z</time>
        <extensions>
          <ns3:TrackPointExtension>
            <ns3:atemp>28.0</ns3:atemp>
          </ns3:TrackPointExtension>
        </extensions>
      </trkpt>
      <trkpt lat="46.174456514418125152587890625" lon="90.8717058598995208740234375">
        <ele>1127</ele>
        <time>2025-08-07T04:08:18.000Z</time>
        <extensions>
          <ns3:TrackPointExtension>
            <ns3:atemp>28.0</ns3:atemp>
          </ns3:TrackPointExtension>
        </extensions>
      </trkpt>
      <trkpt lat="46.1744358949363231658935546875" lon="90.871788002550601959228515625">
        <ele>1127</ele>
        <time>2025-08-07T04:08:19.000Z</time>
        <extensions>
          <ns3:TrackPointExtension>
            <ns3:atemp>28.0</ns3:atemp>
          </ns3:TrackPointExtension>
        </extensions>
      </trkpt>
      <trkpt lat="46.17427487857639789581298828125" lon="90.872421674430370330810546875">
        <ele>1126.800048828125</ele>
        <time>2025-08-07T04:08:27.000Z</time>
        <extensions>
          <ns3:TrackPointExtension>
            <ns3:atemp>28.0</ns3:atemp>
          </ns3:TrackPointExtension>
        </extensions>
      </trkpt>
      <trkpt lat="46.17421318776905536651611328125" lon="90.87265603244304656982421875">
        <ele>1126.5999755859375</ele>
        <time>2025-08-07T04:08:30.000Z</time>
        <extensions>
          <ns3:TrackPointExtension>
            <ns3:atemp>28.0</ns3:atemp>
          </ns3:TrackPointExtension>
        </extensions>
      </trkpt>
      <trkpt lat="46.174147389829158782958984375" lon="90.87296423502266407012939453125">
        <ele>1126.5999755859375</ele>
        <time>2025-08-07T04:08:34.000Z</time>
        <extensions>
          <ns3:TrackPointExtension>
            <ns3:atemp>28.0</ns3:atemp>
          </ns3:TrackPointExtension>
        </extensions>
      </trkpt>
      <trkpt lat="46.17405720055103302001953125" lon="90.8735389821231365203857421875">
        <ele>1126.4000244140625</ele>
        <time>2025-08-07T04:08:41.000Z</time>
        <extensions>
          <ns3:TrackPointExtension>
            <ns3:atemp>28.0</ns3:atemp>
          </ns3:TrackPointExtension>
        </extensions>
      </trkpt>
      <trkpt lat="46.17394831962883472442626953125" lon="90.8742293156683444976806640625">
        <ele>1126.5999755859375</ele>
        <time>2025-08-07T04:08:49.000Z</time>
        <extensions>
          <ns3:TrackPointExtension>
            <ns3:atemp>28.0</ns3:atemp>
          </ns3:TrackPointExtension>
        </extensions>
      </trkpt>
      <trkpt lat="46.17384203709661960601806640625" lon="90.87493750266730785369873046875">
        <ele>1126.4000244140625</ele>
        <time>2025-08-07T04:08:57.000Z</time>
        <extensions>
          <ns3:TrackPointExtension>
            <ns3:atemp>28.0</ns3:atemp>
          </ns3:TrackPointExtension>
        </extensions>
      </trkpt>
      <trkpt lat="46.173729635775089263916015625" lon="90.87571903131902217864990234375">
        <ele>1126</ele>
        <time>2025-08-07T04:09:06.000Z</time>
        <extensions>
          <ns3:TrackPointExtension>
            <ns3:atemp>28.0</ns3:atemp>
          </ns3:TrackPointExtension>
        </extensions>
      </trkpt>
      <trkpt lat="46.1737153865396976470947265625" lon="90.875809304416179656982421875">
        <ele>1126</ele>
        <time>2025-08-07T04:09:07.000Z</time>
        <extensions>
          <ns3:TrackPointExtension>
            <ns3:atemp>28.0</ns3:atemp>
          </ns3:TrackPointExtension>
        </extensions>
      </trkpt>
      <trkpt lat="46.17358102463185787200927734375" lon="90.87665914557874202728271484375">
        <ele>1126.199951171875</ele>
        <time>2025-08-07T04:09:16.000Z</time>
        <extensions>
          <ns3:TrackPointExtension>
            <ns3:atemp>28.0</ns3:atemp>
          </ns3:TrackPointExtension>
        </extensions>
      </trkpt>
      <trkpt lat="46.173568032681941986083984375" lon="90.87675704620778560638427734375">
        <ele>1126.199951171875</ele>
        <time>2025-08-07T04:09:17.000Z</time>
        <extensions>
          <ns3:TrackPointExtension>
            <ns3:atemp>28.0</ns3:atemp>
          </ns3:TrackPointExtension>
        </extensions>
      </trkpt>
      <trkpt lat="46.17344968020915985107421875" lon="90.87753119878470897674560546875">
        <ele>1126.5999755859375</ele>
        <time>2025-08-07T04:09:25.000Z</time>
        <extensions>
          <ns3:TrackPointExtension>
            <ns3:atemp>28.0</ns3:atemp>
          </ns3:TrackPointExtension>
        </extensions>
      </trkpt>
      <trkpt lat="46.17340542376041412353515625" lon="90.87781383655965328216552734375">
        <ele>1126.4000244140625</ele>
        <time>2025-08-07T04:09:28.000Z</time>
        <extensions>
          <ns3:TrackPointExtension>
            <ns3:atemp>28.0</ns3:atemp>
          </ns3:TrackPointExtension>
        </extensions>
      </trkpt>
      <trkpt lat="46.173286400735378265380859375" lon="90.87866426445543766021728515625">
        <ele>1126.4000244140625</ele>
        <time>2025-08-07T04:09:37.000Z</time>
        <extensions>
          <ns3:TrackPointExtension>
            <ns3:atemp>28.0</ns3:atemp>
          </ns3:TrackPointExtension>
        </extensions>
      </trkpt>
      <trkpt lat="46.17326670326292514801025390625" lon="90.8787582255899906158447265625">
        <ele>1126.5999755859375</ele>
        <time>2025-08-07T04:09:38.000Z</time>
        <extensions>
          <ns3:TrackPointExtension>
            <ns3:atemp>28.0</ns3:atemp>
          </ns3:TrackPointExtension>
        </extensions>
      </trkpt>
      <trkpt lat="46.17316846735775470733642578125" lon="90.87940706871449947357177734375">
        <ele>1126.5999755859375</ele>
        <time>2025-08-07T04:09:45.000Z</time>
        <extensions>
          <ns3:TrackPointExtension>
            <ns3:atemp>28.0</ns3:atemp>
          </ns3:TrackPointExtension>
        </extensions>
      </trkpt>
      <trkpt lat="46.1731035076081752777099609375" lon="90.879869163036346435546875">
        <ele>1126.4000244140625</ele>
        <time>2025-08-07T04:09:50.000Z</time>
        <extensions>
          <ns3:TrackPointExtension>
            <ns3:atemp>28.0</ns3:atemp>
          </ns3:TrackPointExtension>
        </extensions>
      </trkpt>
      <trkpt lat="46.17306075990200042724609375" lon="90.880139060318470001220703125">
        <ele>1126.199951171875</ele>
        <time>2025-08-07T04:09:53.000Z</time>
        <extensions>
          <ns3:TrackPointExtension>
            <ns3:atemp>28.0</ns3:atemp>
          </ns3:TrackPointExtension>
        </extensions>
      </trkpt>
      <trkpt lat="46.1729281581938266754150390625" lon="90.88095822371542453765869140625">
        <ele>1126</ele>
        <time>2025-08-07T04:10:02.000Z</time>
        <extensions>
          <ns3:TrackPointExtension>
            <ns3:atemp>28.0</ns3:atemp>
          </ns3:TrackPointExtension>
        </extensions>
      </trkpt>
      <trkpt lat="46.17291131056845188140869140625" lon="90.88104891590774059295654296875">
        <ele>1126</ele>
        <time>2025-08-07T04:10:03.000Z</time>
        <extensions>
          <ns3:TrackPointExtension>
            <ns3:atemp>28.0</ns3:atemp>
          </ns3:TrackPointExtension>
        </extensions>
      </trkpt>
      <trkpt lat="46.17281734943389892578125" lon="90.881606899201869964599609375">
        <ele>1125.5999755859375</ele>
        <time>2025-08-07T04:10:09.000Z</time>
        <extensions>
          <ns3:TrackPointExtension>
            <ns3:atemp>28.0</ns3:atemp>
          </ns3:TrackPointExtension>
        </extensions>
      </trkpt>
      <trkpt lat="46.17275373078882694244384765625" lon="90.88198651559650897979736328125">
        <ele>1125.4000244140625</ele>
        <time>2025-08-07T04:10:13.000Z</time>
        <extensions>
          <ns3:TrackPointExtension>
            <ns3:atemp>28.0</ns3:atemp>
          </ns3:TrackPointExtension>
        </extensions>
      </trkpt>
      <trkpt lat="46.17260470055043697357177734375" lon="90.882746838033199310302734375">
        <ele>1125.5999755859375</ele>
        <time>2025-08-07T04:10:21.000Z</time>
        <extensions>
          <ns3:TrackPointExtension>
            <ns3:atemp>28.0</ns3:atemp>
          </ns3:TrackPointExtension>
        </extensions>
      </trkpt>
      <trkpt lat="46.17258173413574695587158203125" lon="90.882839374244213104248046875">
        <ele>1125.5999755859375</ele>
        <time>2025-08-07T04:10:22.000Z</time>
        <extensions>
          <ns3:TrackPointExtension>
            <ns3:atemp>28.0</ns3:atemp>
          </ns3:TrackPointExtension>
        </extensions>
      </trkpt>
      <trkpt lat="46.1724165268242359161376953125" lon="90.88361143134534358978271484375">
        <ele>1125.4000244140625</ele>
        <time>2025-08-07T04:10:30.000Z</time>
        <extensions>
          <ns3:TrackPointExtension>
            <ns3:atemp>28.0</ns3:atemp>
          </ns3:TrackPointExtension>
        </extensions>
      </trkpt>
      <trkpt lat="46.1723964102566242218017578125" lon="90.8837033808231353759765625">
        <ele>1125.4000244140625</ele>
        <time>2025-08-07T04:10:31.000Z</time>
        <extensions>
          <ns3:TrackPointExtension>
            <ns3:atemp>28.0</ns3:atemp>
          </ns3:TrackPointExtension>
        </extensions>
      </trkpt>
      <trkpt lat="46.1722274310886859893798828125" lon="90.884459428489208221435546875">
        <ele>1125.199951171875</ele>
        <time>2025-08-07T04:10:39.000Z</time>
        <extensions>
          <ns3:TrackPointExtension>
            <ns3:atemp>28.0</ns3:atemp>
          </ns3:TrackPointExtension>
        </extensions>
      </trkpt>
      <trkpt lat="46.17216280661523342132568359375" lon="90.88473326526582241058349609375">
        <ele>1125</ele>
        <time>2025-08-07T04:10:42.000Z</time>
        <extensions>
          <ns3:TrackPointExtension>
            <ns3:atemp>28.0</ns3:atemp>
          </ns3:TrackPointExtension>
        </extensions>
      </trkpt>
      <trkpt lat="46.1719737946987152099609375" lon="90.885543040931224822998046875">
        <ele>1124.800048828125</ele>
        <time>2025-08-07T04:10:51.000Z</time>
        <extensions>
          <ns3:TrackPointExtension>
            <ns3:atemp>28.0</ns3:atemp>
          </ns3:TrackPointExtension>
        </extensions>
      </trkpt>
      <trkpt lat="46.17182970978319644927978515625" lon="90.88618517853319644927978515625">
        <ele>1125.199951171875</ele>
        <time>2025-08-07T04:10:59.000Z</time>
        <extensions>
          <ns3:TrackPointExtension>
            <ns3:atemp>28.0</ns3:atemp>
          </ns3:TrackPointExtension>
        </extensions>
      </trkpt>
      <trkpt lat="46.171687133610248565673828125" lon="90.8867844007909297943115234375">
        <ele>1125.800048828125</ele>
        <time>2025-08-07T04:11:07.000Z</time>
        <extensions>
          <ns3:TrackPointExtension>
            <ns3:atemp>28.0</ns3:atemp>
          </ns3:TrackPointExtension>
        </extensions>
      </trkpt>
      <trkpt lat="46.17158881388604640960693359375" lon="90.8872591517865657806396484375">
        <ele>1126.5999755859375</ele>
        <time>2025-08-07T04:11:14.000Z</time>
        <extensions>
          <ns3:TrackPointExtension>
            <ns3:atemp>28.0</ns3:atemp>
          </ns3:TrackPointExtension>
        </extensions>
      </trkpt>
      <trkpt lat="46.17157422937452793121337890625" lon="90.8873188309371471405029296875">
        <ele>1126.5999755859375</ele>
        <time>2025-08-07T04:11:15.000Z</time>
        <extensions>
          <ns3:TrackPointExtension>
            <ns3:atemp>28.0</ns3:atemp>
          </ns3:TrackPointExtension>
        </extensions>
      </trkpt>
      <trkpt lat="46.17147984914481639862060546875" lon="90.88772443123161792755126953125">
        <ele>1127.5999755859375</ele>
        <time>2025-08-07T04:11:21.000Z</time>
        <extensions>
          <ns3:TrackPointExtension>
            <ns3:atemp>28.0</ns3:atemp>
          </ns3:TrackPointExtension>
        </extensions>
      </trkpt>
      <trkpt lat="46.1713775061070919036865234375" lon="90.8881451189517974853515625">
        <ele>1128.800048828125</ele>
        <time>2025-08-07T04:11:28.000Z</time>
        <extensions>
          <ns3:TrackPointExtension>
            <ns3:atemp>28.0</ns3:atemp>
          </ns3:TrackPointExtension>
        </extensions>
      </trkpt>
      <trkpt lat="46.17135512642562389373779296875" lon="90.888259112834930419921875">
        <ele>1128.800048828125</ele>
        <time>2025-08-07T04:11:30.000Z</time>
        <extensions>
          <ns3:TrackPointExtension>
            <ns3:atemp>28.0</ns3:atemp>
          </ns3:TrackPointExtension>
        </extensions>
      </trkpt>
      <trkpt lat="46.17126728408038616180419921875" lon="90.888647027313709259033203125">
        <ele>1129.800048828125</ele>
        <time>2025-08-07T04:11:37.000Z</time>
        <extensions>
          <ns3:TrackPointExtension>
            <ns3:atemp>28.0</ns3:atemp>
          </ns3:TrackPointExtension>
        </extensions>
      </trkpt>
      <trkpt lat="46.17117743007838726043701171875" lon="90.8890555612742900848388671875">
        <ele>1130.5999755859375</ele>
        <time>2025-08-07T04:11:45.000Z</time>
        <extensions>
          <ns3:TrackPointExtension>
            <ns3:atemp>28.0</ns3:atemp>
          </ns3:TrackPointExtension>
        </extensions>
      </trkpt>
      <trkpt lat="46.1711458303034305572509765625" lon="90.88921791873872280120849609375">
        <ele>1131</ele>
        <time>2025-08-07T04:11:48.000Z</time>
        <extensions>
          <ns3:TrackPointExtension>
            <ns3:atemp>28.0</ns3:atemp>
          </ns3:TrackPointExtension>
        </extensions>
      </trkpt>
      <trkpt lat="46.1710841394960880279541015625" lon="90.88942981325089931488037109375">
        <ele>1131.4000244140625</ele>
        <time>2025-08-07T04:11:52.000Z</time>
        <extensions>
          <ns3:TrackPointExtension>
            <ns3:atemp>28.0</ns3:atemp>
          </ns3:TrackPointExtension>
        </extensions>
      </trkpt>
      <trkpt lat="46.1709081195294857025146484375" lon="90.8901539258658885955810546875">
        <ele>1132</ele>
        <time>2025-08-07T04:12:05.000Z</time>
        <extensions>
          <ns3:TrackPointExtension>
            <ns3:atemp>28.0</ns3:atemp>
          </ns3:TrackPointExtension>
        </extensions>
      </trkpt>
      <trkpt lat="46.170894540846347808837890625" lon="90.89021771214902400970458984375">
        <ele>1132</ele>
        <time>2025-08-07T04:12:06.000Z</time>
        <extensions>
          <ns3:TrackPointExtension>
            <ns3:atemp>28.0</ns3:atemp>
          </ns3:TrackPointExtension>
        </extensions>
      </trkpt>
      <trkpt lat="46.1707548983395099639892578125" lon="90.8908087201416492462158203125">
        <ele>1132.4000244140625</ele>
        <time>2025-08-07T04:12:15.000Z</time>
        <extensions>
          <ns3:TrackPointExtension>
            <ns3:atemp>28.0</ns3:atemp>
          </ns3:TrackPointExtension>
        </extensions>
      </trkpt>
      <trkpt lat="46.1706348694860935211181640625" lon="90.891404338181018829345703125">
        <ele>1132</ele>
        <time>2025-08-07T04:12:23.000Z</time>
        <extensions>
          <ns3:TrackPointExtension>
            <ns3:atemp>28.0</ns3:atemp>
          </ns3:TrackPointExtension>
        </extensions>
      </trkpt>
      <trkpt lat="46.170468740165233612060546875" lon="90.8921042270958423614501953125">
        <ele>1132.199951171875</ele>
        <time>2025-08-07T04:12:32.000Z</time>
        <extensions>
          <ns3:TrackPointExtension>
            <ns3:atemp>28.0</ns3:atemp>
          </ns3:TrackPointExtension>
        </extensions>
      </trkpt>
      <trkpt lat="46.1703019402921199798583984375" lon="90.89284845627844333648681640625">
        <ele>1132</ele>
        <time>2025-08-07T04:12:41.000Z</time>
        <extensions>
          <ns3:TrackPointExtension>
            <ns3:atemp>28.0</ns3:atemp>
          </ns3:TrackPointExtension>
        </extensions>
      </trkpt>
      <trkpt lat="46.17011971771717071533203125" lon="90.8936096169054508209228515625">
        <ele>1131.4000244140625</ele>
        <time>2025-08-07T04:12:50.000Z</time>
        <extensions>
          <ns3:TrackPointExtension>
            <ns3:atemp>28.0</ns3:atemp>
          </ns3:TrackPointExtension>
        </extensions>
      </trkpt>
      <trkpt lat="46.17009800858795642852783203125" lon="90.89370508678257465362548828125">
        <ele>1131.199951171875</ele>
        <time>2025-08-07T04:12:51.000Z</time>
        <extensions>
          <ns3:TrackPointExtension>
            <ns3:atemp>28.0</ns3:atemp>
          </ns3:TrackPointExtension>
        </extensions>
      </trkpt>
      <trkpt lat="46.170010752975940704345703125" lon="90.89409115724265575408935546875">
        <ele>1131</ele>
        <time>2025-08-07T04:12:55.000Z</time>
        <extensions>
          <ns3:TrackPointExtension>
            <ns3:atemp>28.0</ns3:atemp>
          </ns3:TrackPointExtension>
        </extensions>
      </trkpt>
      <trkpt lat="46.16992299444973468780517578125" lon="90.89447915554046630859375">
        <ele>1130.5999755859375</ele>
        <time>2025-08-07T04:12:59.000Z</time>
        <extensions>
          <ns3:TrackPointExtension>
            <ns3:atemp>28.0</ns3:atemp>
          </ns3:TrackPointExtension>
        </extensions>
      </trkpt>
      <trkpt lat="46.16983079351484775543212890625" lon="90.894877128303050994873046875">
        <ele>1130</ele>
        <time>2025-08-07T04:13:03.000Z</time>
        <extensions>
          <ns3:TrackPointExtension>
            <ns3:atemp>28.0</ns3:atemp>
          </ns3:TrackPointExtension>
        </extensions>
      </trkpt>
      <trkpt lat="46.16973641328513622283935546875" lon="90.89528289623558521270751953125">
        <ele>1129.800048828125</ele>
        <time>2025-08-07T04:13:07.000Z</time>
        <extensions>
          <ns3:TrackPointExtension>
            <ns3:atemp>28.0</ns3:atemp>
          </ns3:TrackPointExtension>
        </extensions>
      </trkpt>
      <trkpt lat="46.16957749240100383758544921875" lon="90.89598915539681911468505859375">
        <ele>1128.800048828125</ele>
        <time>2025-08-07T04:13:14.000Z</time>
        <extensions>
          <ns3:TrackPointExtension>
            <ns3:atemp>28.0</ns3:atemp>
          </ns3:TrackPointExtension>
        </extensions>
      </trkpt>
      <trkpt lat="46.16951261647045612335205078125" lon="90.89630247093737125396728515625">
        <ele>1128.199951171875</ele>
        <time>2025-08-07T04:13:17.000Z</time>
        <extensions>
          <ns3:TrackPointExtension>
            <ns3:atemp>28.0</ns3:atemp>
          </ns3:TrackPointExtension>
        </extensions>
      </trkpt>
      <trkpt lat="46.16933123208582401275634765625" lon="90.89705164544284343719482421875">
        <ele>1128</ele>
        <time>2025-08-07T04:13:24.000Z</time>
        <extensions>
          <ns3:TrackPointExtension>
            <ns3:atemp>28.0</ns3:atemp>
          </ns3:TrackPointExtension>
        </extensions>
      </trkpt>
      <trkpt lat="46.16930566728115081787109375" lon="90.89715742506086826324462890625">
        <ele>1128</ele>
        <time>2025-08-07T04:13:25.000Z</time>
        <extensions>
          <ns3:TrackPointExtension>
            <ns3:atemp>28.0</ns3:atemp>
          </ns3:TrackPointExtension>
        </extensions>
      </trkpt>
      <trkpt lat="46.1692800186574459075927734375" lon="90.8972694911062717437744140625">
        <ele>1127.800048828125</ele>
        <time>2025-08-07T04:13:26.000Z</time>
        <extensions>
          <ns3:TrackPointExtension>
            <ns3:atemp>28.0</ns3:atemp>
          </ns3:TrackPointExtension>
        </extensions>
      </trkpt>
      <trkpt lat="46.16910391487181186676025390625" lon="90.89804925955832004547119140625">
        <ele>1127.4000244140625</ele>
        <time>2025-08-07T04:13:33.000Z</time>
        <extensions>
          <ns3:TrackPointExtension>
            <ns3:atemp>28.0</ns3:atemp>
          </ns3:TrackPointExtension>
        </extensions>
      </trkpt>
      <trkpt lat="46.16907541640102863311767578125" lon="90.89816006831824779510498046875">
        <ele>1127.5999755859375</ele>
        <time>2025-08-07T04:13:34.000Z</time>
        <extensions>
          <ns3:TrackPointExtension>
            <ns3:atemp>28.0</ns3:atemp>
          </ns3:TrackPointExtension>
        </extensions>
      </trkpt>
      <trkpt lat="46.168899647891521453857421875" lon="90.89891628362238407135009765625">
        <ele>1127.800048828125</ele>
        <time>2025-08-07T04:13:41.000Z</time>
        <extensions>
          <ns3:TrackPointExtension>
            <ns3:atemp>28.0</ns3:atemp>
          </ns3:TrackPointExtension>
        </extensions>
      </trkpt>
      <trkpt lat="46.16887408308684825897216796875" lon="90.8990161120891571044921875">
        <ele>1127.800048828125</ele>
        <time>2025-08-07T04:13:42.000Z</time>
        <extensions>
          <ns3:TrackPointExtension>
            <ns3:atemp>28.0</ns3:atemp>
          </ns3:TrackPointExtension>
        </extensions>
      </trkpt>
      <trkpt lat="46.1687221191823482513427734375" lon="90.8996690623462200164794921875">
        <ele>1128.4000244140625</ele>
        <time>2025-08-07T04:13:49.000Z</time>
        <extensions>
          <ns3:TrackPointExtension>
            <ns3:atemp>28.0</ns3:atemp>
          </ns3:TrackPointExtension>
        </extensions>
      </trkpt>
      <trkpt lat="46.1685833148658275604248046875" lon="90.90029619634151458740234375">
        <ele>1128.800048828125</ele>
        <time>2025-08-07T04:13:56.000Z</time>
        <extensions>
          <ns3:TrackPointExtension>
            <ns3:atemp>28.0</ns3:atemp>
          </ns3:TrackPointExtension>
        </extensions>
      </trkpt>
      <trkpt lat="46.16856546141207218170166015625" lon="90.90038336813449859619140625">
        <ele>1128.800048828125</ele>
        <time>2025-08-07T04:13:57.000Z</time>
        <extensions>
          <ns3:TrackPointExtension>
            <ns3:atemp>28.0</ns3:atemp>
          </ns3:TrackPointExtension>
        </extensions>
      </trkpt>
      <trkpt lat="46.16840302012860774993896484375" lon="90.9010839276015758514404296875">
        <ele>1129.5999755859375</ele>
        <time>2025-08-07T04:14:05.000Z</time>
        <extensions>
          <ns3:TrackPointExtension>
            <ns3:atemp>28.0</ns3:atemp>
          </ns3:TrackPointExtension>
        </extensions>
      </trkpt>
      <trkpt lat="46.16834334097802639007568359375" lon="90.90135097503662109375">
        <ele>1130</ele>
        <time>2025-08-07T04:14:08.000Z</time>
        <extensions>
          <ns3:TrackPointExtension>
            <ns3:atemp>28.0</ns3:atemp>
          </ns3:TrackPointExtension>
        </extensions>
      </trkpt>
      <trkpt lat="46.16818358190357685089111328125" lon="90.9020263887941837310791015625">
        <ele>1131</ele>
        <time>2025-08-07T04:14:16.000Z</time>
        <extensions>
          <ns3:TrackPointExtension>
            <ns3:atemp>28.0</ns3:atemp>
          </ns3:TrackPointExtension>
        </extensions>
      </trkpt>
      <trkpt lat="46.16816447116434574127197265625" lon="90.902111046016216278076171875">
        <ele>1131</ele>
        <time>2025-08-07T04:14:17.000Z</time>
        <extensions>
          <ns3:TrackPointExtension>
            <ns3:atemp>28.0</ns3:atemp>
          </ns3:TrackPointExtension>
        </extensions>
      </trkpt>
      <trkpt lat="46.16803639568388462066650390625" lon="90.9026607312262058258056640625">
        <ele>1131.800048828125</ele>
        <time>2025-08-07T04:14:24.000Z</time>
        <extensions>
          <ns3:TrackPointExtension>
            <ns3:atemp>28.0</ns3:atemp>
          </ns3:TrackPointExtension>
        </extensions>
      </trkpt>
      <trkpt lat="46.16799943149089813232421875" lon="90.90281336568295955657958984375">
        <ele>1132.199951171875</ele>
        <time>2025-08-07T04:14:26.000Z</time>
        <extensions>
          <ns3:TrackPointExtension>
            <ns3:atemp>28.0</ns3:atemp>
          </ns3:TrackPointExtension>
        </extensions>
      </trkpt>
      <trkpt lat="46.16789457388222217559814453125" lon="90.903259031474590301513671875">
        <ele>1132.5999755859375</ele>
        <time>2025-08-07T04:14:32.000Z</time>
        <extensions>
          <ns3:TrackPointExtension>
            <ns3:atemp>28.0</ns3:atemp>
          </ns3:TrackPointExtension>
        </extensions>
      </trkpt>
      <trkpt lat="46.1677960865199565887451171875" lon="90.90367603115737438201904296875">
        <ele>1133.199951171875</ele>
        <time>2025-08-07T04:14:38.000Z</time>
        <extensions>
          <ns3:TrackPointExtension>
            <ns3:atemp>28.0</ns3:atemp>
          </ns3:TrackPointExtension>
        </extensions>
      </trkpt>
      <trkpt lat="46.1677618883550167083740234375" lon="90.9038167633116245269775390625">
        <ele>1133.5999755859375</ele>
        <time>2025-08-07T04:14:40.000Z</time>
        <extensions>
          <ns3:TrackPointExtension>
            <ns3:atemp>28.0</ns3:atemp>
          </ns3:TrackPointExtension>
        </extensions>
      </trkpt>
      <trkpt lat="46.16765501908957958221435546875" lon="90.90431540273129940032958984375">
        <ele>1134.199951171875</ele>
        <time>2025-08-07T04:14:47.000Z</time>
        <extensions>
          <ns3:TrackPointExtension>
            <ns3:atemp>28.0</ns3:atemp>
          </ns3:TrackPointExtension>
        </extensions>
      </trkpt>
      <trkpt lat="46.16763724945485591888427734375" lon="90.90438748709857463836669921875">
        <ele>1134.4000244140625</ele>
        <time>2025-08-07T04:14:48.000Z</time>
        <extensions>
          <ns3:TrackPointExtension>
            <ns3:atemp>28.0</ns3:atemp>
          </ns3:TrackPointExtension>
        </extensions>
      </trkpt>
      <trkpt lat="46.1674628220498561859130859375" lon="90.90512073598802089691162109375">
        <ele>1135.199951171875</ele>
        <time>2025-08-07T04:14:58.000Z</time>
        <extensions>
          <ns3:TrackPointExtension>
            <ns3:atemp>28.0</ns3:atemp>
          </ns3:TrackPointExtension>
        </extensions>
      </trkpt>
      <trkpt lat="46.16735226474702358245849609375" lon="90.90562398545444011688232421875">
        <ele>1136.4000244140625</ele>
        <time>2025-08-07T04:15:05.000Z</time>
        <extensions>
          <ns3:TrackPointExtension>
            <ns3:atemp>28.0</ns3:atemp>
          </ns3:TrackPointExtension>
        </extensions>
      </trkpt>
      <trkpt lat="46.167337261140346527099609375" lon="90.9056933037936687469482421875">
        <ele>1136.4000244140625</ele>
        <time>2025-08-07T04:15:06.000Z</time>
        <extensions>
          <ns3:TrackPointExtension>
            <ns3:atemp>28.0</ns3:atemp>
          </ns3:TrackPointExtension>
        </extensions>
      </trkpt>
      <trkpt lat="46.16719074547290802001953125" lon="90.9063377045094966888427734375">
        <ele>1136.4000244140625</ele>
        <time>2025-08-07T04:15:15.000Z</time>
        <extensions>
          <ns3:TrackPointExtension>
            <ns3:atemp>28.0</ns3:atemp>
          </ns3:TrackPointExtension>
        </extensions>
      </trkpt>
      <trkpt lat="46.16706979461014270782470703125" lon="90.90687087737023830413818359375">
        <ele>1137</ele>
        <time>2025-08-07T04:15:22.000Z</time>
        <extensions>
          <ns3:TrackPointExtension>
            <ns3:atemp>28.0</ns3:atemp>
          </ns3:TrackPointExtension>
        </extensions>
      </trkpt>
      <trkpt lat="46.16690534166991710662841796875" lon="90.90759021230041980743408203125">
        <ele>1136.800048828125</ele>
        <time>2025-08-07T04:15:31.000Z</time>
        <extensions>
          <ns3:TrackPointExtension>
            <ns3:atemp>28.0</ns3:atemp>
          </ns3:TrackPointExtension>
        </extensions>
      </trkpt>
      <trkpt lat="46.166749186813831329345703125" lon="90.9083007462322711944580078125">
        <ele>1136.5999755859375</ele>
        <time>2025-08-07T04:15:39.000Z</time>
        <extensions>
          <ns3:TrackPointExtension>
            <ns3:atemp>28.0</ns3:atemp>
          </ns3:TrackPointExtension>
        </extensions>
      </trkpt>
      <trkpt lat="46.16658012382686138153076171875" lon="90.90902016498148441314697265625">
        <ele>1136.4000244140625</ele>
        <time>2025-08-07T04:15:47.000Z</time>
        <extensions>
          <ns3:TrackPointExtension>
            <ns3:atemp>28.0</ns3:atemp>
          </ns3:TrackPointExtension>
        </extensions>
      </trkpt>
      <trkpt lat="46.1664150841534137725830078125" lon="90.90975995175540447235107421875">
        <ele>1136.4000244140625</ele>
        <time>2025-08-07T04:15:55.000Z</time>
        <extensions>
          <ns3:TrackPointExtension>
            <ns3:atemp>28.0</ns3:atemp>
          </ns3:TrackPointExtension>
        </extensions>
      </trkpt>
      <trkpt lat="46.166397146880626678466796875" lon="90.90985232032835483551025390625">
        <ele>1136.4000244140625</ele>
        <time>2025-08-07T04:15:56.000Z</time>
        <extensions>
          <ns3:TrackPointExtension>
            <ns3:atemp>28.0</ns3:atemp>
          </ns3:TrackPointExtension>
        </extensions>
      </trkpt>
      <trkpt lat="46.16623051464557647705078125" lon="90.910548605024814605712890625">
        <ele>1136.800048828125</ele>
        <time>2025-08-07T04:16:04.000Z</time>
        <extensions>
          <ns3:TrackPointExtension>
            <ns3:atemp>28.0</ns3:atemp>
          </ns3:TrackPointExtension>
        </extensions>
      </trkpt>
      <trkpt lat="46.16612247191369533538818359375" lon="90.91100583784282207489013671875">
        <ele>1137.4000244140625</ele>
        <time>2025-08-07T04:16:10.000Z</time>
        <extensions>
          <ns3:TrackPointExtension>
            <ns3:atemp>28.0</ns3:atemp>
          </ns3:TrackPointExtension>
        </extensions>
      </trkpt>
      <trkpt lat="46.166089363396167755126953125" lon="90.9111492522060871124267578125">
        <ele>1137.4000244140625</ele>
        <time>2025-08-07T04:16:12.000Z</time>
        <extensions>
          <ns3:TrackPointExtension>
            <ns3:atemp>28.0</ns3:atemp>
          </ns3:TrackPointExtension>
        </extensions>
      </trkpt>
      <trkpt lat="46.16595550440251827239990234375" lon="90.9116897173225879669189453125">
        <ele>1138.199951171875</ele>
        <time>2025-08-07T04:16:20.000Z</time>
        <extensions>
          <ns3:TrackPointExtension>
            <ns3:atemp>28.0</ns3:atemp>
          </ns3:TrackPointExtension>
        </extensions>
      </trkpt>
      <trkpt lat="46.16594326682388782501220703125" lon="90.91175752691924571990966796875">
        <ele>1138.4000244140625</ele>
        <time>2025-08-07T04:16:21.000Z</time>
        <extensions>
          <ns3:TrackPointExtension>
            <ns3:atemp>28.0</ns3:atemp>
          </ns3:TrackPointExtension>
        </extensions>
      </trkpt>
      <trkpt lat="46.1659285984933376312255859375" lon="90.91182273812592029571533203125">
        <ele>1138.5999755859375</ele>
        <time>2025-08-07T04:16:22.000Z</time>
        <extensions>
          <ns3:TrackPointExtension>
            <ns3:atemp>28.0</ns3:atemp>
          </ns3:TrackPointExtension>
        </extensions>
      </trkpt>
      <trkpt lat="46.16586179472506046295166015625" lon="90.91207939200103282928466796875">
        <ele>1139.199951171875</ele>
        <time>2025-08-07T04:16:26.000Z</time>
        <extensions>
          <ns3:TrackPointExtension>
            <ns3:atemp>28.0</ns3:atemp>
          </ns3:TrackPointExtension>
        </extensions>
      </trkpt>
      <trkpt lat="46.16574930958449840545654296875" lon="90.91253184713423252105712890625">
        <ele>1139.4000244140625</ele>
        <time>2025-08-07T04:16:33.000Z</time>
        <extensions>
          <ns3:TrackPointExtension>
            <ns3:atemp>28.0</ns3:atemp>
          </ns3:TrackPointExtension>
        </extensions>
      </trkpt>
      <trkpt lat="46.16573237814009189605712890625" lon="90.912601836025714874267578125">
        <ele>1139.5999755859375</ele>
        <time>2025-08-07T04:16:34.000Z</time>
        <extensions>
          <ns3:TrackPointExtension>
            <ns3:atemp>28.0</ns3:atemp>
          </ns3:TrackPointExtension>
        </extensions>
      </trkpt>
      <trkpt lat="46.16561184637248516082763671875" lon="90.9131796844303607940673828125">
        <ele>1140.4000244140625</ele>
        <time>2025-08-07T04:16:42.000Z</time>
        <extensions>
          <ns3:TrackPointExtension>
            <ns3:atemp>28.0</ns3:atemp>
          </ns3:TrackPointExtension>
        </extensions>
      </trkpt>
      <trkpt lat="46.1655923165380954742431640625" lon="90.91324766166508197784423828125">
        <ele>1140.800048828125</ele>
        <time>2025-08-07T04:16:43.000Z</time>
        <extensions>
          <ns3:TrackPointExtension>
            <ns3:atemp>28.0</ns3:atemp>
          </ns3:TrackPointExtension>
        </extensions>
      </trkpt>
      <trkpt lat="46.165466420352458953857421875" lon="90.9138328023254871368408203125">
        <ele>1141.800048828125</ele>
        <time>2025-08-07T04:16:51.000Z</time>
        <extensions>
          <ns3:TrackPointExtension>
            <ns3:atemp>28.0</ns3:atemp>
          </ns3:TrackPointExtension>
        </extensions>
      </trkpt>
      <trkpt lat="46.16544605232775211334228515625" lon="90.91390446759760379791259765625">
        <ele>1141.800048828125</ele>
        <time>2025-08-07T04:16:52.000Z</time>
        <extensions>
          <ns3:TrackPointExtension>
            <ns3:atemp>28.0</ns3:atemp>
          </ns3:TrackPointExtension>
        </extensions>
      </trkpt>
      <trkpt lat="46.16533054970204830169677734375" lon="90.9144148416817188262939453125">
        <ele>1142.800048828125</ele>
        <time>2025-08-07T04:16:59.000Z</time>
        <extensions>
          <ns3:TrackPointExtension>
            <ns3:atemp>28.0</ns3:atemp>
          </ns3:TrackPointExtension>
        </extensions>
      </trkpt>
      <trkpt lat="46.1652950942516326904296875" lon="90.91456194408237934112548828125">
        <ele>1143</ele>
        <time>2025-08-07T04:17:01.000Z</time>
        <extensions>
          <ns3:TrackPointExtension>
            <ns3:atemp>28.0</ns3:atemp>
          </ns3:TrackPointExtension>
        </extensions>
      </trkpt>
      <trkpt lat="46.16513860411942005157470703125" lon="90.91513308696448802947998046875">
        <ele>1144</ele>
        <time>2025-08-07T04:17:09.000Z</time>
        <extensions>
          <ns3:TrackPointExtension>
            <ns3:atemp>28.0</ns3:atemp>
          </ns3:TrackPointExtension>
        </extensions>
      </trkpt>
      <trkpt lat="46.16503768600523471832275390625" lon="90.9154947660863399505615234375">
        <ele>1145</ele>
        <time>2025-08-07T04:17:14.000Z</time>
        <extensions>
          <ns3:TrackPointExtension>
            <ns3:atemp>28.0</ns3:atemp>
          </ns3:TrackPointExtension>
        </extensions>
      </trkpt>
      <trkpt lat="46.16495772264897823333740234375" lon="90.91574815101921558380126953125">
        <ele>1145.5999755859375</ele>
        <time>2025-08-07T04:17:18.000Z</time>
        <extensions>
          <ns3:TrackPointExtension>
            <ns3:atemp>28.0</ns3:atemp>
          </ns3:TrackPointExtension>
        </extensions>
      </trkpt>
      <trkpt lat="46.1647983826696872711181640625" lon="90.9162484668195247650146484375">
        <ele>1145.800048828125</ele>
        <time>2025-08-07T04:17:26.000Z</time>
        <extensions>
          <ns3:TrackPointExtension>
            <ns3:atemp>28.0</ns3:atemp>
          </ns3:TrackPointExtension>
        </extensions>
      </trkpt>
      <trkpt lat="46.16456511430442333221435546875" lon="90.91686042957007884979248046875">
        <ele>1145.5999755859375</ele>
        <time>2025-08-07T04:17:35.000Z</time>
        <extensions>
          <ns3:TrackPointExtension>
            <ns3:atemp>28.0</ns3:atemp>
          </ns3:TrackPointExtension>
        </extensions>
      </trkpt>
      <trkpt lat="46.1643551476299762725830078125" lon="90.9173490107059478759765625">
        <ele>1146.199951171875</ele>
        <time>2025-08-07T04:17:42.000Z</time>
        <extensions>
          <ns3:TrackPointExtension>
            <ns3:atemp>28.0</ns3:atemp>
          </ns3:TrackPointExtension>
        </extensions>
      </trkpt>
      <trkpt lat="46.16430326364934444427490234375" lon="90.91748781502246856689453125">
        <ele>1146</ele>
        <time>2025-08-07T04:17:44.000Z</time>
        <extensions>
          <ns3:TrackPointExtension>
            <ns3:atemp>28.0</ns3:atemp>
          </ns3:TrackPointExtension>
        </extensions>
      </trkpt>
      <trkpt lat="46.16412875242531299591064453125" lon="90.91788000427186489105224609375">
        <ele>1145.800048828125</ele>
        <time>2025-08-07T04:17:50.000Z</time>
        <extensions>
          <ns3:TrackPointExtension>
            <ns3:atemp>28.0</ns3:atemp>
          </ns3:TrackPointExtension>
        </extensions>
      </trkpt>
      <trkpt lat="46.16388022899627685546875" lon="90.9184166975319385528564453125">
        <ele>1145.800048828125</ele>
        <time>2025-08-07T04:17:58.000Z</time>
        <extensions>
          <ns3:TrackPointExtension>
            <ns3:atemp>28.0</ns3:atemp>
          </ns3:TrackPointExtension>
        </extensions>
      </trkpt>
      <trkpt lat="46.16361225955188274383544921875" lon="90.91902296058833599090576171875">
        <ele>1145.199951171875</ele>
        <time>2025-08-07T04:18:07.000Z</time>
        <extensions>
          <ns3:TrackPointExtension>
            <ns3:atemp>28.0</ns3:atemp>
          </ns3:TrackPointExtension>
        </extensions>
      </trkpt>
      <trkpt lat="46.1634016223251819610595703125" lon="90.919489078223705291748046875">
        <ele>1145.199951171875</ele>
        <time>2025-08-07T04:18:14.000Z</time>
        <extensions>
          <ns3:TrackPointExtension>
            <ns3:atemp>28.0</ns3:atemp>
          </ns3:TrackPointExtension>
        </extensions>
      </trkpt>
      <trkpt lat="46.1633701063692569732666015625" lon="90.91955713927745819091796875">
        <ele>1145</ele>
        <time>2025-08-07T04:18:15.000Z</time>
        <extensions>
          <ns3:TrackPointExtension>
            <ns3:atemp>28.0</ns3:atemp>
          </ns3:TrackPointExtension>
        </extensions>
      </trkpt>
      <trkpt lat="46.16307196207344532012939453125" lon="90.92025543563067913055419921875">
        <ele>1144.5999755859375</ele>
        <time>2025-08-07T04:18:25.000Z</time>
        <extensions>
          <ns3:TrackPointExtension>
            <ns3:atemp>28.0</ns3:atemp>
          </ns3:TrackPointExtension>
        </extensions>
      </trkpt>
      <trkpt lat="46.1628038249909877777099609375" lon="90.920838229358196258544921875">
        <ele>1144.5999755859375</ele>
        <time>2025-08-07T04:18:33.000Z</time>
        <extensions>
          <ns3:TrackPointExtension>
            <ns3:atemp>28.0</ns3:atemp>
          </ns3:TrackPointExtension>
        </extensions>
      </trkpt>
      <trkpt lat="46.16255379281938076019287109375" lon="90.921400152146816253662109375">
        <ele>1144.4000244140625</ele>
        <time>2025-08-07T04:18:40.000Z</time>
        <extensions>
          <ns3:TrackPointExtension>
            <ns3:atemp>28.0</ns3:atemp>
          </ns3:TrackPointExtension>
        </extensions>
      </trkpt>
      <trkpt lat="46.1622640304267406463623046875" lon="90.9220983646810054779052734375">
        <ele>1144.199951171875</ele>
        <time>2025-08-07T04:18:48.000Z</time>
        <extensions>
          <ns3:TrackPointExtension>
            <ns3:atemp>28.0</ns3:atemp>
          </ns3:TrackPointExtension>
        </extensions>
      </trkpt>
      <trkpt lat="46.16222823970019817352294921875" lon="90.92219282872974872589111328125">
        <ele>1144</ele>
        <time>2025-08-07T04:18:49.000Z</time>
        <extensions>
          <ns3:TrackPointExtension>
            <ns3:atemp>28.0</ns3:atemp>
          </ns3:TrackPointExtension>
        </extensions>
      </trkpt>
      <trkpt lat="46.16201349534094333648681640625" lon="90.92289003543555736541748046875">
        <ele>1143.4000244140625</ele>
        <time>2025-08-07T04:18:56.000Z</time>
        <extensions>
          <ns3:TrackPointExtension>
            <ns3:atemp>28.0</ns3:atemp>
          </ns3:TrackPointExtension>
        </extensions>
      </trkpt>
      <trkpt lat="46.1617973260581493377685546875" lon="90.92362462542951107025146484375">
        <ele>1143</ele>
        <time>2025-08-07T04:19:03.000Z</time>
        <extensions>
          <ns3:TrackPointExtension>
            <ns3:atemp>28.0</ns3:atemp>
          </ns3:TrackPointExtension>
        </extensions>
      </trkpt>
      <trkpt lat="46.1617705039680004119873046875" lon="90.92372856102883815765380859375">
        <ele>1143</ele>
        <time>2025-08-07T04:19:04.000Z</time>
        <extensions>
          <ns3:TrackPointExtension>
            <ns3:atemp>28.0</ns3:atemp>
          </ns3:TrackPointExtension>
        </extensions>
      </trkpt>
      <trkpt lat="46.16158626973628997802734375" lon="90.92456289567053318023681640625">
        <ele>1142.5999755859375</ele>
        <time>2025-08-07T04:19:12.000Z</time>
        <extensions>
          <ns3:TrackPointExtension>
            <ns3:atemp>28.0</ns3:atemp>
          </ns3:TrackPointExtension>
        </extensions>
      </trkpt>
      <trkpt lat="46.1615458689630031585693359375" lon="90.92476473189890384674072265625">
        <ele>1142.4000244140625</ele>
        <time>2025-08-07T04:19:14.000Z</time>
        <extensions>
          <ns3:TrackPointExtension>
            <ns3:atemp>28.0</ns3:atemp>
          </ns3:TrackPointExtension>
        </extensions>
      </trkpt>
      <trkpt lat="46.16140664555132389068603515625" lon="90.92536018230020999908447265625">
        <ele>1142.4000244140625</ele>
        <time>2025-08-07T04:19:20.000Z</time>
        <extensions>
          <ns3:TrackPointExtension>
            <ns3:atemp>28.0</ns3:atemp>
          </ns3:TrackPointExtension>
        </extensions>
      </trkpt>
      <trkpt lat="46.16126616485416889190673828125" lon="90.926020257174968719482421875">
        <ele>1141.800048828125</ele>
        <time>2025-08-07T04:19:26.000Z</time>
        <extensions>
          <ns3:TrackPointExtension>
            <ns3:atemp>28.0</ns3:atemp>
          </ns3:TrackPointExtension>
        </extensions>
      </trkpt>
      <trkpt lat="46.16121972911059856414794921875" lon="90.92625059187412261962890625">
        <ele>1141.4000244140625</ele>
        <time>2025-08-07T04:19:28.000Z</time>
        <extensions>
          <ns3:TrackPointExtension>
            <ns3:atemp>28.0</ns3:atemp>
          </ns3:TrackPointExtension>
        </extensions>
      </trkpt>
      <trkpt lat="46.16103851236402988433837890625" lon="90.92708249576389789581298828125">
        <ele>1140.800048828125</ele>
        <time>2025-08-07T04:19:35.000Z</time>
        <extensions>
          <ns3:TrackPointExtension>
            <ns3:atemp>28.0</ns3:atemp>
          </ns3:TrackPointExtension>
        </extensions>
      </trkpt>
      <trkpt lat="46.161013282835483551025390625" lon="90.92721073888242244720458984375">
        <ele>1140.5999755859375</ele>
        <time>2025-08-07T04:19:36.000Z</time>
        <extensions>
          <ns3:TrackPointExtension>
            <ns3:atemp>28.0</ns3:atemp>
          </ns3:TrackPointExtension>
        </extensions>
      </trkpt>
      <trkpt lat="46.1609849520027637481689453125" lon="90.92733982019126415252685546875">
        <ele>1140.5999755859375</ele>
        <time>2025-08-07T04:19:37.000Z</time>
        <extensions>
          <ns3:TrackPointExtension>
            <ns3:atemp>28.0</ns3:atemp>
          </ns3:TrackPointExtension>
        </extensions>
      </trkpt>
      <trkpt lat="46.160814799368381500244140625" lon="90.92812051065266132354736328125">
        <ele>1139.4000244140625</ele>
        <time>2025-08-07T04:19:43.000Z</time>
        <extensions>
          <ns3:TrackPointExtension>
            <ns3:atemp>28.0</ns3:atemp>
          </ns3:TrackPointExtension>
        </extensions>
      </trkpt>
      <trkpt lat="46.16072268225252628326416015625" lon="90.92852585949003696441650390625">
        <ele>1138.800048828125</ele>
        <time>2025-08-07T04:19:46.000Z</time>
        <extensions>
          <ns3:TrackPointExtension>
            <ns3:atemp>28.0</ns3:atemp>
          </ns3:TrackPointExtension>
        </extensions>
      </trkpt>
      <trkpt lat="46.16069376468658447265625" lon="90.9286600537598133087158203125">
        <ele>1138.4000244140625</ele>
        <time>2025-08-07T04:19:47.000Z</time>
        <extensions>
          <ns3:TrackPointExtension>
            <ns3:atemp>28.0</ns3:atemp>
          </ns3:TrackPointExtension>
        </extensions>
      </trkpt>
      <trkpt lat="46.16055839695036411285400390625" lon="90.92931241728365421295166015625">
        <ele>1137.199951171875</ele>
        <time>2025-08-07T04:19:52.000Z</time>
        <extensions>
          <ns3:TrackPointExtension>
            <ns3:atemp>28.0</ns3:atemp>
          </ns3:TrackPointExtension>
        </extensions>
      </trkpt>
      <trkpt lat="46.16052956320345401763916015625" lon="90.9294459410011768341064453125">
        <ele>1136.800048828125</ele>
        <time>2025-08-07T04:19:53.000Z</time>
        <extensions>
          <ns3:TrackPointExtension>
            <ns3:atemp>28.0</ns3:atemp>
          </ns3:TrackPointExtension>
        </extensions>
      </trkpt>
      <trkpt lat="46.16043451242148876190185546875" lon="90.92984584160149097442626953125">
        <ele>1136</ele>
        <time>2025-08-07T04:19:56.000Z</time>
        <extensions>
          <ns3:TrackPointExtension>
            <ns3:atemp>28.0</ns3:atemp>
          </ns3:TrackPointExtension>
        </extensions>
      </trkpt>
      <trkpt lat="46.16028464399278163909912109375" lon="90.93052628450095653533935546875">
        <ele>1134.800048828125</ele>
        <time>2025-08-07T04:20:01.000Z</time>
        <extensions>
          <ns3:TrackPointExtension>
            <ns3:atemp>28.0</ns3:atemp>
          </ns3:TrackPointExtension>
        </extensions>
      </trkpt>
      <trkpt lat="46.16025631316006183624267578125" lon="90.93066123314201831817626953125">
        <ele>1134.5999755859375</ele>
        <time>2025-08-07T04:20:02.000Z</time>
        <extensions>
          <ns3:TrackPointExtension>
            <ns3:atemp>28.0</ns3:atemp>
          </ns3:TrackPointExtension>
        </extensions>
      </trkpt>
      <trkpt lat="46.1600941233336925506591796875" lon="90.931430943310260772705078125">
        <ele>1134.5999755859375</ele>
        <time>2025-08-07T04:20:08.000Z</time>
        <extensions>
          <ns3:TrackPointExtension>
            <ns3:atemp>28.0</ns3:atemp>
          </ns3:TrackPointExtension>
        </extensions>
      </trkpt>
      <trkpt lat="46.16003553383052349090576171875" lon="90.931678377091884613037109375">
        <ele>1134.5999755859375</ele>
        <time>2025-08-07T04:20:10.000Z</time>
        <extensions>
          <ns3:TrackPointExtension>
            <ns3:atemp>28.0</ns3:atemp>
          </ns3:TrackPointExtension>
        </extensions>
      </trkpt>
      <trkpt lat="46.15986655466258525848388671875" lon="90.93252788297832012176513671875">
        <ele>1134.5999755859375</ele>
        <time>2025-08-07T04:20:17.000Z</time>
        <extensions>
          <ns3:TrackPointExtension>
            <ns3:atemp>28.0</ns3:atemp>
          </ns3:TrackPointExtension>
        </extensions>
      </trkpt>
      <trkpt lat="46.15970067679882049560546875" lon="90.93335467390716075897216796875">
        <ele>1134.800048828125</ele>
        <time>2025-08-07T04:20:24.000Z</time>
        <extensions>
          <ns3:TrackPointExtension>
            <ns3:atemp>28.0</ns3:atemp>
          </ns3:TrackPointExtension>
        </extensions>
      </trkpt>
      <trkpt lat="46.15967712365090847015380859375" lon="90.93346648849546909332275390625">
        <ele>1135</ele>
        <time>2025-08-07T04:20:25.000Z</time>
        <extensions>
          <ns3:TrackPointExtension>
            <ns3:atemp>28.0</ns3:atemp>
          </ns3:TrackPointExtension>
        </extensions>
      </trkpt>
      <trkpt lat="46.15951652638614177703857421875" lon="90.934227146208286285400390625">
        <ele>1136</ele>
        <time>2025-08-07T04:20:32.000Z</time>
        <extensions>
          <ns3:TrackPointExtension>
            <ns3:atemp>28.0</ns3:atemp>
          </ns3:TrackPointExtension>
        </extensions>
      </trkpt>
      <trkpt lat="46.15949540399014949798583984375" lon="90.9343289025127887725830078125">
        <ele>1136.199951171875</ele>
        <time>2025-08-07T04:20:33.000Z</time>
        <extensions>
          <ns3:TrackPointExtension>
            <ns3:atemp>28.0</ns3:atemp>
          </ns3:TrackPointExtension>
        </extensions>
      </trkpt>
      <trkpt lat="46.1594135127961635589599609375" lon="90.93471103347837924957275390625">
        <ele>1137</ele>
        <time>2025-08-07T04:20:37.000Z</time>
        <extensions>
          <ns3:TrackPointExtension>
            <ns3:atemp>28.0</ns3:atemp>
          </ns3:TrackPointExtension>
        </extensions>
      </trkpt>
      <trkpt lat="46.15935861133038997650146484375" lon="90.93498780392110347747802734375">
        <ele>1137.5999755859375</ele>
        <time>2025-08-07T04:20:40.000Z</time>
        <extensions>
          <ns3:TrackPointExtension>
            <ns3:atemp>28.0</ns3:atemp>
          </ns3:TrackPointExtension>
        </extensions>
      </trkpt>
      <trkpt lat="46.15931888110935688018798828125" lon="90.93516826629638671875">
        <ele>1138.199951171875</ele>
        <time>2025-08-07T04:20:42.000Z</time>
        <extensions>
          <ns3:TrackPointExtension>
            <ns3:atemp>28.0</ns3:atemp>
          </ns3:TrackPointExtension>
        </extensions>
      </trkpt>
      <trkpt lat="46.15922148339450359344482421875" lon="90.93558199703693389892578125">
        <ele>1138.5999755859375</ele>
        <time>2025-08-07T04:20:47.000Z</time>
        <extensions>
          <ns3:TrackPointExtension>
            <ns3:atemp>28.0</ns3:atemp>
          </ns3:TrackPointExtension>
        </extensions>
      </trkpt>
      <trkpt lat="46.15911654196679592132568359375" lon="90.93597485683858394622802734375">
        <ele>1139.199951171875</ele>
        <time>2025-08-07T04:20:52.000Z</time>
        <extensions>
          <ns3:TrackPointExtension>
            <ns3:atemp>28.0</ns3:atemp>
          </ns3:TrackPointExtension>
        </extensions>
      </trkpt>
      <trkpt lat="46.15909173153340816497802734375" lon="90.936049036681652069091796875">
        <ele>1139.199951171875</ele>
        <time>2025-08-07T04:20:53.000Z</time>
        <extensions>
          <ns3:TrackPointExtension>
            <ns3:atemp>28.0</ns3:atemp>
          </ns3:TrackPointExtension>
        </extensions>
      </trkpt>
      <trkpt lat="46.15885033272206783294677734375" lon="90.936748422682285308837890625">
        <ele>1139.800048828125</ele>
        <time>2025-08-07T04:21:02.000Z</time>
        <extensions>
          <ns3:TrackPointExtension>
            <ns3:atemp>28.0</ns3:atemp>
          </ns3:TrackPointExtension>
        </extensions>
      </trkpt>
      <trkpt lat="46.15875578485429286956787109375" lon="90.93698353506624698638916015625">
        <ele>1140</ele>
        <time>2025-08-07T04:21:05.000Z</time>
        <extensions>
          <ns3:TrackPointExtension>
            <ns3:atemp>28.0</ns3:atemp>
          </ns3:TrackPointExtension>
        </extensions>
      </trkpt>
      <trkpt lat="46.15860507823526859283447265625" lon="90.93731093220412731170654296875">
        <ele>1140.199951171875</ele>
        <time>2025-08-07T04:21:09.000Z</time>
        <extensions>
          <ns3:TrackPointExtension>
            <ns3:atemp>28.0</ns3:atemp>
          </ns3:TrackPointExtension>
        </extensions>
      </trkpt>
      <trkpt lat="46.15844498388469219207763671875" lon="90.9376364015042781829833984375">
        <ele>1140.199951171875</ele>
        <time>2025-08-07T04:21:13.000Z</time>
        <extensions>
          <ns3:TrackPointExtension>
            <ns3:atemp>28.0</ns3:atemp>
          </ns3:TrackPointExtension>
        </extensions>
      </trkpt>
      <trkpt lat="46.1581381224095821380615234375" lon="90.93827233649790287017822265625">
        <ele>1139.5999755859375</ele>
        <time>2025-08-07T04:21:20.000Z</time>
        <extensions>
          <ns3:TrackPointExtension>
            <ns3:atemp>28.0</ns3:atemp>
          </ns3:TrackPointExtension>
        </extensions>
      </trkpt>
      <trkpt lat="46.1579513736069202423095703125" lon="90.938634686172008514404296875">
        <ele>1139.199951171875</ele>
        <time>2025-08-07T04:21:24.000Z</time>
        <extensions>
          <ns3:TrackPointExtension>
            <ns3:atemp>28.0</ns3:atemp>
          </ns3:TrackPointExtension>
        </extensions>
      </trkpt>
      <trkpt lat="46.1577602662146091461181640625" lon="90.93903341330587863922119140625">
        <ele>1138</ele>
        <time>2025-08-07T04:21:28.000Z</time>
        <extensions>
          <ns3:TrackPointExtension>
            <ns3:atemp>28.0</ns3:atemp>
          </ns3:TrackPointExtension>
        </extensions>
      </trkpt>
      <trkpt lat="46.15740462206304073333740234375" lon="90.9397660754621028900146484375">
        <ele>1137</ele>
        <time>2025-08-07T04:21:35.000Z</time>
        <extensions>
          <ns3:TrackPointExtension>
            <ns3:atemp>28.0</ns3:atemp>
          </ns3:TrackPointExtension>
        </extensions>
      </trkpt>
      <trkpt lat="46.15735433064401149749755859375" lon="90.93987763859331607818603515625">
        <ele>1136.800048828125</ele>
        <time>2025-08-07T04:21:36.000Z</time>
        <extensions>
          <ns3:TrackPointExtension>
            <ns3:atemp>28.0</ns3:atemp>
          </ns3:TrackPointExtension>
        </extensions>
      </trkpt>
      <trkpt lat="46.1573046259582042694091796875" lon="90.9399930573999881744384765625">
        <ele>1136.800048828125</ele>
        <time>2025-08-07T04:21:37.000Z</time>
        <extensions>
          <ns3:TrackPointExtension>
            <ns3:atemp>28.0</ns3:atemp>
          </ns3:TrackPointExtension>
        </extensions>
      </trkpt>
      <trkpt lat="46.15708979777991771697998046875" lon="90.9404416568577289581298828125">
        <ele>1135.800048828125</ele>
        <time>2025-08-07T04:21:41.000Z</time>
        <extensions>
          <ns3:TrackPointExtension>
            <ns3:atemp>28.0</ns3:atemp>
          </ns3:TrackPointExtension>
        </extensions>
      </trkpt>
      <trkpt lat="46.1568640731275081634521484375" lon="90.94091213308274745941162109375">
        <ele>1134.800048828125</ele>
        <time>2025-08-07T04:21:45.000Z</time>
        <extensions>
          <ns3:TrackPointExtension>
            <ns3:atemp>28.0</ns3:atemp>
          </ns3:TrackPointExtension>
        </extensions>
      </trkpt>
      <trkpt lat="46.15657581947743892669677734375" lon="90.94149333424866199493408203125">
        <ele>1134.800048828125</ele>
        <time>2025-08-07T04:21:50.000Z</time>
        <extensions>
          <ns3:TrackPointExtension>
            <ns3:atemp>28.0</ns3:atemp>
          </ns3:TrackPointExtension>
        </extensions>
      </trkpt>
      <trkpt lat="46.156463585793972015380859375" lon="90.94173959456384181976318359375">
        <ele>1134.5999755859375</ele>
        <time>2025-08-07T04:21:52.000Z</time>
        <extensions>
          <ns3:TrackPointExtension>
            <ns3:atemp>28.0</ns3:atemp>
          </ns3:TrackPointExtension>
        </extensions>
      </trkpt>
      <trkpt lat="46.1561755836009979248046875" lon="90.9423463605344295501708984375">
        <ele>1133.4000244140625</ele>
        <time>2025-08-07T04:21:57.000Z</time>
        <extensions>
          <ns3:TrackPointExtension>
            <ns3:atemp>28.0</ns3:atemp>
          </ns3:TrackPointExtension>
        </extensions>
      </trkpt>
      <trkpt lat="46.1560146510601043701171875" lon="90.94272698275744915008544921875">
        <ele>1132.5999755859375</ele>
        <time>2025-08-07T04:22:00.000Z</time>
        <extensions>
          <ns3:TrackPointExtension>
            <ns3:atemp>28.0</ns3:atemp>
          </ns3:TrackPointExtension>
        </extensions>
      </trkpt>
      <trkpt lat="46.1559610068798065185546875" lon="90.94285656698048114776611328125">
        <ele>1132</ele>
        <time>2025-08-07T04:22:01.000Z</time>
        <extensions>
          <ns3:TrackPointExtension>
            <ns3:atemp>28.0</ns3:atemp>
          </ns3:TrackPointExtension>
        </extensions>
      </trkpt>
      <trkpt lat="46.15570493973791599273681640625" lon="90.943500883877277374267578125">
        <ele>1130.800048828125</ele>
        <time>2025-08-07T04:22:06.000Z</time>
        <extensions>
          <ns3:TrackPointExtension>
            <ns3:atemp>28.0</ns3:atemp>
          </ns3:TrackPointExtension>
        </extensions>
      </trkpt>
      <trkpt lat="46.1555169336497783660888671875" lon="90.94403204508125782012939453125">
        <ele>1130.5999755859375</ele>
        <time>2025-08-07T04:22:10.000Z</time>
        <extensions>
          <ns3:TrackPointExtension>
            <ns3:atemp>28.0</ns3:atemp>
          </ns3:TrackPointExtension>
        </extensions>
      </trkpt>
      <trkpt lat="46.15524997003376483917236328125" lon="90.9448106400668621063232421875">
        <ele>1130.4000244140625</ele>
        <time>2025-08-07T04:22:16.000Z</time>
        <extensions>
          <ns3:TrackPointExtension>
            <ns3:atemp>28.0</ns3:atemp>
          </ns3:TrackPointExtension>
        </extensions>
      </trkpt>
      <trkpt lat="46.15516749210655689239501953125" lon="90.94507106579840183258056640625">
        <ele>1130.5999755859375</ele>
        <time>2025-08-07T04:22:18.000Z</time>
        <extensions>
          <ns3:TrackPointExtension>
            <ns3:atemp>28.0</ns3:atemp>
          </ns3:TrackPointExtension>
        </extensions>
      </trkpt>
      <trkpt lat="46.15495157428085803985595703125" lon="90.945721082389354705810546875">
        <ele>1129.800048828125</ele>
        <time>2025-08-07T04:22:23.000Z</time>
        <extensions>
          <ns3:TrackPointExtension>
            <ns3:atemp>28.0</ns3:atemp>
          </ns3:TrackPointExtension>
        </extensions>
      </trkpt>
      <trkpt lat="46.15475577302277088165283203125" lon="90.94636992551386356353759765625">
        <ele>1129.4000244140625</ele>
        <time>2025-08-07T04:22:28.000Z</time>
        <extensions>
          <ns3:TrackPointExtension>
            <ns3:atemp>28.0</ns3:atemp>
          </ns3:TrackPointExtension>
        </extensions>
      </trkpt>
      <trkpt lat="46.154531724750995635986328125" lon="90.9471012465655803680419921875">
        <ele>1129.199951171875</ele>
        <time>2025-08-07T04:22:34.000Z</time>
        <extensions>
          <ns3:TrackPointExtension>
            <ns3:atemp>28.0</ns3:atemp>
          </ns3:TrackPointExtension>
        </extensions>
      </trkpt>
      <trkpt lat="46.154264844954013824462890625" lon="90.94789911992847919464111328125">
        <ele>1129.800048828125</ele>
        <time>2025-08-07T04:22:41.000Z</time>
        <extensions>
          <ns3:TrackPointExtension>
            <ns3:atemp>28.0</ns3:atemp>
          </ns3:TrackPointExtension>
        </extensions>
      </trkpt>
      <trkpt lat="46.1540242843329906463623046875" lon="90.94865181483328342437744140625">
        <ele>1129.800048828125</ele>
        <time>2025-08-07T04:22:48.000Z</time>
        <extensions>
          <ns3:TrackPointExtension>
            <ns3:atemp>28.0</ns3:atemp>
          </ns3:TrackPointExtension>
        </extensions>
      </trkpt>
      <trkpt lat="46.153795458376407623291015625" lon="90.949364192783832550048828125">
        <ele>1130.5999755859375</ele>
        <time>2025-08-07T04:22:55.000Z</time>
        <extensions>
          <ns3:TrackPointExtension>
            <ns3:atemp>28.0</ns3:atemp>
          </ns3:TrackPointExtension>
        </extensions>
      </trkpt>
      <trkpt lat="46.15375958383083343505859375" lon="90.9494630992412567138671875">
        <ele>1130.800048828125</ele>
        <time>2025-08-07T04:22:56.000Z</time>
        <extensions>
          <ns3:TrackPointExtension>
            <ns3:atemp>28.0</ns3:atemp>
          </ns3:TrackPointExtension>
        </extensions>
      </trkpt>
      <trkpt lat="46.153725050389766693115234375" lon="90.94955806620419025421142578125">
        <ele>1130.800048828125</ele>
        <time>2025-08-07T04:22:57.000Z</time>
        <extensions>
          <ns3:TrackPointExtension>
            <ns3:atemp>28.0</ns3:atemp>
          </ns3:TrackPointExtension>
        </extensions>
      </trkpt>
      <trkpt lat="46.1535220406949520111083984375" lon="90.95021537505090236663818359375">
        <ele>1131.4000244140625</ele>
        <time>2025-08-07T04:23:04.000Z</time>
        <extensions>
          <ns3:TrackPointExtension>
            <ns3:atemp>28.0</ns3:atemp>
          </ns3:TrackPointExtension>
        </extensions>
      </trkpt>
      <trkpt lat="46.15345573984086513519287109375" lon="90.95039374195039272308349609375">
        <ele>1132</ele>
        <time>2025-08-07T04:23:06.000Z</time>
        <extensions>
          <ns3:TrackPointExtension>
            <ns3:atemp>28.0</ns3:atemp>
          </ns3:TrackPointExtension>
        </extensions>
      </trkpt>
      <trkpt lat="46.15327971987426280975341796875" lon="90.95091425813734531402587890625">
        <ele>1132.4000244140625</ele>
        <time>2025-08-07T04:23:12.000Z</time>
        <extensions>
          <ns3:TrackPointExtension>
            <ns3:atemp>28.0</ns3:atemp>
          </ns3:TrackPointExtension>
        </extensions>
      </trkpt>
      <trkpt lat="46.15303647704422473907470703125" lon="90.95168220810592174530029296875">
        <ele>1133</ele>
        <time>2025-08-07T04:23:21.000Z</time>
        <extensions>
          <ns3:TrackPointExtension>
            <ns3:atemp>28.0</ns3:atemp>
          </ns3:TrackPointExtension>
        </extensions>
      </trkpt>
      <trkpt lat="46.15284704603254795074462890625" lon="90.95229458995163440704345703125">
        <ele>1134</ele>
        <time>2025-08-07T04:23:28.000Z</time>
        <extensions>
          <ns3:TrackPointExtension>
            <ns3:atemp>28.0</ns3:atemp>
          </ns3:TrackPointExtension>
        </extensions>
      </trkpt>
      <trkpt lat="46.1526243388652801513671875" lon="90.953042171895503997802734375">
        <ele>1134.800048828125</ele>
        <time>2025-08-07T04:23:37.000Z</time>
        <extensions>
          <ns3:TrackPointExtension>
            <ns3:atemp>28.0</ns3:atemp>
          </ns3:TrackPointExtension>
        </extensions>
      </trkpt>
      <trkpt lat="46.1524974368512630462646484375" lon="90.95342430286109447479248046875">
        <ele>1135</ele>
        <time>2025-08-07T04:23:42.000Z</time>
        <extensions>
          <ns3:TrackPointExtension>
            <ns3:atemp>28.0</ns3:atemp>
          </ns3:TrackPointExtension>
        </extensions>
      </trkpt>
      <trkpt lat="46.15239459089934825897216796875" lon="90.9537251293659210205078125">
        <ele>1135.199951171875</ele>
        <time>2025-08-07T04:23:46.000Z</time>
        <extensions>
          <ns3:TrackPointExtension>
            <ns3:atemp>28.0</ns3:atemp>
          </ns3:TrackPointExtension>
        </extensions>
      </trkpt>
      <trkpt lat="46.15219476632773876190185546875" lon="90.954386629164218902587890625">
        <ele>1135.199951171875</ele>
        <time>2025-08-07T04:23:54.000Z</time>
        <extensions>
          <ns3:TrackPointExtension>
            <ns3:atemp>28.0</ns3:atemp>
          </ns3:TrackPointExtension>
        </extensions>
      </trkpt>
      <trkpt lat="46.1519583128392696380615234375" lon="90.955094061791896820068359375">
        <ele>1135.5999755859375</ele>
        <time>2025-08-07T04:24:02.000Z</time>
        <extensions>
          <ns3:TrackPointExtension>
            <ns3:atemp>28.0</ns3:atemp>
          </ns3:TrackPointExtension>
        </extensions>
      </trkpt>
      <trkpt lat="46.151929311454296112060546875" lon="90.95518626272678375244140625">
        <ele>1135.5999755859375</ele>
        <time>2025-08-07T04:24:03.000Z</time>
        <extensions>
          <ns3:TrackPointExtension>
            <ns3:atemp>28.0</ns3:atemp>
          </ns3:TrackPointExtension>
        </extensions>
      </trkpt>
      <trkpt lat="46.15174122154712677001953125" lon="90.95574139617383480072021484375">
        <ele>1135.800048828125</ele>
        <time>2025-08-07T04:24:09.000Z</time>
        <extensions>
          <ns3:TrackPointExtension>
            <ns3:atemp>28.0</ns3:atemp>
          </ns3:TrackPointExtension>
        </extensions>
      </trkpt>
      <trkpt lat="46.1517112143337726593017578125" lon="90.95583510585129261016845703125">
        <ele>1135.800048828125</ele>
        <time>2025-08-07T04:24:10.000Z</time>
        <extensions>
          <ns3:TrackPointExtension>
            <ns3:atemp>28.0</ns3:atemp>
          </ns3:TrackPointExtension>
        </extensions>
      </trkpt>
      <trkpt lat="46.1516290716826915740966796875" lon="90.9561114571988582611083984375">
        <ele>1136</ele>
        <time>2025-08-07T04:24:13.000Z</time>
        <extensions>
          <ns3:TrackPointExtension>
            <ns3:atemp>28.0</ns3:atemp>
          </ns3:TrackPointExtension>
        </extensions>
      </trkpt>
      <trkpt lat="46.15146520547568798065185546875" lon="90.956639684736728668212890625">
        <ele>1136.199951171875</ele>
        <time>2025-08-07T04:24:19.000Z</time>
        <extensions>
          <ns3:TrackPointExtension>
            <ns3:atemp>28.0</ns3:atemp>
          </ns3:TrackPointExtension>
        </extensions>
      </trkpt>
      <trkpt lat="46.1512367986142635345458984375" lon="90.9573885239660739898681640625">
        <ele>1135.800048828125</ele>
        <time>2025-08-07T04:24:27.000Z</time>
        <extensions>
          <ns3:TrackPointExtension>
            <ns3:atemp>28.0</ns3:atemp>
          </ns3:TrackPointExtension>
        </extensions>
      </trkpt>
      <trkpt lat="46.1512079648673534393310546875" lon="90.95748147927224636077880859375">
        <ele>1135.800048828125</ele>
        <time>2025-08-07T04:24:28.000Z</time>
        <extensions>
          <ns3:TrackPointExtension>
            <ns3:atemp>28.0</ns3:atemp>
          </ns3:TrackPointExtension>
        </extensions>
      </trkpt>
      <trkpt lat="46.1510138399899005889892578125" lon="90.9582783468067646026611328125">
        <ele>1136</ele>
        <time>2025-08-07T04:24:36.000Z</time>
        <extensions>
          <ns3:TrackPointExtension>
            <ns3:atemp>28.0</ns3:atemp>
          </ns3:TrackPointExtension>
        </extensions>
      </trkpt>
      <trkpt lat="46.15088031627237796783447265625" lon="90.95909952186048030853271484375">
        <ele>1136.199951171875</ele>
        <time>2025-08-07T04:24:44.000Z</time>
        <extensions>
          <ns3:TrackPointExtension>
            <ns3:atemp>28.0</ns3:atemp>
          </ns3:TrackPointExtension>
        </extensions>
      </trkpt>
      <trkpt lat="46.1508622951805591583251953125" lon="90.959302447736263275146484375">
        <ele>1135.800048828125</ele>
        <time>2025-08-07T04:24:46.000Z</time>
        <extensions>
          <ns3:TrackPointExtension>
            <ns3:atemp>28.0</ns3:atemp>
          </ns3:TrackPointExtension>
        </extensions>
      </trkpt>
      <trkpt lat="46.15085232071578502655029296875" lon="90.95961400307714939117431640625">
        <ele>1135.800048828125</ele>
        <time>2025-08-07T04:24:49.000Z</time>
        <extensions>
          <ns3:TrackPointExtension>
            <ns3:atemp>28.0</ns3:atemp>
          </ns3:TrackPointExtension>
        </extensions>
      </trkpt>
      <trkpt lat="46.15077571012079715728759765625" lon="90.9604385308921337127685546875">
        <ele>1137</ele>
        <time>2025-08-07T04:24:57.000Z</time>
        <extensions>
          <ns3:TrackPointExtension>
            <ns3:atemp>28.0</ns3:atemp>
          </ns3:TrackPointExtension>
        </extensions>
      </trkpt>
      <trkpt lat="46.15076883696019649505615234375" lon="90.9605428017675876617431640625">
        <ele>1137</ele>
        <time>2025-08-07T04:24:58.000Z</time>
        <extensions>
          <ns3:TrackPointExtension>
            <ns3:atemp>28.0</ns3:atemp>
          </ns3:TrackPointExtension>
        </extensions>
      </trkpt>
      <trkpt lat="46.1507385782897472381591796875" lon="90.961178652942180633544921875">
        <ele>1137.5999755859375</ele>
        <time>2025-08-07T04:25:04.000Z</time>
        <extensions>
          <ns3:TrackPointExtension>
            <ns3:atemp>28.0</ns3:atemp>
          </ns3:TrackPointExtension>
        </extensions>
      </trkpt>
      <trkpt lat="46.15071737207472324371337890625" lon="90.9615932218730449676513671875">
        <ele>1138.199951171875</ele>
        <time>2025-08-07T04:25:08.000Z</time>
        <extensions>
          <ns3:TrackPointExtension>
            <ns3:atemp>28.0</ns3:atemp>
          </ns3:TrackPointExtension>
        </extensions>
      </trkpt>
      <trkpt lat="46.1506998538970947265625" lon="90.9619985707104206085205078125">
        <ele>1138.800048828125</ele>
        <time>2025-08-07T04:25:12.000Z</time>
        <extensions>
          <ns3:TrackPointExtension>
            <ns3:atemp>28.0</ns3:atemp>
          </ns3:TrackPointExtension>
        </extensions>
      </trkpt>
      <trkpt lat="46.15065132267773151397705078125" lon="90.96268303692340850830078125">
        <ele>1139.199951171875</ele>
        <time>2025-08-07T04:25:19.000Z</time>
        <extensions>
          <ns3:TrackPointExtension>
            <ns3:atemp>28.0</ns3:atemp>
          </ns3:TrackPointExtension>
        </extensions>
      </trkpt>
      <trkpt lat="46.15063087083399295806884765625" lon="90.96295662224292755126953125">
        <ele>1139.5999755859375</ele>
        <time>2025-08-07T04:25:22.000Z</time>
        <extensions>
          <ns3:TrackPointExtension>
            <ns3:atemp>28.0</ns3:atemp>
          </ns3:TrackPointExtension>
        </extensions>
      </trkpt>
      <trkpt lat="46.15059482865035533905029296875" lon="90.963599346578121185302734375">
        <ele>1140.4000244140625</ele>
        <time>2025-08-07T04:25:29.000Z</time>
        <extensions>
          <ns3:TrackPointExtension>
            <ns3:atemp>28.0</ns3:atemp>
          </ns3:TrackPointExtension>
        </extensions>
      </trkpt>
      <trkpt lat="46.1505793221294879913330078125" lon="90.963785760104656219482421875">
        <ele>1140.5999755859375</ele>
        <time>2025-08-07T04:25:31.000Z</time>
        <extensions>
          <ns3:TrackPointExtension>
            <ns3:atemp>28.0</ns3:atemp>
          </ns3:TrackPointExtension>
        </extensions>
      </trkpt>
      <trkpt lat="46.15052576176822185516357421875" lon="90.96462361514568328857421875">
        <ele>1141.4000244140625</ele>
        <time>2025-08-07T04:25:40.000Z</time>
        <extensions>
          <ns3:TrackPointExtension>
            <ns3:atemp>28.0</ns3:atemp>
          </ns3:TrackPointExtension>
        </extensions>
      </trkpt>
      <trkpt lat="46.1504817567765712738037109375" lon="90.96537622623145580291748046875">
        <ele>1142.4000244140625</ele>
        <time>2025-08-07T04:25:48.000Z</time>
        <extensions>
          <ns3:TrackPointExtension>
            <ns3:atemp>28.0</ns3:atemp>
          </ns3:TrackPointExtension>
        </extensions>
      </trkpt>
      <trkpt lat="46.15042828023433685302734375" lon="90.96611090004444122314453125">
        <ele>1143.5999755859375</ele>
        <time>2025-08-07T04:25:56.000Z</time>
        <extensions>
          <ns3:TrackPointExtension>
            <ns3:atemp>28.0</ns3:atemp>
          </ns3:TrackPointExtension>
        </extensions>
      </trkpt>
      <trkpt lat="46.1504069902002811431884765625" lon="90.966480039060115814208984375">
        <ele>1144</ele>
        <time>2025-08-07T04:26:00.000Z</time>
        <extensions>
          <ns3:TrackPointExtension>
            <ns3:atemp>28.0</ns3:atemp>
          </ns3:TrackPointExtension>
        </extensions>
      </trkpt>
      <trkpt lat="46.15036248229444026947021484375" lon="90.967349745333194732666015625">
        <ele>1144.199951171875</ele>
        <time>2025-08-07T04:26:09.000Z</time>
        <extensions>
          <ns3:TrackPointExtension>
            <ns3:atemp>28.0</ns3:atemp>
          </ns3:TrackPointExtension>
        </extensions>
      </trkpt>
      <trkpt lat="46.15032979287207126617431640625" lon="90.9681505523622035980224609375">
        <ele>1144.4000244140625</ele>
        <time>2025-08-07T04:26:17.000Z</time>
        <extensions>
          <ns3:TrackPointExtension>
            <ns3:atemp>28.0</ns3:atemp>
          </ns3:TrackPointExtension>
        </extensions>
      </trkpt>
      <trkpt lat="46.15026843734085559844970703125" lon="90.96885940991342067718505859375">
        <ele>1144.5999755859375</ele>
        <time>2025-08-07T04:26:24.000Z</time>
        <extensions>
          <ns3:TrackPointExtension>
            <ns3:atemp>28.0</ns3:atemp>
          </ns3:TrackPointExtension>
        </extensions>
      </trkpt>
      <trkpt lat="46.150240860879421234130859375" lon="90.96927297301590442657470703125">
        <ele>1144.5999755859375</ele>
        <time>2025-08-07T04:26:28.000Z</time>
        <extensions>
          <ns3:TrackPointExtension>
            <ns3:atemp>28.0</ns3:atemp>
          </ns3:TrackPointExtension>
        </extensions>
      </trkpt>
      <trkpt lat="46.15019618533551692962646484375" lon="90.97012038342654705047607421875">
        <ele>1144.199951171875</ele>
        <time>2025-08-07T04:26:36.000Z</time>
        <extensions>
          <ns3:TrackPointExtension>
            <ns3:atemp>28.0</ns3:atemp>
          </ns3:TrackPointExtension>
        </extensions>
      </trkpt>
      <trkpt lat="46.15013147704303264617919921875" lon="90.9709799475967884063720703125">
        <ele>1144.4000244140625</ele>
        <time>2025-08-07T04:26:44.000Z</time>
        <extensions>
          <ns3:TrackPointExtension>
            <ns3:atemp>28.0</ns3:atemp>
          </ns3:TrackPointExtension>
        </extensions>
      </trkpt>
      <trkpt lat="46.15009836852550506591796875" lon="90.9717710316181182861328125">
        <ele>1144.4000244140625</ele>
        <time>2025-08-07T04:26:51.000Z</time>
        <extensions>
          <ns3:TrackPointExtension>
            <ns3:atemp>28.0</ns3:atemp>
          </ns3:TrackPointExtension>
        </extensions>
      </trkpt>
      <trkpt lat="46.1500405333936214447021484375" lon="90.97262741066515445709228515625">
        <ele>1145</ele>
        <time>2025-08-07T04:26:58.000Z</time>
        <extensions>
          <ns3:TrackPointExtension>
            <ns3:atemp>28.0</ns3:atemp>
          </ns3:TrackPointExtension>
        </extensions>
      </trkpt>
      <trkpt lat="46.1500294692814350128173828125" lon="90.97275448031723499298095703125">
        <ele>1145.199951171875</ele>
        <time>2025-08-07T04:26:59.000Z</time>
        <extensions>
          <ns3:TrackPointExtension>
            <ns3:atemp>28.0</ns3:atemp>
          </ns3:TrackPointExtension>
        </extensions>
      </trkpt>
      <trkpt lat="46.1499463208019733428955078125" lon="90.973535589873790740966796875">
        <ele>1145</ele>
        <time>2025-08-07T04:27:05.000Z</time>
        <extensions>
          <ns3:TrackPointExtension>
            <ns3:atemp>28.0</ns3:atemp>
          </ns3:TrackPointExtension>
        </extensions>
      </trkpt>
      <trkpt lat="46.14992729388177394866943359375" lon="90.97366869449615478515625">
        <ele>1145</ele>
        <time>2025-08-07T04:27:06.000Z</time>
        <extensions>
          <ns3:TrackPointExtension>
            <ns3:atemp>28.0</ns3:atemp>
          </ns3:TrackPointExtension>
        </extensions>
      </trkpt>
      <trkpt lat="46.14975772798061370849609375" lon="90.97443186677992343902587890625">
        <ele>1145.4000244140625</ele>
        <time>2025-08-07T04:27:12.000Z</time>
        <extensions>
          <ns3:TrackPointExtension>
            <ns3:atemp>28.0</ns3:atemp>
          </ns3:TrackPointExtension>
        </extensions>
      </trkpt>
      <trkpt lat="46.149585731327533721923828125" lon="90.97491852007806301116943359375">
        <ele>1145.800048828125</ele>
        <time>2025-08-07T04:27:16.000Z</time>
        <extensions>
          <ns3:TrackPointExtension>
            <ns3:atemp>28.0</ns3:atemp>
          </ns3:TrackPointExtension>
        </extensions>
      </trkpt>
      <trkpt lat="46.14948774687945842742919921875" lon="90.97514986060559749603271484375">
        <ele>1145.800048828125</ele>
        <time>2025-08-07T04:27:18.000Z</time>
        <extensions>
          <ns3:TrackPointExtension>
            <ns3:atemp>28.0</ns3:atemp>
          </ns3:TrackPointExtension>
        </extensions>
      </trkpt>
      <trkpt lat="46.14933519624173641204833984375" lon="90.97551614977419376373291015625">
        <ele>1144.5999755859375</ele>
        <time>2025-08-07T04:27:21.000Z</time>
        <extensions>
          <ns3:TrackPointExtension>
            <ns3:atemp>28.0</ns3:atemp>
          </ns3:TrackPointExtension>
        </extensions>
      </trkpt>
      <trkpt lat="46.1491171829402446746826171875" lon="90.9760057367384433746337890625">
        <ele>1143.5999755859375</ele>
        <time>2025-08-07T04:27:25.000Z</time>
        <extensions>
          <ns3:TrackPointExtension>
            <ns3:atemp>28.0</ns3:atemp>
          </ns3:TrackPointExtension>
        </extensions>
      </trkpt>
      <trkpt lat="46.1490595154464244842529296875" lon="90.9761301241815090179443359375">
        <ele>1143.4000244140625</ele>
        <time>2025-08-07T04:27:26.000Z</time>
        <extensions>
          <ns3:TrackPointExtension>
            <ns3:atemp>28.0</ns3:atemp>
          </ns3:TrackPointExtension>
        </extensions>
      </trkpt>
      <trkpt lat="46.14889179356396198272705078125" lon="90.97651259042322635650634765625">
        <ele>1142.4000244140625</ele>
        <time>2025-08-07T04:27:29.000Z</time>
        <extensions>
          <ns3:TrackPointExtension>
            <ns3:atemp>28.0</ns3:atemp>
          </ns3:TrackPointExtension>
        </extensions>
      </trkpt>
      <trkpt lat="46.14866875112056732177734375" lon="90.977037213742733001708984375">
        <ele>1142.199951171875</ele>
        <time>2025-08-07T04:27:33.000Z</time>
        <extensions>
          <ns3:TrackPointExtension>
            <ns3:atemp>28.0</ns3:atemp>
          </ns3:TrackPointExtension>
        </extensions>
      </trkpt>
      <trkpt lat="46.14833892323076725006103515625" lon="90.977801643311977386474609375">
        <ele>1142.199951171875</ele>
        <time>2025-08-07T04:27:39.000Z</time>
        <extensions>
          <ns3:TrackPointExtension>
            <ns3:atemp>28.0</ns3:atemp>
          </ns3:TrackPointExtension>
        </extensions>
      </trkpt>
      <trkpt lat="46.148173548281192779541015625" lon="90.97817145287990570068359375">
        <ele>1142.199951171875</ele>
        <time>2025-08-07T04:27:42.000Z</time>
        <extensions>
          <ns3:TrackPointExtension>
            <ns3:atemp>28.0</ns3:atemp>
          </ns3:TrackPointExtension>
        </extensions>
      </trkpt>
      <trkpt lat="46.148005239665508270263671875" lon="90.9785350598394870758056640625">
        <ele>1141.199951171875</ele>
        <time>2025-08-07T04:27:45.000Z</time>
        <extensions>
          <ns3:TrackPointExtension>
            <ns3:atemp>28.0</ns3:atemp>
          </ns3:TrackPointExtension>
        </extensions>
      </trkpt>
      <trkpt lat="46.14778672344982624053955078125" lon="90.97900385968387126922607421875">
        <ele>1140.4000244140625</ele>
        <time>2025-08-07T04:27:49.000Z</time>
        <extensions>
          <ns3:TrackPointExtension>
            <ns3:atemp>28.0</ns3:atemp>
          </ns3:TrackPointExtension>
        </extensions>
      </trkpt>
      <trkpt lat="46.14772603847086429595947265625" lon="90.97911248914897441864013671875">
        <ele>1140.4000244140625</ele>
        <time>2025-08-07T04:27:50.000Z</time>
        <extensions>
          <ns3:TrackPointExtension>
            <ns3:atemp>28.0</ns3:atemp>
          </ns3:TrackPointExtension>
        </extensions>
      </trkpt>
      <trkpt lat="46.14758874289691448211669921875" lon="90.9793018363416194915771484375">
        <ele>1140.199951171875</ele>
        <time>2025-08-07T04:27:52.000Z</time>
        <extensions>
          <ns3:TrackPointExtension>
            <ns3:atemp>28.0</ns3:atemp>
          </ns3:TrackPointExtension>
        </extensions>
      </trkpt>
      <trkpt lat="46.14751338958740234375" lon="90.9793812967836856842041015625">
        <ele>1140.199951171875</ele>
        <time>2025-08-07T04:27:53.000Z</time>
        <extensions>
          <ns3:TrackPointExtension>
            <ns3:atemp>28.0</ns3:atemp>
          </ns3:TrackPointExtension>
        </extensions>
      </trkpt>
      <trkpt lat="46.14736117422580718994140625" lon="90.979526974260807037353515625">
        <ele>1140.4000244140625</ele>
        <time>2025-08-07T04:27:55.000Z</time>
        <extensions>
          <ns3:TrackPointExtension>
            <ns3:atemp>28.0</ns3:atemp>
          </ns3:TrackPointExtension>
        </extensions>
      </trkpt>
      <trkpt lat="46.14712606184184551239013671875" lon="90.97970056347548961639404296875">
        <ele>1140</ele>
        <time>2025-08-07T04:27:58.000Z</time>
        <extensions>
          <ns3:TrackPointExtension>
            <ns3:atemp>28.0</ns3:atemp>
          </ns3:TrackPointExtension>
        </extensions>
      </trkpt>
      <trkpt lat="46.14672121591866016387939453125" lon="90.97998186014592647552490234375">
        <ele>1139.199951171875</ele>
        <time>2025-08-07T04:28:03.000Z</time>
        <extensions>
          <ns3:TrackPointExtension>
            <ns3:atemp>28.0</ns3:atemp>
          </ns3:TrackPointExtension>
        </extensions>
      </trkpt>
      <trkpt lat="46.146418713033199310302734375" lon="90.98019375465810298919677734375">
        <ele>1139.4000244140625</ele>
        <time>2025-08-07T04:28:07.000Z</time>
        <extensions>
          <ns3:TrackPointExtension>
            <ns3:atemp>28.0</ns3:atemp>
          </ns3:TrackPointExtension>
        </extensions>
      </trkpt>
      <trkpt lat="46.14600858651101589202880859375" lon="90.9805901348590850830078125">
        <ele>1138.199951171875</ele>
        <time>2025-08-07T04:28:13.000Z</time>
        <extensions>
          <ns3:TrackPointExtension>
            <ns3:atemp>28.0</ns3:atemp>
          </ns3:TrackPointExtension>
        </extensions>
      </trkpt>
      <trkpt lat="46.1458281241357326507568359375" lon="90.9808395802974700927734375">
        <ele>1138</ele>
        <time>2025-08-07T04:28:16.000Z</time>
        <extensions>
          <ns3:TrackPointExtension>
            <ns3:atemp>28.0</ns3:atemp>
          </ns3:TrackPointExtension>
        </extensions>
      </trkpt>
      <trkpt lat="46.1456692032516002655029296875" lon="90.98111459054052829742431640625">
        <ele>1137.4000244140625</ele>
        <time>2025-08-07T04:28:19.000Z</time>
        <extensions>
          <ns3:TrackPointExtension>
            <ns3:atemp>28.0</ns3:atemp>
          </ns3:TrackPointExtension>
        </extensions>
      </trkpt>
      <trkpt lat="46.1455325782299041748046875" lon="90.98142094910144805908203125">
        <ele>1137</ele>
        <time>2025-08-07T04:28:22.000Z</time>
        <extensions>
          <ns3:TrackPointExtension>
            <ns3:atemp>28.0</ns3:atemp>
          </ns3:TrackPointExtension>
        </extensions>
      </trkpt>
      <trkpt lat="46.14541523158550262451171875" lon="90.9817434847354888916015625">
        <ele>1136.5999755859375</ele>
        <time>2025-08-07T04:28:25.000Z</time>
        <extensions>
          <ns3:TrackPointExtension>
            <ns3:atemp>28.0</ns3:atemp>
          </ns3:TrackPointExtension>
        </extensions>
      </trkpt>
      <trkpt lat="46.1451468430459499359130859375" lon="90.98249894566833972930908203125">
        <ele>1136.199951171875</ele>
        <time>2025-08-07T04:28:32.000Z</time>
        <extensions>
          <ns3:TrackPointExtension>
            <ns3:atemp>28.0</ns3:atemp>
          </ns3:TrackPointExtension>
        </extensions>
      </trkpt>
      <trkpt lat="46.14507232792675495147705078125" lon="90.98271511495113372802734375">
        <ele>1136</ele>
        <time>2025-08-07T04:28:34.000Z</time>
        <extensions>
          <ns3:TrackPointExtension>
            <ns3:atemp>28.0</ns3:atemp>
          </ns3:TrackPointExtension>
        </extensions>
      </trkpt>
      <trkpt lat="46.14503435790538787841796875" lon="90.982823073863983154296875">
        <ele>1135.800048828125</ele>
        <time>2025-08-07T04:28:35.000Z</time>
        <extensions>
          <ns3:TrackPointExtension>
            <ns3:atemp>28.0</ns3:atemp>
          </ns3:TrackPointExtension>
        </extensions>
      </trkpt>
      <trkpt lat="46.1447642929852008819580078125" lon="90.98359085619449615478515625">
        <ele>1135.5999755859375</ele>
        <time>2025-08-07T04:28:42.000Z</time>
        <extensions>
          <ns3:TrackPointExtension>
            <ns3:atemp>28.0</ns3:atemp>
          </ns3:TrackPointExtension>
        </extensions>
      </trkpt>
      <trkpt lat="46.14472598768770694732666015625" lon="90.983697474002838134765625">
        <ele>1135.5999755859375</ele>
        <time>2025-08-07T04:28:43.000Z</time>
        <extensions>
          <ns3:TrackPointExtension>
            <ns3:atemp>28.0</ns3:atemp>
          </ns3:TrackPointExtension>
        </extensions>
      </trkpt>
      <trkpt lat="46.14446564577519893646240234375" lon="90.98442410118877887725830078125">
        <ele>1136</ele>
        <time>2025-08-07T04:28:50.000Z</time>
        <extensions>
          <ns3:TrackPointExtension>
            <ns3:atemp>28.0</ns3:atemp>
          </ns3:TrackPointExtension>
        </extensions>
      </trkpt>
      <trkpt lat="46.14436514675617218017578125" lon="90.984714366495609283447265625">
        <ele>1136</ele>
        <time>2025-08-07T04:28:53.000Z</time>
        <extensions>
          <ns3:TrackPointExtension>
            <ns3:atemp>28.0</ns3:atemp>
          </ns3:TrackPointExtension>
        </extensions>
      </trkpt>
      <trkpt lat="46.14423564635217189788818359375" lon="90.985156930983066558837890625">
        <ele>1136</ele>
        <time>2025-08-07T04:28:58.000Z</time>
        <extensions>
          <ns3:TrackPointExtension>
            <ns3:atemp>28.0</ns3:atemp>
          </ns3:TrackPointExtension>
        </extensions>
      </trkpt>
      <trkpt lat="46.1442194692790508270263671875" lon="90.98523546941578388214111328125">
        <ele>1136</ele>
        <time>2025-08-07T04:28:59.000Z</time>
        <extensions>
          <ns3:TrackPointExtension>
            <ns3:atemp>28.0</ns3:atemp>
          </ns3:TrackPointExtension>
        </extensions>
      </trkpt>
      <trkpt lat="46.1441624723374843597412109375" lon="90.985369496047496795654296875">
        <ele>1136</ele>
        <time>2025-08-07T04:29:01.000Z</time>
        <extensions>
          <ns3:TrackPointExtension>
            <ns3:atemp>28.0</ns3:atemp>
          </ns3:TrackPointExtension>
        </extensions>
      </trkpt>
      <trkpt lat="46.144129447638988494873046875" lon="90.98542573861777782440185546875">
        <ele>1136.199951171875</ele>
        <time>2025-08-07T04:29:02.000Z</time>
        <extensions>
          <ns3:TrackPointExtension>
            <ns3:atemp>28.0</ns3:atemp>
          </ns3:TrackPointExtension>
        </extensions>
      </trkpt>
      <trkpt lat="46.14410304464399814605712890625" lon="90.9854823164641857147216796875">
        <ele>1136.199951171875</ele>
        <time>2025-08-07T04:29:03.000Z</time>
        <extensions>
          <ns3:TrackPointExtension>
            <ns3:atemp>28.0</ns3:atemp>
          </ns3:TrackPointExtension>
        </extensions>
      </trkpt>
      <trkpt lat="46.144051663577556610107421875" lon="90.98567132838070392608642578125">
        <ele>1136.199951171875</ele>
        <time>2025-08-07T04:29:06.000Z</time>
        <extensions>
          <ns3:TrackPointExtension>
            <ns3:atemp>28.0</ns3:atemp>
          </ns3:TrackPointExtension>
        </extensions>
      </trkpt>
      <trkpt lat="46.144000701606273651123046875" lon="90.98586109466850757598876953125">
        <ele>1136.4000244140625</ele>
        <time>2025-08-07T04:29:09.000Z</time>
        <extensions>
          <ns3:TrackPointExtension>
            <ns3:atemp>28.0</ns3:atemp>
          </ns3:TrackPointExtension>
        </extensions>
      </trkpt>
      <trkpt lat="46.14394135773181915283203125" lon="90.98596955649554729461669921875">
        <ele>1136.4000244140625</ele>
        <time>2025-08-07T04:29:11.000Z</time>
        <extensions>
          <ns3:TrackPointExtension>
            <ns3:atemp>28.0</ns3:atemp>
          </ns3:TrackPointExtension>
        </extensions>
      </trkpt>
      <trkpt lat="46.1438111029565334320068359375" lon="90.98614490590989589691162109375">
        <ele>1136.4000244140625</ele>
        <time>2025-08-07T04:29:15.000Z</time>
        <extensions>
          <ns3:TrackPointExtension>
            <ns3:atemp>28.0</ns3:atemp>
          </ns3:TrackPointExtension>
        </extensions>
      </trkpt>
      <trkpt lat="46.14376525394618511199951171875" lon="90.98624297417700290679931640625">
        <ele>1136.199951171875</ele>
        <time>2025-08-07T04:29:17.000Z</time>
        <extensions>
          <ns3:TrackPointExtension>
            <ns3:atemp>28.0</ns3:atemp>
          </ns3:TrackPointExtension>
        </extensions>
      </trkpt>
      <trkpt lat="46.14374153316020965576171875" lon="90.98637172020971775054931640625">
        <ele>1136.199951171875</ele>
        <time>2025-08-07T04:29:20.000Z</time>
        <extensions>
          <ns3:TrackPointExtension>
            <ns3:atemp>28.0</ns3:atemp>
          </ns3:TrackPointExtension>
        </extensions>
      </trkpt>
      <trkpt lat="46.14375360310077667236328125" lon="90.9863885678350925445556640625">
        <ele>1136</ele>
        <time>2025-08-07T04:29:21.000Z</time>
        <extensions>
          <ns3:TrackPointExtension>
            <ns3:atemp>28.0</ns3:atemp>
          </ns3:TrackPointExtension>
        </extensions>
      </trkpt>
      <trkpt lat="46.14378268830478191375732421875" lon="90.9864301420748233795166015625">
        <ele>1136</ele>
        <time>2025-08-07T04:29:23.000Z</time>
        <extensions>
          <ns3:TrackPointExtension>
            <ns3:atemp>28.0</ns3:atemp>
          </ns3:TrackPointExtension>
        </extensions>
      </trkpt>
      <trkpt lat="46.14377816207706928253173828125" lon="90.9865005500614643096923828125">
        <ele>1136</ele>
        <time>2025-08-07T04:29:25.000Z</time>
        <extensions>
          <ns3:TrackPointExtension>
            <ns3:atemp>28.0</ns3:atemp>
          </ns3:TrackPointExtension>
        </extensions>
      </trkpt>
      <trkpt lat="46.1436800099909305572509765625" lon="90.986637510359287261962890625">
        <ele>1136</ele>
        <time>2025-08-07T04:29:30.000Z</time>
        <extensions>
          <ns3:TrackPointExtension>
            <ns3:atemp>28.0</ns3:atemp>
          </ns3:TrackPointExtension>
        </extensions>
      </trkpt>
      <trkpt lat="46.14367489702999591827392578125" lon="90.98664396442472934722900390625">
        <ele>1136</ele>
        <time>2025-08-07T04:29:32.000Z</time>
        <extensions>
          <ns3:TrackPointExtension>
            <ns3:atemp>28.0</ns3:atemp>
          </ns3:TrackPointExtension>
        </extensions>
      </trkpt>
      <trkpt lat="46.14367489702999591827392578125" lon="90.98664396442472934722900390625">
        <ele>1135.199951171875</ele>
        <time>2025-08-07T04:30:56.000Z</time>
        <extensions>
          <ns3:TrackPointExtension>
            <ns3:atemp>28.0</ns3:atemp>
          </ns3:TrackPointExtension>
        </extensions>
      </trkpt>
      <trkpt lat="46.14367489702999591827392578125" lon="90.98664396442472934722900390625">
        <ele>1135.199951171875</ele>
        <time>2025-08-07T04:30:57.000Z</time>
        <extensions>
          <ns3:TrackPointExtension>
            <ns3:atemp>28.0</ns3:atemp>
          </ns3:TrackPointExtension>
        </extensions>
      </trkpt>
      <trkpt lat="46.14360884763300418853759765625" lon="90.9867744706571102142333984375">
        <ele>1134.800048828125</ele>
        <time>2025-08-07T04:33:42.000Z</time>
        <extensions>
          <ns3:TrackPointExtension>
            <ns3:atemp>28.0</ns3:atemp>
          </ns3:TrackPointExtension>
        </extensions>
      </trkpt>
      <trkpt lat="46.14358135499060153961181640625" lon="90.986848063766956329345703125">
        <ele>1134.800048828125</ele>
        <time>2025-08-07T04:33:44.000Z</time>
        <extensions>
          <ns3:TrackPointExtension>
            <ns3:atemp>28.0</ns3:atemp>
          </ns3:TrackPointExtension>
        </extensions>
      </trkpt>
      <trkpt lat="46.1434699594974517822265625" lon="90.9872044622898101806640625">
        <ele>1134.5999755859375</ele>
        <time>2025-08-07T04:33:51.000Z</time>
        <extensions>
          <ns3:TrackPointExtension>
            <ns3:atemp>28.0</ns3:atemp>
          </ns3:TrackPointExtension>
        </extensions>
      </trkpt>
      <trkpt lat="46.14342025481164455413818359375" lon="90.9873008541762828826904296875">
        <ele>1134.5999755859375</ele>
        <time>2025-08-07T04:33:53.000Z</time>
        <extensions>
          <ns3:TrackPointExtension>
            <ns3:atemp>28.0</ns3:atemp>
          </ns3:TrackPointExtension>
        </extensions>
      </trkpt>
      <trkpt lat="46.14335252903401851654052734375" lon="90.98734871484339237213134765625">
        <ele>1134.5999755859375</ele>
        <time>2025-08-07T04:33:55.000Z</time>
        <extensions>
          <ns3:TrackPointExtension>
            <ns3:atemp>28.0</ns3:atemp>
          </ns3:TrackPointExtension>
        </extensions>
      </trkpt>
      <trkpt lat="46.14321992732584476470947265625" lon="90.9873504750430583953857421875">
        <ele>1134.800048828125</ele>
        <time>2025-08-07T04:33:59.000Z</time>
        <extensions>
          <ns3:TrackPointExtension>
            <ns3:atemp>28.0</ns3:atemp>
          </ns3:TrackPointExtension>
        </extensions>
      </trkpt>
      <trkpt lat="46.143193356692790985107421875" lon="90.98740168847143650054931640625">
        <ele>1134.800048828125</ele>
        <time>2025-08-07T04:34:01.000Z</time>
        <extensions>
          <ns3:TrackPointExtension>
            <ns3:atemp>28.0</ns3:atemp>
          </ns3:TrackPointExtension>
        </extensions>
      </trkpt>
      <trkpt lat="46.14319930784404277801513671875" lon="90.9874255768954753875732421875">
        <ele>1135</ele>
        <time>2025-08-07T04:34:02.000Z</time>
        <extensions>
          <ns3:TrackPointExtension>
            <ns3:atemp>28.0</ns3:atemp>
          </ns3:TrackPointExtension>
        </extensions>
      </trkpt>
      <trkpt lat="46.143256388604640960693359375" lon="90.98748919554054737091064453125">
        <ele>1135.199951171875</ele>
        <time>2025-08-07T04:34:07.000Z</time>
        <extensions>
          <ns3:TrackPointExtension>
            <ns3:atemp>28.0</ns3:atemp>
          </ns3:TrackPointExtension>
        </extensions>
      </trkpt>
      <trkpt lat="46.14325873553752899169921875" lon="90.9874876029789447784423828125">
        <ele>1135.4000244140625</ele>
        <time>2025-08-07T04:34:09.000Z</time>
        <extensions>
          <ns3:TrackPointExtension>
            <ns3:atemp>28.0</ns3:atemp>
          </ns3:TrackPointExtension>
        </extensions>
      </trkpt>
      <trkpt lat="46.14331305027008056640625" lon="90.98769488744437694549560546875">
        <ele>1117.199951171875</ele>
        <time>2025-08-07T04:38:17.000Z</time>
        <extensions>
          <ns3:TrackPointExtension>
            <ns3:atemp>29.0</ns3:atemp>
          </ns3:TrackPointExtension>
        </extensions>
      </trkpt>
      <trkpt lat="46.14331162534654140472412109375" lon="90.987707711756229400634765625">
        <ele>1117.199951171875</ele>
        <time>2025-08-07T04:38:19.000Z</time>
        <extensions>
          <ns3:TrackPointExtension>
            <ns3:atemp>29.0</ns3:atemp>
          </ns3:TrackPointExtension>
        </extensions>
      </trkpt>
      <trkpt lat="46.1433269642293453216552734375" lon="90.987744592130184173583984375">
        <ele>1117</ele>
        <time>2025-08-07T04:38:25.000Z</time>
        <extensions>
          <ns3:TrackPointExtension>
            <ns3:atemp>29.0</ns3:atemp>
          </ns3:TrackPointExtension>
        </extensions>
      </trkpt>
      <trkpt lat="46.14333777688443660736083984375" lon="90.988017506897449493408203125">
        <ele>1113.4000244140625</ele>
        <time>2025-08-07T04:42:48.000Z</time>
        <extensions>
          <ns3:TrackPointExtension>
            <ns3:atemp>28.0</ns3:atemp>
          </ns3:TrackPointExtension>
        </extensions>
      </trkpt>
      <trkpt lat="46.143334843218326568603515625" lon="90.988028235733509063720703125">
        <ele>1113.4000244140625</ele>
        <time>2025-08-07T04:42:49.000Z</time>
        <extensions>
          <ns3:TrackPointExtension>
            <ns3:atemp>28.0</ns3:atemp>
          </ns3:TrackPointExtension>
        </extensions>
      </trkpt>
      <trkpt lat="46.14333459176123142242431640625" lon="90.98802764900028705596923828125">
        <ele>1113.4000244140625</ele>
        <time>2025-08-07T04:42:52.000Z</time>
        <extensions>
          <ns3:TrackPointExtension>
            <ns3:atemp>28.0</ns3:atemp>
          </ns3:TrackPointExtension>
        </extensions>
      </trkpt>
      <trkpt lat="46.143270470201969146728515625" lon="90.98802597261965274810791015625">
        <ele>1112.5999755859375</ele>
        <time>2025-08-07T04:44:54.000Z</time>
        <extensions>
          <ns3:TrackPointExtension>
            <ns3:atemp>28.0</ns3:atemp>
          </ns3:TrackPointExtension>
        </extensions>
      </trkpt>
      <trkpt lat="46.14326569251716136932373046875" lon="90.98803569562733173370361328125">
        <ele>1112.5999755859375</ele>
        <time>2025-08-07T04:44:55.000Z</time>
        <extensions>
          <ns3:TrackPointExtension>
            <ns3:atemp>28.0</ns3:atemp>
          </ns3:TrackPointExtension>
        </extensions>
      </trkpt>
      <trkpt lat="46.1432635970413684844970703125" lon="90.98803871311247348785400390625">
        <ele>1112.5999755859375</ele>
        <time>2025-08-07T04:44:57.000Z</time>
        <extensions>
          <ns3:TrackPointExtension>
            <ns3:atemp>28.0</ns3:atemp>
          </ns3:TrackPointExtension>
        </extensions>
      </trkpt>
      <trkpt lat="46.1432635970413684844970703125" lon="90.98803871311247348785400390625">
        <ele>1112.5999755859375</ele>
        <time>2025-08-07T04:44:59.000Z</time>
        <extensions>
          <ns3:TrackPointExtension>
            <ns3:atemp>28.0</ns3:atemp>
          </ns3:TrackPointExtension>
        </extensions>
      </trkpt>
      <trkpt lat="46.14324289374053478240966796875" lon="90.9881083667278289794921875">
        <ele>1112.800048828125</ele>
        <time>2025-08-07T04:48:03.000Z</time>
        <extensions>
          <ns3:TrackPointExtension>
            <ns3:atemp>28.0</ns3:atemp>
          </ns3:TrackPointExtension>
        </extensions>
      </trkpt>
      <trkpt lat="46.14322897978127002716064453125" lon="90.98811306059360504150390625">
        <ele>1112.800048828125</ele>
        <time>2025-08-07T04:48:04.000Z</time>
        <extensions>
          <ns3:TrackPointExtension>
            <ns3:atemp>28.0</ns3:atemp>
          </ns3:TrackPointExtension>
        </extensions>
      </trkpt>
      <trkpt lat="46.14320282824337482452392578125" lon="90.9881217777729034423828125">
        <ele>1112.800048828125</ele>
        <time>2025-08-07T04:48:08.000Z</time>
        <extensions>
          <ns3:TrackPointExtension>
            <ns3:atemp>28.0</ns3:atemp>
          </ns3:TrackPointExtension>
        </extensions>
      </trkpt>
      <trkpt lat="46.143069304525852203369140625" lon="90.9881108812987804412841796875">
        <ele>1112.4000244140625</ele>
        <time>2025-08-07T04:49:07.000Z</time>
        <extensions>
          <ns3:TrackPointExtension>
            <ns3:atemp>29.0</ns3:atemp>
          </ns3:TrackPointExtension>
        </extensions>
      </trkpt>
      <trkpt lat="46.1430349387228488922119140625" lon="90.9881008230149745941162109375">
        <ele>1112.4000244140625</ele>
        <time>2025-08-07T04:49:08.000Z</time>
        <extensions>
          <ns3:TrackPointExtension>
            <ns3:atemp>29.0</ns3:atemp>
          </ns3:TrackPointExtension>
        </extensions>
      </trkpt>
      <trkpt lat="46.1429866589605808258056640625" lon="90.98810493014752864837646484375">
        <ele>1111.800048828125</ele>
        <time>2025-08-07T04:49:10.000Z</time>
        <extensions>
          <ns3:TrackPointExtension>
            <ns3:atemp>29.0</ns3:atemp>
          </ns3:TrackPointExtension>
        </extensions>
      </trkpt>
      <trkpt lat="46.142971403896808624267578125" lon="90.9881217777729034423828125">
        <ele>1111.5999755859375</ele>
        <time>2025-08-07T04:49:11.000Z</time>
        <extensions>
          <ns3:TrackPointExtension>
            <ns3:atemp>29.0</ns3:atemp>
          </ns3:TrackPointExtension>
        </extensions>
      </trkpt>
      <trkpt lat="46.142964027822017669677734375" lon="90.98816829733550548553466796875">
        <ele>1111.4000244140625</ele>
        <time>2025-08-07T04:49:12.000Z</time>
        <extensions>
          <ns3:TrackPointExtension>
            <ns3:atemp>29.0</ns3:atemp>
          </ns3:TrackPointExtension>
        </extensions>
      </trkpt>
      <trkpt lat="46.142957992851734161376953125" lon="90.98828078247606754302978515625">
        <ele>1111.4000244140625</ele>
        <time>2025-08-07T04:49:14.000Z</time>
        <extensions>
          <ns3:TrackPointExtension>
            <ns3:atemp>29.0</ns3:atemp>
          </ns3:TrackPointExtension>
        </extensions>
      </trkpt>
      <trkpt lat="46.1429115571081638336181640625" lon="90.9887033142149448394775390625">
        <ele>1111</ele>
        <time>2025-08-07T04:49:22.000Z</time>
        <extensions>
          <ns3:TrackPointExtension>
            <ns3:atemp>29.0</ns3:atemp>
          </ns3:TrackPointExtension>
        </extensions>
      </trkpt>
      <trkpt lat="46.142900325357913970947265625" lon="90.9888075850903987884521484375">
        <ele>1111</ele>
        <time>2025-08-07T04:49:24.000Z</time>
        <extensions>
          <ns3:TrackPointExtension>
            <ns3:atemp>29.0</ns3:atemp>
          </ns3:TrackPointExtension>
        </extensions>
      </trkpt>
      <trkpt lat="46.14287023432552814483642578125" lon="90.98904118873178958892822265625">
        <ele>1111</ele>
        <time>2025-08-07T04:49:29.000Z</time>
        <extensions>
          <ns3:TrackPointExtension>
            <ns3:atemp>29.0</ns3:atemp>
          </ns3:TrackPointExtension>
        </extensions>
      </trkpt>
      <trkpt lat="46.14285062067210674285888671875" lon="90.98938249982893466949462890625">
        <ele>1110.800048828125</ele>
        <time>2025-08-07T04:49:37.000Z</time>
        <extensions>
          <ns3:TrackPointExtension>
            <ns3:atemp>29.0</ns3:atemp>
          </ns3:TrackPointExtension>
        </extensions>
      </trkpt>
      <trkpt lat="46.1428354494273662567138671875" lon="90.98954896442592144012451171875">
        <ele>1110.800048828125</ele>
        <time>2025-08-07T04:49:41.000Z</time>
        <extensions>
          <ns3:TrackPointExtension>
            <ns3:atemp>29.0</ns3:atemp>
          </ns3:TrackPointExtension>
        </extensions>
      </trkpt>
      <trkpt lat="46.1427744291722774505615234375" lon="90.989829003810882568359375">
        <ele>1111.199951171875</ele>
        <time>2025-08-07T04:49:48.000Z</time>
        <extensions>
          <ns3:TrackPointExtension>
            <ns3:atemp>29.0</ns3:atemp>
          </ns3:TrackPointExtension>
        </extensions>
      </trkpt>
      <trkpt lat="46.14275858737528324127197265625" lon="90.99013066850602626800537109375">
        <ele>1111.199951171875</ele>
        <time>2025-08-07T04:49:55.000Z</time>
        <extensions>
          <ns3:TrackPointExtension>
            <ns3:atemp>29.0</ns3:atemp>
          </ns3:TrackPointExtension>
        </extensions>
      </trkpt>
      <trkpt lat="46.14270930178463459014892578125" lon="90.99031708203256130218505859375">
        <ele>1111.199951171875</ele>
        <time>2025-08-07T04:50:00.000Z</time>
        <extensions>
          <ns3:TrackPointExtension>
            <ns3:atemp>29.0</ns3:atemp>
          </ns3:TrackPointExtension>
        </extensions>
      </trkpt>
      <trkpt lat="46.14268113858997821807861328125" lon="90.99067314527928829193115234375">
        <ele>1111</ele>
        <time>2025-08-07T04:50:08.000Z</time>
        <extensions>
          <ns3:TrackPointExtension>
            <ns3:atemp>29.0</ns3:atemp>
          </ns3:TrackPointExtension>
        </extensions>
      </trkpt>
      <trkpt lat="46.14266328513622283935546875" lon="90.9909461438655853271484375">
        <ele>1110.800048828125</ele>
        <time>2025-08-07T04:50:14.000Z</time>
        <extensions>
          <ns3:TrackPointExtension>
            <ns3:atemp>29.0</ns3:atemp>
          </ns3:TrackPointExtension>
        </extensions>
      </trkpt>
      <trkpt lat="46.1426170170307159423828125" lon="90.991092659533023834228515625">
        <ele>1110.5999755859375</ele>
        <time>2025-08-07T04:50:20.000Z</time>
        <extensions>
          <ns3:TrackPointExtension>
            <ns3:atemp>29.0</ns3:atemp>
          </ns3:TrackPointExtension>
        </extensions>
      </trkpt>
      <trkpt lat="46.142618693411350250244140625" lon="90.991095341742038726806640625">
        <ele>1110.5999755859375</ele>
        <time>2025-08-07T04:50:22.000Z</time>
        <extensions>
          <ns3:TrackPointExtension>
            <ns3:atemp>29.0</ns3:atemp>
          </ns3:TrackPointExtension>
        </extensions>
      </trkpt>
      <trkpt lat="46.14255524240434169769287109375" lon="90.99117957986891269683837890625">
        <ele>1113.800048828125</ele>
        <time>2025-08-07T04:51:11.000Z</time>
        <extensions>
          <ns3:TrackPointExtension>
            <ns3:atemp>29.0</ns3:atemp>
          </ns3:TrackPointExtension>
        </extensions>
      </trkpt>
      <trkpt lat="46.14255373366177082061767578125" lon="90.99121562205255031585693359375">
        <ele>1114.199951171875</ele>
        <time>2025-08-07T04:51:12.000Z</time>
        <extensions>
          <ns3:TrackPointExtension>
            <ns3:atemp>29.0</ns3:atemp>
          </ns3:TrackPointExtension>
        </extensions>
      </trkpt>
      <trkpt lat="46.14254786632955074310302734375" lon="90.99125602282583713531494140625">
        <ele>1114.800048828125</ele>
        <time>2025-08-07T04:51:13.000Z</time>
        <extensions>
          <ns3:TrackPointExtension>
            <ns3:atemp>29.0</ns3:atemp>
          </ns3:TrackPointExtension>
        </extensions>
      </trkpt>
      <trkpt lat="46.1425043642520904541015625" lon="90.99145266227424144744873046875">
        <ele>1115.5999755859375</ele>
        <time>2025-08-07T04:51:17.000Z</time>
        <extensions>
          <ns3:TrackPointExtension>
            <ns3:atemp>29.0</ns3:atemp>
          </ns3:TrackPointExtension>
        </extensions>
      </trkpt>
      <trkpt lat="46.14248986355960369110107421875" lon="90.99168601445853710174560546875">
        <ele>1116</ele>
        <time>2025-08-07T04:51:21.000Z</time>
        <extensions>
          <ns3:TrackPointExtension>
            <ns3:atemp>29.0</ns3:atemp>
          </ns3:TrackPointExtension>
        </extensions>
      </trkpt>
      <trkpt lat="46.1424881033599376678466796875" lon="90.99190930835902690887451171875">
        <ele>1116.4000244140625</ele>
        <time>2025-08-07T04:51:25.000Z</time>
        <extensions>
          <ns3:TrackPointExtension>
            <ns3:atemp>29.0</ns3:atemp>
          </ns3:TrackPointExtension>
        </extensions>
      </trkpt>
      <trkpt lat="46.14247159101068973541259765625" lon="90.99212296307086944580078125">
        <ele>1117</ele>
        <time>2025-08-07T04:51:29.000Z</time>
        <extensions>
          <ns3:TrackPointExtension>
            <ns3:atemp>29.0</ns3:atemp>
          </ns3:TrackPointExtension>
        </extensions>
      </trkpt>
      <trkpt lat="46.1424522288143634796142578125" lon="90.99228532053530216217041015625">
        <ele>1117.199951171875</ele>
        <time>2025-08-07T04:51:32.000Z</time>
        <extensions>
          <ns3:TrackPointExtension>
            <ns3:atemp>29.0</ns3:atemp>
          </ns3:TrackPointExtension>
        </extensions>
      </trkpt>
      <trkpt lat="46.142410822212696075439453125" lon="90.99267574958503246307373046875">
        <ele>1118</ele>
        <time>2025-08-07T04:51:39.000Z</time>
        <extensions>
          <ns3:TrackPointExtension>
            <ns3:atemp>29.0</ns3:atemp>
          </ns3:TrackPointExtension>
        </extensions>
      </trkpt>
      <trkpt lat="46.142394728958606719970703125" lon="90.99285931326448917388916015625">
        <ele>1118.5999755859375</ele>
        <time>2025-08-07T04:51:42.000Z</time>
        <extensions>
          <ns3:TrackPointExtension>
            <ns3:atemp>29.0</ns3:atemp>
          </ns3:TrackPointExtension>
        </extensions>
      </trkpt>
      <trkpt lat="46.142375953495502471923828125" lon="90.99318067543208599090576171875">
        <ele>1119.199951171875</ele>
        <time>2025-08-07T04:51:47.000Z</time>
        <extensions>
          <ns3:TrackPointExtension>
            <ns3:atemp>29.0</ns3:atemp>
          </ns3:TrackPointExtension>
        </extensions>
      </trkpt>
      <trkpt lat="46.14238165318965911865234375" lon="90.99336239509284496307373046875">
        <ele>1119.199951171875</ele>
        <time>2025-08-07T04:51:50.000Z</time>
        <extensions>
          <ns3:TrackPointExtension>
            <ns3:atemp>29.0</ns3:atemp>
          </ns3:TrackPointExtension>
        </extensions>
      </trkpt>
      <trkpt lat="46.14238257519900798797607421875" lon="90.99342651665210723876953125">
        <ele>1119.4000244140625</ele>
        <time>2025-08-07T04:51:51.000Z</time>
        <extensions>
          <ns3:TrackPointExtension>
            <ns3:atemp>29.0</ns3:atemp>
          </ns3:TrackPointExtension>
        </extensions>
      </trkpt>
      <trkpt lat="46.1423714272677898406982421875" lon="90.9935480542480945587158203125">
        <ele>1119.4000244140625</ele>
        <time>2025-08-07T04:51:53.000Z</time>
        <extensions>
          <ns3:TrackPointExtension>
            <ns3:atemp>29.0</ns3:atemp>
          </ns3:TrackPointExtension>
        </extensions>
      </trkpt>
      <trkpt lat="46.14235189743340015411376953125" lon="90.99366246722638607025146484375">
        <ele>1119.5999755859375</ele>
        <time>2025-08-07T04:51:55.000Z</time>
        <extensions>
          <ns3:TrackPointExtension>
            <ns3:atemp>29.0</ns3:atemp>
          </ns3:TrackPointExtension>
        </extensions>
      </trkpt>
      <trkpt lat="46.142353154718875885009765625" lon="90.99383865483105182647705078125">
        <ele>1119.800048828125</ele>
        <time>2025-08-07T04:51:59.000Z</time>
        <extensions>
          <ns3:TrackPointExtension>
            <ns3:atemp>29.0</ns3:atemp>
          </ns3:TrackPointExtension>
        </extensions>
      </trkpt>
      <trkpt lat="46.1423549987375736236572265625" lon="90.99387151189148426055908203125">
        <ele>1120.199951171875</ele>
        <time>2025-08-07T04:52:00.000Z</time>
        <extensions>
          <ns3:TrackPointExtension>
            <ns3:atemp>29.0</ns3:atemp>
          </ns3:TrackPointExtension>
        </extensions>
      </trkpt>
      <trkpt lat="46.14235323853790760040283203125" lon="90.9939051233232021331787109375">
        <ele>1120.800048828125</ele>
        <time>2025-08-07T04:52:03.000Z</time>
        <extensions>
          <ns3:TrackPointExtension>
            <ns3:atemp>29.0</ns3:atemp>
          </ns3:TrackPointExtension>
        </extensions>
      </trkpt>
      <trkpt lat="46.14235323853790760040283203125" lon="90.9939051233232021331787109375">
        <ele>1121.4000244140625</ele>
        <time>2025-08-07T04:52:04.000Z</time>
        <extensions>
          <ns3:TrackPointExtension>
            <ns3:atemp>29.0</ns3:atemp>
          </ns3:TrackPointExtension>
        </extensions>
      </trkpt>
      <trkpt lat="46.14233496598899364471435546875" lon="90.99403009749948978424072265625">
        <ele>1125</ele>
        <time>2025-08-07T04:52:56.000Z</time>
        <extensions>
          <ns3:TrackPointExtension>
            <ns3:atemp>29.0</ns3:atemp>
          </ns3:TrackPointExtension>
        </extensions>
      </trkpt>
      <trkpt lat="46.142317615449428558349609375" lon="90.99412389099597930908203125">
        <ele>1125</ele>
        <time>2025-08-07T04:52:59.000Z</time>
        <extensions>
          <ns3:TrackPointExtension>
            <ns3:atemp>29.0</ns3:atemp>
          </ns3:TrackPointExtension>
        </extensions>
      </trkpt>
      <trkpt lat="46.14227009005844593048095703125" lon="90.994318015873432159423828125">
        <ele>1125.5999755859375</ele>
        <time>2025-08-07T04:53:04.000Z</time>
        <extensions>
          <ns3:TrackPointExtension>
            <ns3:atemp>29.0</ns3:atemp>
          </ns3:TrackPointExtension>
        </extensions>
      </trkpt>
      <trkpt lat="46.142166741192340850830078125" lon="90.994553379714488983154296875">
        <ele>1126</ele>
        <time>2025-08-07T04:53:10.000Z</time>
        <extensions>
          <ns3:TrackPointExtension>
            <ns3:atemp>29.0</ns3:atemp>
          </ns3:TrackPointExtension>
        </extensions>
      </trkpt>
      <trkpt lat="46.14215207286179065704345703125" lon="90.99460023455321788787841796875">
        <ele>1126.199951171875</ele>
        <time>2025-08-07T04:53:11.000Z</time>
        <extensions>
          <ns3:TrackPointExtension>
            <ns3:atemp>29.0</ns3:atemp>
          </ns3:TrackPointExtension>
        </extensions>
      </trkpt>
      <trkpt lat="46.1420961655676364898681640625" lon="90.994876585900783538818359375">
        <ele>1126.800048828125</ele>
        <time>2025-08-07T04:53:18.000Z</time>
        <extensions>
          <ns3:TrackPointExtension>
            <ns3:atemp>29.0</ns3:atemp>
          </ns3:TrackPointExtension>
        </extensions>
      </trkpt>
      <trkpt lat="46.1420944891870021820068359375" lon="90.9948925115168094635009765625">
        <ele>1127</ele>
        <time>2025-08-07T04:53:19.000Z</time>
        <extensions>
          <ns3:TrackPointExtension>
            <ns3:atemp>29.0</ns3:atemp>
          </ns3:TrackPointExtension>
        </extensions>
      </trkpt>
      <trkpt lat="46.1420951597392559051513671875" lon="90.99489728920161724090576171875">
        <ele>1127.199951171875</ele>
        <time>2025-08-07T04:53:20.000Z</time>
        <extensions>
          <ns3:TrackPointExtension>
            <ns3:atemp>29.0</ns3:atemp>
          </ns3:TrackPointExtension>
        </extensions>
      </trkpt>
      <trkpt lat="46.1420951597392559051513671875" lon="90.99489728920161724090576171875">
        <ele>1127.4000244140625</ele>
        <time>2025-08-07T04:53:22.000Z</time>
        <extensions>
          <ns3:TrackPointExtension>
            <ns3:atemp>29.0</ns3:atemp>
          </ns3:TrackPointExtension>
        </extensions>
      </trkpt>
      <trkpt lat="46.14207982085645198822021484375" lon="90.99497658200562000274658203125">
        <ele>1127.199951171875</ele>
        <time>2025-08-07T05:10:10.000Z</time>
        <extensions>
          <ns3:TrackPointExtension>
            <ns3:atemp>34.0</ns3:atemp>
          </ns3:TrackPointExtension>
        </extensions>
      </trkpt>
      <trkpt lat="46.14207060076296329498291015625" lon="90.995027124881744384765625">
        <ele>1127.199951171875</ele>
        <time>2025-08-07T05:10:12.000Z</time>
        <extensions>
          <ns3:TrackPointExtension>
            <ns3:atemp>34.0</ns3:atemp>
          </ns3:TrackPointExtension>
        </extensions>
      </trkpt>
      <trkpt lat="46.14205710589885711669921875" lon="90.9950936771929264068603515625">
        <ele>1127.199951171875</ele>
        <time>2025-08-07T05:10:14.000Z</time>
        <extensions>
          <ns3:TrackPointExtension>
            <ns3:atemp>34.0</ns3:atemp>
          </ns3:TrackPointExtension>
        </extensions>
      </trkpt>
      <trkpt lat="46.1420458741486072540283203125" lon="90.9951711259782314300537109375">
        <ele>1127.4000244140625</ele>
        <time>2025-08-07T05:10:16.000Z</time>
        <extensions>
          <ns3:TrackPointExtension>
            <ns3:atemp>34.0</ns3:atemp>
          </ns3:TrackPointExtension>
        </extensions>
      </trkpt>
      <trkpt lat="46.14199181087315082550048828125" lon="90.99547698162496089935302734375">
        <ele>1127.4000244140625</ele>
        <time>2025-08-07T05:10:22.000Z</time>
        <extensions>
          <ns3:TrackPointExtension>
            <ns3:atemp>34.0</ns3:atemp>
          </ns3:TrackPointExtension>
        </extensions>
      </trkpt>
      <trkpt lat="46.14193095825612545013427734375" lon="90.99571569822728633880615234375">
        <ele>1127.4000244140625</ele>
        <time>2025-08-07T05:10:27.000Z</time>
        <extensions>
          <ns3:TrackPointExtension>
            <ns3:atemp>34.0</ns3:atemp>
          </ns3:TrackPointExtension>
        </extensions>
      </trkpt>
      <trkpt lat="46.14190815947949886322021484375" lon="90.9959959052503108978271484375">
        <ele>1127.5999755859375</ele>
        <time>2025-08-07T05:10:33.000Z</time>
        <extensions>
          <ns3:TrackPointExtension>
            <ns3:atemp>34.0</ns3:atemp>
          </ns3:TrackPointExtension>
        </extensions>
      </trkpt>
      <trkpt lat="46.14189458079636096954345703125" lon="90.99631567485630512237548828125">
        <ele>1127.5999755859375</ele>
        <time>2025-08-07T05:10:40.000Z</time>
        <extensions>
          <ns3:TrackPointExtension>
            <ns3:atemp>34.0</ns3:atemp>
          </ns3:TrackPointExtension>
        </extensions>
      </trkpt>
      <trkpt lat="46.14187496714293956756591796875" lon="90.9965682215988636016845703125">
        <ele>1127.5999755859375</ele>
        <time>2025-08-07T05:10:46.000Z</time>
        <extensions>
          <ns3:TrackPointExtension>
            <ns3:atemp>34.0</ns3:atemp>
          </ns3:TrackPointExtension>
        </extensions>
      </trkpt>
      <trkpt lat="46.14186021499335765838623046875" lon="90.996892936527729034423828125">
        <ele>1127.5999755859375</ele>
        <time>2025-08-07T05:10:54.000Z</time>
        <extensions>
          <ns3:TrackPointExtension>
            <ns3:atemp>34.0</ns3:atemp>
          </ns3:TrackPointExtension>
        </extensions>
      </trkpt>
      <trkpt lat="46.14185200072824954986572265625" lon="90.9969407133758068084716796875">
        <ele>1127.5999755859375</ele>
        <time>2025-08-07T05:10:56.000Z</time>
        <extensions>
          <ns3:TrackPointExtension>
            <ns3:atemp>34.0</ns3:atemp>
          </ns3:TrackPointExtension>
        </extensions>
      </trkpt>
      <trkpt lat="46.1418534256517887115478515625" lon="90.99694557487964630126953125">
        <ele>1127.800048828125</ele>
        <time>2025-08-07T05:10:58.000Z</time>
        <extensions>
          <ns3:TrackPointExtension>
            <ns3:atemp>34.0</ns3:atemp>
          </ns3:TrackPointExtension>
        </extensions>
      </trkpt>
      <trkpt lat="46.141864322125911712646484375" lon="90.99702511914074420928955078125">
        <ele>1128.5999755859375</ele>
        <time>2025-08-07T05:11:45.000Z</time>
        <extensions>
          <ns3:TrackPointExtension>
            <ns3:atemp>34.0</ns3:atemp>
          </ns3:TrackPointExtension>
        </extensions>
      </trkpt>
      <trkpt lat="46.1418574489653110504150390625" lon="90.9970966167747974395751953125">
        <ele>1128.5999755859375</ele>
        <time>2025-08-07T05:11:47.000Z</time>
        <extensions>
          <ns3:TrackPointExtension>
            <ns3:atemp>33.0</ns3:atemp>
          </ns3:TrackPointExtension>
        </extensions>
      </trkpt>
      <trkpt lat="46.14180003292858600616455078125" lon="90.99740565754473209381103515625">
        <ele>1128.800048828125</ele>
        <time>2025-08-07T05:11:53.000Z</time>
        <extensions>
          <ns3:TrackPointExtension>
            <ns3:atemp>33.0</ns3:atemp>
          </ns3:TrackPointExtension>
        </extensions>
      </trkpt>
      <trkpt lat="46.141784191131591796875" lon="90.99746449850499629974365234375">
        <ele>1128.800048828125</ele>
        <time>2025-08-07T05:11:54.000Z</time>
        <extensions>
          <ns3:TrackPointExtension>
            <ns3:atemp>33.0</ns3:atemp>
          </ns3:TrackPointExtension>
        </extensions>
      </trkpt>
      <trkpt lat="46.14167983643710613250732421875" lon="90.99767605774104595184326171875">
        <ele>1128.5999755859375</ele>
        <time>2025-08-07T05:11:58.000Z</time>
        <extensions>
          <ns3:TrackPointExtension>
            <ns3:atemp>33.0</ns3:atemp>
          </ns3:TrackPointExtension>
        </extensions>
      </trkpt>
      <trkpt lat="46.14163792692124843597412109375" lon="90.99777328781783580780029296875">
        <ele>1128.5999755859375</ele>
        <time>2025-08-07T05:12:00.000Z</time>
        <extensions>
          <ns3:TrackPointExtension>
            <ns3:atemp>33.0</ns3:atemp>
          </ns3:TrackPointExtension>
        </extensions>
      </trkpt>
      <trkpt lat="46.14154689945280551910400390625" lon="90.99797864444553852081298828125">
        <ele>1128.4000244140625</ele>
        <time>2025-08-07T05:12:05.000Z</time>
        <extensions>
          <ns3:TrackPointExtension>
            <ns3:atemp>33.0</ns3:atemp>
          </ns3:TrackPointExtension>
        </extensions>
      </trkpt>
      <trkpt lat="46.14155326969921588897705078125" lon="90.99805869162082672119140625">
        <ele>1128.4000244140625</ele>
        <time>2025-08-07T05:12:09.000Z</time>
        <extensions>
          <ns3:TrackPointExtension>
            <ns3:atemp>33.0</ns3:atemp>
          </ns3:TrackPointExtension>
        </extensions>
      </trkpt>
      <trkpt lat="46.14155326969921588897705078125" lon="90.99805869162082672119140625">
        <ele>1128.4000244140625</ele>
        <time>2025-08-07T05:12:10.000Z</time>
        <extensions>
          <ns3:TrackPointExtension>
            <ns3:atemp>33.0</ns3:atemp>
          </ns3:TrackPointExtension>
        </extensions>
      </trkpt>
      <trkpt lat="46.14156131632626056671142578125" lon="90.998165644705295562744140625">
        <ele>1132</ele>
        <time>2025-08-07T05:19:57.000Z</time>
        <extensions>
          <ns3:TrackPointExtension>
            <ns3:atemp>32.0</ns3:atemp>
          </ns3:TrackPointExtension>
        </extensions>
      </trkpt>
      <trkpt lat="46.1415607295930385589599609375" lon="90.99823965691030025482177734375">
        <ele>1132</ele>
        <time>2025-08-07T05:19:59.000Z</time>
        <extensions>
          <ns3:TrackPointExtension>
            <ns3:atemp>32.0</ns3:atemp>
          </ns3:TrackPointExtension>
        </extensions>
      </trkpt>
      <trkpt lat="46.14156483672559261322021484375" lon="90.99851223640143871307373046875">
        <ele>1131.800048828125</ele>
        <time>2025-08-07T05:20:05.000Z</time>
        <extensions>
          <ns3:TrackPointExtension>
            <ns3:atemp>32.0</ns3:atemp>
          </ns3:TrackPointExtension>
        </extensions>
      </trkpt>
      <trkpt lat="46.14151437766849994659423828125" lon="90.9989525377750396728515625">
        <ele>1131.800048828125</ele>
        <time>2025-08-07T05:20:13.000Z</time>
        <extensions>
          <ns3:TrackPointExtension>
            <ns3:atemp>32.0</ns3:atemp>
          </ns3:TrackPointExtension>
        </extensions>
      </trkpt>
      <trkpt lat="46.141445226967334747314453125" lon="90.99957958795130252838134765625">
        <ele>1132.199951171875</ele>
        <time>2025-08-07T05:20:24.000Z</time>
        <extensions>
          <ns3:TrackPointExtension>
            <ns3:atemp>32.0</ns3:atemp>
          </ns3:TrackPointExtension>
        </extensions>
      </trkpt>
      <trkpt lat="46.1413977853953838348388671875" lon="91.00010521709918975830078125">
        <ele>1132.800048828125</ele>
        <time>2025-08-07T05:20:34.000Z</time>
        <extensions>
          <ns3:TrackPointExtension>
            <ns3:atemp>32.0</ns3:atemp>
          </ns3:TrackPointExtension>
        </extensions>
      </trkpt>
      <trkpt lat="46.14138655364513397216796875" lon="91.000230610370635986328125">
        <ele>1133.199951171875</ele>
        <time>2025-08-07T05:20:37.000Z</time>
        <extensions>
          <ns3:TrackPointExtension>
            <ns3:atemp>32.0</ns3:atemp>
          </ns3:TrackPointExtension>
        </extensions>
      </trkpt>
      <trkpt lat="46.1413863860070705413818359375" lon="91.00039682351052761077880859375">
        <ele>1133.4000244140625</ele>
        <time>2025-08-07T05:20:41.000Z</time>
        <extensions>
          <ns3:TrackPointExtension>
            <ns3:atemp>32.0</ns3:atemp>
          </ns3:TrackPointExtension>
        </extensions>
      </trkpt>
      <trkpt lat="46.1414008028805255889892578125" lon="91.00069387815892696380615234375">
        <ele>1134.199951171875</ele>
        <time>2025-08-07T05:20:48.000Z</time>
        <extensions>
          <ns3:TrackPointExtension>
            <ns3:atemp>32.0</ns3:atemp>
          </ns3:TrackPointExtension>
        </extensions>
      </trkpt>
      <trkpt lat="46.14140675403177738189697265625" lon="91.00077551789581775665283203125">
        <ele>1134.199951171875</ele>
        <time>2025-08-07T05:20:50.000Z</time>
        <extensions>
          <ns3:TrackPointExtension>
            <ns3:atemp>32.0</ns3:atemp>
          </ns3:TrackPointExtension>
        </extensions>
      </trkpt>
      <trkpt lat="46.1414301395416259765625" lon="91.00105128251016139984130859375">
        <ele>1135</ele>
        <time>2025-08-07T05:20:57.000Z</time>
        <extensions>
          <ns3:TrackPointExtension>
            <ns3:atemp>32.0</ns3:atemp>
          </ns3:TrackPointExtension>
        </extensions>
      </trkpt>
      <trkpt lat="46.14143357612192630767822265625" lon="91.001149602234363555908203125">
        <ele>1135.199951171875</ele>
        <time>2025-08-07T05:21:00.000Z</time>
        <extensions>
          <ns3:TrackPointExtension>
            <ns3:atemp>32.0</ns3:atemp>
          </ns3:TrackPointExtension>
        </extensions>
      </trkpt>
      <trkpt lat="46.14143826998770236968994140625" lon="91.0012107901275157928466796875">
        <ele>1135.4000244140625</ele>
        <time>2025-08-07T05:21:02.000Z</time>
        <extensions>
          <ns3:TrackPointExtension>
            <ns3:atemp>32.0</ns3:atemp>
          </ns3:TrackPointExtension>
        </extensions>
      </trkpt>
      <trkpt lat="46.14148839376866817474365234375" lon="91.0014947690069675445556640625">
        <ele>1136.4000244140625</ele>
        <time>2025-08-07T05:21:10.000Z</time>
        <extensions>
          <ns3:TrackPointExtension>
            <ns3:atemp>32.0</ns3:atemp>
          </ns3:TrackPointExtension>
        </extensions>
      </trkpt>
      <trkpt lat="46.1414899863302707672119140625" lon="91.0015329904854297637939453125">
        <ele>1136.4000244140625</ele>
        <time>2025-08-07T05:21:11.000Z</time>
        <extensions>
          <ns3:TrackPointExtension>
            <ns3:atemp>32.0</ns3:atemp>
          </ns3:TrackPointExtension>
        </extensions>
      </trkpt>
      <trkpt lat="46.1415191553533077239990234375" lon="91.00174832157790660858154296875">
        <ele>1137.4000244140625</ele>
        <time>2025-08-07T05:21:17.000Z</time>
        <extensions>
          <ns3:TrackPointExtension>
            <ns3:atemp>32.0</ns3:atemp>
          </ns3:TrackPointExtension>
        </extensions>
      </trkpt>
      <trkpt lat="46.1415325663983821868896484375" lon="91.00181940011680126190185546875">
        <ele>1137.5999755859375</ele>
        <time>2025-08-07T05:21:19.000Z</time>
        <extensions>
          <ns3:TrackPointExtension>
            <ns3:atemp>32.0</ns3:atemp>
          </ns3:TrackPointExtension>
        </extensions>
      </trkpt>
      <trkpt lat="46.14156601019203662872314453125" lon="91.0021378286182880401611328125">
        <ele>1138.5999755859375</ele>
        <time>2025-08-07T05:21:28.000Z</time>
        <extensions>
          <ns3:TrackPointExtension>
            <ns3:atemp>32.0</ns3:atemp>
          </ns3:TrackPointExtension>
        </extensions>
      </trkpt>
      <trkpt lat="46.14156902767717838287353515625" lon="91.002173535525798797607421875">
        <ele>1138.800048828125</ele>
        <time>2025-08-07T05:21:29.000Z</time>
        <extensions>
          <ns3:TrackPointExtension>
            <ns3:atemp>32.0</ns3:atemp>
          </ns3:TrackPointExtension>
        </extensions>
      </trkpt>
      <trkpt lat="46.1415774933993816375732421875" lon="91.00236590020358562469482421875">
        <ele>1139.5999755859375</ele>
        <time>2025-08-07T05:21:35.000Z</time>
        <extensions>
          <ns3:TrackPointExtension>
            <ns3:atemp>32.0</ns3:atemp>
          </ns3:TrackPointExtension>
        </extensions>
      </trkpt>
      <trkpt lat="46.14158445037901401519775390625" lon="91.00245927460491657257080078125">
        <ele>1140</ele>
        <time>2025-08-07T05:21:38.000Z</time>
        <extensions>
          <ns3:TrackPointExtension>
            <ns3:atemp>32.0</ns3:atemp>
          </ns3:TrackPointExtension>
        </extensions>
      </trkpt>
      <trkpt lat="46.14158042706549167633056640625" lon="91.00258567370474338531494140625">
        <ele>1140.800048828125</ele>
        <time>2025-08-07T05:21:42.000Z</time>
        <extensions>
          <ns3:TrackPointExtension>
            <ns3:atemp>32.0</ns3:atemp>
          </ns3:TrackPointExtension>
        </extensions>
      </trkpt>
      <trkpt lat="46.14157455973327159881591796875" lon="91.00265038199722766876220703125">
        <ele>1141</ele>
        <time>2025-08-07T05:21:44.000Z</time>
        <extensions>
          <ns3:TrackPointExtension>
            <ns3:atemp>32.0</ns3:atemp>
          </ns3:TrackPointExtension>
        </extensions>
      </trkpt>
      <trkpt lat="46.1415627412497997283935546875" lon="91.00288541056215763092041015625">
        <ele>1142</ele>
        <time>2025-08-07T05:21:51.000Z</time>
        <extensions>
          <ns3:TrackPointExtension>
            <ns3:atemp>32.0</ns3:atemp>
          </ns3:TrackPointExtension>
        </extensions>
      </trkpt>
      <trkpt lat="46.14156668074429035186767578125" lon="91.002938635647296905517578125">
        <ele>1142.199951171875</ele>
        <time>2025-08-07T05:21:53.000Z</time>
        <extensions>
          <ns3:TrackPointExtension>
            <ns3:atemp>32.0</ns3:atemp>
          </ns3:TrackPointExtension>
        </extensions>
      </trkpt>
      <trkpt lat="46.1415570415556430816650390625" lon="91.0030568204820156097412109375">
        <ele>1142.800048828125</ele>
        <time>2025-08-07T05:21:58.000Z</time>
        <extensions>
          <ns3:TrackPointExtension>
            <ns3:atemp>32.0</ns3:atemp>
          </ns3:TrackPointExtension>
        </extensions>
      </trkpt>
      <trkpt lat="46.1415536887943744659423828125" lon="91.00308456458151340484619140625">
        <ele>1143</ele>
        <time>2025-08-07T05:21:59.000Z</time>
        <extensions>
          <ns3:TrackPointExtension>
            <ns3:atemp>32.0</ns3:atemp>
          </ns3:TrackPointExtension>
        </extensions>
      </trkpt>
      <trkpt lat="46.14154237322509288787841796875" lon="91.00329075939953327178955078125">
        <ele>1144.199951171875</ele>
        <time>2025-08-07T05:22:06.000Z</time>
        <extensions>
          <ns3:TrackPointExtension>
            <ns3:atemp>32.0</ns3:atemp>
          </ns3:TrackPointExtension>
        </extensions>
      </trkpt>
      <trkpt lat="46.14153784699738025665283203125" lon="91.0033247061073780059814453125">
        <ele>1144.4000244140625</ele>
        <time>2025-08-07T05:22:07.000Z</time>
        <extensions>
          <ns3:TrackPointExtension>
            <ns3:atemp>32.0</ns3:atemp>
          </ns3:TrackPointExtension>
        </extensions>
      </trkpt>
      <trkpt lat="46.14152778871357440948486328125" lon="91.00342386402189731597900390625">
        <ele>1145.199951171875</ele>
        <time>2025-08-07T05:22:10.000Z</time>
        <extensions>
          <ns3:TrackPointExtension>
            <ns3:atemp>32.0</ns3:atemp>
          </ns3:TrackPointExtension>
        </extensions>
      </trkpt>
      <trkpt lat="46.1415117792785167694091796875" lon="91.00351204164326190948486328125">
        <ele>1145.800048828125</ele>
        <time>2025-08-07T05:22:13.000Z</time>
        <extensions>
          <ns3:TrackPointExtension>
            <ns3:atemp>32.0</ns3:atemp>
          </ns3:TrackPointExtension>
        </extensions>
      </trkpt>
      <trkpt lat="46.141505576670169830322265625" lon="91.0036276280879974365234375">
        <ele>1146.4000244140625</ele>
        <time>2025-08-07T05:22:17.000Z</time>
        <extensions>
          <ns3:TrackPointExtension>
            <ns3:atemp>32.0</ns3:atemp>
          </ns3:TrackPointExtension>
        </extensions>
      </trkpt>
      <trkpt lat="46.14149677567183971405029296875" lon="91.003715135157108306884765625">
        <ele>1147</ele>
        <time>2025-08-07T05:22:20.000Z</time>
        <extensions>
          <ns3:TrackPointExtension>
            <ns3:atemp>32.0</ns3:atemp>
          </ns3:TrackPointExtension>
        </extensions>
      </trkpt>
      <trkpt lat="46.14149526692926883697509765625" lon="91.00377707742154598236083984375">
        <ele>1147.5999755859375</ele>
        <time>2025-08-07T05:22:22.000Z</time>
        <extensions>
          <ns3:TrackPointExtension>
            <ns3:atemp>32.0</ns3:atemp>
          </ns3:TrackPointExtension>
        </extensions>
      </trkpt>
      <trkpt lat="46.141474060714244842529296875" lon="91.0039506666362285614013671875">
        <ele>1148.800048828125</ele>
        <time>2025-08-07T05:22:29.000Z</time>
        <extensions>
          <ns3:TrackPointExtension>
            <ns3:atemp>32.0</ns3:atemp>
          </ns3:TrackPointExtension>
        </extensions>
      </trkpt>
      <trkpt lat="46.14146190695464611053466796875" lon="91.004001796245574951171875">
        <ele>1149.4000244140625</ele>
        <time>2025-08-07T05:22:31.000Z</time>
        <extensions>
          <ns3:TrackPointExtension>
            <ns3:atemp>32.0</ns3:atemp>
          </ns3:TrackPointExtension>
        </extensions>
      </trkpt>
      <trkpt lat="46.1414534412324428558349609375" lon="91.004059128463268280029296875">
        <ele>1150.199951171875</ele>
        <time>2025-08-07T05:22:33.000Z</time>
        <extensions>
          <ns3:TrackPointExtension>
            <ns3:atemp>31.0</ns3:atemp>
          </ns3:TrackPointExtension>
        </extensions>
      </trkpt>
      <trkpt lat="46.14142586477100849151611328125" lon="91.00427563302218914031982421875">
        <ele>1151.199951171875</ele>
        <time>2025-08-07T05:22:41.000Z</time>
        <extensions>
          <ns3:TrackPointExtension>
            <ns3:atemp>31.0</ns3:atemp>
          </ns3:TrackPointExtension>
        </extensions>
      </trkpt>
      <trkpt lat="46.14141932688653469085693359375" lon="91.00429876707494258880615234375">
        <ele>1151.199951171875</ele>
        <time>2025-08-07T05:22:42.000Z</time>
        <extensions>
          <ns3:TrackPointExtension>
            <ns3:atemp>31.0</ns3:atemp>
          </ns3:TrackPointExtension>
        </extensions>
      </trkpt>
      <trkpt lat="46.14137708209455013275146484375" lon="91.00450881756842136383056640625">
        <ele>1152.199951171875</ele>
        <time>2025-08-07T05:22:50.000Z</time>
        <extensions>
          <ns3:TrackPointExtension>
            <ns3:atemp>31.0</ns3:atemp>
          </ns3:TrackPointExtension>
        </extensions>
      </trkpt>
      <trkpt lat="46.14133559167385101318359375" lon="91.00463253445923328399658203125">
        <ele>1152.800048828125</ele>
        <time>2025-08-07T05:22:55.000Z</time>
        <extensions>
          <ns3:TrackPointExtension>
            <ns3:atemp>31.0</ns3:atemp>
          </ns3:TrackPointExtension>
        </extensions>
      </trkpt>
      <trkpt lat="46.141319163143634796142578125" lon="91.00468299351632595062255859375">
        <ele>1153</ele>
        <time>2025-08-07T05:22:57.000Z</time>
        <extensions>
          <ns3:TrackPointExtension>
            <ns3:atemp>31.0</ns3:atemp>
          </ns3:TrackPointExtension>
        </extensions>
      </trkpt>
      <trkpt lat="46.141301728785037994384765625" lon="91.0047519765794277191162109375">
        <ele>1153.4000244140625</ele>
        <time>2025-08-07T05:23:00.000Z</time>
        <extensions>
          <ns3:TrackPointExtension>
            <ns3:atemp>31.0</ns3:atemp>
          </ns3:TrackPointExtension>
        </extensions>
      </trkpt>
      <trkpt lat="46.14128286950290203094482421875" lon="91.0048585943877696990966796875">
        <ele>1154.199951171875</ele>
        <time>2025-08-07T05:23:05.000Z</time>
        <extensions>
          <ns3:TrackPointExtension>
            <ns3:atemp>31.0</ns3:atemp>
          </ns3:TrackPointExtension>
        </extensions>
      </trkpt>
      <trkpt lat="46.14127255976200103759765625" lon="91.00490142591297626495361328125">
        <ele>1154.4000244140625</ele>
        <time>2025-08-07T05:23:07.000Z</time>
        <extensions>
          <ns3:TrackPointExtension>
            <ns3:atemp>31.0</ns3:atemp>
          </ns3:TrackPointExtension>
        </extensions>
      </trkpt>
      <trkpt lat="46.14122117869555950164794921875" lon="91.00497468374669551849365234375">
        <ele>1155.199951171875</ele>
        <time>2025-08-07T05:23:11.000Z</time>
        <extensions>
          <ns3:TrackPointExtension>
            <ns3:atemp>31.0</ns3:atemp>
          </ns3:TrackPointExtension>
        </extensions>
      </trkpt>
      <trkpt lat="46.14117725752294063568115234375" lon="91.0050299204885959625244140625">
        <ele>1155.5999755859375</ele>
        <time>2025-08-07T05:23:14.000Z</time>
        <extensions>
          <ns3:TrackPointExtension>
            <ns3:atemp>31.0</ns3:atemp>
          </ns3:TrackPointExtension>
        </extensions>
      </trkpt>
      <trkpt lat="46.14110366441309452056884765625" lon="91.00516612641513347625732421875">
        <ele>1156.4000244140625</ele>
        <time>2025-08-07T05:23:20.000Z</time>
        <extensions>
          <ns3:TrackPointExtension>
            <ns3:atemp>31.0</ns3:atemp>
          </ns3:TrackPointExtension>
        </extensions>
      </trkpt>
      <trkpt lat="46.14107885397970676422119140625" lon="91.0052257217466831207275390625">
        <ele>1156.5999755859375</ele>
        <time>2025-08-07T05:23:22.000Z</time>
        <extensions>
          <ns3:TrackPointExtension>
            <ns3:atemp>31.0</ns3:atemp>
          </ns3:TrackPointExtension>
        </extensions>
      </trkpt>
      <trkpt lat="46.1409934423863887786865234375" lon="91.00542546249926090240478515625">
        <ele>1157.5999755859375</ele>
        <time>2025-08-07T05:23:29.000Z</time>
        <extensions>
          <ns3:TrackPointExtension>
            <ns3:atemp>31.0</ns3:atemp>
          </ns3:TrackPointExtension>
        </extensions>
      </trkpt>
      <trkpt lat="46.1409803666174411773681640625" lon="91.0054530389606952667236328125">
        <ele>1157.800048828125</ele>
        <time>2025-08-07T05:23:30.000Z</time>
        <extensions>
          <ns3:TrackPointExtension>
            <ns3:atemp>31.0</ns3:atemp>
          </ns3:TrackPointExtension>
        </extensions>
      </trkpt>
      <trkpt lat="46.14089529030025005340576171875" lon="91.0056366026401519775390625">
        <ele>1159</ele>
        <time>2025-08-07T05:23:36.000Z</time>
        <extensions>
          <ns3:TrackPointExtension>
            <ns3:atemp>31.0</ns3:atemp>
          </ns3:TrackPointExtension>
        </extensions>
      </trkpt>
      <trkpt lat="46.14088087342679500579833984375" lon="91.00566652603447437286376953125">
        <ele>1159.199951171875</ele>
        <time>2025-08-07T05:23:37.000Z</time>
        <extensions>
          <ns3:TrackPointExtension>
            <ns3:atemp>31.0</ns3:atemp>
          </ns3:TrackPointExtension>
        </extensions>
      </trkpt>
      <trkpt lat="46.14076889120042324066162109375" lon="91.00586232729256153106689453125">
        <ele>1159.4000244140625</ele>
        <time>2025-08-07T05:23:44.000Z</time>
        <extensions>
          <ns3:TrackPointExtension>
            <ns3:atemp>31.0</ns3:atemp>
          </ns3:TrackPointExtension>
        </extensions>
      </trkpt>
      <trkpt lat="46.14062589593231678009033203125" lon="91.00614027120172977447509765625">
        <ele>1159.199951171875</ele>
        <time>2025-08-07T05:23:52.000Z</time>
        <extensions>
          <ns3:TrackPointExtension>
            <ns3:atemp>31.0</ns3:atemp>
          </ns3:TrackPointExtension>
        </extensions>
      </trkpt>
      <trkpt lat="46.1405793763697147369384765625" lon="91.006261892616748809814453125">
        <ele>1159</ele>
        <time>2025-08-07T05:23:55.000Z</time>
        <extensions>
          <ns3:TrackPointExtension>
            <ns3:atemp>31.0</ns3:atemp>
          </ns3:TrackPointExtension>
        </extensions>
      </trkpt>
      <trkpt lat="46.14046831615269184112548828125" lon="91.0065839253365993499755859375">
        <ele>1158.800048828125</ele>
        <time>2025-08-07T05:24:01.000Z</time>
        <extensions>
          <ns3:TrackPointExtension>
            <ns3:atemp>31.0</ns3:atemp>
          </ns3:TrackPointExtension>
        </extensions>
      </trkpt>
      <trkpt lat="46.14036253653466701507568359375" lon="91.00704551674425601959228515625">
        <ele>1158</ele>
        <time>2025-08-07T05:24:07.000Z</time>
        <extensions>
          <ns3:TrackPointExtension>
            <ns3:atemp>31.0</ns3:atemp>
          </ns3:TrackPointExtension>
        </extensions>
      </trkpt>
      <trkpt lat="46.14029950462281703948974609375" lon="91.0074687190353870391845703125">
        <ele>1156.5999755859375</ele>
        <time>2025-08-07T05:24:11.000Z</time>
        <extensions>
          <ns3:TrackPointExtension>
            <ns3:atemp>31.0</ns3:atemp>
          </ns3:TrackPointExtension>
        </extensions>
      </trkpt>
      <trkpt lat="46.140284836292266845703125" lon="91.00758765824139118194580078125">
        <ele>1156.199951171875</ele>
        <time>2025-08-07T05:24:12.000Z</time>
        <extensions>
          <ns3:TrackPointExtension>
            <ns3:atemp>31.0</ns3:atemp>
          </ns3:TrackPointExtension>
        </extensions>
      </trkpt>
      <trkpt lat="46.14024988375604152679443359375" lon="91.0078361816704273223876953125">
        <ele>1155</ele>
        <time>2025-08-07T05:24:14.000Z</time>
        <extensions>
          <ns3:TrackPointExtension>
            <ns3:atemp>31.0</ns3:atemp>
          </ns3:TrackPointExtension>
        </extensions>
      </trkpt>
      <trkpt lat="46.14018769003450870513916015625" lon="91.00824303925037384033203125">
        <ele>1153.800048828125</ele>
        <time>2025-08-07T05:24:17.000Z</time>
        <extensions>
          <ns3:TrackPointExtension>
            <ns3:atemp>31.0</ns3:atemp>
          </ns3:TrackPointExtension>
        </extensions>
      </trkpt>
      <trkpt lat="46.14016656763851642608642578125" lon="91.00838729180395603179931640625">
        <ele>1153.5999755859375</ele>
        <time>2025-08-07T05:24:18.000Z</time>
        <extensions>
          <ns3:TrackPointExtension>
            <ns3:atemp>31.0</ns3:atemp>
          </ns3:TrackPointExtension>
        </extensions>
      </trkpt>
      <trkpt lat="46.1400814913213253021240234375" lon="91.00898911245167255401611328125">
        <ele>1152.4000244140625</ele>
        <time>2025-08-07T05:24:22.000Z</time>
        <extensions>
          <ns3:TrackPointExtension>
            <ns3:atemp>31.0</ns3:atemp>
          </ns3:TrackPointExtension>
        </extensions>
      </trkpt>
      <trkpt lat="46.1400447785854339599609375" lon="91.00945883430540561676025390625">
        <ele>1151.199951171875</ele>
        <time>2025-08-07T05:24:25.000Z</time>
        <extensions>
          <ns3:TrackPointExtension>
            <ns3:atemp>31.0</ns3:atemp>
          </ns3:TrackPointExtension>
        </extensions>
      </trkpt>
      <trkpt lat="46.1400305293500423431396484375" lon="91.0097831301391124725341796875">
        <ele>1150.199951171875</ele>
        <time>2025-08-07T05:24:27.000Z</time>
        <extensions>
          <ns3:TrackPointExtension>
            <ns3:atemp>31.0</ns3:atemp>
          </ns3:TrackPointExtension>
        </extensions>
      </trkpt>
      <trkpt lat="46.14002273418009281158447265625" lon="91.0101217590272426605224609375">
        <ele>1148.800048828125</ele>
        <time>2025-08-07T05:24:29.000Z</time>
        <extensions>
          <ns3:TrackPointExtension>
            <ns3:atemp>31.0</ns3:atemp>
          </ns3:TrackPointExtension>
        </extensions>
      </trkpt>
      <trkpt lat="46.1400305293500423431396484375" lon="91.01046633906662464141845703125">
        <ele>1147.800048828125</ele>
        <time>2025-08-07T05:24:31.000Z</time>
        <extensions>
          <ns3:TrackPointExtension>
            <ns3:atemp>31.0</ns3:atemp>
          </ns3:TrackPointExtension>
        </extensions>
      </trkpt>
      <trkpt lat="46.14005324430763721466064453125" lon="91.01081661880016326904296875">
        <ele>1146.800048828125</ele>
        <time>2025-08-07T05:24:33.000Z</time>
        <extensions>
          <ns3:TrackPointExtension>
            <ns3:atemp>31.0</ns3:atemp>
          </ns3:TrackPointExtension>
        </extensions>
      </trkpt>
      <trkpt lat="46.1401170305907726287841796875" lon="91.01134501397609710693359375">
        <ele>1145.4000244140625</ele>
        <time>2025-08-07T05:24:36.000Z</time>
        <extensions>
          <ns3:TrackPointExtension>
            <ns3:atemp>31.0</ns3:atemp>
          </ns3:TrackPointExtension>
        </extensions>
      </trkpt>
      <trkpt lat="46.140187941491603851318359375" lon="91.0118725709617137908935546875">
        <ele>1144.199951171875</ele>
        <time>2025-08-07T05:24:39.000Z</time>
        <extensions>
          <ns3:TrackPointExtension>
            <ns3:atemp>30.0</ns3:atemp>
          </ns3:TrackPointExtension>
        </extensions>
      </trkpt>
      <trkpt lat="46.1402893625199794769287109375" lon="91.01256667636334896087646484375">
        <ele>1143</ele>
        <time>2025-08-07T05:24:43.000Z</time>
        <extensions>
          <ns3:TrackPointExtension>
            <ns3:atemp>30.0</ns3:atemp>
          </ns3:TrackPointExtension>
        </extensions>
      </trkpt>
      <trkpt lat="46.14034024067223072052001953125" lon="91.01289943791925907135009765625">
        <ele>1142.4000244140625</ele>
        <time>2025-08-07T05:24:45.000Z</time>
        <extensions>
          <ns3:TrackPointExtension>
            <ns3:atemp>30.0</ns3:atemp>
          </ns3:TrackPointExtension>
        </extensions>
      </trkpt>
      <trkpt lat="46.1404390633106231689453125" lon="91.0135482810437679290771484375">
        <ele>1141.800048828125</ele>
        <time>2025-08-07T05:24:49.000Z</time>
        <extensions>
          <ns3:TrackPointExtension>
            <ns3:atemp>30.0</ns3:atemp>
          </ns3:TrackPointExtension>
        </extensions>
      </trkpt>
      <trkpt lat="46.14050117321312427520751953125" lon="91.01402378641068935394287109375">
        <ele>1141.4000244140625</ele>
        <time>2025-08-07T05:24:52.000Z</time>
        <extensions>
          <ns3:TrackPointExtension>
            <ns3:atemp>30.0</ns3:atemp>
          </ns3:TrackPointExtension>
        </extensions>
      </trkpt>
      <trkpt lat="46.14059354178607463836669921875" lon="91.01463533006608486175537109375">
        <ele>1140.5999755859375</ele>
        <time>2025-08-07T05:24:56.000Z</time>
        <extensions>
          <ns3:TrackPointExtension>
            <ns3:atemp>30.0</ns3:atemp>
          </ns3:TrackPointExtension>
        </extensions>
      </trkpt>
      <trkpt lat="46.14070166833698749542236328125" lon="91.01537159644067287445068359375">
        <ele>1140</ele>
        <time>2025-08-07T05:25:01.000Z</time>
        <extensions>
          <ns3:TrackPointExtension>
            <ns3:atemp>30.0</ns3:atemp>
          </ns3:TrackPointExtension>
        </extensions>
      </trkpt>
      <trkpt lat="46.1407624371349811553955078125" lon="91.01581399329006671905517578125">
        <ele>1139.5999755859375</ele>
        <time>2025-08-07T05:25:04.000Z</time>
        <extensions>
          <ns3:TrackPointExtension>
            <ns3:atemp>30.0</ns3:atemp>
          </ns3:TrackPointExtension>
        </extensions>
      </trkpt>
      <trkpt lat="46.14088640548288822174072265625" lon="91.0166811011731624603271484375">
        <ele>1138.4000244140625</ele>
        <time>2025-08-07T05:25:10.000Z</time>
        <extensions>
          <ns3:TrackPointExtension>
            <ns3:atemp>30.0</ns3:atemp>
          </ns3:TrackPointExtension>
        </extensions>
      </trkpt>
      <trkpt lat="46.14101230166852474212646484375" lon="91.01752406917512416839599609375">
        <ele>1137.800048828125</ele>
        <time>2025-08-07T05:25:16.000Z</time>
        <extensions>
          <ns3:TrackPointExtension>
            <ns3:atemp>30.0</ns3:atemp>
          </ns3:TrackPointExtension>
        </extensions>
      </trkpt>
      <trkpt lat="46.141062676906585693359375" lon="91.017928831279277801513671875">
        <ele>1137.5999755859375</ele>
        <time>2025-08-07T05:25:19.000Z</time>
        <extensions>
          <ns3:TrackPointExtension>
            <ns3:atemp>30.0</ns3:atemp>
          </ns3:TrackPointExtension>
        </extensions>
      </trkpt>
      <trkpt lat="46.14117792807519435882568359375" lon="91.01868932135403156280517578125">
        <ele>1137.5999755859375</ele>
        <time>2025-08-07T05:25:25.000Z</time>
        <extensions>
          <ns3:TrackPointExtension>
            <ns3:atemp>30.0</ns3:atemp>
          </ns3:TrackPointExtension>
        </extensions>
      </trkpt>
      <trkpt lat="46.14121355116367340087890625" lon="91.01893591694533824920654296875">
        <ele>1137.4000244140625</ele>
        <time>2025-08-07T05:25:27.000Z</time>
        <extensions>
          <ns3:TrackPointExtension>
            <ns3:atemp>30.0</ns3:atemp>
          </ns3:TrackPointExtension>
        </extensions>
      </trkpt>
      <trkpt lat="46.141270212829113006591796875" lon="91.0192918963730335235595703125">
        <ele>1137.4000244140625</ele>
        <time>2025-08-07T05:25:30.000Z</time>
        <extensions>
          <ns3:TrackPointExtension>
            <ns3:atemp>30.0</ns3:atemp>
          </ns3:TrackPointExtension>
        </extensions>
      </trkpt>
      <trkpt lat="46.14134523086249828338623046875" lon="91.01987712085247039794921875">
        <ele>1137.5999755859375</ele>
        <time>2025-08-07T05:25:35.000Z</time>
        <extensions>
          <ns3:TrackPointExtension>
            <ns3:atemp>30.0</ns3:atemp>
          </ns3:TrackPointExtension>
        </extensions>
      </trkpt>
      <trkpt lat="46.14135897718369960784912109375" lon="91.0199896059930324554443359375">
        <ele>1137.800048828125</ele>
        <time>2025-08-07T05:25:36.000Z</time>
        <extensions>
          <ns3:TrackPointExtension>
            <ns3:atemp>30.0</ns3:atemp>
          </ns3:TrackPointExtension>
        </extensions>
      </trkpt>
      <trkpt lat="46.14149275235831737518310546875" lon="91.02082922123372554779052734375">
        <ele>1138</ele>
        <time>2025-08-07T05:25:44.000Z</time>
        <extensions>
          <ns3:TrackPointExtension>
            <ns3:atemp>30.0</ns3:atemp>
          </ns3:TrackPointExtension>
        </extensions>
      </trkpt>
      <trkpt lat="46.14157791249454021453857421875" lon="91.021327860653400421142578125">
        <ele>1138</ele>
        <time>2025-08-07T05:25:49.000Z</time>
        <extensions>
          <ns3:TrackPointExtension>
            <ns3:atemp>30.0</ns3:atemp>
          </ns3:TrackPointExtension>
        </extensions>
      </trkpt>
      <trkpt lat="46.14163599908351898193359375" lon="91.02189104072749614715576171875">
        <ele>1138.199951171875</ele>
        <time>2025-08-07T05:25:55.000Z</time>
        <extensions>
          <ns3:TrackPointExtension>
            <ns3:atemp>30.0</ns3:atemp>
          </ns3:TrackPointExtension>
        </extensions>
      </trkpt>
      <trkpt lat="46.14175745286047458648681640625" lon="91.0226466692984104156494140625">
        <ele>1138.4000244140625</ele>
        <time>2025-08-07T05:26:03.000Z</time>
        <extensions>
          <ns3:TrackPointExtension>
            <ns3:atemp>30.0</ns3:atemp>
          </ns3:TrackPointExtension>
        </extensions>
      </trkpt>
      <trkpt lat="46.141771115362644195556640625" lon="91.02274297736585140228271484375">
        <ele>1138.5999755859375</ele>
        <time>2025-08-07T05:26:04.000Z</time>
        <extensions>
          <ns3:TrackPointExtension>
            <ns3:atemp>30.0</ns3:atemp>
          </ns3:TrackPointExtension>
        </extensions>
      </trkpt>
      <trkpt lat="46.14187295548617839813232421875" lon="91.02350757457315921783447265625">
        <ele>1139</ele>
        <time>2025-08-07T05:26:12.000Z</time>
        <extensions>
          <ns3:TrackPointExtension>
            <ns3:atemp>30.0</ns3:atemp>
          </ns3:TrackPointExtension>
        </extensions>
      </trkpt>
      <trkpt lat="46.14199365489184856414794921875" lon="91.0243310965597629547119140625">
        <ele>1139.199951171875</ele>
        <time>2025-08-07T05:26:21.000Z</time>
        <extensions>
          <ns3:TrackPointExtension>
            <ns3:atemp>30.0</ns3:atemp>
          </ns3:TrackPointExtension>
        </extensions>
      </trkpt>
      <trkpt lat="46.14210479892790317535400390625" lon="91.02515679784119129180908203125">
        <ele>1139.199951171875</ele>
        <time>2025-08-07T05:26:30.000Z</time>
        <extensions>
          <ns3:TrackPointExtension>
            <ns3:atemp>30.0</ns3:atemp>
          </ns3:TrackPointExtension>
        </extensions>
      </trkpt>
      <trkpt lat="46.14212005399167537689208984375" lon="91.02524883113801479339599609375">
        <ele>1139.4000244140625</ele>
        <time>2025-08-07T05:26:31.000Z</time>
        <extensions>
          <ns3:TrackPointExtension>
            <ns3:atemp>30.0</ns3:atemp>
          </ns3:TrackPointExtension>
        </extensions>
      </trkpt>
      <trkpt lat="46.14215961657464504241943359375" lon="91.02551872842013835906982421875">
        <ele>1139.5999755859375</ele>
        <time>2025-08-07T05:26:34.000Z</time>
        <extensions>
          <ns3:TrackPointExtension>
            <ns3:atemp>30.0</ns3:atemp>
          </ns3:TrackPointExtension>
        </extensions>
      </trkpt>
      <trkpt lat="46.14228316582739353179931640625" lon="91.0263454355299472808837890625">
        <ele>1139.800048828125</ele>
        <time>2025-08-07T05:26:43.000Z</time>
        <extensions>
          <ns3:TrackPointExtension>
            <ns3:atemp>30.0</ns3:atemp>
          </ns3:TrackPointExtension>
        </extensions>
      </trkpt>
      <trkpt lat="46.14229624159634113311767578125" lon="91.02643646299839019775390625">
        <ele>1139.800048828125</ele>
        <time>2025-08-07T05:26:44.000Z</time>
        <extensions>
          <ns3:TrackPointExtension>
            <ns3:atemp>30.0</ns3:atemp>
          </ns3:TrackPointExtension>
        </extensions>
      </trkpt>
      <trkpt lat="46.1424073018133640289306640625" lon="91.0272644273936748504638671875">
        <ele>1140</ele>
        <time>2025-08-07T05:26:53.000Z</time>
        <extensions>
          <ns3:TrackPointExtension>
            <ns3:atemp>30.0</ns3:atemp>
          </ns3:TrackPointExtension>
        </extensions>
      </trkpt>
      <trkpt lat="46.1424200423061847686767578125" lon="91.02736107073724269866943359375">
        <ele>1140</ele>
        <time>2025-08-07T05:26:54.000Z</time>
        <extensions>
          <ns3:TrackPointExtension>
            <ns3:atemp>30.0</ns3:atemp>
          </ns3:TrackPointExtension>
        </extensions>
      </trkpt>
      <trkpt lat="46.1425464414060115814208984375" lon="91.02819322608411312103271484375">
        <ele>1140.199951171875</ele>
        <time>2025-08-07T05:27:03.000Z</time>
        <extensions>
          <ns3:TrackPointExtension>
            <ns3:atemp>30.0</ns3:atemp>
          </ns3:TrackPointExtension>
        </extensions>
      </trkpt>
      <trkpt lat="46.14266328513622283935546875" lon="91.02903342805802822113037109375">
        <ele>1140.4000244140625</ele>
        <time>2025-08-07T05:27:12.000Z</time>
        <extensions>
          <ns3:TrackPointExtension>
            <ns3:atemp>30.0</ns3:atemp>
          </ns3:TrackPointExtension>
        </extensions>
      </trkpt>
      <trkpt lat="46.14267979748547077178955078125" lon="91.02912965230643749237060546875">
        <ele>1140.4000244140625</ele>
        <time>2025-08-07T05:27:13.000Z</time>
        <extensions>
          <ns3:TrackPointExtension>
            <ns3:atemp>30.0</ns3:atemp>
          </ns3:TrackPointExtension>
        </extensions>
      </trkpt>
      <trkpt lat="46.142788343131542205810546875" lon="91.02990053594112396240234375">
        <ele>1140.5999755859375</ele>
        <time>2025-08-07T05:27:21.000Z</time>
        <extensions>
          <ns3:TrackPointExtension>
            <ns3:atemp>30.0</ns3:atemp>
          </ns3:TrackPointExtension>
        </extensions>
      </trkpt>
      <trkpt lat="46.14280301146209239959716796875" lon="91.0299999453127384185791015625">
        <ele>1140.5999755859375</ele>
        <time>2025-08-07T05:27:22.000Z</time>
        <extensions>
          <ns3:TrackPointExtension>
            <ns3:atemp>30.0</ns3:atemp>
          </ns3:TrackPointExtension>
        </extensions>
      </trkpt>
      <trkpt lat="46.1429135687649250030517578125" lon="91.03076596744358539581298828125">
        <ele>1140.5999755859375</ele>
        <time>2025-08-07T05:27:30.000Z</time>
        <extensions>
          <ns3:TrackPointExtension>
            <ns3:atemp>30.0</ns3:atemp>
          </ns3:TrackPointExtension>
        </extensions>
      </trkpt>
      <trkpt lat="46.1429574899375438690185546875" lon="91.0310590825974941253662109375">
        <ele>1140.800048828125</ele>
        <time>2025-08-07T05:27:33.000Z</time>
        <extensions>
          <ns3:TrackPointExtension>
            <ns3:atemp>30.0</ns3:atemp>
          </ns3:TrackPointExtension>
        </extensions>
      </trkpt>
      <trkpt lat="46.14306922070682048797607421875" lon="91.0318530164659023284912109375">
        <ele>1141</ele>
        <time>2025-08-07T05:27:41.000Z</time>
        <extensions>
          <ns3:TrackPointExtension>
            <ns3:atemp>30.0</ns3:atemp>
          </ns3:TrackPointExtension>
        </extensions>
      </trkpt>
      <trkpt lat="46.143181286752223968505859375" lon="91.03264284320175647735595703125">
        <ele>1141</ele>
        <time>2025-08-07T05:27:49.000Z</time>
        <extensions>
          <ns3:TrackPointExtension>
            <ns3:atemp>30.0</ns3:atemp>
          </ns3:TrackPointExtension>
        </extensions>
      </trkpt>
      <trkpt lat="46.143208779394626617431640625" lon="91.03284283541142940521240234375">
        <ele>1141</ele>
        <time>2025-08-07T05:27:51.000Z</time>
        <extensions>
          <ns3:TrackPointExtension>
            <ns3:atemp>30.0</ns3:atemp>
          </ns3:TrackPointExtension>
        </extensions>
      </trkpt>
      <trkpt lat="46.14332847297191619873046875" lon="91.0336267948150634765625">
        <ele>1141.199951171875</ele>
        <time>2025-08-07T05:27:59.000Z</time>
        <extensions>
          <ns3:TrackPointExtension>
            <ns3:atemp>30.0</ns3:atemp>
          </ns3:TrackPointExtension>
        </extensions>
      </trkpt>
      <trkpt lat="46.143396198749542236328125" lon="91.034126020967960357666015625">
        <ele>1141</ele>
        <time>2025-08-07T05:28:04.000Z</time>
        <extensions>
          <ns3:TrackPointExtension>
            <ns3:atemp>30.0</ns3:atemp>
          </ns3:TrackPointExtension>
        </extensions>
      </trkpt>
      <trkpt lat="46.14351262338459491729736328125" lon="91.0349358804523944854736328125">
        <ele>1141</ele>
        <time>2025-08-07T05:28:12.000Z</time>
        <extensions>
          <ns3:TrackPointExtension>
            <ns3:atemp>30.0</ns3:atemp>
          </ns3:TrackPointExtension>
        </extensions>
      </trkpt>
      <trkpt lat="46.14356492646038532257080078125" lon="91.0353164188563823699951171875">
        <ele>1141.4000244140625</ele>
        <time>2025-08-07T05:28:16.000Z</time>
        <extensions>
          <ns3:TrackPointExtension>
            <ns3:atemp>30.0</ns3:atemp>
          </ns3:TrackPointExtension>
        </extensions>
      </trkpt>
      <trkpt lat="46.14359074272215366363525390625" lon="91.03550107218325138092041015625">
        <ele>1141.800048828125</ele>
        <time>2025-08-07T05:28:18.000Z</time>
        <extensions>
          <ns3:TrackPointExtension>
            <ns3:atemp>30.0</ns3:atemp>
          </ns3:TrackPointExtension>
        </extensions>
      </trkpt>
      <trkpt lat="46.1437068320810794830322265625" lon="91.03632853366434574127197265625">
        <ele>1142.4000244140625</ele>
        <time>2025-08-07T05:28:27.000Z</time>
        <extensions>
          <ns3:TrackPointExtension>
            <ns3:atemp>30.0</ns3:atemp>
          </ns3:TrackPointExtension>
        </extensions>
      </trkpt>
      <trkpt lat="46.14371999166905879974365234375" lon="91.03641696274280548095703125">
        <ele>1142.5999755859375</ele>
        <time>2025-08-07T05:28:28.000Z</time>
        <extensions>
          <ns3:TrackPointExtension>
            <ns3:atemp>30.0</ns3:atemp>
          </ns3:TrackPointExtension>
        </extensions>
      </trkpt>
      <trkpt lat="46.14381738938391208648681640625" lon="91.0371071286499500274658203125">
        <ele>1143.199951171875</ele>
        <time>2025-08-07T05:28:36.000Z</time>
        <extensions>
          <ns3:TrackPointExtension>
            <ns3:atemp>30.0</ns3:atemp>
          </ns3:TrackPointExtension>
        </extensions>
      </trkpt>
      <trkpt lat="46.14385996945202350616455078125" lon="91.03736923076212406158447265625">
        <ele>1143.5999755859375</ele>
        <time>2025-08-07T05:28:39.000Z</time>
        <extensions>
          <ns3:TrackPointExtension>
            <ns3:atemp>30.0</ns3:atemp>
          </ns3:TrackPointExtension>
        </extensions>
      </trkpt>
      <trkpt lat="46.14389047957956790924072265625" lon="91.03754675947129726409912109375">
        <ele>1143.800048828125</ele>
        <time>2025-08-07T05:28:41.000Z</time>
        <extensions>
          <ns3:TrackPointExtension>
            <ns3:atemp>30.0</ns3:atemp>
          </ns3:TrackPointExtension>
        </extensions>
      </trkpt>
      <trkpt lat="46.143972873687744140625" lon="91.0381025634706020355224609375">
        <ele>1143.800048828125</ele>
        <time>2025-08-07T05:28:47.000Z</time>
        <extensions>
          <ns3:TrackPointExtension>
            <ns3:atemp>30.0</ns3:atemp>
          </ns3:TrackPointExtension>
        </extensions>
      </trkpt>
      <trkpt lat="46.14408443681895732879638671875" lon="91.03889691643416881561279296875">
        <ele>1143.5999755859375</ele>
        <time>2025-08-07T05:28:55.000Z</time>
        <extensions>
          <ns3:TrackPointExtension>
            <ns3:atemp>30.0</ns3:atemp>
          </ns3:TrackPointExtension>
        </extensions>
      </trkpt>
      <trkpt lat="46.14411712624132633209228515625" lon="91.03911233134567737579345703125">
        <ele>1143.5999755859375</ele>
        <time>2025-08-07T05:28:57.000Z</time>
        <extensions>
          <ns3:TrackPointExtension>
            <ns3:atemp>30.0</ns3:atemp>
          </ns3:TrackPointExtension>
        </extensions>
      </trkpt>
      <trkpt lat="46.14424000494182109832763671875" lon="91.03996812365949153900146484375">
        <ele>1143</ele>
        <time>2025-08-07T05:29:05.000Z</time>
        <extensions>
          <ns3:TrackPointExtension>
            <ns3:atemp>30.0</ns3:atemp>
          </ns3:TrackPointExtension>
        </extensions>
      </trkpt>
      <trkpt lat="46.1442717723548412322998046875" lon="91.04018622078001499176025390625">
        <ele>1143</ele>
        <time>2025-08-07T05:29:07.000Z</time>
        <extensions>
          <ns3:TrackPointExtension>
            <ns3:atemp>30.0</ns3:atemp>
          </ns3:TrackPointExtension>
        </extensions>
      </trkpt>
      <trkpt lat="46.144362799823284149169921875" lon="91.04084487073123455047607421875">
        <ele>1142.5999755859375</ele>
        <time>2025-08-07T05:29:13.000Z</time>
        <extensions>
          <ns3:TrackPointExtension>
            <ns3:atemp>30.0</ns3:atemp>
          </ns3:TrackPointExtension>
        </extensions>
      </trkpt>
      <trkpt lat="46.1443763785064220428466796875" lon="91.04095350019633769989013671875">
        <ele>1142.5999755859375</ele>
        <time>2025-08-07T05:29:14.000Z</time>
        <extensions>
          <ns3:TrackPointExtension>
            <ns3:atemp>30.0</ns3:atemp>
          </ns3:TrackPointExtension>
        </extensions>
      </trkpt>
      <trkpt lat="46.14449917338788509368896484375" lon="91.041823960840702056884765625">
        <ele>1142.800048828125</ele>
        <time>2025-08-07T05:29:22.000Z</time>
        <extensions>
          <ns3:TrackPointExtension>
            <ns3:atemp>30.0</ns3:atemp>
          </ns3:TrackPointExtension>
        </extensions>
      </trkpt>
      <trkpt lat="46.1445299349725246429443359375" lon="91.04204532690346240997314453125">
        <ele>1143</ele>
        <time>2025-08-07T05:29:24.000Z</time>
        <extensions>
          <ns3:TrackPointExtension>
            <ns3:atemp>30.0</ns3:atemp>
          </ns3:TrackPointExtension>
        </extensions>
      </trkpt>
      <trkpt lat="46.1446528136730194091796875" lon="91.04290765710175037384033203125">
        <ele>1143.5999755859375</ele>
        <time>2025-08-07T05:29:32.000Z</time>
        <extensions>
          <ns3:TrackPointExtension>
            <ns3:atemp>30.0</ns3:atemp>
          </ns3:TrackPointExtension>
        </extensions>
      </trkpt>
      <trkpt lat="46.1446975730359554290771484375" lon="91.043223403394222259521484375">
        <ele>1143.4000244140625</ele>
        <time>2025-08-07T05:29:35.000Z</time>
        <extensions>
          <ns3:TrackPointExtension>
            <ns3:atemp>30.0</ns3:atemp>
          </ns3:TrackPointExtension>
        </extensions>
      </trkpt>
      <trkpt lat="46.14482372067868709564208984375" lon="91.04406385682523250579833984375">
        <ele>1143.5999755859375</ele>
        <time>2025-08-07T05:29:43.000Z</time>
        <extensions>
          <ns3:TrackPointExtension>
            <ns3:atemp>30.0</ns3:atemp>
          </ns3:TrackPointExtension>
        </extensions>
      </trkpt>
      <trkpt lat="46.1448843218386173248291015625" lon="91.044486723840236663818359375">
        <ele>1143.800048828125</ele>
        <time>2025-08-07T05:29:47.000Z</time>
        <extensions>
          <ns3:TrackPointExtension>
            <ns3:atemp>30.0</ns3:atemp>
          </ns3:TrackPointExtension>
        </extensions>
      </trkpt>
      <trkpt lat="46.14499387331306934356689453125" lon="91.045254170894622802734375">
        <ele>1144.4000244140625</ele>
        <time>2025-08-07T05:29:55.000Z</time>
        <extensions>
          <ns3:TrackPointExtension>
            <ns3:atemp>30.0</ns3:atemp>
          </ns3:TrackPointExtension>
        </extensions>
      </trkpt>
      <trkpt lat="46.145017929375171661376953125" lon="91.04543278925120830535888671875">
        <ele>1144.800048828125</ele>
        <time>2025-08-07T05:29:57.000Z</time>
        <extensions>
          <ns3:TrackPointExtension>
            <ns3:atemp>30.0</ns3:atemp>
          </ns3:TrackPointExtension>
        </extensions>
      </trkpt>
      <trkpt lat="46.14508054219186305999755859375" lon="91.04593955911695957183837890625">
        <ele>1145.4000244140625</ele>
        <time>2025-08-07T05:30:03.000Z</time>
        <extensions>
          <ns3:TrackPointExtension>
            <ns3:atemp>30.0</ns3:atemp>
          </ns3:TrackPointExtension>
        </extensions>
      </trkpt>
      <trkpt lat="46.14511943422257900238037109375" lon="91.04626913554966449737548828125">
        <ele>1145.800048828125</ele>
        <time>2025-08-07T05:30:07.000Z</time>
        <extensions>
          <ns3:TrackPointExtension>
            <ns3:atemp>30.0</ns3:atemp>
          </ns3:TrackPointExtension>
        </extensions>
      </trkpt>
      <trkpt lat="46.145174503326416015625" lon="91.04665855877101421356201171875">
        <ele>1146.800048828125</ele>
        <time>2025-08-07T05:30:12.000Z</time>
        <extensions>
          <ns3:TrackPointExtension>
            <ns3:atemp>30.0</ns3:atemp>
          </ns3:TrackPointExtension>
        </extensions>
      </trkpt>
      <trkpt lat="46.1451838910579681396484375" lon="91.04673081077635288238525390625">
        <ele>1147</ele>
        <time>2025-08-07T05:30:13.000Z</time>
        <extensions>
          <ns3:TrackPointExtension>
            <ns3:atemp>30.0</ns3:atemp>
          </ns3:TrackPointExtension>
        </extensions>
      </trkpt>
      <trkpt lat="46.14525421522557735443115234375" lon="91.0472095012664794921875">
        <ele>1148</ele>
        <time>2025-08-07T05:30:20.000Z</time>
        <extensions>
          <ns3:TrackPointExtension>
            <ns3:atemp>30.0</ns3:atemp>
          </ns3:TrackPointExtension>
        </extensions>
      </trkpt>
      <trkpt lat="46.14526410587131977081298828125" lon="91.047274880111217498779296875">
        <ele>1148.199951171875</ele>
        <time>2025-08-07T05:30:21.000Z</time>
        <extensions>
          <ns3:TrackPointExtension>
            <ns3:atemp>30.0</ns3:atemp>
          </ns3:TrackPointExtension>
        </extensions>
      </trkpt>
      <trkpt lat="46.14533535204827785491943359375" lon="91.04782381094992160797119140625">
        <ele>1148.800048828125</ele>
        <time>2025-08-07T05:30:30.000Z</time>
        <extensions>
          <ns3:TrackPointExtension>
            <ns3:atemp>30.0</ns3:atemp>
          </ns3:TrackPointExtension>
        </extensions>
      </trkpt>
      <trkpt lat="46.145361922681331634521484375" lon="91.0480039380490779876708984375">
        <ele>1149</ele>
        <time>2025-08-07T05:30:33.000Z</time>
        <extensions>
          <ns3:TrackPointExtension>
            <ns3:atemp>30.0</ns3:atemp>
          </ns3:TrackPointExtension>
        </extensions>
      </trkpt>
      <trkpt lat="46.14544498734176158905029296875" lon="91.04853074066340923309326171875">
        <ele>1149.4000244140625</ele>
        <time>2025-08-07T05:30:41.000Z</time>
        <extensions>
          <ns3:TrackPointExtension>
            <ns3:atemp>30.0</ns3:atemp>
          </ns3:TrackPointExtension>
        </extensions>
      </trkpt>
      <trkpt lat="46.14553458988666534423828125" lon="91.0490929149091243743896484375">
        <ele>1150.199951171875</ele>
        <time>2025-08-07T05:30:49.000Z</time>
        <extensions>
          <ns3:TrackPointExtension>
            <ns3:atemp>30.0</ns3:atemp>
          </ns3:TrackPointExtension>
        </extensions>
      </trkpt>
      <trkpt lat="46.14555411972105503082275390625" lon="91.04923247359693050384521484375">
        <ele>1150.199951171875</ele>
        <time>2025-08-07T05:30:51.000Z</time>
        <extensions>
          <ns3:TrackPointExtension>
            <ns3:atemp>30.0</ns3:atemp>
          </ns3:TrackPointExtension>
        </extensions>
      </trkpt>
      <trkpt lat="46.14563274197280406951904296875" lon="91.04967906139791011810302734375">
        <ele>1150.4000244140625</ele>
        <time>2025-08-07T05:30:58.000Z</time>
        <extensions>
          <ns3:TrackPointExtension>
            <ns3:atemp>30.0</ns3:atemp>
          </ns3:TrackPointExtension>
        </extensions>
      </trkpt>
      <trkpt lat="46.14565252326428890228271484375" lon="91.049800179898738861083984375">
        <ele>1150.4000244140625</ele>
        <time>2025-08-07T05:31:00.000Z</time>
        <extensions>
          <ns3:TrackPointExtension>
            <ns3:atemp>30.0</ns3:atemp>
          </ns3:TrackPointExtension>
        </extensions>
      </trkpt>
      <trkpt lat="46.14568001590669155120849609375" lon="91.0500450991094112396240234375">
        <ele>1150.4000244140625</ele>
        <time>2025-08-07T05:31:04.000Z</time>
        <extensions>
          <ns3:TrackPointExtension>
            <ns3:atemp>29.0</ns3:atemp>
          </ns3:TrackPointExtension>
        </extensions>
      </trkpt>
      <trkpt lat="46.145775653421878814697265625" lon="91.05068069882690906524658203125">
        <ele>1150.4000244140625</ele>
        <time>2025-08-07T05:31:13.000Z</time>
        <extensions>
          <ns3:TrackPointExtension>
            <ns3:atemp>29.0</ns3:atemp>
          </ns3:TrackPointExtension>
        </extensions>
      </trkpt>
      <trkpt lat="46.14588000811636447906494140625" lon="91.05138679035007953643798828125">
        <ele>1150.199951171875</ele>
        <time>2025-08-07T05:31:21.000Z</time>
        <extensions>
          <ns3:TrackPointExtension>
            <ns3:atemp>29.0</ns3:atemp>
          </ns3:TrackPointExtension>
        </extensions>
      </trkpt>
      <trkpt lat="46.14596952684223651885986328125" lon="91.0520483739674091339111328125">
        <ele>1150</ele>
        <time>2025-08-07T05:31:28.000Z</time>
        <extensions>
          <ns3:TrackPointExtension>
            <ns3:atemp>29.0</ns3:atemp>
          </ns3:TrackPointExtension>
        </extensions>
      </trkpt>
      <trkpt lat="46.14608603529632091522216796875" lon="91.05272806249558925628662109375">
        <ele>1149.800048828125</ele>
        <time>2025-08-07T05:31:35.000Z</time>
        <extensions>
          <ns3:TrackPointExtension>
            <ns3:atemp>29.0</ns3:atemp>
          </ns3:TrackPointExtension>
        </extensions>
      </trkpt>
      <trkpt lat="46.1462183855473995208740234375" lon="91.0535366646945476531982421875">
        <ele>1149.800048828125</ele>
        <time>2025-08-07T05:31:43.000Z</time>
        <extensions>
          <ns3:TrackPointExtension>
            <ns3:atemp>29.0</ns3:atemp>
          </ns3:TrackPointExtension>
        </extensions>
      </trkpt>
      <trkpt lat="46.14626951515674591064453125" lon="91.05384117923676967620849609375">
        <ele>1149.5999755859375</ele>
        <time>2025-08-07T05:31:46.000Z</time>
        <extensions>
          <ns3:TrackPointExtension>
            <ns3:atemp>29.0</ns3:atemp>
          </ns3:TrackPointExtension>
        </extensions>
      </trkpt>
      <trkpt lat="46.14639800973236560821533203125" lon="91.0546662099659442901611328125">
        <ele>1149.5999755859375</ele>
        <time>2025-08-07T05:31:54.000Z</time>
        <extensions>
          <ns3:TrackPointExtension>
            <ns3:atemp>29.0</ns3:atemp>
          </ns3:TrackPointExtension>
        </extensions>
      </trkpt>
      <trkpt lat="46.146444864571094512939453125" lon="91.05496804229915142059326171875">
        <ele>1149.800048828125</ele>
        <time>2025-08-07T05:31:57.000Z</time>
        <extensions>
          <ns3:TrackPointExtension>
            <ns3:atemp>29.0</ns3:atemp>
          </ns3:TrackPointExtension>
        </extensions>
      </trkpt>
      <trkpt lat="46.14652625285089015960693359375" lon="91.05550481937825679779052734375">
        <ele>1150.5999755859375</ele>
        <time>2025-08-07T05:32:03.000Z</time>
        <extensions>
          <ns3:TrackPointExtension>
            <ns3:atemp>29.0</ns3:atemp>
          </ns3:TrackPointExtension>
        </extensions>
      </trkpt>
      <trkpt lat="46.14657687954604625701904296875" lon="91.05582567863166332244873046875">
        <ele>1151.199951171875</ele>
        <time>2025-08-07T05:32:07.000Z</time>
        <extensions>
          <ns3:TrackPointExtension>
            <ns3:atemp>29.0</ns3:atemp>
          </ns3:TrackPointExtension>
        </extensions>
      </trkpt>
      <trkpt lat="46.14661644212901592254638671875" lon="91.05604981072247028350830078125">
        <ele>1151.800048828125</ele>
        <time>2025-08-07T05:32:10.000Z</time>
        <extensions>
          <ns3:TrackPointExtension>
            <ns3:atemp>29.0</ns3:atemp>
          </ns3:TrackPointExtension>
        </extensions>
      </trkpt>
      <trkpt lat="46.14667293615639209747314453125" lon="91.05642020702362060546875">
        <ele>1152.199951171875</ele>
        <time>2025-08-07T05:32:15.000Z</time>
        <extensions>
          <ns3:TrackPointExtension>
            <ns3:atemp>29.0</ns3:atemp>
          </ns3:TrackPointExtension>
        </extensions>
      </trkpt>
      <trkpt lat="46.146711409091949462890625" lon="91.05668448843061923980712890625">
        <ele>1153</ele>
        <time>2025-08-07T05:32:19.000Z</time>
        <extensions>
          <ns3:TrackPointExtension>
            <ns3:atemp>29.0</ns3:atemp>
          </ns3:TrackPointExtension>
        </extensions>
      </trkpt>
      <trkpt lat="46.1467380635440349578857421875" lon="91.05686687864363193511962890625">
        <ele>1153.199951171875</ele>
        <time>2025-08-07T05:32:22.000Z</time>
        <extensions>
          <ns3:TrackPointExtension>
            <ns3:atemp>29.0</ns3:atemp>
          </ns3:TrackPointExtension>
        </extensions>
      </trkpt>
      <trkpt lat="46.14676346071064472198486328125" lon="91.0570262186229228973388671875">
        <ele>1153.5999755859375</ele>
        <time>2025-08-07T05:32:25.000Z</time>
        <extensions>
          <ns3:TrackPointExtension>
            <ns3:atemp>29.0</ns3:atemp>
          </ns3:TrackPointExtension>
        </extensions>
      </trkpt>
      <trkpt lat="46.14678123034536838531494140625" lon="91.0571764223277568817138671875">
        <ele>1154.199951171875</ele>
        <time>2025-08-07T05:32:28.000Z</time>
        <extensions>
          <ns3:TrackPointExtension>
            <ns3:atemp>29.0</ns3:atemp>
          </ns3:TrackPointExtension>
        </extensions>
      </trkpt>
      <trkpt lat="46.14681190811097621917724609375" lon="91.0573561303317546844482421875">
        <ele>1154.800048828125</ele>
        <time>2025-08-07T05:32:32.000Z</time>
        <extensions>
          <ns3:TrackPointExtension>
            <ns3:atemp>29.0</ns3:atemp>
          </ns3:TrackPointExtension>
        </extensions>
      </trkpt>
      <trkpt lat="46.14683990366756916046142578125" lon="91.05755805037915706634521484375">
        <ele>1155.4000244140625</ele>
        <time>2025-08-07T05:32:37.000Z</time>
        <extensions>
          <ns3:TrackPointExtension>
            <ns3:atemp>29.0</ns3:atemp>
          </ns3:TrackPointExtension>
        </extensions>
      </trkpt>
      <trkpt lat="46.14687561057507991790771484375" lon="91.05774228461086750030517578125">
        <ele>1156.199951171875</ele>
        <time>2025-08-07T05:32:42.000Z</time>
        <extensions>
          <ns3:TrackPointExtension>
            <ns3:atemp>29.0</ns3:atemp>
          </ns3:TrackPointExtension>
        </extensions>
      </trkpt>
      <trkpt lat="46.14688918925821781158447265625" lon="91.05781420134007930755615234375">
        <ele>1156.4000244140625</ele>
        <time>2025-08-07T05:32:44.000Z</time>
        <extensions>
          <ns3:TrackPointExtension>
            <ns3:atemp>29.0</ns3:atemp>
          </ns3:TrackPointExtension>
        </extensions>
      </trkpt>
      <trkpt lat="46.1469338648021221160888671875" lon="91.05806414969265460968017578125">
        <ele>1157.199951171875</ele>
        <time>2025-08-07T05:32:51.000Z</time>
        <extensions>
          <ns3:TrackPointExtension>
            <ns3:atemp>29.0</ns3:atemp>
          </ns3:TrackPointExtension>
        </extensions>
      </trkpt>
      <trkpt lat="46.14693981595337390899658203125" lon="91.05810572393238544464111328125">
        <ele>1157.5999755859375</ele>
        <time>2025-08-07T05:32:52.000Z</time>
        <extensions>
          <ns3:TrackPointExtension>
            <ns3:atemp>29.0</ns3:atemp>
          </ns3:TrackPointExtension>
        </extensions>
      </trkpt>
      <trkpt lat="46.146979965269565582275390625" lon="91.05836254544556140899658203125">
        <ele>1158.5999755859375</ele>
        <time>2025-08-07T05:32:59.000Z</time>
        <extensions>
          <ns3:TrackPointExtension>
            <ns3:atemp>29.0</ns3:atemp>
          </ns3:TrackPointExtension>
        </extensions>
      </trkpt>
      <trkpt lat="46.146983318030834197998046875" lon="91.0583971627056598663330078125">
        <ele>1158.800048828125</ele>
        <time>2025-08-07T05:33:00.000Z</time>
        <extensions>
          <ns3:TrackPointExtension>
            <ns3:atemp>29.0</ns3:atemp>
          </ns3:TrackPointExtension>
        </extensions>
      </trkpt>
      <trkpt lat="46.14701240323483943939208984375" lon="91.05860008858144283294677734375">
        <ele>1159.800048828125</ele>
        <time>2025-08-07T05:33:06.000Z</time>
        <extensions>
          <ns3:TrackPointExtension>
            <ns3:atemp>29.0</ns3:atemp>
          </ns3:TrackPointExtension>
        </extensions>
      </trkpt>
      <trkpt lat="46.1470300890505313873291015625" lon="91.058704443275928497314453125">
        <ele>1160.199951171875</ele>
        <time>2025-08-07T05:33:09.000Z</time>
        <extensions>
          <ns3:TrackPointExtension>
            <ns3:atemp>29.0</ns3:atemp>
          </ns3:TrackPointExtension>
        </extensions>
      </trkpt>
      <trkpt lat="46.14708314649760723114013671875" lon="91.0590848140418529510498046875">
        <ele>1160.5999755859375</ele>
        <time>2025-08-07T05:33:19.000Z</time>
        <extensions>
          <ns3:TrackPointExtension>
            <ns3:atemp>29.0</ns3:atemp>
          </ns3:TrackPointExtension>
        </extensions>
      </trkpt>
      <trkpt lat="46.1470964737236499786376953125" lon="91.0591424815356731414794921875">
        <ele>1160.800048828125</ele>
        <time>2025-08-07T05:33:21.000Z</time>
        <extensions>
          <ns3:TrackPointExtension>
            <ns3:atemp>29.0</ns3:atemp>
          </ns3:TrackPointExtension>
        </extensions>
      </trkpt>
      <trkpt lat="46.147115416824817657470703125" lon="91.059252284467220306396484375">
        <ele>1161.199951171875</ele>
        <time>2025-08-07T05:33:25.000Z</time>
        <extensions>
          <ns3:TrackPointExtension>
            <ns3:atemp>29.0</ns3:atemp>
          </ns3:TrackPointExtension>
        </extensions>
      </trkpt>
      <trkpt lat="46.14713109098374843597412109375" lon="91.059423945844173431396484375">
        <ele>1161.800048828125</ele>
        <time>2025-08-07T05:33:30.000Z</time>
        <extensions>
          <ns3:TrackPointExtension>
            <ns3:atemp>29.0</ns3:atemp>
          </ns3:TrackPointExtension>
        </extensions>
      </trkpt>
      <trkpt lat="46.1471353657543659210205078125" lon="91.0594619996845722198486328125">
        <ele>1162</ele>
        <time>2025-08-07T05:33:31.000Z</time>
        <extensions>
          <ns3:TrackPointExtension>
            <ns3:atemp>29.0</ns3:atemp>
          </ns3:TrackPointExtension>
        </extensions>
      </trkpt>
      <trkpt lat="46.147187836468219757080078125" lon="91.05979048646986484527587890625">
        <ele>1162.4000244140625</ele>
        <time>2025-08-07T05:33:39.000Z</time>
        <extensions>
          <ns3:TrackPointExtension>
            <ns3:atemp>29.0</ns3:atemp>
          </ns3:TrackPointExtension>
        </extensions>
      </trkpt>
      <trkpt lat="46.147230751812458038330078125" lon="91.06007228605449199676513671875">
        <ele>1162.800048828125</ele>
        <time>2025-08-07T05:33:46.000Z</time>
        <extensions>
          <ns3:TrackPointExtension>
            <ns3:atemp>29.0</ns3:atemp>
          </ns3:TrackPointExtension>
        </extensions>
      </trkpt>
      <trkpt lat="46.1472527123987674713134765625" lon="91.060194410383701324462890625">
        <ele>1163</ele>
        <time>2025-08-07T05:33:49.000Z</time>
        <extensions>
          <ns3:TrackPointExtension>
            <ns3:atemp>29.0</ns3:atemp>
          </ns3:TrackPointExtension>
        </extensions>
      </trkpt>
      <trkpt lat="46.14730744622647762298583984375" lon="91.06053664349019527435302734375">
        <ele>1163.4000244140625</ele>
        <time>2025-08-07T05:33:57.000Z</time>
        <extensions>
          <ns3:TrackPointExtension>
            <ns3:atemp>29.0</ns3:atemp>
          </ns3:TrackPointExtension>
        </extensions>
      </trkpt>
      <trkpt lat="46.147355474531650543212890625" lon="91.06084275059401988983154296875">
        <ele>1163.800048828125</ele>
        <time>2025-08-07T05:34:04.000Z</time>
        <extensions>
          <ns3:TrackPointExtension>
            <ns3:atemp>29.0</ns3:atemp>
          </ns3:TrackPointExtension>
        </extensions>
      </trkpt>
      <trkpt lat="46.14738824777305126190185546875" lon="91.061023212969303131103515625">
        <ele>1164</ele>
        <time>2025-08-07T05:34:08.000Z</time>
        <extensions>
          <ns3:TrackPointExtension>
            <ns3:atemp>29.0</ns3:atemp>
          </ns3:TrackPointExtension>
        </extensions>
      </trkpt>
      <trkpt lat="46.14742613397538661956787109375" lon="91.061233766376972198486328125">
        <ele>1164.4000244140625</ele>
        <time>2025-08-07T05:34:13.000Z</time>
        <extensions>
          <ns3:TrackPointExtension>
            <ns3:atemp>29.0</ns3:atemp>
          </ns3:TrackPointExtension>
        </extensions>
      </trkpt>
      <trkpt lat="46.147466786205768585205078125" lon="91.0615165717899799346923828125">
        <ele>1165.199951171875</ele>
        <time>2025-08-07T05:34:20.000Z</time>
        <extensions>
          <ns3:TrackPointExtension>
            <ns3:atemp>29.0</ns3:atemp>
          </ns3:TrackPointExtension>
        </extensions>
      </trkpt>
      <trkpt lat="46.14747206680476665496826171875" lon="91.06155688874423503875732421875">
        <ele>1165.199951171875</ele>
        <time>2025-08-07T05:34:21.000Z</time>
        <extensions>
          <ns3:TrackPointExtension>
            <ns3:atemp>29.0</ns3:atemp>
          </ns3:TrackPointExtension>
        </extensions>
      </trkpt>
      <trkpt lat="46.14751699380576610565185546875" lon="91.06184405274689197540283203125">
        <ele>1166</ele>
        <time>2025-08-07T05:34:29.000Z</time>
        <extensions>
          <ns3:TrackPointExtension>
            <ns3:atemp>29.0</ns3:atemp>
          </ns3:TrackPointExtension>
        </extensions>
      </trkpt>
      <trkpt lat="46.14752168767154216766357421875" lon="91.061874814331531524658203125">
        <ele>1166.199951171875</ele>
        <time>2025-08-07T05:34:30.000Z</time>
        <extensions>
          <ns3:TrackPointExtension>
            <ns3:atemp>29.0</ns3:atemp>
          </ns3:TrackPointExtension>
        </extensions>
      </trkpt>
      <trkpt lat="46.14756259135901927947998046875" lon="91.0621093399822711944580078125">
        <ele>1167</ele>
        <time>2025-08-07T05:34:37.000Z</time>
        <extensions>
          <ns3:TrackPointExtension>
            <ns3:atemp>29.0</ns3:atemp>
          </ns3:TrackPointExtension>
        </extensions>
      </trkpt>
      <trkpt lat="46.14757432602345943450927734375" lon="91.06217421591281890869140625">
        <ele>1167.199951171875</ele>
        <time>2025-08-07T05:34:39.000Z</time>
        <extensions>
          <ns3:TrackPointExtension>
            <ns3:atemp>29.0</ns3:atemp>
          </ns3:TrackPointExtension>
        </extensions>
      </trkpt>
      <trkpt lat="46.147602908313274383544921875" lon="91.0623718611896038055419921875">
        <ele>1168</ele>
        <time>2025-08-07T05:34:45.000Z</time>
        <extensions>
          <ns3:TrackPointExtension>
            <ns3:atemp>29.0</ns3:atemp>
          </ns3:TrackPointExtension>
        </extensions>
      </trkpt>
      <trkpt lat="46.147630400955677032470703125" lon="91.0625653155148029327392578125">
        <ele>1168.4000244140625</ele>
        <time>2025-08-07T05:34:51.000Z</time>
        <extensions>
          <ns3:TrackPointExtension>
            <ns3:atemp>29.0</ns3:atemp>
          </ns3:TrackPointExtension>
        </extensions>
      </trkpt>
      <trkpt lat="46.14765412174165248870849609375" lon="91.0627379827201366424560546875">
        <ele>1168.800048828125</ele>
        <time>2025-08-07T05:34:56.000Z</time>
        <extensions>
          <ns3:TrackPointExtension>
            <ns3:atemp>29.0</ns3:atemp>
          </ns3:TrackPointExtension>
        </extensions>
      </trkpt>
      <trkpt lat="46.1476969532668590545654296875" lon="91.0630276612937450408935546875">
        <ele>1169.4000244140625</ele>
        <time>2025-08-07T05:35:04.000Z</time>
        <extensions>
          <ns3:TrackPointExtension>
            <ns3:atemp>29.0</ns3:atemp>
          </ns3:TrackPointExtension>
        </extensions>
      </trkpt>
      <trkpt lat="46.1477033235132694244384765625" lon="91.063062362372875213623046875">
        <ele>1169.4000244140625</ele>
        <time>2025-08-07T05:35:05.000Z</time>
        <extensions>
          <ns3:TrackPointExtension>
            <ns3:atemp>29.0</ns3:atemp>
          </ns3:TrackPointExtension>
        </extensions>
      </trkpt>
      <trkpt lat="46.147738359868526458740234375" lon="91.0632767714560031890869140625">
        <ele>1170.5999755859375</ele>
        <time>2025-08-07T05:35:11.000Z</time>
        <extensions>
          <ns3:TrackPointExtension>
            <ns3:atemp>29.0</ns3:atemp>
          </ns3:TrackPointExtension>
        </extensions>
      </trkpt>
      <trkpt lat="46.1477609910070896148681640625" lon="91.06342420913279056549072265625">
        <ele>1171.199951171875</ele>
        <time>2025-08-07T05:35:15.000Z</time>
        <extensions>
          <ns3:TrackPointExtension>
            <ns3:atemp>29.0</ns3:atemp>
          </ns3:TrackPointExtension>
        </extensions>
      </trkpt>
      <trkpt lat="46.14777364768087863922119140625" lon="91.06353702954947948455810546875">
        <ele>1171.5999755859375</ele>
        <time>2025-08-07T05:35:18.000Z</time>
        <extensions>
          <ns3:TrackPointExtension>
            <ns3:atemp>29.0</ns3:atemp>
          </ns3:TrackPointExtension>
        </extensions>
      </trkpt>
      <trkpt lat="46.1478186585009098052978515625" lon="91.0638003051280975341796875">
        <ele>1172.199951171875</ele>
        <time>2025-08-07T05:35:25.000Z</time>
        <extensions>
          <ns3:TrackPointExtension>
            <ns3:atemp>29.0</ns3:atemp>
          </ns3:TrackPointExtension>
        </extensions>
      </trkpt>
      <trkpt lat="46.14786735735833644866943359375" lon="91.0641173087060451507568359375">
        <ele>1172.800048828125</ele>
        <time>2025-08-07T05:35:33.000Z</time>
        <extensions>
          <ns3:TrackPointExtension>
            <ns3:atemp>29.0</ns3:atemp>
          </ns3:TrackPointExtension>
        </extensions>
      </trkpt>
      <trkpt lat="46.14788462407886981964111328125" lon="91.06424882076680660247802734375">
        <ele>1173.199951171875</ele>
        <time>2025-08-07T05:35:36.000Z</time>
        <extensions>
          <ns3:TrackPointExtension>
            <ns3:atemp>29.0</ns3:atemp>
          </ns3:TrackPointExtension>
        </extensions>
      </trkpt>
      <trkpt lat="46.14797129295766353607177734375" lon="91.06476916931569576263427734375">
        <ele>1173.800048828125</ele>
        <time>2025-08-07T05:35:47.000Z</time>
        <extensions>
          <ns3:TrackPointExtension>
            <ns3:atemp>29.0</ns3:atemp>
          </ns3:TrackPointExtension>
        </extensions>
      </trkpt>
      <trkpt lat="46.14797850139439105987548828125" lon="91.0648217238485813140869140625">
        <ele>1174</ele>
        <time>2025-08-07T05:35:48.000Z</time>
        <extensions>
          <ns3:TrackPointExtension>
            <ns3:atemp>29.0</ns3:atemp>
          </ns3:TrackPointExtension>
        </extensions>
      </trkpt>
      <trkpt lat="46.14805310033261775970458984375" lon="91.06527593918144702911376953125">
        <ele>1175</ele>
        <time>2025-08-07T05:35:56.000Z</time>
        <extensions>
          <ns3:TrackPointExtension>
            <ns3:atemp>29.0</ns3:atemp>
          </ns3:TrackPointExtension>
        </extensions>
      </trkpt>
      <trkpt lat="46.14807271398603916168212890625" lon="91.0653980635106563568115234375">
        <ele>1175.199951171875</ele>
        <time>2025-08-07T05:35:58.000Z</time>
        <extensions>
          <ns3:TrackPointExtension>
            <ns3:atemp>29.0</ns3:atemp>
          </ns3:TrackPointExtension>
        </extensions>
      </trkpt>
      <trkpt lat="46.148135326802730560302734375" lon="91.06584574095904827117919921875">
        <ele>1175</ele>
        <time>2025-08-07T05:36:05.000Z</time>
        <extensions>
          <ns3:TrackPointExtension>
            <ns3:atemp>29.0</ns3:atemp>
          </ns3:TrackPointExtension>
        </extensions>
      </trkpt>
      <trkpt lat="46.148148737847805023193359375" lon="91.06591229327023029327392578125">
        <ele>1175</ele>
        <time>2025-08-07T05:36:06.000Z</time>
        <extensions>
          <ns3:TrackPointExtension>
            <ns3:atemp>29.0</ns3:atemp>
          </ns3:TrackPointExtension>
        </extensions>
      </trkpt>
      <trkpt lat="46.14824504591524600982666015625" lon="91.0665302909910678863525390625">
        <ele>1175</ele>
        <time>2025-08-07T05:36:15.000Z</time>
        <extensions>
          <ns3:TrackPointExtension>
            <ns3:atemp>29.0</ns3:atemp>
          </ns3:TrackPointExtension>
        </extensions>
      </trkpt>
      <trkpt lat="46.1483395099639892578125" lon="91.06714158318936824798583984375">
        <ele>1175.5999755859375</ele>
        <time>2025-08-07T05:36:24.000Z</time>
        <extensions>
          <ns3:TrackPointExtension>
            <ns3:atemp>29.0</ns3:atemp>
          </ns3:TrackPointExtension>
        </extensions>
      </trkpt>
      <trkpt lat="46.14835887216031551361083984375" lon="91.06727175414562225341796875">
        <ele>1176</ele>
        <time>2025-08-07T05:36:26.000Z</time>
        <extensions>
          <ns3:TrackPointExtension>
            <ns3:atemp>29.0</ns3:atemp>
          </ns3:TrackPointExtension>
        </extensions>
      </trkpt>
      <trkpt lat="46.14840581081807613372802734375" lon="91.067580543458461761474609375">
        <ele>1176.4000244140625</ele>
        <time>2025-08-07T05:36:31.000Z</time>
        <extensions>
          <ns3:TrackPointExtension>
            <ns3:atemp>29.0</ns3:atemp>
          </ns3:TrackPointExtension>
        </extensions>
      </trkpt>
      <trkpt lat="46.14842374809086322784423828125" lon="91.06770032085478305816650390625">
        <ele>1176.5999755859375</ele>
        <time>2025-08-07T05:36:33.000Z</time>
        <extensions>
          <ns3:TrackPointExtension>
            <ns3:atemp>29.0</ns3:atemp>
          </ns3:TrackPointExtension>
        </extensions>
      </trkpt>
      <trkpt lat="46.14846297539770603179931640625" lon="91.06792143546044826507568359375">
        <ele>1177.199951171875</ele>
        <time>2025-08-07T05:36:37.000Z</time>
        <extensions>
          <ns3:TrackPointExtension>
            <ns3:atemp>29.0</ns3:atemp>
          </ns3:TrackPointExtension>
        </extensions>
      </trkpt>
      <trkpt lat="46.14849767647683620452880859375" lon="91.06817658059298992156982421875">
        <ele>1178</ele>
        <time>2025-08-07T05:36:42.000Z</time>
        <extensions>
          <ns3:TrackPointExtension>
            <ns3:atemp>29.0</ns3:atemp>
          </ns3:TrackPointExtension>
        </extensions>
      </trkpt>
      <trkpt lat="46.14850974641740322113037109375" lon="91.06827682815492153167724609375">
        <ele>1178.199951171875</ele>
        <time>2025-08-07T05:36:44.000Z</time>
        <extensions>
          <ns3:TrackPointExtension>
            <ns3:atemp>29.0</ns3:atemp>
          </ns3:TrackPointExtension>
        </extensions>
      </trkpt>
      <trkpt lat="46.14857965148985385894775390625" lon="91.06871972791850566864013671875">
        <ele>1178.800048828125</ele>
        <time>2025-08-07T05:36:52.000Z</time>
        <extensions>
          <ns3:TrackPointExtension>
            <ns3:atemp>29.0</ns3:atemp>
          </ns3:TrackPointExtension>
        </extensions>
      </trkpt>
      <trkpt lat="46.14863262511789798736572265625" lon="91.06905014254152774810791015625">
        <ele>1179.199951171875</ele>
        <time>2025-08-07T05:36:58.000Z</time>
        <extensions>
          <ns3:TrackPointExtension>
            <ns3:atemp>29.0</ns3:atemp>
          </ns3:TrackPointExtension>
        </extensions>
      </trkpt>
      <trkpt lat="46.148646958172321319580078125" lon="91.069152988493442535400390625">
        <ele>1179.4000244140625</ele>
        <time>2025-08-07T05:37:00.000Z</time>
        <extensions>
          <ns3:TrackPointExtension>
            <ns3:atemp>29.0</ns3:atemp>
          </ns3:TrackPointExtension>
        </extensions>
      </trkpt>
      <trkpt lat="46.14872449077665805816650390625" lon="91.06959848664700984954833984375">
        <ele>1180.199951171875</ele>
        <time>2025-08-07T05:37:09.000Z</time>
        <extensions>
          <ns3:TrackPointExtension>
            <ns3:atemp>29.0</ns3:atemp>
          </ns3:TrackPointExtension>
        </extensions>
      </trkpt>
      <trkpt lat="46.148774363100528717041015625" lon="91.06993895955383777618408203125">
        <ele>1181.4000244140625</ele>
        <time>2025-08-07T05:37:16.000Z</time>
        <extensions>
          <ns3:TrackPointExtension>
            <ns3:atemp>29.0</ns3:atemp>
          </ns3:TrackPointExtension>
        </extensions>
      </trkpt>
      <trkpt lat="46.1487933062016963958740234375" lon="91.07004390098154544830322265625">
        <ele>1181.5999755859375</ele>
        <time>2025-08-07T05:37:18.000Z</time>
        <extensions>
          <ns3:TrackPointExtension>
            <ns3:atemp>29.0</ns3:atemp>
          </ns3:TrackPointExtension>
        </extensions>
      </trkpt>
      <trkpt lat="46.14887125790119171142578125" lon="91.07054547406733036041259765625">
        <ele>1182.5999755859375</ele>
        <time>2025-08-07T05:37:28.000Z</time>
        <extensions>
          <ns3:TrackPointExtension>
            <ns3:atemp>29.0</ns3:atemp>
          </ns3:TrackPointExtension>
        </extensions>
      </trkpt>
      <trkpt lat="46.14888441748917102813720703125" lon="91.070648990571498870849609375">
        <ele>1183</ele>
        <time>2025-08-07T05:37:30.000Z</time>
        <extensions>
          <ns3:TrackPointExtension>
            <ns3:atemp>29.0</ns3:atemp>
          </ns3:TrackPointExtension>
        </extensions>
      </trkpt>
      <trkpt lat="46.1489606089890003204345703125" lon="91.0711366496980190277099609375">
        <ele>1183.800048828125</ele>
        <time>2025-08-07T05:37:39.000Z</time>
        <extensions>
          <ns3:TrackPointExtension>
            <ns3:atemp>29.0</ns3:atemp>
          </ns3:TrackPointExtension>
        </extensions>
      </trkpt>
      <trkpt lat="46.14904887042939662933349609375" lon="91.07171189971268177032470703125">
        <ele>1184.800048828125</ele>
        <time>2025-08-07T05:37:49.000Z</time>
        <extensions>
          <ns3:TrackPointExtension>
            <ns3:atemp>29.0</ns3:atemp>
          </ns3:TrackPointExtension>
        </extensions>
      </trkpt>
      <trkpt lat="46.14906948991119861602783203125" lon="91.07183092273771762847900390625">
        <ele>1185</ele>
        <time>2025-08-07T05:37:51.000Z</time>
        <extensions>
          <ns3:TrackPointExtension>
            <ns3:atemp>29.0</ns3:atemp>
          </ns3:TrackPointExtension>
        </extensions>
      </trkpt>
      <trkpt lat="46.14914710633456707000732421875" lon="91.072381027042865753173828125">
        <ele>1185</ele>
        <time>2025-08-07T05:38:00.000Z</time>
        <extensions>
          <ns3:TrackPointExtension>
            <ns3:atemp>29.0</ns3:atemp>
          </ns3:TrackPointExtension>
        </extensions>
      </trkpt>
      <trkpt lat="46.1492392234504222869873046875" lon="91.0729243420064449310302734375">
        <ele>1185.4000244140625</ele>
        <time>2025-08-07T05:38:09.000Z</time>
        <extensions>
          <ns3:TrackPointExtension>
            <ns3:atemp>29.0</ns3:atemp>
          </ns3:TrackPointExtension>
        </extensions>
      </trkpt>
      <trkpt lat="46.14930803887546062469482421875" lon="91.07342717237770557403564453125">
        <ele>1186</ele>
        <time>2025-08-07T05:38:17.000Z</time>
        <extensions>
          <ns3:TrackPointExtension>
            <ns3:atemp>29.0</ns3:atemp>
          </ns3:TrackPointExtension>
        </extensions>
      </trkpt>
      <trkpt lat="46.14932631142437458038330078125" lon="91.07354141771793365478515625">
        <ele>1186.199951171875</ele>
        <time>2025-08-07T05:38:19.000Z</time>
        <extensions>
          <ns3:TrackPointExtension>
            <ns3:atemp>29.0</ns3:atemp>
          </ns3:TrackPointExtension>
        </extensions>
      </trkpt>
      <trkpt lat="46.14940769970417022705078125" lon="91.0740850679576396942138671875">
        <ele>1187</ele>
        <time>2025-08-07T05:38:28.000Z</time>
        <extensions>
          <ns3:TrackPointExtension>
            <ns3:atemp>29.0</ns3:atemp>
          </ns3:TrackPointExtension>
        </extensions>
      </trkpt>
      <trkpt lat="46.1494192667305469512939453125" lon="91.07414734549820423126220703125">
        <ele>1187</ele>
        <time>2025-08-07T05:38:29.000Z</time>
        <extensions>
          <ns3:TrackPointExtension>
            <ns3:atemp>29.0</ns3:atemp>
          </ns3:TrackPointExtension>
        </extensions>
      </trkpt>
      <trkpt lat="46.1495235376060009002685546875" lon="91.0747700370848178863525390625">
        <ele>1187.5999755859375</ele>
        <time>2025-08-07T05:38:39.000Z</time>
        <extensions>
          <ns3:TrackPointExtension>
            <ns3:atemp>29.0</ns3:atemp>
          </ns3:TrackPointExtension>
        </extensions>
      </trkpt>
      <trkpt lat="46.14959201775491237640380859375" lon="91.07521302066743373870849609375">
        <ele>1188</ele>
        <time>2025-08-07T05:38:46.000Z</time>
        <extensions>
          <ns3:TrackPointExtension>
            <ns3:atemp>29.0</ns3:atemp>
          </ns3:TrackPointExtension>
        </extensions>
      </trkpt>
      <trkpt lat="46.14960995502769947052001953125" lon="91.07533791102468967437744140625">
        <ele>1188.199951171875</ele>
        <time>2025-08-07T05:38:48.000Z</time>
        <extensions>
          <ns3:TrackPointExtension>
            <ns3:atemp>29.0</ns3:atemp>
          </ns3:TrackPointExtension>
        </extensions>
      </trkpt>
      <trkpt lat="46.1497129686176776885986328125" lon="91.07600594870746135711669921875">
        <ele>1189.199951171875</ele>
        <time>2025-08-07T05:38:58.000Z</time>
        <extensions>
          <ns3:TrackPointExtension>
            <ns3:atemp>29.0</ns3:atemp>
          </ns3:TrackPointExtension>
        </extensions>
      </trkpt>
      <trkpt lat="46.149764768779277801513671875" lon="91.076348684728145599365234375">
        <ele>1189.5999755859375</ele>
        <time>2025-08-07T05:39:03.000Z</time>
        <extensions>
          <ns3:TrackPointExtension>
            <ns3:atemp>29.0</ns3:atemp>
          </ns3:TrackPointExtension>
        </extensions>
      </trkpt>
      <trkpt lat="46.149817071855068206787109375" lon="91.07666895724833011627197265625">
        <ele>1189.4000244140625</ele>
        <time>2025-08-07T05:39:08.000Z</time>
        <extensions>
          <ns3:TrackPointExtension>
            <ns3:atemp>29.0</ns3:atemp>
          </ns3:TrackPointExtension>
        </extensions>
      </trkpt>
      <trkpt lat="46.1498723924160003662109375" lon="91.0770200751721858978271484375">
        <ele>1190.199951171875</ele>
        <time>2025-08-07T05:39:13.000Z</time>
        <extensions>
          <ns3:TrackPointExtension>
            <ns3:atemp>29.0</ns3:atemp>
          </ns3:TrackPointExtension>
        </extensions>
      </trkpt>
      <trkpt lat="46.149943135678768157958984375" lon="91.07742701657116413116455078125">
        <ele>1191</ele>
        <time>2025-08-07T05:39:19.000Z</time>
        <extensions>
          <ns3:TrackPointExtension>
            <ns3:atemp>29.0</ns3:atemp>
          </ns3:TrackPointExtension>
        </extensions>
      </trkpt>
      <trkpt lat="46.150039024651050567626953125" lon="91.0780641250312328338623046875">
        <ele>1191.199951171875</ele>
        <time>2025-08-07T05:39:28.000Z</time>
        <extensions>
          <ns3:TrackPointExtension>
            <ns3:atemp>29.0</ns3:atemp>
          </ns3:TrackPointExtension>
        </extensions>
      </trkpt>
      <trkpt lat="46.1501488275825977325439453125" lon="91.0788168199360370635986328125">
        <ele>1192</ele>
        <time>2025-08-07T05:39:38.000Z</time>
        <extensions>
          <ns3:TrackPointExtension>
            <ns3:atemp>29.0</ns3:atemp>
          </ns3:TrackPointExtension>
        </extensions>
      </trkpt>
      <trkpt lat="46.15018344484269618988037109375" lon="91.0790186561644077301025390625">
        <ele>1192.199951171875</ele>
        <time>2025-08-07T05:39:41.000Z</time>
        <extensions>
          <ns3:TrackPointExtension>
            <ns3:atemp>29.0</ns3:atemp>
          </ns3:TrackPointExtension>
        </extensions>
      </trkpt>
      <trkpt lat="46.15024144761264324188232421875" lon="91.07936591841280460357666015625">
        <ele>1192.4000244140625</ele>
        <time>2025-08-07T05:39:46.000Z</time>
        <extensions>
          <ns3:TrackPointExtension>
            <ns3:atemp>29.0</ns3:atemp>
          </ns3:TrackPointExtension>
        </extensions>
      </trkpt>
      <trkpt lat="46.15033172070980072021484375" lon="91.0800010152161121368408203125">
        <ele>1193.4000244140625</ele>
        <time>2025-08-07T05:39:55.000Z</time>
        <extensions>
          <ns3:TrackPointExtension>
            <ns3:atemp>29.0</ns3:atemp>
          </ns3:TrackPointExtension>
        </extensions>
      </trkpt>
      <trkpt lat="46.15043641068041324615478515625" lon="91.08064818195998668670654296875">
        <ele>1194.5999755859375</ele>
        <time>2025-08-07T05:40:05.000Z</time>
        <extensions>
          <ns3:TrackPointExtension>
            <ns3:atemp>29.0</ns3:atemp>
          </ns3:TrackPointExtension>
        </extensions>
      </trkpt>
      <trkpt lat="46.15055275149643421173095703125" lon="91.08142266981303691864013671875">
        <ele>1195.4000244140625</ele>
        <time>2025-08-07T05:40:17.000Z</time>
        <extensions>
          <ns3:TrackPointExtension>
            <ns3:atemp>29.0</ns3:atemp>
          </ns3:TrackPointExtension>
        </extensions>
      </trkpt>
      <trkpt lat="46.1506007798016071319580078125" lon="91.0817286930978298187255859375">
        <ele>1195.5999755859375</ele>
        <time>2025-08-07T05:40:22.000Z</time>
        <extensions>
          <ns3:TrackPointExtension>
            <ns3:atemp>29.0</ns3:atemp>
          </ns3:TrackPointExtension>
        </extensions>
      </trkpt>
      <trkpt lat="46.15062718279659748077392578125" lon="91.08191636390984058380126953125">
        <ele>1195.5999755859375</ele>
        <time>2025-08-07T05:40:25.000Z</time>
        <extensions>
          <ns3:TrackPointExtension>
            <ns3:atemp>29.0</ns3:atemp>
          </ns3:TrackPointExtension>
        </extensions>
      </trkpt>
      <trkpt lat="46.1507369019091129302978515625" lon="91.08258909545838832855224609375">
        <ele>1196.199951171875</ele>
        <time>2025-08-07T05:40:34.000Z</time>
        <extensions>
          <ns3:TrackPointExtension>
            <ns3:atemp>29.0</ns3:atemp>
          </ns3:TrackPointExtension>
        </extensions>
      </trkpt>
      <trkpt lat="46.1508606187999248504638671875" lon="91.08333759941160678863525390625">
        <ele>1196.199951171875</ele>
        <time>2025-08-07T05:40:43.000Z</time>
        <extensions>
          <ns3:TrackPointExtension>
            <ns3:atemp>28.0</ns3:atemp>
          </ns3:TrackPointExtension>
        </extensions>
      </trkpt>
      <trkpt lat="46.1509544961154460906982421875" lon="91.08397345058619976043701171875">
        <ele>1196.199951171875</ele>
        <time>2025-08-07T05:40:51.000Z</time>
        <extensions>
          <ns3:TrackPointExtension>
            <ns3:atemp>28.0</ns3:atemp>
          </ns3:TrackPointExtension>
        </extensions>
      </trkpt>
      <trkpt lat="46.15107276476919651031494140625" lon="91.0847054421901702880859375">
        <ele>1196.5999755859375</ele>
        <time>2025-08-07T05:41:00.000Z</time>
        <extensions>
          <ns3:TrackPointExtension>
            <ns3:atemp>28.0</ns3:atemp>
          </ns3:TrackPointExtension>
        </extensions>
      </trkpt>
      <trkpt lat="46.15108634345233440399169921875" lon="91.0847894288599491119384765625">
        <ele>1196.5999755859375</ele>
        <time>2025-08-07T05:41:01.000Z</time>
        <extensions>
          <ns3:TrackPointExtension>
            <ns3:atemp>28.0</ns3:atemp>
          </ns3:TrackPointExtension>
        </extensions>
      </trkpt>
      <trkpt lat="46.15120477974414825439453125" lon="91.0855146311223506927490234375">
        <ele>1197.199951171875</ele>
        <time>2025-08-07T05:41:10.000Z</time>
        <extensions>
          <ns3:TrackPointExtension>
            <ns3:atemp>28.0</ns3:atemp>
          </ns3:TrackPointExtension>
        </extensions>
      </trkpt>
      <trkpt lat="46.15124207921326160430908203125" lon="91.08575594611465930938720703125">
        <ele>1197.5999755859375</ele>
        <time>2025-08-07T05:41:13.000Z</time>
        <extensions>
          <ns3:TrackPointExtension>
            <ns3:atemp>28.0</ns3:atemp>
          </ns3:TrackPointExtension>
        </extensions>
      </trkpt>
      <trkpt lat="46.151294969022274017333984375" lon="91.0861607082188129425048828125">
        <ele>1198.199951171875</ele>
        <time>2025-08-07T05:41:18.000Z</time>
        <extensions>
          <ns3:TrackPointExtension>
            <ns3:atemp>28.0</ns3:atemp>
          </ns3:TrackPointExtension>
        </extensions>
      </trkpt>
      <trkpt lat="46.15137266926467418670654296875" lon="91.08666010200977325439453125">
        <ele>1198.5999755859375</ele>
        <time>2025-08-07T05:41:24.000Z</time>
        <extensions>
          <ns3:TrackPointExtension>
            <ns3:atemp>28.0</ns3:atemp>
          </ns3:TrackPointExtension>
        </extensions>
      </trkpt>
      <trkpt lat="46.15141189657151699066162109375" lon="91.086906529963016510009765625">
        <ele>1199</ele>
        <time>2025-08-07T05:41:27.000Z</time>
        <extensions>
          <ns3:TrackPointExtension>
            <ns3:atemp>28.0</ns3:atemp>
          </ns3:TrackPointExtension>
        </extensions>
      </trkpt>
      <trkpt lat="46.15150988101959228515625" lon="91.08748043887317180633544921875">
        <ele>1199.5999755859375</ele>
        <time>2025-08-07T05:41:34.000Z</time>
        <extensions>
          <ns3:TrackPointExtension>
            <ns3:atemp>28.0</ns3:atemp>
          </ns3:TrackPointExtension>
        </extensions>
      </trkpt>
      <trkpt lat="46.151520945131778717041015625" lon="91.0875646770000457763671875">
        <ele>1199.800048828125</ele>
        <time>2025-08-07T05:41:35.000Z</time>
        <extensions>
          <ns3:TrackPointExtension>
            <ns3:atemp>28.0</ns3:atemp>
          </ns3:TrackPointExtension>
        </extensions>
      </trkpt>
      <trkpt lat="46.15163921378552913665771484375" lon="91.0882933996617794036865234375">
        <ele>1200.4000244140625</ele>
        <time>2025-08-07T05:41:44.000Z</time>
        <extensions>
          <ns3:TrackPointExtension>
            <ns3:atemp>28.0</ns3:atemp>
          </ns3:TrackPointExtension>
        </extensions>
      </trkpt>
      <trkpt lat="46.151686571538448333740234375" lon="91.08855701051652431488037109375">
        <ele>1200.800048828125</ele>
        <time>2025-08-07T05:41:48.000Z</time>
        <extensions>
          <ns3:TrackPointExtension>
            <ns3:atemp>28.0</ns3:atemp>
          </ns3:TrackPointExtension>
        </extensions>
      </trkpt>
      <trkpt lat="46.151714734733104705810546875" lon="91.08875381760299205780029296875">
        <ele>1201</ele>
        <time>2025-08-07T05:41:51.000Z</time>
        <extensions>
          <ns3:TrackPointExtension>
            <ns3:atemp>28.0</ns3:atemp>
          </ns3:TrackPointExtension>
        </extensions>
      </trkpt>
      <trkpt lat="46.1518047563731670379638671875" lon="91.08936779201030731201171875">
        <ele>1201.4000244140625</ele>
        <time>2025-08-07T05:42:00.000Z</time>
        <extensions>
          <ns3:TrackPointExtension>
            <ns3:atemp>28.0</ns3:atemp>
          </ns3:TrackPointExtension>
        </extensions>
      </trkpt>
      <trkpt lat="46.15185119211673736572265625" lon="91.08969024382531642913818359375">
        <ele>1201.800048828125</ele>
        <time>2025-08-07T05:42:05.000Z</time>
        <extensions>
          <ns3:TrackPointExtension>
            <ns3:atemp>28.0</ns3:atemp>
          </ns3:TrackPointExtension>
        </extensions>
      </trkpt>
      <trkpt lat="46.15187189541757106781005859375" lon="91.08980767428874969482421875">
        <ele>1202.199951171875</ele>
        <time>2025-08-07T05:42:07.000Z</time>
        <extensions>
          <ns3:TrackPointExtension>
            <ns3:atemp>28.0</ns3:atemp>
          </ns3:TrackPointExtension>
        </extensions>
      </trkpt>
      <trkpt lat="46.151949428021907806396484375" lon="91.09032877720892429351806640625">
        <ele>1202.5999755859375</ele>
        <time>2025-08-07T05:42:15.000Z</time>
        <extensions>
          <ns3:TrackPointExtension>
            <ns3:atemp>28.0</ns3:atemp>
          </ns3:TrackPointExtension>
        </extensions>
      </trkpt>
      <trkpt lat="46.1519730649888515472412109375" lon="91.09051083214581012725830078125">
        <ele>1202.800048828125</ele>
        <time>2025-08-07T05:42:18.000Z</time>
        <extensions>
          <ns3:TrackPointExtension>
            <ns3:atemp>28.0</ns3:atemp>
          </ns3:TrackPointExtension>
        </extensions>
      </trkpt>
      <trkpt lat="46.15201338194310665130615234375" lon="91.09075206331908702850341796875">
        <ele>1203</ele>
        <time>2025-08-07T05:42:22.000Z</time>
        <extensions>
          <ns3:TrackPointExtension>
            <ns3:atemp>28.0</ns3:atemp>
          </ns3:TrackPointExtension>
        </extensions>
      </trkpt>
      <trkpt lat="46.15210675634443759918212890625" lon="91.091322116553783416748046875">
        <ele>1203.4000244140625</ele>
        <time>2025-08-07T05:42:31.000Z</time>
        <extensions>
          <ns3:TrackPointExtension>
            <ns3:atemp>28.0</ns3:atemp>
          </ns3:TrackPointExtension>
        </extensions>
      </trkpt>
      <trkpt lat="46.15218923427164554595947265625" lon="91.09183718450367450714111328125">
        <ele>1204</ele>
        <time>2025-08-07T05:42:39.000Z</time>
        <extensions>
          <ns3:TrackPointExtension>
            <ns3:atemp>28.0</ns3:atemp>
          </ns3:TrackPointExtension>
        </extensions>
      </trkpt>
      <trkpt lat="46.15219987928867340087890625" lon="91.09190574847161769866943359375">
        <ele>1204.199951171875</ele>
        <time>2025-08-07T05:42:40.000Z</time>
        <extensions>
          <ns3:TrackPointExtension>
            <ns3:atemp>28.0</ns3:atemp>
          </ns3:TrackPointExtension>
        </extensions>
      </trkpt>
      <trkpt lat="46.15231865085661411285400390625" lon="91.09263832680881023406982421875">
        <ele>1205</ele>
        <time>2025-08-07T05:42:51.000Z</time>
        <extensions>
          <ns3:TrackPointExtension>
            <ns3:atemp>28.0</ns3:atemp>
          </ns3:TrackPointExtension>
        </extensions>
      </trkpt>
      <trkpt lat="46.15240548737347126007080078125" lon="91.0932072065770626068115234375">
        <ele>1205.4000244140625</ele>
        <time>2025-08-07T05:43:00.000Z</time>
        <extensions>
          <ns3:TrackPointExtension>
            <ns3:atemp>28.0</ns3:atemp>
          </ns3:TrackPointExtension>
        </extensions>
      </trkpt>
      <trkpt lat="46.15248209796845912933349609375" lon="91.09373501501977443695068359375">
        <ele>1206.199951171875</ele>
        <time>2025-08-07T05:43:08.000Z</time>
        <extensions>
          <ns3:TrackPointExtension>
            <ns3:atemp>28.0</ns3:atemp>
          </ns3:TrackPointExtension>
        </extensions>
      </trkpt>
      <trkpt lat="46.152505986392498016357421875" lon="91.09386459924280643463134765625">
        <ele>1206.199951171875</ele>
        <time>2025-08-07T05:43:10.000Z</time>
        <extensions>
          <ns3:TrackPointExtension>
            <ns3:atemp>28.0</ns3:atemp>
          </ns3:TrackPointExtension>
        </extensions>
      </trkpt>
      <trkpt lat="46.15262257866561412811279296875" lon="91.09457798302173614501953125">
        <ele>1207</ele>
        <time>2025-08-07T05:43:21.000Z</time>
        <extensions>
          <ns3:TrackPointExtension>
            <ns3:atemp>28.0</ns3:atemp>
          </ns3:TrackPointExtension>
        </extensions>
      </trkpt>
      <trkpt lat="46.15263431333005428314208984375" lon="91.09469424001872539520263671875">
        <ele>1207.199951171875</ele>
        <time>2025-08-07T05:43:23.000Z</time>
        <extensions>
          <ns3:TrackPointExtension>
            <ns3:atemp>28.0</ns3:atemp>
          </ns3:TrackPointExtension>
        </extensions>
      </trkpt>
      <trkpt lat="46.15269801579415798187255859375" lon="91.0950498841702938079833984375">
        <ele>1207.4000244140625</ele>
        <time>2025-08-07T05:43:29.000Z</time>
        <extensions>
          <ns3:TrackPointExtension>
            <ns3:atemp>28.0</ns3:atemp>
          </ns3:TrackPointExtension>
        </extensions>
      </trkpt>
      <trkpt lat="46.1527851037681102752685546875" lon="91.0956488549709320068359375">
        <ele>1208</ele>
        <time>2025-08-07T05:43:39.000Z</time>
        <extensions>
          <ns3:TrackPointExtension>
            <ns3:atemp>28.0</ns3:atemp>
          </ns3:TrackPointExtension>
        </extensions>
      </trkpt>
      <trkpt lat="46.1528159491717815399169921875" lon="91.095887906849384307861328125">
        <ele>1208.199951171875</ele>
        <time>2025-08-07T05:43:43.000Z</time>
        <extensions>
          <ns3:TrackPointExtension>
            <ns3:atemp>28.0</ns3:atemp>
          </ns3:TrackPointExtension>
        </extensions>
      </trkpt>
      <trkpt lat="46.152851320803165435791015625" lon="91.09617733396589756011962890625">
        <ele>1208.5999755859375</ele>
        <time>2025-08-07T05:43:48.000Z</time>
        <extensions>
          <ns3:TrackPointExtension>
            <ns3:atemp>28.0</ns3:atemp>
          </ns3:TrackPointExtension>
        </extensions>
      </trkpt>
      <trkpt lat="46.152921058237552642822265625" lon="91.0966380871832370758056640625">
        <ele>1209.199951171875</ele>
        <time>2025-08-07T05:43:57.000Z</time>
        <extensions>
          <ns3:TrackPointExtension>
            <ns3:atemp>28.0</ns3:atemp>
          </ns3:TrackPointExtension>
        </extensions>
      </trkpt>
      <trkpt lat="46.1529849283397197723388671875" lon="91.09709481708705425262451171875">
        <ele>1210</ele>
        <time>2025-08-07T05:44:06.000Z</time>
        <extensions>
          <ns3:TrackPointExtension>
            <ns3:atemp>28.0</ns3:atemp>
          </ns3:TrackPointExtension>
        </extensions>
      </trkpt>
      <trkpt lat="46.1529929749667644500732421875" lon="91.09719456173479557037353515625">
        <ele>1210.199951171875</ele>
        <time>2025-08-07T05:44:08.000Z</time>
        <extensions>
          <ns3:TrackPointExtension>
            <ns3:atemp>28.0</ns3:atemp>
          </ns3:TrackPointExtension>
        </extensions>
      </trkpt>
      <trkpt lat="46.15304167382419109344482421875" lon="91.09759672544896602630615234375">
        <ele>1210.5999755859375</ele>
        <time>2025-08-07T05:44:16.000Z</time>
        <extensions>
          <ns3:TrackPointExtension>
            <ns3:atemp>28.0</ns3:atemp>
          </ns3:TrackPointExtension>
        </extensions>
      </trkpt>
      <trkpt lat="46.1530647240579128265380859375" lon="91.09780945815145969390869140625">
        <ele>1211.4000244140625</ele>
        <time>2025-08-07T05:44:20.000Z</time>
        <extensions>
          <ns3:TrackPointExtension>
            <ns3:atemp>28.0</ns3:atemp>
          </ns3:TrackPointExtension>
        </extensions>
      </trkpt>
      <trkpt lat="46.1531016044318675994873046875" lon="91.09812788665294647216796875">
        <ele>1211.800048828125</ele>
        <time>2025-08-07T05:44:26.000Z</time>
        <extensions>
          <ns3:TrackPointExtension>
            <ns3:atemp>28.0</ns3:atemp>
          </ns3:TrackPointExtension>
        </extensions>
      </trkpt>
      <trkpt lat="46.153138317167758941650390625" lon="91.0985448025166988372802734375">
        <ele>1212.4000244140625</ele>
        <time>2025-08-07T05:44:34.000Z</time>
        <extensions>
          <ns3:TrackPointExtension>
            <ns3:atemp>28.0</ns3:atemp>
          </ns3:TrackPointExtension>
        </extensions>
      </trkpt>
      <trkpt lat="46.1531418375670909881591796875" lon="91.0985964350402355194091796875">
        <ele>1212.4000244140625</ele>
        <time>2025-08-07T05:44:35.000Z</time>
        <extensions>
          <ns3:TrackPointExtension>
            <ns3:atemp>28.0</ns3:atemp>
          </ns3:TrackPointExtension>
        </extensions>
      </trkpt>
      <trkpt lat="46.153177879750728607177734375" lon="91.09920202754437923431396484375">
        <ele>1212.800048828125</ele>
        <time>2025-08-07T05:44:46.000Z</time>
        <extensions>
          <ns3:TrackPointExtension>
            <ns3:atemp>28.0</ns3:atemp>
          </ns3:TrackPointExtension>
        </extensions>
      </trkpt>
      <trkpt lat="46.15321266464889049530029296875" lon="91.09974450431764125823974609375">
        <ele>1213.4000244140625</ele>
        <time>2025-08-07T05:44:55.000Z</time>
        <extensions>
          <ns3:TrackPointExtension>
            <ns3:atemp>28.0</ns3:atemp>
          </ns3:TrackPointExtension>
        </extensions>
      </trkpt>
      <trkpt lat="46.153239905834197998046875" lon="91.10031849704682826995849609375">
        <ele>1213.4000244140625</ele>
        <time>2025-08-07T05:45:04.000Z</time>
        <extensions>
          <ns3:TrackPointExtension>
            <ns3:atemp>28.0</ns3:atemp>
          </ns3:TrackPointExtension>
        </extensions>
      </trkpt>
      <trkpt lat="46.15325004793703556060791015625" lon="91.10107487998902797698974609375">
        <ele>1214</ele>
        <time>2025-08-07T05:45:15.000Z</time>
        <extensions>
          <ns3:TrackPointExtension>
            <ns3:atemp>28.0</ns3:atemp>
          </ns3:TrackPointExtension>
        </extensions>
      </trkpt>
      <trkpt lat="46.15325306542217731475830078125" lon="91.10173252411186695098876953125">
        <ele>1214.199951171875</ele>
        <time>2025-08-07T05:45:24.000Z</time>
        <extensions>
          <ns3:TrackPointExtension>
            <ns3:atemp>28.0</ns3:atemp>
          </ns3:TrackPointExtension>
        </extensions>
      </trkpt>
      <trkpt lat="46.15324635989964008331298828125" lon="91.1024024896323680877685546875">
        <ele>1213.800048828125</ele>
        <time>2025-08-07T05:45:32.000Z</time>
        <extensions>
          <ns3:TrackPointExtension>
            <ns3:atemp>28.0</ns3:atemp>
          </ns3:TrackPointExtension>
        </extensions>
      </trkpt>
      <trkpt lat="46.153241582214832305908203125" lon="91.10325467772781848907470703125">
        <ele>1213.199951171875</ele>
        <time>2025-08-07T05:45:41.000Z</time>
        <extensions>
          <ns3:TrackPointExtension>
            <ns3:atemp>28.0</ns3:atemp>
          </ns3:TrackPointExtension>
        </extensions>
      </trkpt>
      <trkpt lat="46.1532508023083209991455078125" lon="91.10403737984597682952880859375">
        <ele>1212.800048828125</ele>
        <time>2025-08-07T05:45:49.000Z</time>
        <extensions>
          <ns3:TrackPointExtension>
            <ns3:atemp>28.0</ns3:atemp>
          </ns3:TrackPointExtension>
        </extensions>
      </trkpt>
      <trkpt lat="46.15325189195573329925537109375" lon="91.10423217527568340301513671875">
        <ele>1212.800048828125</ele>
        <time>2025-08-07T05:45:51.000Z</time>
        <extensions>
          <ns3:TrackPointExtension>
            <ns3:atemp>28.0</ns3:atemp>
          </ns3:TrackPointExtension>
        </extensions>
      </trkpt>
      <trkpt lat="46.153254993259906768798828125" lon="91.10505242832005023956298828125">
        <ele>1212.5999755859375</ele>
        <time>2025-08-07T05:46:00.000Z</time>
        <extensions>
          <ns3:TrackPointExtension>
            <ns3:atemp>28.0</ns3:atemp>
          </ns3:TrackPointExtension>
        </extensions>
      </trkpt>
      <trkpt lat="46.15325557999312877655029296875" lon="91.10523817129433155059814453125">
        <ele>1212.800048828125</ele>
        <time>2025-08-07T05:46:02.000Z</time>
        <extensions>
          <ns3:TrackPointExtension>
            <ns3:atemp>28.0</ns3:atemp>
          </ns3:TrackPointExtension>
        </extensions>
      </trkpt>
      <trkpt lat="46.15326949395239353179931640625" lon="91.10611022450029850006103515625">
        <ele>1212.5999755859375</ele>
        <time>2025-08-07T05:46:11.000Z</time>
        <extensions>
          <ns3:TrackPointExtension>
            <ns3:atemp>28.0</ns3:atemp>
          </ns3:TrackPointExtension>
        </extensions>
      </trkpt>
      <trkpt lat="46.15327066741883754730224609375" lon="91.10631155781447887420654296875">
        <ele>1212.5999755859375</ele>
        <time>2025-08-07T05:46:13.000Z</time>
        <extensions>
          <ns3:TrackPointExtension>
            <ns3:atemp>28.0</ns3:atemp>
          </ns3:TrackPointExtension>
        </extensions>
      </trkpt>
      <trkpt lat="46.15327267907559871673583984375" lon="91.106519512832164764404296875">
        <ele>1212.4000244140625</ele>
        <time>2025-08-07T05:46:15.000Z</time>
        <extensions>
          <ns3:TrackPointExtension>
            <ns3:atemp>28.0</ns3:atemp>
          </ns3:TrackPointExtension>
        </extensions>
      </trkpt>
      <trkpt lat="46.15329246036708354949951171875" lon="91.1073960922658443450927734375">
        <ele>1211.800048828125</ele>
        <time>2025-08-07T05:46:23.000Z</time>
        <extensions>
          <ns3:TrackPointExtension>
            <ns3:atemp>28.0</ns3:atemp>
          </ns3:TrackPointExtension>
        </extensions>
      </trkpt>
      <trkpt lat="46.15329816006124019622802734375" lon="91.1077268421649932861328125">
        <ele>1211.4000244140625</ele>
        <time>2025-08-07T05:46:26.000Z</time>
        <extensions>
          <ns3:TrackPointExtension>
            <ns3:atemp>28.0</ns3:atemp>
          </ns3:TrackPointExtension>
        </extensions>
      </trkpt>
      <trkpt lat="46.153293550014495849609375" lon="91.108487583696842193603515625">
        <ele>1210.199951171875</ele>
        <time>2025-08-07T05:46:33.000Z</time>
        <extensions>
          <ns3:TrackPointExtension>
            <ns3:atemp>28.0</ns3:atemp>
          </ns3:TrackPointExtension>
        </extensions>
      </trkpt>
      <trkpt lat="46.1532940529286861419677734375" lon="91.10881539992988109588623046875">
        <ele>1210.199951171875</ele>
        <time>2025-08-07T05:46:36.000Z</time>
        <extensions>
          <ns3:TrackPointExtension>
            <ns3:atemp>28.0</ns3:atemp>
          </ns3:TrackPointExtension>
        </extensions>
      </trkpt>
      <trkpt lat="46.1532974056899547576904296875" lon="91.10970572568476200103759765625">
        <ele>1209.5999755859375</ele>
        <time>2025-08-07T05:46:44.000Z</time>
        <extensions>
          <ns3:TrackPointExtension>
            <ns3:atemp>28.0</ns3:atemp>
          </ns3:TrackPointExtension>
        </extensions>
      </trkpt>
      <trkpt lat="46.1532990820705890655517578125" lon="91.11054651439189910888671875">
        <ele>1209.199951171875</ele>
        <time>2025-08-07T05:46:51.000Z</time>
        <extensions>
          <ns3:TrackPointExtension>
            <ns3:atemp>28.0</ns3:atemp>
          </ns3:TrackPointExtension>
        </extensions>
      </trkpt>
      <trkpt lat="46.15330721251666545867919921875" lon="91.11144765280187129974365234375">
        <ele>1208.800048828125</ele>
        <time>2025-08-07T05:46:58.000Z</time>
        <extensions>
          <ns3:TrackPointExtension>
            <ns3:atemp>28.0</ns3:atemp>
          </ns3:TrackPointExtension>
        </extensions>
      </trkpt>
      <trkpt lat="46.15331106819212436676025390625" lon="91.11154521815478801727294921875">
        <ele>1208.800048828125</ele>
        <time>2025-08-07T05:46:59.000Z</time>
        <extensions>
          <ns3:TrackPointExtension>
            <ns3:atemp>28.0</ns3:atemp>
          </ns3:TrackPointExtension>
        </extensions>
      </trkpt>
      <trkpt lat="46.15332506597042083740234375" lon="91.1123563349246978759765625">
        <ele>1209</ele>
        <time>2025-08-07T05:47:06.000Z</time>
        <extensions>
          <ns3:TrackPointExtension>
            <ns3:atemp>28.0</ns3:atemp>
          </ns3:TrackPointExtension>
        </extensions>
      </trkpt>
      <trkpt lat="46.15332816727459430694580078125" lon="91.11257032491266727447509765625">
        <ele>1209</ele>
        <time>2025-08-07T05:47:08.000Z</time>
        <extensions>
          <ns3:TrackPointExtension>
            <ns3:atemp>28.0</ns3:atemp>
          </ns3:TrackPointExtension>
        </extensions>
      </trkpt>
      <trkpt lat="46.15331509150564670562744140625" lon="91.11332369036972522735595703125">
        <ele>1209.4000244140625</ele>
        <time>2025-08-07T05:47:15.000Z</time>
        <extensions>
          <ns3:TrackPointExtension>
            <ns3:atemp>28.0</ns3:atemp>
          </ns3:TrackPointExtension>
        </extensions>
      </trkpt>
      <trkpt lat="46.1533121578395366668701171875" lon="91.11417353153228759765625">
        <ele>1209.5999755859375</ele>
        <time>2025-08-07T05:47:23.000Z</time>
        <extensions>
          <ns3:TrackPointExtension>
            <ns3:atemp>28.0</ns3:atemp>
          </ns3:TrackPointExtension>
        </extensions>
      </trkpt>
      <trkpt lat="46.1533225513994693756103515625" lon="91.11494877375662326812744140625">
        <ele>1209.800048828125</ele>
        <time>2025-08-07T05:47:31.000Z</time>
        <extensions>
          <ns3:TrackPointExtension>
            <ns3:atemp>28.0</ns3:atemp>
          </ns3:TrackPointExtension>
        </extensions>
      </trkpt>
      <trkpt lat="46.1533212102949619293212890625" lon="91.115714795887470245361328125">
        <ele>1209.800048828125</ele>
        <time>2025-08-07T05:47:39.000Z</time>
        <extensions>
          <ns3:TrackPointExtension>
            <ns3:atemp>28.0</ns3:atemp>
          </ns3:TrackPointExtension>
        </extensions>
      </trkpt>
      <trkpt lat="46.15334426052868366241455078125" lon="91.11656061373651027679443359375">
        <ele>1210.199951171875</ele>
        <time>2025-08-07T05:47:48.000Z</time>
        <extensions>
          <ns3:TrackPointExtension>
            <ns3:atemp>28.0</ns3:atemp>
          </ns3:TrackPointExtension>
        </extensions>
      </trkpt>
      <trkpt lat="46.1533416621387004852294921875" lon="91.11674115993082523345947265625">
        <ele>1210.4000244140625</ele>
        <time>2025-08-07T05:47:50.000Z</time>
        <extensions>
          <ns3:TrackPointExtension>
            <ns3:atemp>28.0</ns3:atemp>
          </ns3:TrackPointExtension>
        </extensions>
      </trkpt>
      <trkpt lat="46.15334627218544483184814453125" lon="91.11738882958889007568359375">
        <ele>1210.5999755859375</ele>
        <time>2025-08-07T05:47:57.000Z</time>
        <extensions>
          <ns3:TrackPointExtension>
            <ns3:atemp>28.0</ns3:atemp>
          </ns3:TrackPointExtension>
        </extensions>
      </trkpt>
      <trkpt lat="46.1533409915864467620849609375" lon="91.11810095608234405517578125">
        <ele>1211.199951171875</ele>
        <time>2025-08-07T05:48:05.000Z</time>
        <extensions>
          <ns3:TrackPointExtension>
            <ns3:atemp>28.0</ns3:atemp>
          </ns3:TrackPointExtension>
        </extensions>
      </trkpt>
      <trkpt lat="46.15334157831966876983642578125" lon="91.118272282183170318603515625">
        <ele>1211.4000244140625</ele>
        <time>2025-08-07T05:48:07.000Z</time>
        <extensions>
          <ns3:TrackPointExtension>
            <ns3:atemp>28.0</ns3:atemp>
          </ns3:TrackPointExtension>
        </extensions>
      </trkpt>
      <trkpt lat="46.153338141739368438720703125" lon="91.11884753219783306121826171875">
        <ele>1211.4000244140625</ele>
        <time>2025-08-07T05:48:14.000Z</time>
        <extensions>
          <ns3:TrackPointExtension>
            <ns3:atemp>28.0</ns3:atemp>
          </ns3:TrackPointExtension>
        </extensions>
      </trkpt>
      <trkpt lat="46.1533512175083160400390625" lon="91.119665689766407012939453125">
        <ele>1211.800048828125</ele>
        <time>2025-08-07T05:48:24.000Z</time>
        <extensions>
          <ns3:TrackPointExtension>
            <ns3:atemp>28.0</ns3:atemp>
          </ns3:TrackPointExtension>
        </extensions>
      </trkpt>
      <trkpt lat="46.15335063077509403228759765625" lon="91.119904406368732452392578125">
        <ele>1211.800048828125</ele>
        <time>2025-08-07T05:48:27.000Z</time>
        <extensions>
          <ns3:TrackPointExtension>
            <ns3:atemp>28.0</ns3:atemp>
          </ns3:TrackPointExtension>
        </extensions>
      </trkpt>
      <trkpt lat="46.15336923860013484954833984375" lon="91.12058141268789768218994140625">
        <ele>1212.4000244140625</ele>
        <time>2025-08-07T05:48:36.000Z</time>
        <extensions>
          <ns3:TrackPointExtension>
            <ns3:atemp>28.0</ns3:atemp>
          </ns3:TrackPointExtension>
        </extensions>
      </trkpt>
      <trkpt lat="46.1533664725720882415771484375" lon="91.1206550896167755126953125">
        <ele>1212.4000244140625</ele>
        <time>2025-08-07T05:48:37.000Z</time>
        <extensions>
          <ns3:TrackPointExtension>
            <ns3:atemp>28.0</ns3:atemp>
          </ns3:TrackPointExtension>
        </extensions>
      </trkpt>
      <trkpt lat="46.15336622111499309539794921875" lon="91.12125732935965061187744140625">
        <ele>1212.5999755859375</ele>
        <time>2025-08-07T05:48:45.000Z</time>
        <extensions>
          <ns3:TrackPointExtension>
            <ns3:atemp>29.0</ns3:atemp>
          </ns3:TrackPointExtension>
        </extensions>
      </trkpt>
      <trkpt lat="46.1533798836171627044677734375" lon="91.12189100123941898345947265625">
        <ele>1213</ele>
        <time>2025-08-07T05:48:54.000Z</time>
        <extensions>
          <ns3:TrackPointExtension>
            <ns3:atemp>29.0</ns3:atemp>
          </ns3:TrackPointExtension>
        </extensions>
      </trkpt>
      <trkpt lat="46.15338139235973358154296875" lon="91.12218570895493030548095703125">
        <ele>1213.4000244140625</ele>
        <time>2025-08-07T05:48:58.000Z</time>
        <extensions>
          <ns3:TrackPointExtension>
            <ns3:atemp>29.0</ns3:atemp>
          </ns3:TrackPointExtension>
        </extensions>
      </trkpt>
      <trkpt lat="46.153389774262905120849609375" lon="91.1226333864033222198486328125">
        <ele>1213.800048828125</ele>
        <time>2025-08-07T05:49:04.000Z</time>
        <extensions>
          <ns3:TrackPointExtension>
            <ns3:atemp>29.0</ns3:atemp>
          </ns3:TrackPointExtension>
        </extensions>
      </trkpt>
      <trkpt lat="46.15338382311165332794189453125" lon="91.123121045529842376708984375">
        <ele>1214.4000244140625</ele>
        <time>2025-08-07T05:49:11.000Z</time>
        <extensions>
          <ns3:TrackPointExtension>
            <ns3:atemp>29.0</ns3:atemp>
          </ns3:TrackPointExtension>
        </extensions>
      </trkpt>
      <trkpt lat="46.1533899419009685516357421875" lon="91.12332832999527454376220703125">
        <ele>1214.800048828125</ele>
        <time>2025-08-07T05:49:14.000Z</time>
        <extensions>
          <ns3:TrackPointExtension>
            <ns3:atemp>29.0</ns3:atemp>
          </ns3:TrackPointExtension>
        </extensions>
      </trkpt>
      <trkpt lat="46.15338549949228763580322265625" lon="91.123873405158519744873046875">
        <ele>1215.4000244140625</ele>
        <time>2025-08-07T05:49:22.000Z</time>
        <extensions>
          <ns3:TrackPointExtension>
            <ns3:atemp>29.0</ns3:atemp>
          </ns3:TrackPointExtension>
        </extensions>
      </trkpt>
      <trkpt lat="46.1533966474235057830810546875" lon="91.124216727912425994873046875">
        <ele>1215.4000244140625</ele>
        <time>2025-08-07T05:49:27.000Z</time>
        <extensions>
          <ns3:TrackPointExtension>
            <ns3:atemp>29.0</ns3:atemp>
          </ns3:TrackPointExtension>
        </extensions>
      </trkpt>
      <trkpt lat="46.1534040234982967376708984375" lon="91.12442962825298309326171875">
        <ele>1215.4000244140625</ele>
        <time>2025-08-07T05:49:30.000Z</time>
        <extensions>
          <ns3:TrackPointExtension>
            <ns3:atemp>29.0</ns3:atemp>
          </ns3:TrackPointExtension>
        </extensions>
      </trkpt>
      <trkpt lat="46.1534191109240055084228515625" lon="91.12500655464828014373779296875">
        <ele>1215.4000244140625</ele>
        <time>2025-08-07T05:49:38.000Z</time>
        <extensions>
          <ns3:TrackPointExtension>
            <ns3:atemp>29.0</ns3:atemp>
          </ns3:TrackPointExtension>
        </extensions>
      </trkpt>
      <trkpt lat="46.15342690609395503997802734375" lon="91.12560602836310863494873046875">
        <ele>1215.5999755859375</ele>
        <time>2025-08-07T05:49:47.000Z</time>
        <extensions>
          <ns3:TrackPointExtension>
            <ns3:atemp>29.0</ns3:atemp>
          </ns3:TrackPointExtension>
        </extensions>
      </trkpt>
      <trkpt lat="46.15342422388494014739990234375" lon="91.12620600499212741851806640625">
        <ele>1216.199951171875</ele>
        <time>2025-08-07T05:49:56.000Z</time>
        <extensions>
          <ns3:TrackPointExtension>
            <ns3:atemp>29.0</ns3:atemp>
          </ns3:TrackPointExtension>
        </extensions>
      </trkpt>
      <trkpt lat="46.15343646146357059478759765625" lon="91.12669768743216991424560546875">
        <ele>1216.5999755859375</ele>
        <time>2025-08-07T05:50:03.000Z</time>
        <extensions>
          <ns3:TrackPointExtension>
            <ns3:atemp>29.0</ns3:atemp>
          </ns3:TrackPointExtension>
        </extensions>
      </trkpt>
      <trkpt lat="46.15343830548226833343505859375" lon="91.1268461309373378753662109375">
        <ele>1216.5999755859375</ele>
        <time>2025-08-07T05:50:05.000Z</time>
        <extensions>
          <ns3:TrackPointExtension>
            <ns3:atemp>29.0</ns3:atemp>
          </ns3:TrackPointExtension>
        </extensions>
      </trkpt>
      <trkpt lat="46.15344568155705928802490234375" lon="91.12749614752829074859619140625">
        <ele>1216.800048828125</ele>
        <time>2025-08-07T05:50:14.000Z</time>
        <extensions>
          <ns3:TrackPointExtension>
            <ns3:atemp>29.0</ns3:atemp>
          </ns3:TrackPointExtension>
        </extensions>
      </trkpt>
      <trkpt lat="46.1534402333199977874755859375" lon="91.1281419731676578521728515625">
        <ele>1217.199951171875</ele>
        <time>2025-08-07T05:50:23.000Z</time>
        <extensions>
          <ns3:TrackPointExtension>
            <ns3:atemp>29.0</ns3:atemp>
          </ns3:TrackPointExtension>
        </extensions>
      </trkpt>
      <trkpt lat="46.1534476093947887420654296875" lon="91.1287582106888294219970703125">
        <ele>1217.5999755859375</ele>
        <time>2025-08-07T05:50:31.000Z</time>
        <extensions>
          <ns3:TrackPointExtension>
            <ns3:atemp>29.0</ns3:atemp>
          </ns3:TrackPointExtension>
        </extensions>
      </trkpt>
      <trkpt lat="46.1534482799470424652099609375" lon="91.12883641384541988372802734375">
        <ele>1217.5999755859375</ele>
        <time>2025-08-07T05:50:32.000Z</time>
        <extensions>
          <ns3:TrackPointExtension>
            <ns3:atemp>29.0</ns3:atemp>
          </ns3:TrackPointExtension>
        </extensions>
      </trkpt>
      <trkpt lat="46.15344819612801074981689453125" lon="91.1296805553138256072998046875">
        <ele>1218.199951171875</ele>
        <time>2025-08-07T05:50:43.000Z</time>
        <extensions>
          <ns3:TrackPointExtension>
            <ns3:atemp>29.0</ns3:atemp>
          </ns3:TrackPointExtension>
        </extensions>
      </trkpt>
      <trkpt lat="46.15346060134470462799072265625" lon="91.13041154108941555023193359375">
        <ele>1218.4000244140625</ele>
        <time>2025-08-07T05:50:52.000Z</time>
        <extensions>
          <ns3:TrackPointExtension>
            <ns3:atemp>29.0</ns3:atemp>
          </ns3:TrackPointExtension>
        </extensions>
      </trkpt>
      <trkpt lat="46.15346454083919525146484375" lon="91.13105007447302341461181640625">
        <ele>1218.5999755859375</ele>
        <time>2025-08-07T05:51:00.000Z</time>
        <extensions>
          <ns3:TrackPointExtension>
            <ns3:atemp>29.0</ns3:atemp>
          </ns3:TrackPointExtension>
        </extensions>
      </trkpt>
      <trkpt lat="46.15346319973468780517578125" lon="91.13112383522093296051025390625">
        <ele>1218.5999755859375</ele>
        <time>2025-08-07T05:51:01.000Z</time>
        <extensions>
          <ns3:TrackPointExtension>
            <ns3:atemp>29.0</ns3:atemp>
          </ns3:TrackPointExtension>
        </extensions>
      </trkpt>
      <trkpt lat="46.15346630103886127471923828125" lon="91.13175432197749614715576171875">
        <ele>1219.4000244140625</ele>
        <time>2025-08-07T05:51:09.000Z</time>
        <extensions>
          <ns3:TrackPointExtension>
            <ns3:atemp>29.0</ns3:atemp>
          </ns3:TrackPointExtension>
        </extensions>
      </trkpt>
      <trkpt lat="46.153468899428844451904296875" lon="91.13199907355010509490966796875">
        <ele>1219.5999755859375</ele>
        <time>2025-08-07T05:51:12.000Z</time>
        <extensions>
          <ns3:TrackPointExtension>
            <ns3:atemp>29.0</ns3:atemp>
          </ns3:TrackPointExtension>
        </extensions>
      </trkpt>
      <trkpt lat="46.15347258746623992919921875" lon="91.1324569769203662872314453125">
        <ele>1219.800048828125</ele>
        <time>2025-08-07T05:51:18.000Z</time>
        <extensions>
          <ns3:TrackPointExtension>
            <ns3:atemp>29.0</ns3:atemp>
          </ns3:TrackPointExtension>
        </extensions>
      </trkpt>
      <trkpt lat="46.15347401238977909088134765625" lon="91.1330078355967998504638671875">
        <ele>1219.5999755859375</ele>
        <time>2025-08-07T05:51:25.000Z</time>
        <extensions>
          <ns3:TrackPointExtension>
            <ns3:atemp>29.0</ns3:atemp>
          </ns3:TrackPointExtension>
        </extensions>
      </trkpt>
      <trkpt lat="46.15347803570330142974853515625" lon="91.13383756019175052642822265625">
        <ele>1219.5999755859375</ele>
        <time>2025-08-07T05:51:36.000Z</time>
        <extensions>
          <ns3:TrackPointExtension>
            <ns3:atemp>29.0</ns3:atemp>
          </ns3:TrackPointExtension>
        </extensions>
      </trkpt>
      <trkpt lat="46.153480969369411468505859375" lon="91.13399564288556575775146484375">
        <ele>1219.5999755859375</ele>
        <time>2025-08-07T05:51:38.000Z</time>
        <extensions>
          <ns3:TrackPointExtension>
            <ns3:atemp>29.0</ns3:atemp>
          </ns3:TrackPointExtension>
        </extensions>
      </trkpt>
      <trkpt lat="46.15349278785288333892822265625" lon="91.13481941632926464080810546875">
        <ele>1220</ele>
        <time>2025-08-07T05:51:48.000Z</time>
        <extensions>
          <ns3:TrackPointExtension>
            <ns3:atemp>29.0</ns3:atemp>
          </ns3:TrackPointExtension>
        </extensions>
      </trkpt>
      <trkpt lat="46.1534838192164897918701171875" lon="91.135140024125576019287109375">
        <ele>1220</ele>
        <time>2025-08-07T05:51:52.000Z</time>
        <extensions>
          <ns3:TrackPointExtension>
            <ns3:atemp>29.0</ns3:atemp>
          </ns3:TrackPointExtension>
        </extensions>
      </trkpt>
      <trkpt lat="46.1534851603209972381591796875" lon="91.13530204631388187408447265625">
        <ele>1219.800048828125</ele>
        <time>2025-08-07T05:51:54.000Z</time>
        <extensions>
          <ns3:TrackPointExtension>
            <ns3:atemp>29.0</ns3:atemp>
          </ns3:TrackPointExtension>
        </extensions>
      </trkpt>
      <trkpt lat="46.1534925363957881927490234375" lon="91.1360940523445606231689453125">
        <ele>1219.5999755859375</ele>
        <time>2025-08-07T05:52:03.000Z</time>
        <extensions>
          <ns3:TrackPointExtension>
            <ns3:atemp>29.0</ns3:atemp>
          </ns3:TrackPointExtension>
        </extensions>
      </trkpt>
      <trkpt lat="46.1534928716719150543212890625" lon="91.1361855827271938323974609375">
        <ele>1219.800048828125</ele>
        <time>2025-08-07T05:52:04.000Z</time>
        <extensions>
          <ns3:TrackPointExtension>
            <ns3:atemp>29.0</ns3:atemp>
          </ns3:TrackPointExtension>
        </extensions>
      </trkpt>
      <trkpt lat="46.153511814773082733154296875" lon="91.13697289489209651947021484375">
        <ele>1219.800048828125</ele>
        <time>2025-08-07T05:52:13.000Z</time>
        <extensions>
          <ns3:TrackPointExtension>
            <ns3:atemp>29.0</ns3:atemp>
          </ns3:TrackPointExtension>
        </extensions>
      </trkpt>
      <trkpt lat="46.153511144220829010009765625" lon="91.13705755211412906646728515625">
        <ele>1219.800048828125</ele>
        <time>2025-08-07T05:52:14.000Z</time>
        <extensions>
          <ns3:TrackPointExtension>
            <ns3:atemp>29.0</ns3:atemp>
          </ns3:TrackPointExtension>
        </extensions>
      </trkpt>
      <trkpt lat="46.1535093002021312713623046875" lon="91.1379085667431354522705078125">
        <ele>1219.4000244140625</ele>
        <time>2025-08-07T05:52:24.000Z</time>
        <extensions>
          <ns3:TrackPointExtension>
            <ns3:atemp>29.0</ns3:atemp>
          </ns3:TrackPointExtension>
        </extensions>
      </trkpt>
      <trkpt lat="46.15352581255137920379638671875" lon="91.13866277039051055908203125">
        <ele>1219</ele>
        <time>2025-08-07T05:52:32.000Z</time>
        <extensions>
          <ns3:TrackPointExtension>
            <ns3:atemp>29.0</ns3:atemp>
          </ns3:TrackPointExtension>
        </extensions>
      </trkpt>
      <trkpt lat="46.15353201515972614288330078125" lon="91.13950255326926708221435546875">
        <ele>1218.800048828125</ele>
        <time>2025-08-07T05:52:41.000Z</time>
        <extensions>
          <ns3:TrackPointExtension>
            <ns3:atemp>29.0</ns3:atemp>
          </ns3:TrackPointExtension>
        </extensions>
      </trkpt>
      <trkpt lat="46.1535384692251682281494140625" lon="91.13980027846992015838623046875">
        <ele>1218.800048828125</ele>
        <time>2025-08-07T05:52:44.000Z</time>
        <extensions>
          <ns3:TrackPointExtension>
            <ns3:atemp>29.0</ns3:atemp>
          </ns3:TrackPointExtension>
        </extensions>
      </trkpt>
      <trkpt lat="46.153528578579425811767578125" lon="91.140620447695255279541015625">
        <ele>1219.199951171875</ele>
        <time>2025-08-07T05:52:52.000Z</time>
        <extensions>
          <ns3:TrackPointExtension>
            <ns3:atemp>29.0</ns3:atemp>
          </ns3:TrackPointExtension>
        </extensions>
      </trkpt>
      <trkpt lat="46.15352648310363292694091796875" lon="91.14082639105618000030517578125">
        <ele>1218.800048828125</ele>
        <time>2025-08-07T05:52:54.000Z</time>
        <extensions>
          <ns3:TrackPointExtension>
            <ns3:atemp>29.0</ns3:atemp>
          </ns3:TrackPointExtension>
        </extensions>
      </trkpt>
      <trkpt lat="46.153526566922664642333984375" lon="91.14092730917036533355712890625">
        <ele>1218.4000244140625</ele>
        <time>2025-08-07T05:52:55.000Z</time>
        <extensions>
          <ns3:TrackPointExtension>
            <ns3:atemp>29.0</ns3:atemp>
          </ns3:TrackPointExtension>
        </extensions>
      </trkpt>
      <trkpt lat="46.15353955887258052825927734375" lon="91.141530387103557586669921875">
        <ele>1218.199951171875</ele>
        <time>2025-08-07T05:53:01.000Z</time>
        <extensions>
          <ns3:TrackPointExtension>
            <ns3:atemp>29.0</ns3:atemp>
          </ns3:TrackPointExtension>
        </extensions>
      </trkpt>
      <trkpt lat="46.15354157052934169769287109375" lon="91.14226673729717731475830078125">
        <ele>1217.4000244140625</ele>
        <time>2025-08-07T05:53:08.000Z</time>
        <extensions>
          <ns3:TrackPointExtension>
            <ns3:atemp>29.0</ns3:atemp>
          </ns3:TrackPointExtension>
        </extensions>
      </trkpt>
      <trkpt lat="46.1535354517400264739990234375" lon="91.14258910529315471649169921875">
        <ele>1217.199951171875</ele>
        <time>2025-08-07T05:53:11.000Z</time>
        <extensions>
          <ns3:TrackPointExtension>
            <ns3:atemp>29.0</ns3:atemp>
          </ns3:TrackPointExtension>
        </extensions>
      </trkpt>
      <trkpt lat="46.15349060855805873870849609375" lon="91.14341698586940765380859375">
        <ele>1217.5999755859375</ele>
        <time>2025-08-07T05:53:19.000Z</time>
        <extensions>
          <ns3:TrackPointExtension>
            <ns3:atemp>29.0</ns3:atemp>
          </ns3:TrackPointExtension>
        </extensions>
      </trkpt>
      <trkpt lat="46.1534851603209972381591796875" lon="91.14361790008842945098876953125">
        <ele>1217.4000244140625</ele>
        <time>2025-08-07T05:53:21.000Z</time>
        <extensions>
          <ns3:TrackPointExtension>
            <ns3:atemp>29.0</ns3:atemp>
          </ns3:TrackPointExtension>
        </extensions>
      </trkpt>
      <trkpt lat="46.1534516327083110809326171875" lon="91.14424319006502628326416015625">
        <ele>1216.4000244140625</ele>
        <time>2025-08-07T05:53:27.000Z</time>
        <extensions>
          <ns3:TrackPointExtension>
            <ns3:atemp>29.0</ns3:atemp>
          </ns3:TrackPointExtension>
        </extensions>
      </trkpt>
      <trkpt lat="46.1534388922154903411865234375" lon="91.144466400146484375">
        <ele>1216</ele>
        <time>2025-08-07T05:53:29.000Z</time>
        <extensions>
          <ns3:TrackPointExtension>
            <ns3:atemp>29.0</ns3:atemp>
          </ns3:TrackPointExtension>
        </extensions>
      </trkpt>
      <trkpt lat="46.1533775366842746734619140625" lon="91.1452387087047100067138671875">
        <ele>1215.800048828125</ele>
        <time>2025-08-07T05:53:36.000Z</time>
        <extensions>
          <ns3:TrackPointExtension>
            <ns3:atemp>29.0</ns3:atemp>
          </ns3:TrackPointExtension>
        </extensions>
      </trkpt>
      <trkpt lat="46.1533661372959613800048828125" lon="91.14534557797014713287353515625">
        <ele>1215.800048828125</ele>
        <time>2025-08-07T05:53:37.000Z</time>
        <extensions>
          <ns3:TrackPointExtension>
            <ns3:atemp>29.0</ns3:atemp>
          </ns3:TrackPointExtension>
        </extensions>
      </trkpt>
      <trkpt lat="46.15329296328127384185791015625" lon="91.14609693177044391632080078125">
        <ele>1215.4000244140625</ele>
        <time>2025-08-07T05:53:44.000Z</time>
        <extensions>
          <ns3:TrackPointExtension>
            <ns3:atemp>29.0</ns3:atemp>
          </ns3:TrackPointExtension>
        </extensions>
      </trkpt>
      <trkpt lat="46.15328039042651653289794921875" lon="91.146205477416515350341796875">
        <ele>1215.4000244140625</ele>
        <time>2025-08-07T05:53:45.000Z</time>
        <extensions>
          <ns3:TrackPointExtension>
            <ns3:atemp>29.0</ns3:atemp>
          </ns3:TrackPointExtension>
        </extensions>
      </trkpt>
      <trkpt lat="46.153187938034534454345703125" lon="91.146984994411468505859375">
        <ele>1215.4000244140625</ele>
        <time>2025-08-07T05:53:52.000Z</time>
        <extensions>
          <ns3:TrackPointExtension>
            <ns3:atemp>29.0</ns3:atemp>
          </ns3:TrackPointExtension>
        </extensions>
      </trkpt>
      <trkpt lat="46.15314996801316738128662109375" lon="91.1473028361797332763671875">
        <ele>1215.4000244140625</ele>
        <time>2025-08-07T05:53:55.000Z</time>
        <extensions>
          <ns3:TrackPointExtension>
            <ns3:atemp>29.0</ns3:atemp>
          </ns3:TrackPointExtension>
        </extensions>
      </trkpt>
      <trkpt lat="46.15305324085056781768798828125" lon="91.1481056548655033111572265625">
        <ele>1214.4000244140625</ele>
        <time>2025-08-07T05:54:03.000Z</time>
        <extensions>
          <ns3:TrackPointExtension>
            <ns3:atemp>29.0</ns3:atemp>
          </ns3:TrackPointExtension>
        </extensions>
      </trkpt>
      <trkpt lat="46.1529631353914737701416015625" lon="91.14882767200469970703125">
        <ele>1214.4000244140625</ele>
        <time>2025-08-07T05:54:10.000Z</time>
        <extensions>
          <ns3:TrackPointExtension>
            <ns3:atemp>29.0</ns3:atemp>
          </ns3:TrackPointExtension>
        </extensions>
      </trkpt>
      <trkpt lat="46.15293052978813648223876953125" lon="91.1491396464407444000244140625">
        <ele>1214.199951171875</ele>
        <time>2025-08-07T05:54:13.000Z</time>
        <extensions>
          <ns3:TrackPointExtension>
            <ns3:atemp>29.0</ns3:atemp>
          </ns3:TrackPointExtension>
        </extensions>
      </trkpt>
      <trkpt lat="46.1528427712619304656982421875" lon="91.14992109127342700958251953125">
        <ele>1213.800048828125</ele>
        <time>2025-08-07T05:54:21.000Z</time>
        <extensions>
          <ns3:TrackPointExtension>
            <ns3:atemp>29.0</ns3:atemp>
          </ns3:TrackPointExtension>
        </extensions>
      </trkpt>
      <trkpt lat="46.15283195860683917999267578125" lon="91.15001345984637737274169921875">
        <ele>1213.800048828125</ele>
        <time>2025-08-07T05:54:22.000Z</time>
        <extensions>
          <ns3:TrackPointExtension>
            <ns3:atemp>29.0</ns3:atemp>
          </ns3:TrackPointExtension>
        </extensions>
      </trkpt>
      <trkpt lat="46.15276875905692577362060546875" lon="91.1505833454430103302001953125">
        <ele>1213.4000244140625</ele>
        <time>2025-08-07T05:54:28.000Z</time>
        <extensions>
          <ns3:TrackPointExtension>
            <ns3:atemp>29.0</ns3:atemp>
          </ns3:TrackPointExtension>
        </extensions>
      </trkpt>
      <trkpt lat="46.15273632109165191650390625" lon="91.150873191654682159423828125">
        <ele>1212.800048828125</ele>
        <time>2025-08-07T05:54:31.000Z</time>
        <extensions>
          <ns3:TrackPointExtension>
            <ns3:atemp>29.0</ns3:atemp>
          </ns3:TrackPointExtension>
        </extensions>
      </trkpt>
      <trkpt lat="46.15263967774808406829833984375" lon="91.15168799646198749542236328125">
        <ele>1212.199951171875</ele>
        <time>2025-08-07T05:54:39.000Z</time>
        <extensions>
          <ns3:TrackPointExtension>
            <ns3:atemp>29.0</ns3:atemp>
          </ns3:TrackPointExtension>
        </extensions>
      </trkpt>
      <trkpt lat="46.152615286409854888916015625" lon="91.151892431080341339111328125">
        <ele>1212</ele>
        <time>2025-08-07T05:54:41.000Z</time>
        <extensions>
          <ns3:TrackPointExtension>
            <ns3:atemp>29.0</ns3:atemp>
          </ns3:TrackPointExtension>
        </extensions>
      </trkpt>
      <trkpt lat="46.15252853371202945709228515625" lon="91.15268670022487640380859375">
        <ele>1211.800048828125</ele>
        <time>2025-08-07T05:54:49.000Z</time>
        <extensions>
          <ns3:TrackPointExtension>
            <ns3:atemp>29.0</ns3:atemp>
          </ns3:TrackPointExtension>
        </extensions>
      </trkpt>
      <trkpt lat="46.15248343907296657562255859375" lon="91.153067238628864288330078125">
        <ele>1211.800048828125</ele>
        <time>2025-08-07T05:54:53.000Z</time>
        <extensions>
          <ns3:TrackPointExtension>
            <ns3:atemp>29.0</ns3:atemp>
          </ns3:TrackPointExtension>
        </extensions>
      </trkpt>
      <trkpt lat="46.15238620899617671966552734375" lon="91.15389361046254634857177734375">
        <ele>1211.800048828125</ele>
        <time>2025-08-07T05:55:01.000Z</time>
        <extensions>
          <ns3:TrackPointExtension>
            <ns3:atemp>29.0</ns3:atemp>
          </ns3:TrackPointExtension>
        </extensions>
      </trkpt>
      <trkpt lat="46.15236357785761356353759765625" lon="91.1541007272899150848388671875">
        <ele>1212</ele>
        <time>2025-08-07T05:55:03.000Z</time>
        <extensions>
          <ns3:TrackPointExtension>
            <ns3:atemp>29.0</ns3:atemp>
          </ns3:TrackPointExtension>
        </extensions>
      </trkpt>
      <trkpt lat="46.152271963655948638916015625" lon="91.1548862792551517486572265625">
        <ele>1211.800048828125</ele>
        <time>2025-08-07T05:55:11.000Z</time>
        <extensions>
          <ns3:TrackPointExtension>
            <ns3:atemp>29.0</ns3:atemp>
          </ns3:TrackPointExtension>
        </extensions>
      </trkpt>
      <trkpt lat="46.15223801694810390472412109375" lon="91.15517738275229930877685546875">
        <ele>1211.800048828125</ele>
        <time>2025-08-07T05:55:14.000Z</time>
        <extensions>
          <ns3:TrackPointExtension>
            <ns3:atemp>29.0</ns3:atemp>
          </ns3:TrackPointExtension>
        </extensions>
      </trkpt>
      <trkpt lat="46.1521353386342525482177734375" lon="91.1559883318841457366943359375">
        <ele>1211.800048828125</ele>
        <time>2025-08-07T05:55:22.000Z</time>
        <extensions>
          <ns3:TrackPointExtension>
            <ns3:atemp>29.0</ns3:atemp>
          </ns3:TrackPointExtension>
        </extensions>
      </trkpt>
      <trkpt lat="46.15209217183291912078857421875" lon="91.156379766762256622314453125">
        <ele>1211.800048828125</ele>
        <time>2025-08-07T05:55:26.000Z</time>
        <extensions>
          <ns3:TrackPointExtension>
            <ns3:atemp>28.0</ns3:atemp>
          </ns3:TrackPointExtension>
        </extensions>
      </trkpt>
      <trkpt lat="46.15200407803058624267578125" lon="91.15722759626805782318115234375">
        <ele>1212.199951171875</ele>
        <time>2025-08-07T05:55:35.000Z</time>
        <extensions>
          <ns3:TrackPointExtension>
            <ns3:atemp>28.0</ns3:atemp>
          </ns3:TrackPointExtension>
        </extensions>
      </trkpt>
      <trkpt lat="46.15199611522257328033447265625" lon="91.157320551574230194091796875">
        <ele>1212.4000244140625</ele>
        <time>2025-08-07T05:55:36.000Z</time>
        <extensions>
          <ns3:TrackPointExtension>
            <ns3:atemp>28.0</ns3:atemp>
          </ns3:TrackPointExtension>
        </extensions>
      </trkpt>
      <trkpt lat="46.15190207026898860931396484375" lon="91.1580355279147624969482421875">
        <ele>1213.199951171875</ele>
        <time>2025-08-07T05:55:44.000Z</time>
        <extensions>
          <ns3:TrackPointExtension>
            <ns3:atemp>28.0</ns3:atemp>
          </ns3:TrackPointExtension>
        </extensions>
      </trkpt>
      <trkpt lat="46.15182680077850818634033203125" lon="91.15875184535980224609375">
        <ele>1214</ele>
        <time>2025-08-07T05:55:53.000Z</time>
        <extensions>
          <ns3:TrackPointExtension>
            <ns3:atemp>28.0</ns3:atemp>
          </ns3:TrackPointExtension>
        </extensions>
      </trkpt>
      <trkpt lat="46.1517900042235851287841796875" lon="91.15903356112539768218994140625">
        <ele>1214.4000244140625</ele>
        <time>2025-08-07T05:55:57.000Z</time>
        <extensions>
          <ns3:TrackPointExtension>
            <ns3:atemp>28.0</ns3:atemp>
          </ns3:TrackPointExtension>
        </extensions>
      </trkpt>
      <trkpt lat="46.1517692171037197113037109375" lon="91.15932407788932323455810546875">
        <ele>1214.800048828125</ele>
        <time>2025-08-07T05:56:01.000Z</time>
        <extensions>
          <ns3:TrackPointExtension>
            <ns3:atemp>28.0</ns3:atemp>
          </ns3:TrackPointExtension>
        </extensions>
      </trkpt>
      <trkpt lat="46.15171716548502445220947265625" lon="91.1596596054732799530029296875">
        <ele>1215.4000244140625</ele>
        <time>2025-08-07T05:56:06.000Z</time>
        <extensions>
          <ns3:TrackPointExtension>
            <ns3:atemp>28.0</ns3:atemp>
          </ns3:TrackPointExtension>
        </extensions>
      </trkpt>
      <trkpt lat="46.1517031677067279815673828125" lon="91.15979245863854885101318359375">
        <ele>1215.5999755859375</ele>
        <time>2025-08-07T05:56:08.000Z</time>
        <extensions>
          <ns3:TrackPointExtension>
            <ns3:atemp>28.0</ns3:atemp>
          </ns3:TrackPointExtension>
        </extensions>
      </trkpt>
      <trkpt lat="46.1516394652426242828369140625" lon="91.1603754200041294097900390625">
        <ele>1216.4000244140625</ele>
        <time>2025-08-07T05:56:17.000Z</time>
        <extensions>
          <ns3:TrackPointExtension>
            <ns3:atemp>28.0</ns3:atemp>
          </ns3:TrackPointExtension>
        </extensions>
      </trkpt>
      <trkpt lat="46.151610799133777618408203125" lon="91.1606225185096263885498046875">
        <ele>1216.4000244140625</ele>
        <time>2025-08-07T05:56:21.000Z</time>
        <extensions>
          <ns3:TrackPointExtension>
            <ns3:atemp>28.0</ns3:atemp>
          </ns3:TrackPointExtension>
        </extensions>
      </trkpt>
      <trkpt lat="46.1515782773494720458984375" lon="91.16095737554132938385009765625">
        <ele>1217</ele>
        <time>2025-08-07T05:56:27.000Z</time>
        <extensions>
          <ns3:TrackPointExtension>
            <ns3:atemp>28.0</ns3:atemp>
          </ns3:TrackPointExtension>
        </extensions>
      </trkpt>
      <trkpt lat="46.1515338532626628875732421875" lon="91.16124621592462062835693359375">
        <ele>1217.4000244140625</ele>
        <time>2025-08-07T05:56:32.000Z</time>
        <extensions>
          <ns3:TrackPointExtension>
            <ns3:atemp>28.0</ns3:atemp>
          </ns3:TrackPointExtension>
        </extensions>
      </trkpt>
      <trkpt lat="46.1515191011130809783935546875" lon="91.16143916733562946319580078125">
        <ele>1217.5999755859375</ele>
        <time>2025-08-07T05:56:35.000Z</time>
        <extensions>
          <ns3:TrackPointExtension>
            <ns3:atemp>28.0</ns3:atemp>
          </ns3:TrackPointExtension>
        </extensions>
      </trkpt>
      <trkpt lat="46.1514849029481410980224609375" lon="91.1616917140781879425048828125">
        <ele>1218</ele>
        <time>2025-08-07T05:56:39.000Z</time>
        <extensions>
          <ns3:TrackPointExtension>
            <ns3:atemp>28.0</ns3:atemp>
          </ns3:TrackPointExtension>
        </extensions>
      </trkpt>
      <trkpt lat="46.1514691449701786041259765625" lon="91.16192984394729137420654296875">
        <ele>1218.199951171875</ele>
        <time>2025-08-07T05:56:43.000Z</time>
        <extensions>
          <ns3:TrackPointExtension>
            <ns3:atemp>28.0</ns3:atemp>
          </ns3:TrackPointExtension>
        </extensions>
      </trkpt>
      <trkpt lat="46.15140669979155063629150390625" lon="91.16235715337097644805908203125">
        <ele>1218.5999755859375</ele>
        <time>2025-08-07T05:56:50.000Z</time>
        <extensions>
          <ns3:TrackPointExtension>
            <ns3:atemp>28.0</ns3:atemp>
          </ns3:TrackPointExtension>
        </extensions>
      </trkpt>
      <trkpt lat="46.1513987369835376739501953125" lon="91.16242337040603160858154296875">
        <ele>1218.5999755859375</ele>
        <time>2025-08-07T05:56:51.000Z</time>
        <extensions>
          <ns3:TrackPointExtension>
            <ns3:atemp>28.0</ns3:atemp>
          </ns3:TrackPointExtension>
        </extensions>
      </trkpt>
      <trkpt lat="46.15134702064096927642822265625" lon="91.16294388659298419952392578125">
        <ele>1218.800048828125</ele>
        <time>2025-08-07T05:57:00.000Z</time>
        <extensions>
          <ns3:TrackPointExtension>
            <ns3:atemp>28.0</ns3:atemp>
          </ns3:TrackPointExtension>
        </extensions>
      </trkpt>
      <trkpt lat="46.151290275156497955322265625" lon="91.16341444663703441619873046875">
        <ele>1219.4000244140625</ele>
        <time>2025-08-07T05:57:08.000Z</time>
        <extensions>
          <ns3:TrackPointExtension>
            <ns3:atemp>28.0</ns3:atemp>
          </ns3:TrackPointExtension>
        </extensions>
      </trkpt>
      <trkpt lat="46.1512813903391361236572265625" lon="91.16347320377826690673828125">
        <ele>1219.4000244140625</ele>
        <time>2025-08-07T05:57:09.000Z</time>
        <extensions>
          <ns3:TrackPointExtension>
            <ns3:atemp>28.0</ns3:atemp>
          </ns3:TrackPointExtension>
        </extensions>
      </trkpt>
      <trkpt lat="46.151274181902408599853515625" lon="91.16353129036724567413330078125">
        <ele>1219.5999755859375</ele>
        <time>2025-08-07T05:57:10.000Z</time>
        <extensions>
          <ns3:TrackPointExtension>
            <ns3:atemp>28.0</ns3:atemp>
          </ns3:TrackPointExtension>
        </extensions>
      </trkpt>
      <trkpt lat="46.15123705007135868072509765625" lon="91.1638842523097991943359375">
        <ele>1220</ele>
        <time>2025-08-07T05:57:17.000Z</time>
        <extensions>
          <ns3:TrackPointExtension>
            <ns3:atemp>28.0</ns3:atemp>
          </ns3:TrackPointExtension>
        </extensions>
      </trkpt>
      <trkpt lat="46.15120184607803821563720703125" lon="91.1641972325742244720458984375">
        <ele>1220.5999755859375</ele>
        <time>2025-08-07T05:57:23.000Z</time>
        <extensions>
          <ns3:TrackPointExtension>
            <ns3:atemp>28.0</ns3:atemp>
          </ns3:TrackPointExtension>
        </extensions>
      </trkpt>
      <trkpt lat="46.151184327900409698486328125" lon="91.164346598088741302490234375">
        <ele>1220.800048828125</ele>
        <time>2025-08-07T05:57:26.000Z</time>
        <extensions>
          <ns3:TrackPointExtension>
            <ns3:atemp>28.0</ns3:atemp>
          </ns3:TrackPointExtension>
        </extensions>
      </trkpt>
      <trkpt lat="46.15114216692745685577392578125" lon="91.1647219397127628326416015625">
        <ele>1221.5999755859375</ele>
        <time>2025-08-07T05:57:34.000Z</time>
        <extensions>
          <ns3:TrackPointExtension>
            <ns3:atemp>28.0</ns3:atemp>
          </ns3:TrackPointExtension>
        </extensions>
      </trkpt>
      <trkpt lat="46.15112288855016231536865234375" lon="91.1648597382009029388427734375">
        <ele>1221.800048828125</ele>
        <time>2025-08-07T05:57:37.000Z</time>
        <extensions>
          <ns3:TrackPointExtension>
            <ns3:atemp>28.0</ns3:atemp>
          </ns3:TrackPointExtension>
        </extensions>
      </trkpt>
      <trkpt lat="46.15108148194849491119384765625" lon="91.1652266979217529296875">
        <ele>1222.800048828125</ele>
        <time>2025-08-07T05:57:45.000Z</time>
        <extensions>
          <ns3:TrackPointExtension>
            <ns3:atemp>28.0</ns3:atemp>
          </ns3:TrackPointExtension>
        </extensions>
      </trkpt>
      <trkpt lat="46.1510627903044223785400390625" lon="91.16530674509704113006591796875">
        <ele>1223</ele>
        <time>2025-08-07T05:57:47.000Z</time>
        <extensions>
          <ns3:TrackPointExtension>
            <ns3:atemp>28.0</ns3:atemp>
          </ns3:TrackPointExtension>
        </extensions>
      </trkpt>
      <trkpt lat="46.15102096460759639739990234375" lon="91.165730617940425872802734375">
        <ele>1223.800048828125</ele>
        <time>2025-08-07T05:57:57.000Z</time>
        <extensions>
          <ns3:TrackPointExtension>
            <ns3:atemp>28.0</ns3:atemp>
          </ns3:TrackPointExtension>
        </extensions>
      </trkpt>
      <trkpt lat="46.1510088108479976654052734375" lon="91.16581083275377750396728515625">
        <ele>1224</ele>
        <time>2025-08-07T05:57:59.000Z</time>
        <extensions>
          <ns3:TrackPointExtension>
            <ns3:atemp>28.0</ns3:atemp>
          </ns3:TrackPointExtension>
        </extensions>
      </trkpt>
      <trkpt lat="46.150981150567531585693359375" lon="91.16612247191369533538818359375">
        <ele>1224.800048828125</ele>
        <time>2025-08-07T05:58:07.000Z</time>
        <extensions>
          <ns3:TrackPointExtension>
            <ns3:atemp>28.0</ns3:atemp>
          </ns3:TrackPointExtension>
        </extensions>
      </trkpt>
      <trkpt lat="46.15096296183764934539794921875" lon="91.166246943175792694091796875">
        <ele>1225.199951171875</ele>
        <time>2025-08-07T05:58:10.000Z</time>
        <extensions>
          <ns3:TrackPointExtension>
            <ns3:atemp>28.0</ns3:atemp>
          </ns3:TrackPointExtension>
        </extensions>
      </trkpt>
      <trkpt lat="46.1509184539318084716796875" lon="91.16649580188095569610595703125">
        <ele>1226</ele>
        <time>2025-08-07T05:58:16.000Z</time>
        <extensions>
          <ns3:TrackPointExtension>
            <ns3:atemp>28.0</ns3:atemp>
          </ns3:TrackPointExtension>
        </extensions>
      </trkpt>
      <trkpt lat="46.1508894525468349456787109375" lon="91.16667601279914379119873046875">
        <ele>1226.199951171875</ele>
        <time>2025-08-07T05:58:20.000Z</time>
        <extensions>
          <ns3:TrackPointExtension>
            <ns3:atemp>28.0</ns3:atemp>
          </ns3:TrackPointExtension>
        </extensions>
      </trkpt>
      <trkpt lat="46.15082382224500179290771484375" lon="91.1670980416238307952880859375">
        <ele>1226.800048828125</ele>
        <time>2025-08-07T05:58:29.000Z</time>
        <extensions>
          <ns3:TrackPointExtension>
            <ns3:atemp>28.0</ns3:atemp>
          </ns3:TrackPointExtension>
        </extensions>
      </trkpt>
      <trkpt lat="46.1508032865822315216064453125" lon="91.167190074920654296875">
        <ele>1227</ele>
        <time>2025-08-07T05:58:31.000Z</time>
        <extensions>
          <ns3:TrackPointExtension>
            <ns3:atemp>28.0</ns3:atemp>
          </ns3:TrackPointExtension>
        </extensions>
      </trkpt>
      <trkpt lat="46.1507493071258068084716796875" lon="91.1674812622368335723876953125">
        <ele>1227.800048828125</ele>
        <time>2025-08-07T05:58:37.000Z</time>
        <extensions>
          <ns3:TrackPointExtension>
            <ns3:atemp>28.0</ns3:atemp>
          </ns3:TrackPointExtension>
        </extensions>
      </trkpt>
      <trkpt lat="46.15070379339158535003662109375" lon="91.1676794104278087615966796875">
        <ele>1228</ele>
        <time>2025-08-07T05:58:41.000Z</time>
        <extensions>
          <ns3:TrackPointExtension>
            <ns3:atemp>28.0</ns3:atemp>
          </ns3:TrackPointExtension>
        </extensions>
      </trkpt>
      <trkpt lat="46.1506708525121212005615234375" lon="91.167920641601085662841796875">
        <ele>1228</ele>
        <time>2025-08-07T05:58:46.000Z</time>
        <extensions>
          <ns3:TrackPointExtension>
            <ns3:atemp>28.0</ns3:atemp>
          </ns3:TrackPointExtension>
        </extensions>
      </trkpt>
      <trkpt lat="46.15058409981429576873779296875" lon="91.1683928780257701873779296875">
        <ele>1228.5999755859375</ele>
        <time>2025-08-07T05:58:55.000Z</time>
        <extensions>
          <ns3:TrackPointExtension>
            <ns3:atemp>28.0</ns3:atemp>
          </ns3:TrackPointExtension>
        </extensions>
      </trkpt>
      <trkpt lat="46.1504716984927654266357421875" lon="91.16896008141338825225830078125">
        <ele>1229.199951171875</ele>
        <time>2025-08-07T05:59:05.000Z</time>
        <extensions>
          <ns3:TrackPointExtension>
            <ns3:atemp>28.0</ns3:atemp>
          </ns3:TrackPointExtension>
        </extensions>
      </trkpt>
      <trkpt lat="46.15045954473316669464111328125" lon="91.169017665088176727294921875">
        <ele>1229.4000244140625</ele>
        <time>2025-08-07T05:59:06.000Z</time>
        <extensions>
          <ns3:TrackPointExtension>
            <ns3:atemp>28.0</ns3:atemp>
          </ns3:TrackPointExtension>
        </extensions>
      </trkpt>
      <trkpt lat="46.15035460330545902252197265625" lon="91.1695951782166957855224609375">
        <ele>1230.199951171875</ele>
        <time>2025-08-07T05:59:16.000Z</time>
        <extensions>
          <ns3:TrackPointExtension>
            <ns3:atemp>28.0</ns3:atemp>
          </ns3:TrackPointExtension>
        </extensions>
      </trkpt>
      <trkpt lat="46.15033096633851528167724609375" lon="91.1697064898908138275146484375">
        <ele>1230.4000244140625</ele>
        <time>2025-08-07T05:59:18.000Z</time>
        <extensions>
          <ns3:TrackPointExtension>
            <ns3:atemp>28.0</ns3:atemp>
          </ns3:TrackPointExtension>
        </extensions>
      </trkpt>
      <trkpt lat="46.150232814252376556396484375" lon="91.1702062189579010009765625">
        <ele>1231.199951171875</ele>
        <time>2025-08-07T05:59:28.000Z</time>
        <extensions>
          <ns3:TrackPointExtension>
            <ns3:atemp>28.0</ns3:atemp>
          </ns3:TrackPointExtension>
        </extensions>
      </trkpt>
      <trkpt lat="46.15022049285471439361572265625" lon="91.17024837993085384368896484375">
        <ele>1231.4000244140625</ele>
        <time>2025-08-07T05:59:29.000Z</time>
        <extensions>
          <ns3:TrackPointExtension>
            <ns3:atemp>28.0</ns3:atemp>
          </ns3:TrackPointExtension>
        </extensions>
      </trkpt>
      <trkpt lat="46.1501816846430301666259765625" lon="91.17047217674553394317626953125">
        <ele>1231.800048828125</ele>
        <time>2025-08-07T05:59:34.000Z</time>
        <extensions>
          <ns3:TrackPointExtension>
            <ns3:atemp>28.0</ns3:atemp>
          </ns3:TrackPointExtension>
        </extensions>
      </trkpt>
      <trkpt lat="46.15014270879328250885009765625" lon="91.17071541957557201385498046875">
        <ele>1232.4000244140625</ele>
        <time>2025-08-07T05:59:39.000Z</time>
        <extensions>
          <ns3:TrackPointExtension>
            <ns3:atemp>28.0</ns3:atemp>
          </ns3:TrackPointExtension>
        </extensions>
      </trkpt>
      <trkpt lat="46.15009023807942867279052734375" lon="91.1709104664623737335205078125">
        <ele>1232.5999755859375</ele>
        <time>2025-08-07T05:59:43.000Z</time>
        <extensions>
          <ns3:TrackPointExtension>
            <ns3:atemp>28.0</ns3:atemp>
          </ns3:TrackPointExtension>
        </extensions>
      </trkpt>
      <trkpt lat="46.1500294692814350128173828125" lon="91.17126862518489360809326171875">
        <ele>1233.4000244140625</ele>
        <time>2025-08-07T05:59:51.000Z</time>
        <extensions>
          <ns3:TrackPointExtension>
            <ns3:atemp>28.0</ns3:atemp>
          </ns3:TrackPointExtension>
        </extensions>
      </trkpt>
      <trkpt lat="46.1499510146677494049072265625" lon="91.17168185301125049591064453125">
        <ele>1234.199951171875</ele>
        <time>2025-08-07T06:00:00.000Z</time>
        <extensions>
          <ns3:TrackPointExtension>
            <ns3:atemp>28.0</ns3:atemp>
          </ns3:TrackPointExtension>
        </extensions>
      </trkpt>
      <trkpt lat="46.1499067582190036773681640625" lon="91.17194227874279022216796875">
        <ele>1234.5999755859375</ele>
        <time>2025-08-07T06:00:05.000Z</time>
        <extensions>
          <ns3:TrackPointExtension>
            <ns3:atemp>28.0</ns3:atemp>
          </ns3:TrackPointExtension>
        </extensions>
      </trkpt>
      <trkpt lat="46.14986895583570003509521484375" lon="91.17216096259653568267822265625">
        <ele>1235</ele>
        <time>2025-08-07T06:00:09.000Z</time>
        <extensions>
          <ns3:TrackPointExtension>
            <ns3:atemp>28.0</ns3:atemp>
          </ns3:TrackPointExtension>
        </extensions>
      </trkpt>
      <trkpt lat="46.14974431693553924560546875" lon="91.17276160977780818939208984375">
        <ele>1235.199951171875</ele>
        <time>2025-08-07T06:00:20.000Z</time>
        <extensions>
          <ns3:TrackPointExtension>
            <ns3:atemp>28.0</ns3:atemp>
          </ns3:TrackPointExtension>
        </extensions>
      </trkpt>
      <trkpt lat="46.1497082747519016265869140625" lon="91.17299261502921581268310546875">
        <ele>1235.5999755859375</ele>
        <time>2025-08-07T06:00:24.000Z</time>
        <extensions>
          <ns3:TrackPointExtension>
            <ns3:atemp>28.0</ns3:atemp>
          </ns3:TrackPointExtension>
        </extensions>
      </trkpt>
      <trkpt lat="46.14964985288679599761962890625" lon="91.1732731573283672332763671875">
        <ele>1235.800048828125</ele>
        <time>2025-08-07T06:00:29.000Z</time>
        <extensions>
          <ns3:TrackPointExtension>
            <ns3:atemp>28.0</ns3:atemp>
          </ns3:TrackPointExtension>
        </extensions>
      </trkpt>
      <trkpt lat="46.1495570652186870574951171875" lon="91.17372921667993068695068359375">
        <ele>1235.5999755859375</ele>
        <time>2025-08-07T06:00:37.000Z</time>
        <extensions>
          <ns3:TrackPointExtension>
            <ns3:atemp>28.0</ns3:atemp>
          </ns3:TrackPointExtension>
        </extensions>
      </trkpt>
      <trkpt lat="46.14942622371017932891845703125" lon="91.17434461601078510284423828125">
        <ele>1236</ele>
        <time>2025-08-07T06:00:47.000Z</time>
        <extensions>
          <ns3:TrackPointExtension>
            <ns3:atemp>28.0</ns3:atemp>
          </ns3:TrackPointExtension>
        </extensions>
      </trkpt>
      <trkpt lat="46.14930401556193828582763671875" lon="91.17499136365950107574462890625">
        <ele>1235.199951171875</ele>
        <time>2025-08-07T06:00:56.000Z</time>
        <extensions>
          <ns3:TrackPointExtension>
            <ns3:atemp>28.0</ns3:atemp>
          </ns3:TrackPointExtension>
        </extensions>
      </trkpt>
      <trkpt lat="46.14920276217162609100341796875" lon="91.1755250394344329833984375">
        <ele>1235</ele>
        <time>2025-08-07T06:01:03.000Z</time>
        <extensions>
          <ns3:TrackPointExtension>
            <ns3:atemp>28.0</ns3:atemp>
          </ns3:TrackPointExtension>
        </extensions>
      </trkpt>
      <trkpt lat="46.1491064541041851043701171875" lon="91.17601127363741397857666015625">
        <ele>1234.5999755859375</ele>
        <time>2025-08-07T06:01:09.000Z</time>
        <extensions>
          <ns3:TrackPointExtension>
            <ns3:atemp>28.0</ns3:atemp>
          </ns3:TrackPointExtension>
        </extensions>
      </trkpt>
      <trkpt lat="46.1490618623793125152587890625" lon="91.1762675084173679351806640625">
        <ele>1234.4000244140625</ele>
        <time>2025-08-07T06:01:12.000Z</time>
        <extensions>
          <ns3:TrackPointExtension>
            <ns3:atemp>28.0</ns3:atemp>
          </ns3:TrackPointExtension>
        </extensions>
      </trkpt>
      <trkpt lat="46.14890076220035552978515625" lon="91.1770651303231716156005859375">
        <ele>1233.5999755859375</ele>
        <time>2025-08-07T06:01:21.000Z</time>
        <extensions>
          <ns3:TrackPointExtension>
            <ns3:atemp>28.0</ns3:atemp>
          </ns3:TrackPointExtension>
        </extensions>
      </trkpt>
      <trkpt lat="46.14888290874660015106201171875" lon="91.177158840000629425048828125">
        <ele>1233.4000244140625</ele>
        <time>2025-08-07T06:01:22.000Z</time>
        <extensions>
          <ns3:TrackPointExtension>
            <ns3:atemp>28.0</ns3:atemp>
          </ns3:TrackPointExtension>
        </extensions>
      </trkpt>
      <trkpt lat="46.14874728955328464508056640625" lon="91.177923269569873809814453125">
        <ele>1233.199951171875</ele>
        <time>2025-08-07T06:01:30.000Z</time>
        <extensions>
          <ns3:TrackPointExtension>
            <ns3:atemp>28.0</ns3:atemp>
          </ns3:TrackPointExtension>
        </extensions>
      </trkpt>
      <trkpt lat="46.148585937917232513427734375" lon="91.178707145154476165771484375">
        <ele>1232.4000244140625</ele>
        <time>2025-08-07T06:01:38.000Z</time>
        <extensions>
          <ns3:TrackPointExtension>
            <ns3:atemp>28.0</ns3:atemp>
          </ns3:TrackPointExtension>
        </extensions>
      </trkpt>
      <trkpt lat="46.14854947663843631744384765625" lon="91.1789114959537982940673828125">
        <ele>1232.199951171875</ele>
        <time>2025-08-07T06:01:40.000Z</time>
        <extensions>
          <ns3:TrackPointExtension>
            <ns3:atemp>28.0</ns3:atemp>
          </ns3:TrackPointExtension>
        </extensions>
      </trkpt>
      <trkpt lat="46.1483986862003803253173828125" lon="91.17973811924457550048828125">
        <ele>1231.5999755859375</ele>
        <time>2025-08-07T06:01:48.000Z</time>
        <extensions>
          <ns3:TrackPointExtension>
            <ns3:atemp>28.0</ns3:atemp>
          </ns3:TrackPointExtension>
        </extensions>
      </trkpt>
      <trkpt lat="46.1483785696327686309814453125" lon="91.179843060672283172607421875">
        <ele>1231.5999755859375</ele>
        <time>2025-08-07T06:01:49.000Z</time>
        <extensions>
          <ns3:TrackPointExtension>
            <ns3:atemp>28.0</ns3:atemp>
          </ns3:TrackPointExtension>
        </extensions>
      </trkpt>
      <trkpt lat="46.148337163031101226806640625" lon="91.1800601519644260406494140625">
        <ele>1231.4000244140625</ele>
        <time>2025-08-07T06:01:51.000Z</time>
        <extensions>
          <ns3:TrackPointExtension>
            <ns3:atemp>28.0</ns3:atemp>
          </ns3:TrackPointExtension>
        </extensions>
      </trkpt>
      <trkpt lat="46.14820162765681743621826171875" lon="91.18073212914168834686279296875">
        <ele>1230.199951171875</ele>
        <time>2025-08-07T06:01:57.000Z</time>
        <extensions>
          <ns3:TrackPointExtension>
            <ns3:atemp>28.0</ns3:atemp>
          </ns3:TrackPointExtension>
        </extensions>
      </trkpt>
      <trkpt lat="46.14803633652627468109130859375" lon="91.181567721068859100341796875">
        <ele>1229.4000244140625</ele>
        <time>2025-08-07T06:02:04.000Z</time>
        <extensions>
          <ns3:TrackPointExtension>
            <ns3:atemp>28.0</ns3:atemp>
          </ns3:TrackPointExtension>
        </extensions>
      </trkpt>
      <trkpt lat="46.14801286719739437103271484375" lon="91.1816912703216075897216796875">
        <ele>1229.199951171875</ele>
        <time>2025-08-07T06:02:05.000Z</time>
        <extensions>
          <ns3:TrackPointExtension>
            <ns3:atemp>28.0</ns3:atemp>
          </ns3:TrackPointExtension>
        </extensions>
      </trkpt>
      <trkpt lat="46.1478686146438121795654296875" lon="91.1824597232043743133544921875">
        <ele>1228</ele>
        <time>2025-08-07T06:02:11.000Z</time>
        <extensions>
          <ns3:TrackPointExtension>
            <ns3:atemp>28.0</ns3:atemp>
          </ns3:TrackPointExtension>
        </extensions>
      </trkpt>
      <trkpt lat="46.1478159762918949127197265625" lon="91.18272207677364349365234375">
        <ele>1227.800048828125</ele>
        <time>2025-08-07T06:02:13.000Z</time>
        <extensions>
          <ns3:TrackPointExtension>
            <ns3:atemp>28.0</ns3:atemp>
          </ns3:TrackPointExtension>
        </extensions>
      </trkpt>
      <trkpt lat="46.14768815226852893829345703125" lon="91.18339958600699901580810546875">
        <ele>1226.800048828125</ele>
        <time>2025-08-07T06:02:18.000Z</time>
        <extensions>
          <ns3:TrackPointExtension>
            <ns3:atemp>28.0</ns3:atemp>
          </ns3:TrackPointExtension>
        </extensions>
      </trkpt>
      <trkpt lat="46.1475846357643604278564453125" lon="91.18394776247441768646240234375">
        <ele>1226.199951171875</ele>
        <time>2025-08-07T06:02:22.000Z</time>
        <extensions>
          <ns3:TrackPointExtension>
            <ns3:atemp>28.0</ns3:atemp>
          </ns3:TrackPointExtension>
        </extensions>
      </trkpt>
      <trkpt lat="46.14750375039875507354736328125" lon="91.1843674443662166595458984375">
        <ele>1225.800048828125</ele>
        <time>2025-08-07T06:02:25.000Z</time>
        <extensions>
          <ns3:TrackPointExtension>
            <ns3:atemp>28.0</ns3:atemp>
          </ns3:TrackPointExtension>
        </extensions>
      </trkpt>
      <trkpt lat="46.1473412252962589263916015625" lon="91.1852104961872100830078125">
        <ele>1225</ele>
        <time>2025-08-07T06:02:31.000Z</time>
        <extensions>
          <ns3:TrackPointExtension>
            <ns3:atemp>28.0</ns3:atemp>
          </ns3:TrackPointExtension>
        </extensions>
      </trkpt>
      <trkpt lat="46.14731331355869770050048828125" lon="91.185350976884365081787109375">
        <ele>1224.800048828125</ele>
        <time>2025-08-07T06:02:32.000Z</time>
        <extensions>
          <ns3:TrackPointExtension>
            <ns3:atemp>28.0</ns3:atemp>
          </ns3:TrackPointExtension>
        </extensions>
      </trkpt>
      <trkpt lat="46.14715070463716983795166015625" lon="91.18620517663657665252685546875">
        <ele>1223.5999755859375</ele>
        <time>2025-08-07T06:02:38.000Z</time>
        <extensions>
          <ns3:TrackPointExtension>
            <ns3:atemp>28.0</ns3:atemp>
          </ns3:TrackPointExtension>
        </extensions>
      </trkpt>
      <trkpt lat="46.14698910154402256011962890625" lon="91.1870439536869525909423828125">
        <ele>1222.5999755859375</ele>
        <time>2025-08-07T06:02:44.000Z</time>
        <extensions>
          <ns3:TrackPointExtension>
            <ns3:atemp>28.0</ns3:atemp>
          </ns3:TrackPointExtension>
        </extensions>
      </trkpt>
      <trkpt lat="46.14682448096573352813720703125" lon="91.18787669576704502105712890625">
        <ele>1221.5999755859375</ele>
        <time>2025-08-07T06:02:50.000Z</time>
        <extensions>
          <ns3:TrackPointExtension>
            <ns3:atemp>28.0</ns3:atemp>
          </ns3:TrackPointExtension>
        </extensions>
      </trkpt>
      <trkpt lat="46.14671618677675724029541015625" lon="91.18842487223446369171142578125">
        <ele>1221</ele>
        <time>2025-08-07T06:02:54.000Z</time>
        <extensions>
          <ns3:TrackPointExtension>
            <ns3:atemp>28.0</ns3:atemp>
          </ns3:TrackPointExtension>
        </extensions>
      </trkpt>
      <trkpt lat="46.14660822786390781402587890625" lon="91.1889697797596454620361328125">
        <ele>1220.4000244140625</ele>
        <time>2025-08-07T06:02:58.000Z</time>
        <extensions>
          <ns3:TrackPointExtension>
            <ns3:atemp>28.0</ns3:atemp>
          </ns3:TrackPointExtension>
        </extensions>
      </trkpt>
      <trkpt lat="46.1464460380375385284423828125" lon="91.189767904579639434814453125">
        <ele>1220.199951171875</ele>
        <time>2025-08-07T06:03:04.000Z</time>
        <extensions>
          <ns3:TrackPointExtension>
            <ns3:atemp>28.0</ns3:atemp>
          </ns3:TrackPointExtension>
        </extensions>
      </trkpt>
      <trkpt lat="46.1462996900081634521484375" lon="91.1905341781675815582275390625">
        <ele>1220</ele>
        <time>2025-08-07T06:03:10.000Z</time>
        <extensions>
          <ns3:TrackPointExtension>
            <ns3:atemp>28.0</ns3:atemp>
          </ns3:TrackPointExtension>
        </extensions>
      </trkpt>
      <trkpt lat="46.14622752182185649871826171875" lon="91.190905161201953887939453125">
        <ele>1219.800048828125</ele>
        <time>2025-08-07T06:03:13.000Z</time>
        <extensions>
          <ns3:TrackPointExtension>
            <ns3:atemp>28.0</ns3:atemp>
          </ns3:TrackPointExtension>
        </extensions>
      </trkpt>
      <trkpt lat="46.14615761674940586090087890625" lon="91.19127002544701099395751953125">
        <ele>1219.4000244140625</ele>
        <time>2025-08-07T06:03:16.000Z</time>
        <extensions>
          <ns3:TrackPointExtension>
            <ns3:atemp>28.0</ns3:atemp>
          </ns3:TrackPointExtension>
        </extensions>
      </trkpt>
      <trkpt lat="46.14602266810834407806396484375" lon="91.19200143031775951385498046875">
        <ele>1218.199951171875</ele>
        <time>2025-08-07T06:03:22.000Z</time>
        <extensions>
          <ns3:TrackPointExtension>
            <ns3:atemp>28.0</ns3:atemp>
          </ns3:TrackPointExtension>
        </extensions>
      </trkpt>
      <trkpt lat="46.1458971910178661346435546875" lon="91.19262420572340488433837890625">
        <ele>1217.199951171875</ele>
        <time>2025-08-07T06:03:27.000Z</time>
        <extensions>
          <ns3:TrackPointExtension>
            <ns3:atemp>28.0</ns3:atemp>
          </ns3:TrackPointExtension>
        </extensions>
      </trkpt>
      <trkpt lat="46.1458023078739643096923828125" lon="91.1931151337921619415283203125">
        <ele>1216.5999755859375</ele>
        <time>2025-08-07T06:03:31.000Z</time>
        <extensions>
          <ns3:TrackPointExtension>
            <ns3:atemp>28.0</ns3:atemp>
          </ns3:TrackPointExtension>
        </extensions>
      </trkpt>
      <trkpt lat="46.145685128867626190185546875" lon="91.19373447261750698089599609375">
        <ele>1216.199951171875</ele>
        <time>2025-08-07T06:03:36.000Z</time>
        <extensions>
          <ns3:TrackPointExtension>
            <ns3:atemp>28.0</ns3:atemp>
          </ns3:TrackPointExtension>
        </extensions>
      </trkpt>
      <trkpt lat="46.14560189656913280487060546875" lon="91.1942134983837604522705078125">
        <ele>1215.5999755859375</ele>
        <time>2025-08-07T06:03:40.000Z</time>
        <extensions>
          <ns3:TrackPointExtension>
            <ns3:atemp>28.0</ns3:atemp>
          </ns3:TrackPointExtension>
        </extensions>
      </trkpt>
      <trkpt lat="46.14542889408767223358154296875" lon="91.1950206756591796875">
        <ele>1215.199951171875</ele>
        <time>2025-08-07T06:03:47.000Z</time>
        <extensions>
          <ns3:TrackPointExtension>
            <ns3:atemp>28.0</ns3:atemp>
          </ns3:TrackPointExtension>
        </extensions>
      </trkpt>
      <trkpt lat="46.14538748748600482940673828125" lon="91.1952448077499866485595703125">
        <ele>1215</ele>
        <time>2025-08-07T06:03:49.000Z</time>
        <extensions>
          <ns3:TrackPointExtension>
            <ns3:atemp>28.0</ns3:atemp>
          </ns3:TrackPointExtension>
        </extensions>
      </trkpt>
      <trkpt lat="46.14528380334377288818359375" lon="91.1959190480411052703857421875">
        <ele>1214.5999755859375</ele>
        <time>2025-08-07T06:03:55.000Z</time>
        <extensions>
          <ns3:TrackPointExtension>
            <ns3:atemp>29.0</ns3:atemp>
          </ns3:TrackPointExtension>
        </extensions>
      </trkpt>
      <trkpt lat="46.14513217471539974212646484375" lon="91.19666545651853084564208984375">
        <ele>1214.800048828125</ele>
        <time>2025-08-07T06:04:02.000Z</time>
        <extensions>
          <ns3:TrackPointExtension>
            <ns3:atemp>29.0</ns3:atemp>
          </ns3:TrackPointExtension>
        </extensions>
      </trkpt>
      <trkpt lat="46.14511155523359775543212890625" lon="91.19677023030817508697509765625">
        <ele>1214.5999755859375</ele>
        <time>2025-08-07T06:04:03.000Z</time>
        <extensions>
          <ns3:TrackPointExtension>
            <ns3:atemp>29.0</ns3:atemp>
          </ns3:TrackPointExtension>
        </extensions>
      </trkpt>
      <trkpt lat="46.14495657384395599365234375" lon="91.1975203268229961395263671875">
        <ele>1214.800048828125</ele>
        <time>2025-08-07T06:04:10.000Z</time>
        <extensions>
          <ns3:TrackPointExtension>
            <ns3:atemp>29.0</ns3:atemp>
          </ns3:TrackPointExtension>
        </extensions>
      </trkpt>
      <trkpt lat="46.14489488303661346435546875" lon="91.19784194044768810272216796875">
        <ele>1215.199951171875</ele>
        <time>2025-08-07T06:04:13.000Z</time>
        <extensions>
          <ns3:TrackPointExtension>
            <ns3:atemp>29.0</ns3:atemp>
          </ns3:TrackPointExtension>
        </extensions>
      </trkpt>
      <trkpt lat="46.14474241621792316436767578125" lon="91.198688261210918426513671875">
        <ele>1214.199951171875</ele>
        <time>2025-08-07T06:04:21.000Z</time>
        <extensions>
          <ns3:TrackPointExtension>
            <ns3:atemp>29.0</ns3:atemp>
          </ns3:TrackPointExtension>
        </extensions>
      </trkpt>
      <trkpt lat="46.14470117725431919097900390625" lon="91.1989004909992218017578125">
        <ele>1214</ele>
        <time>2025-08-07T06:04:23.000Z</time>
        <extensions>
          <ns3:TrackPointExtension>
            <ns3:atemp>29.0</ns3:atemp>
          </ns3:TrackPointExtension>
        </extensions>
      </trkpt>
      <trkpt lat="46.1446796357631683349609375" lon="91.19900886900722980499267578125">
        <ele>1213.800048828125</ele>
        <time>2025-08-07T06:04:24.000Z</time>
        <extensions>
          <ns3:TrackPointExtension>
            <ns3:atemp>29.0</ns3:atemp>
          </ns3:TrackPointExtension>
        </extensions>
      </trkpt>
      <trkpt lat="46.14451644010841846466064453125" lon="91.1998390965163707733154296875">
        <ele>1213.800048828125</ele>
        <time>2025-08-07T06:04:32.000Z</time>
        <extensions>
          <ns3:TrackPointExtension>
            <ns3:atemp>29.0</ns3:atemp>
          </ns3:TrackPointExtension>
        </extensions>
      </trkpt>
      <trkpt lat="46.14445072598755359649658203125" lon="91.20014847256243228912353515625">
        <ele>1213.800048828125</ele>
        <time>2025-08-07T06:04:35.000Z</time>
        <extensions>
          <ns3:TrackPointExtension>
            <ns3:atemp>29.0</ns3:atemp>
          </ns3:TrackPointExtension>
        </extensions>
      </trkpt>
      <trkpt lat="46.1443009413778781890869140625" lon="91.2009364552795886993408203125">
        <ele>1213.800048828125</ele>
        <time>2025-08-07T06:04:43.000Z</time>
        <extensions>
          <ns3:TrackPointExtension>
            <ns3:atemp>29.0</ns3:atemp>
          </ns3:TrackPointExtension>
        </extensions>
      </trkpt>
      <trkpt lat="46.14428065717220306396484375" lon="91.2010353617370128631591796875">
        <ele>1214</ele>
        <time>2025-08-07T06:04:44.000Z</time>
        <extensions>
          <ns3:TrackPointExtension>
            <ns3:atemp>29.0</ns3:atemp>
          </ns3:TrackPointExtension>
        </extensions>
      </trkpt>
      <trkpt lat="46.14411159418523311614990234375" lon="91.2018748931586742401123046875">
        <ele>1214.4000244140625</ele>
        <time>2025-08-07T06:04:53.000Z</time>
        <extensions>
          <ns3:TrackPointExtension>
            <ns3:atemp>29.0</ns3:atemp>
          </ns3:TrackPointExtension>
        </extensions>
      </trkpt>
      <trkpt lat="46.1440940760076045989990234375" lon="91.20196935720741748809814453125">
        <ele>1214.4000244140625</ele>
        <time>2025-08-07T06:04:54.000Z</time>
        <extensions>
          <ns3:TrackPointExtension>
            <ns3:atemp>29.0</ns3:atemp>
          </ns3:TrackPointExtension>
        </extensions>
      </trkpt>
      <trkpt lat="46.14394932053983211517333984375" lon="91.20273529551923274993896484375">
        <ele>1214</ele>
        <time>2025-08-07T06:05:02.000Z</time>
        <extensions>
          <ns3:TrackPointExtension>
            <ns3:atemp>29.0</ns3:atemp>
          </ns3:TrackPointExtension>
        </extensions>
      </trkpt>
      <trkpt lat="46.143928281962871551513671875" lon="91.2028299272060394287109375">
        <ele>1214</ele>
        <time>2025-08-07T06:05:03.000Z</time>
        <extensions>
          <ns3:TrackPointExtension>
            <ns3:atemp>29.0</ns3:atemp>
          </ns3:TrackPointExtension>
        </extensions>
      </trkpt>
      <trkpt lat="46.14377883262932300567626953125" lon="91.2035884894430637359619140625">
        <ele>1213.4000244140625</ele>
        <time>2025-08-07T06:05:11.000Z</time>
        <extensions>
          <ns3:TrackPointExtension>
            <ns3:atemp>29.0</ns3:atemp>
          </ns3:TrackPointExtension>
        </extensions>
      </trkpt>
      <trkpt lat="46.1437313072383403778076171875" lon="91.20385947637259960174560546875">
        <ele>1213.4000244140625</ele>
        <time>2025-08-07T06:05:14.000Z</time>
        <extensions>
          <ns3:TrackPointExtension>
            <ns3:atemp>29.0</ns3:atemp>
          </ns3:TrackPointExtension>
        </extensions>
      </trkpt>
      <trkpt lat="46.1435847915709018707275390625" lon="91.2045644782483577728271484375">
        <ele>1214.199951171875</ele>
        <time>2025-08-07T06:05:22.000Z</time>
        <extensions>
          <ns3:TrackPointExtension>
            <ns3:atemp>29.0</ns3:atemp>
          </ns3:TrackPointExtension>
        </extensions>
      </trkpt>
      <trkpt lat="46.14343349821865558624267578125" lon="91.20537593029439449310302734375">
        <ele>1214</ele>
        <time>2025-08-07T06:05:31.000Z</time>
        <extensions>
          <ns3:TrackPointExtension>
            <ns3:atemp>29.0</ns3:atemp>
          </ns3:TrackPointExtension>
        </extensions>
      </trkpt>
      <trkpt lat="46.1434037424623966217041015625" lon="91.20554977096617221832275390625">
        <ele>1214.4000244140625</ele>
        <time>2025-08-07T06:05:33.000Z</time>
        <extensions>
          <ns3:TrackPointExtension>
            <ns3:atemp>29.0</ns3:atemp>
          </ns3:TrackPointExtension>
        </extensions>
      </trkpt>
      <trkpt lat="46.14330165088176727294921875" lon="91.206070370972156524658203125">
        <ele>1215</ele>
        <time>2025-08-07T06:05:39.000Z</time>
        <extensions>
          <ns3:TrackPointExtension>
            <ns3:atemp>29.0</ns3:atemp>
          </ns3:TrackPointExtension>
        </extensions>
      </trkpt>
      <trkpt lat="46.14321825094521045684814453125" lon="91.2065097503364086151123046875">
        <ele>1215.4000244140625</ele>
        <time>2025-08-07T06:05:44.000Z</time>
        <extensions>
          <ns3:TrackPointExtension>
            <ns3:atemp>29.0</ns3:atemp>
          </ns3:TrackPointExtension>
        </extensions>
      </trkpt>
      <trkpt lat="46.14306486211717128753662109375" lon="91.207308210432529449462890625">
        <ele>1215.5999755859375</ele>
        <time>2025-08-07T06:05:54.000Z</time>
        <extensions>
          <ns3:TrackPointExtension>
            <ns3:atemp>29.0</ns3:atemp>
          </ns3:TrackPointExtension>
        </extensions>
      </trkpt>
      <trkpt lat="46.14304776303470134735107421875" lon="91.20738926343619823455810546875">
        <ele>1215.5999755859375</ele>
        <time>2025-08-07T06:05:55.000Z</time>
        <extensions>
          <ns3:TrackPointExtension>
            <ns3:atemp>29.0</ns3:atemp>
          </ns3:TrackPointExtension>
        </extensions>
      </trkpt>
      <trkpt lat="46.14290107972919940948486328125" lon="91.20814447291195392608642578125">
        <ele>1215.5999755859375</ele>
        <time>2025-08-07T06:06:04.000Z</time>
        <extensions>
          <ns3:TrackPointExtension>
            <ns3:atemp>29.0</ns3:atemp>
          </ns3:TrackPointExtension>
        </extensions>
      </trkpt>
      <trkpt lat="46.14288498647511005401611328125" lon="91.20822795666754245758056640625">
        <ele>1215.800048828125</ele>
        <time>2025-08-07T06:06:05.000Z</time>
        <extensions>
          <ns3:TrackPointExtension>
            <ns3:atemp>29.0</ns3:atemp>
          </ns3:TrackPointExtension>
        </extensions>
      </trkpt>
      <trkpt lat="46.142734028398990631103515625" lon="91.20899775065481662750244140625">
        <ele>1215.800048828125</ele>
        <time>2025-08-07T06:06:14.000Z</time>
        <extensions>
          <ns3:TrackPointExtension>
            <ns3:atemp>29.0</ns3:atemp>
          </ns3:TrackPointExtension>
        </extensions>
      </trkpt>
      <trkpt lat="46.14271785132586956024169921875" lon="91.209078133106231689453125">
        <ele>1215.800048828125</ele>
        <time>2025-08-07T06:06:15.000Z</time>
        <extensions>
          <ns3:TrackPointExtension>
            <ns3:atemp>29.0</ns3:atemp>
          </ns3:TrackPointExtension>
        </extensions>
      </trkpt>
      <trkpt lat="46.14266018383204936981201171875" lon="91.2093880958855152130126953125">
        <ele>1216</ele>
        <time>2025-08-07T06:06:19.000Z</time>
        <extensions>
          <ns3:TrackPointExtension>
            <ns3:atemp>29.0</ns3:atemp>
          </ns3:TrackPointExtension>
        </extensions>
      </trkpt>
      <trkpt lat="46.14258307032287120819091796875" lon="91.2097491882741451263427734375">
        <ele>1216</ele>
        <time>2025-08-07T06:06:24.000Z</time>
        <extensions>
          <ns3:TrackPointExtension>
            <ns3:atemp>29.0</ns3:atemp>
          </ns3:TrackPointExtension>
        </extensions>
      </trkpt>
      <trkpt lat="46.14243286661803722381591796875" lon="91.21036031283438205718994140625">
        <ele>1215.800048828125</ele>
        <time>2025-08-07T06:06:32.000Z</time>
        <extensions>
          <ns3:TrackPointExtension>
            <ns3:atemp>29.0</ns3:atemp>
          </ns3:TrackPointExtension>
        </extensions>
      </trkpt>
      <trkpt lat="46.14227059297263622283935546875" lon="91.21094964444637298583984375">
        <ele>1216.5999755859375</ele>
        <time>2025-08-07T06:06:39.000Z</time>
        <extensions>
          <ns3:TrackPointExtension>
            <ns3:atemp>29.0</ns3:atemp>
          </ns3:TrackPointExtension>
        </extensions>
      </trkpt>
      <trkpt lat="46.14205601625144481658935546875" lon="91.21168230660259723663330078125">
        <ele>1216.199951171875</ele>
        <time>2025-08-07T06:06:48.000Z</time>
        <extensions>
          <ns3:TrackPointExtension>
            <ns3:atemp>29.0</ns3:atemp>
          </ns3:TrackPointExtension>
        </extensions>
      </trkpt>
      <trkpt lat="46.142031289637088775634765625" lon="91.2117665447294712066650390625">
        <ele>1216.199951171875</ele>
        <time>2025-08-07T06:06:49.000Z</time>
        <extensions>
          <ns3:TrackPointExtension>
            <ns3:atemp>29.0</ns3:atemp>
          </ns3:TrackPointExtension>
        </extensions>
      </trkpt>
      <trkpt lat="46.14179366268217563629150390625" lon="91.212528459727764129638671875">
        <ele>1216.199951171875</ele>
        <time>2025-08-07T06:06:58.000Z</time>
        <extensions>
          <ns3:TrackPointExtension>
            <ns3:atemp>29.0</ns3:atemp>
          </ns3:TrackPointExtension>
        </extensions>
      </trkpt>
      <trkpt lat="46.14154052920639514923095703125" lon="91.213300265371799468994140625">
        <ele>1216.199951171875</ele>
        <time>2025-08-07T06:07:07.000Z</time>
        <extensions>
          <ns3:TrackPointExtension>
            <ns3:atemp>29.0</ns3:atemp>
          </ns3:TrackPointExtension>
        </extensions>
      </trkpt>
      <trkpt lat="46.14129602909088134765625" lon="91.21403108350932598114013671875">
        <ele>1215.4000244140625</ele>
        <time>2025-08-07T06:07:16.000Z</time>
        <extensions>
          <ns3:TrackPointExtension>
            <ns3:atemp>29.0</ns3:atemp>
          </ns3:TrackPointExtension>
        </extensions>
      </trkpt>
      <trkpt lat="46.141060329973697662353515625" lon="91.2147401086986064910888671875">
        <ele>1215.800048828125</ele>
        <time>2025-08-07T06:07:24.000Z</time>
        <extensions>
          <ns3:TrackPointExtension>
            <ns3:atemp>29.0</ns3:atemp>
          </ns3:TrackPointExtension>
        </extensions>
      </trkpt>
      <trkpt lat="46.14103107713162899017333984375" lon="91.214828453958034515380859375">
        <ele>1215.800048828125</ele>
        <time>2025-08-07T06:07:25.000Z</time>
        <extensions>
          <ns3:TrackPointExtension>
            <ns3:atemp>29.0</ns3:atemp>
          </ns3:TrackPointExtension>
        </extensions>
      </trkpt>
      <trkpt lat="46.14076319150626659393310546875" lon="91.215604953467845916748046875">
        <ele>1215.800048828125</ele>
        <time>2025-08-07T06:07:34.000Z</time>
        <extensions>
          <ns3:TrackPointExtension>
            <ns3:atemp>29.0</ns3:atemp>
          </ns3:TrackPointExtension>
        </extensions>
      </trkpt>
      <trkpt lat="46.1407044343650341033935546875" lon="91.21578072197735309600830078125">
        <ele>1215.800048828125</ele>
        <time>2025-08-07T06:07:36.000Z</time>
        <extensions>
          <ns3:TrackPointExtension>
            <ns3:atemp>29.0</ns3:atemp>
          </ns3:TrackPointExtension>
        </extensions>
      </trkpt>
      <trkpt lat="46.140450797975063323974609375" lon="91.21652017347514629364013671875">
        <ele>1215.4000244140625</ele>
        <time>2025-08-07T06:07:44.000Z</time>
        <extensions>
          <ns3:TrackPointExtension>
            <ns3:atemp>29.0</ns3:atemp>
          </ns3:TrackPointExtension>
        </extensions>
      </trkpt>
      <trkpt lat="46.14038667641580104827880859375" lon="91.216703318059444427490234375">
        <ele>1215.5999755859375</ele>
        <time>2025-08-07T06:07:46.000Z</time>
        <extensions>
          <ns3:TrackPointExtension>
            <ns3:atemp>29.0</ns3:atemp>
          </ns3:TrackPointExtension>
        </extensions>
      </trkpt>
      <trkpt lat="46.14014779217541217803955078125" lon="91.21740840375423431396484375">
        <ele>1215.800048828125</ele>
        <time>2025-08-07T06:07:54.000Z</time>
        <extensions>
          <ns3:TrackPointExtension>
            <ns3:atemp>29.0</ns3:atemp>
          </ns3:TrackPointExtension>
        </extensions>
      </trkpt>
      <trkpt lat="46.14002206362783908843994140625" lon="91.2177743576467037200927734375">
        <ele>1216</ele>
        <time>2025-08-07T06:07:58.000Z</time>
        <extensions>
          <ns3:TrackPointExtension>
            <ns3:atemp>29.0</ns3:atemp>
          </ns3:TrackPointExtension>
        </extensions>
      </trkpt>
      <trkpt lat="46.139775216579437255859375" lon="91.2185260467231273651123046875">
        <ele>1216</ele>
        <time>2025-08-07T06:08:06.000Z</time>
        <extensions>
          <ns3:TrackPointExtension>
            <ns3:atemp>29.0</ns3:atemp>
          </ns3:TrackPointExtension>
        </extensions>
      </trkpt>
      <trkpt lat="46.1397435329854488372802734375" lon="91.2186205945909023284912109375">
        <ele>1216</ele>
        <time>2025-08-07T06:08:07.000Z</time>
        <extensions>
          <ns3:TrackPointExtension>
            <ns3:atemp>29.0</ns3:atemp>
          </ns3:TrackPointExtension>
        </extensions>
      </trkpt>
      <trkpt lat="46.13948159851133823394775390625" lon="91.21936214156448841094970703125">
        <ele>1216.4000244140625</ele>
        <time>2025-08-07T06:08:15.000Z</time>
        <extensions>
          <ns3:TrackPointExtension>
            <ns3:atemp>29.0</ns3:atemp>
          </ns3:TrackPointExtension>
        </extensions>
      </trkpt>
      <trkpt lat="46.13934363238513469696044921875" lon="91.2197997607290744781494140625">
        <ele>1216.5999755859375</ele>
        <time>2025-08-07T06:08:20.000Z</time>
        <extensions>
          <ns3:TrackPointExtension>
            <ns3:atemp>29.0</ns3:atemp>
          </ns3:TrackPointExtension>
        </extensions>
      </trkpt>
      <trkpt lat="46.13907306455075740814208984375" lon="91.220575757324695587158203125">
        <ele>1217</ele>
        <time>2025-08-07T06:08:29.000Z</time>
        <extensions>
          <ns3:TrackPointExtension>
            <ns3:atemp>29.0</ns3:atemp>
          </ns3:TrackPointExtension>
        </extensions>
      </trkpt>
      <trkpt lat="46.138982288539409637451171875" lon="91.22083467431366443634033203125">
        <ele>1217.4000244140625</ele>
        <time>2025-08-07T06:08:32.000Z</time>
        <extensions>
          <ns3:TrackPointExtension>
            <ns3:atemp>29.0</ns3:atemp>
          </ns3:TrackPointExtension>
        </extensions>
      </trkpt>
      <trkpt lat="46.13872420974075794219970703125" lon="91.22161335311830043792724609375">
        <ele>1217</ele>
        <time>2025-08-07T06:08:41.000Z</time>
        <extensions>
          <ns3:TrackPointExtension>
            <ns3:atemp>29.0</ns3:atemp>
          </ns3:TrackPointExtension>
        </extensions>
      </trkpt>
      <trkpt lat="46.13869487307965755462646484375" lon="91.22169583104550838470458984375">
        <ele>1217</ele>
        <time>2025-08-07T06:08:42.000Z</time>
        <extensions>
          <ns3:TrackPointExtension>
            <ns3:atemp>29.0</ns3:atemp>
          </ns3:TrackPointExtension>
        </extensions>
      </trkpt>
      <trkpt lat="46.13844358362257480621337890625" lon="91.222444586455821990966796875">
        <ele>1217</ele>
        <time>2025-08-07T06:08:51.000Z</time>
        <extensions>
          <ns3:TrackPointExtension>
            <ns3:atemp>29.0</ns3:atemp>
          </ns3:TrackPointExtension>
        </extensions>
      </trkpt>
      <trkpt lat="46.1382128298282623291015625" lon="91.2230552919209003448486328125">
        <ele>1217.4000244140625</ele>
        <time>2025-08-07T06:08:58.000Z</time>
        <extensions>
          <ns3:TrackPointExtension>
            <ns3:atemp>29.0</ns3:atemp>
          </ns3:TrackPointExtension>
        </extensions>
      </trkpt>
      <trkpt lat="46.13796883262693881988525390625" lon="91.22377085499465465545654296875">
        <ele>1217.4000244140625</ele>
        <time>2025-08-07T06:09:06.000Z</time>
        <extensions>
          <ns3:TrackPointExtension>
            <ns3:atemp>29.0</ns3:atemp>
          </ns3:TrackPointExtension>
        </extensions>
      </trkpt>
      <trkpt lat="46.13788082264363765716552734375" lon="91.22403387911617755889892578125">
        <ele>1217.5999755859375</ele>
        <time>2025-08-07T06:09:09.000Z</time>
        <extensions>
          <ns3:TrackPointExtension>
            <ns3:atemp>29.0</ns3:atemp>
          </ns3:TrackPointExtension>
        </extensions>
      </trkpt>
      <trkpt lat="46.13764612935483455657958984375" lon="91.22473779134452342987060546875">
        <ele>1217.5999755859375</ele>
        <time>2025-08-07T06:09:17.000Z</time>
        <extensions>
          <ns3:TrackPointExtension>
            <ns3:atemp>29.0</ns3:atemp>
          </ns3:TrackPointExtension>
        </extensions>
      </trkpt>
      <trkpt lat="46.13758930005133152008056640625" lon="91.22491498477756977081298828125">
        <ele>1217.5999755859375</ele>
        <time>2025-08-07T06:09:19.000Z</time>
        <extensions>
          <ns3:TrackPointExtension>
            <ns3:atemp>29.0</ns3:atemp>
          </ns3:TrackPointExtension>
        </extensions>
      </trkpt>
      <trkpt lat="46.137351505458354949951171875" lon="91.225631721317768096923828125">
        <ele>1218</ele>
        <time>2025-08-07T06:09:28.000Z</time>
        <extensions>
          <ns3:TrackPointExtension>
            <ns3:atemp>29.0</ns3:atemp>
          </ns3:TrackPointExtension>
        </extensions>
      </trkpt>
      <trkpt lat="46.13729861564934253692626953125" lon="91.2257815897464752197265625">
        <ele>1218.4000244140625</ele>
        <time>2025-08-07T06:09:30.000Z</time>
        <extensions>
          <ns3:TrackPointExtension>
            <ns3:atemp>29.0</ns3:atemp>
          </ns3:TrackPointExtension>
        </extensions>
      </trkpt>
      <trkpt lat="46.1370539478957653045654296875" lon="91.22648902237415313720703125">
        <ele>1218.199951171875</ele>
        <time>2025-08-07T06:09:39.000Z</time>
        <extensions>
          <ns3:TrackPointExtension>
            <ns3:atemp>29.0</ns3:atemp>
          </ns3:TrackPointExtension>
        </extensions>
      </trkpt>
      <trkpt lat="46.13681045360863208770751953125" lon="91.22720793820917606353759765625">
        <ele>1218</ele>
        <time>2025-08-07T06:09:48.000Z</time>
        <extensions>
          <ns3:TrackPointExtension>
            <ns3:atemp>29.0</ns3:atemp>
          </ns3:TrackPointExtension>
        </extensions>
      </trkpt>
      <trkpt lat="46.13657089881598949432373046875" lon="91.22792693786323070526123046875">
        <ele>1217.800048828125</ele>
        <time>2025-08-07T06:09:57.000Z</time>
        <extensions>
          <ns3:TrackPointExtension>
            <ns3:atemp>29.0</ns3:atemp>
          </ns3:TrackPointExtension>
        </extensions>
      </trkpt>
      <trkpt lat="46.136518679559230804443359375" lon="91.228073872625827789306640625">
        <ele>1217.800048828125</ele>
        <time>2025-08-07T06:09:59.000Z</time>
        <extensions>
          <ns3:TrackPointExtension>
            <ns3:atemp>29.0</ns3:atemp>
          </ns3:TrackPointExtension>
        </extensions>
      </trkpt>
      <trkpt lat="46.13631181418895721435546875" lon="91.22871031053364276885986328125">
        <ele>1217.800048828125</ele>
        <time>2025-08-07T06:10:08.000Z</time>
        <extensions>
          <ns3:TrackPointExtension>
            <ns3:atemp>29.0</ns3:atemp>
          </ns3:TrackPointExtension>
        </extensions>
      </trkpt>
      <trkpt lat="46.13615222275257110595703125" lon="91.229174919426441192626953125">
        <ele>1217.5999755859375</ele>
        <time>2025-08-07T06:10:15.000Z</time>
        <extensions>
          <ns3:TrackPointExtension>
            <ns3:atemp>29.0</ns3:atemp>
          </ns3:TrackPointExtension>
        </extensions>
      </trkpt>
      <trkpt lat="46.13595952279865741729736328125" lon="91.22969157993793487548828125">
        <ele>1217.800048828125</ele>
        <time>2025-08-07T06:10:22.000Z</time>
        <extensions>
          <ns3:TrackPointExtension>
            <ns3:atemp>29.0</ns3:atemp>
          </ns3:TrackPointExtension>
        </extensions>
      </trkpt>
      <trkpt lat="46.13575651310384273529052734375" lon="91.23030706308782100677490234375">
        <ele>1217.199951171875</ele>
        <time>2025-08-07T06:10:29.000Z</time>
        <extensions>
          <ns3:TrackPointExtension>
            <ns3:atemp>29.0</ns3:atemp>
          </ns3:TrackPointExtension>
        </extensions>
      </trkpt>
      <trkpt lat="46.13556213676929473876953125" lon="91.23081651516258716583251953125">
        <ele>1217.199951171875</ele>
        <time>2025-08-07T06:10:35.000Z</time>
        <extensions>
          <ns3:TrackPointExtension>
            <ns3:atemp>29.0</ns3:atemp>
          </ns3:TrackPointExtension>
        </extensions>
      </trkpt>
      <trkpt lat="46.1353428661823272705078125" lon="91.23138883151113986968994140625">
        <ele>1217</ele>
        <time>2025-08-07T06:10:42.000Z</time>
        <extensions>
          <ns3:TrackPointExtension>
            <ns3:atemp>29.0</ns3:atemp>
          </ns3:TrackPointExtension>
        </extensions>
      </trkpt>
      <trkpt lat="46.135077662765979766845703125" lon="91.23206793330609798431396484375">
        <ele>1216.4000244140625</ele>
        <time>2025-08-07T06:10:50.000Z</time>
        <extensions>
          <ns3:TrackPointExtension>
            <ns3:atemp>29.0</ns3:atemp>
          </ns3:TrackPointExtension>
        </extensions>
      </trkpt>
      <trkpt lat="46.13495905883610248565673828125" lon="91.232333891093730926513671875">
        <ele>1216</ele>
        <time>2025-08-07T06:10:53.000Z</time>
        <extensions>
          <ns3:TrackPointExtension>
            <ns3:atemp>29.0</ns3:atemp>
          </ns3:TrackPointExtension>
        </extensions>
      </trkpt>
      <trkpt lat="46.1347650177776813507080078125" lon="91.23281979002058506011962890625">
        <ele>1215</ele>
        <time>2025-08-07T06:10:58.000Z</time>
        <extensions>
          <ns3:TrackPointExtension>
            <ns3:atemp>29.0</ns3:atemp>
          </ns3:TrackPointExtension>
        </extensions>
      </trkpt>
      <trkpt lat="46.13464021123945713043212890625" lon="91.2331538088619709014892578125">
        <ele>1213.800048828125</ele>
        <time>2025-08-07T06:11:01.000Z</time>
        <extensions>
          <ns3:TrackPointExtension>
            <ns3:atemp>29.0</ns3:atemp>
          </ns3:TrackPointExtension>
        </extensions>
      </trkpt>
      <trkpt lat="46.13446184433996677398681640625" lon="91.23362747021019458770751953125">
        <ele>1212.5999755859375</ele>
        <time>2025-08-07T06:11:05.000Z</time>
        <extensions>
          <ns3:TrackPointExtension>
            <ns3:atemp>29.0</ns3:atemp>
          </ns3:TrackPointExtension>
        </extensions>
      </trkpt>
      <trkpt lat="46.134315915405750274658203125" lon="91.2339856289327144622802734375">
        <ele>1211.4000244140625</ele>
        <time>2025-08-07T06:11:08.000Z</time>
        <extensions>
          <ns3:TrackPointExtension>
            <ns3:atemp>29.0</ns3:atemp>
          </ns3:TrackPointExtension>
        </extensions>
      </trkpt>
      <trkpt lat="46.1341551505029201507568359375" lon="91.2343654967844486236572265625">
        <ele>1210.5999755859375</ele>
        <time>2025-08-07T06:11:11.000Z</time>
        <extensions>
          <ns3:TrackPointExtension>
            <ns3:atemp>29.0</ns3:atemp>
          </ns3:TrackPointExtension>
        </extensions>
      </trkpt>
      <trkpt lat="46.1341045238077640533447265625" lon="91.234495081007480621337890625">
        <ele>1210.199951171875</ele>
        <time>2025-08-07T06:11:12.000Z</time>
        <extensions>
          <ns3:TrackPointExtension>
            <ns3:atemp>29.0</ns3:atemp>
          </ns3:TrackPointExtension>
        </extensions>
      </trkpt>
      <trkpt lat="46.13380621187388896942138671875" lon="91.2352345325052738189697265625">
        <ele>1209.5999755859375</ele>
        <time>2025-08-07T06:11:18.000Z</time>
        <extensions>
          <ns3:TrackPointExtension>
            <ns3:atemp>29.0</ns3:atemp>
          </ns3:TrackPointExtension>
        </extensions>
      </trkpt>
      <trkpt lat="46.1337192915380001068115234375" lon="91.2354725785553455352783203125">
        <ele>1209.199951171875</ele>
        <time>2025-08-07T06:11:20.000Z</time>
        <extensions>
          <ns3:TrackPointExtension>
            <ns3:atemp>29.0</ns3:atemp>
          </ns3:TrackPointExtension>
        </extensions>
      </trkpt>
      <trkpt lat="46.1335529945790767669677734375" lon="91.23592243529856204986572265625">
        <ele>1208.5999755859375</ele>
        <time>2025-08-07T06:11:24.000Z</time>
        <extensions>
          <ns3:TrackPointExtension>
            <ns3:atemp>29.0</ns3:atemp>
          </ns3:TrackPointExtension>
        </extensions>
      </trkpt>
      <trkpt lat="46.1333132721483707427978515625" lon="91.23651989735662937164306640625">
        <ele>1209.199951171875</ele>
        <time>2025-08-07T06:11:30.000Z</time>
        <extensions>
          <ns3:TrackPointExtension>
            <ns3:atemp>29.0</ns3:atemp>
          </ns3:TrackPointExtension>
        </extensions>
      </trkpt>
      <trkpt lat="46.133131720125675201416015625" lon="91.236997582018375396728515625">
        <ele>1209.4000244140625</ele>
        <time>2025-08-07T06:11:36.000Z</time>
        <extensions>
          <ns3:TrackPointExtension>
            <ns3:atemp>29.0</ns3:atemp>
          </ns3:TrackPointExtension>
        </extensions>
      </trkpt>
      <trkpt lat="46.13302485086023807525634765625" lon="91.23726923950016498565673828125">
        <ele>1210.199951171875</ele>
        <time>2025-08-07T06:11:40.000Z</time>
        <extensions>
          <ns3:TrackPointExtension>
            <ns3:atemp>29.0</ns3:atemp>
          </ns3:TrackPointExtension>
        </extensions>
      </trkpt>
      <trkpt lat="46.13292208872735500335693359375" lon="91.2375187687575817108154296875">
        <ele>1210.5999755859375</ele>
        <time>2025-08-07T06:11:44.000Z</time>
        <extensions>
          <ns3:TrackPointExtension>
            <ns3:atemp>29.0</ns3:atemp>
          </ns3:TrackPointExtension>
        </extensions>
      </trkpt>
      <trkpt lat="46.13278806209564208984375" lon="91.23783300630748271942138671875">
        <ele>1211.199951171875</ele>
        <time>2025-08-07T06:11:50.000Z</time>
        <extensions>
          <ns3:TrackPointExtension>
            <ns3:atemp>29.0</ns3:atemp>
          </ns3:TrackPointExtension>
        </extensions>
      </trkpt>
      <trkpt lat="46.132656298577785491943359375" lon="91.2381403706967830657958984375">
        <ele>1212.199951171875</ele>
        <time>2025-08-07T06:11:56.000Z</time>
        <extensions>
          <ns3:TrackPointExtension>
            <ns3:atemp>29.0</ns3:atemp>
          </ns3:TrackPointExtension>
        </extensions>
      </trkpt>
      <trkpt lat="46.13261514343321323394775390625" lon="91.23824405483901500701904296875">
        <ele>1212.4000244140625</ele>
        <time>2025-08-07T06:11:58.000Z</time>
        <extensions>
          <ns3:TrackPointExtension>
            <ns3:atemp>29.0</ns3:atemp>
          </ns3:TrackPointExtension>
        </extensions>
      </trkpt>
      <trkpt lat="46.1323949508368968963623046875" lon="91.23877814970910549163818359375">
        <ele>1212.4000244140625</ele>
        <time>2025-08-07T06:12:08.000Z</time>
        <extensions>
          <ns3:TrackPointExtension>
            <ns3:atemp>29.0</ns3:atemp>
          </ns3:TrackPointExtension>
        </extensions>
      </trkpt>
      <trkpt lat="46.13221482373774051666259765625" lon="91.23921233229339122772216796875">
        <ele>1213</ele>
        <time>2025-08-07T06:12:15.000Z</time>
        <extensions>
          <ns3:TrackPointExtension>
            <ns3:atemp>29.0</ns3:atemp>
          </ns3:TrackPointExtension>
        </extensions>
      </trkpt>
      <trkpt lat="46.13219386897981166839599609375" lon="91.23926681466400623321533203125">
        <ele>1212.5999755859375</ele>
        <time>2025-08-07T06:12:16.000Z</time>
        <extensions>
          <ns3:TrackPointExtension>
            <ns3:atemp>29.0</ns3:atemp>
          </ns3:TrackPointExtension>
        </extensions>
      </trkpt>
      <trkpt lat="46.131989769637584686279296875" lon="91.23978070914745330810546875">
        <ele>1212.199951171875</ele>
        <time>2025-08-07T06:12:23.000Z</time>
        <extensions>
          <ns3:TrackPointExtension>
            <ns3:atemp>29.0</ns3:atemp>
          </ns3:TrackPointExtension>
        </extensions>
      </trkpt>
      <trkpt lat="46.13177217543125152587890625" lon="91.2403223477303981781005859375">
        <ele>1211.800048828125</ele>
        <time>2025-08-07T06:12:30.000Z</time>
        <extensions>
          <ns3:TrackPointExtension>
            <ns3:atemp>29.0</ns3:atemp>
          </ns3:TrackPointExtension>
        </extensions>
      </trkpt>
      <trkpt lat="46.13166530616581439971923828125" lon="91.24059216119349002838134765625">
        <ele>1211.199951171875</ele>
        <time>2025-08-07T06:12:33.000Z</time>
        <extensions>
          <ns3:TrackPointExtension>
            <ns3:atemp>29.0</ns3:atemp>
          </ns3:TrackPointExtension>
        </extensions>
      </trkpt>
      <trkpt lat="46.1314675770699977874755859375" lon="91.24109960161149501800537109375">
        <ele>1210.800048828125</ele>
        <time>2025-08-07T06:12:39.000Z</time>
        <extensions>
          <ns3:TrackPointExtension>
            <ns3:atemp>29.0</ns3:atemp>
          </ns3:TrackPointExtension>
        </extensions>
      </trkpt>
      <trkpt lat="46.13119709305465221405029296875" lon="91.24179546721279621124267578125">
        <ele>1210.199951171875</ele>
        <time>2025-08-07T06:12:47.000Z</time>
        <extensions>
          <ns3:TrackPointExtension>
            <ns3:atemp>29.0</ns3:atemp>
          </ns3:TrackPointExtension>
        </extensions>
      </trkpt>
      <trkpt lat="46.13091210834681987762451171875" lon="91.2424889020621776580810546875">
        <ele>1209</ele>
        <time>2025-08-07T06:12:55.000Z</time>
        <extensions>
          <ns3:TrackPointExtension>
            <ns3:atemp>29.0</ns3:atemp>
          </ns3:TrackPointExtension>
        </extensions>
      </trkpt>
      <trkpt lat="46.1308379285037517547607421875" lon="91.24266634695231914520263671875">
        <ele>1208.5999755859375</ele>
        <time>2025-08-07T06:12:57.000Z</time>
        <extensions>
          <ns3:TrackPointExtension>
            <ns3:atemp>29.0</ns3:atemp>
          </ns3:TrackPointExtension>
        </extensions>
      </trkpt>
      <trkpt lat="46.1306387744843959808349609375" lon="91.243225671350955963134765625">
        <ele>1208</ele>
        <time>2025-08-07T06:13:03.000Z</time>
        <extensions>
          <ns3:TrackPointExtension>
            <ns3:atemp>29.0</ns3:atemp>
          </ns3:TrackPointExtension>
        </extensions>
      </trkpt>
      <trkpt lat="46.1305623315274715423583984375" lon="91.2434078939259052276611328125">
        <ele>1208</ele>
        <time>2025-08-07T06:13:05.000Z</time>
        <extensions>
          <ns3:TrackPointExtension>
            <ns3:atemp>29.0</ns3:atemp>
          </ns3:TrackPointExtension>
        </extensions>
      </trkpt>
      <trkpt lat="46.13026100210845470428466796875" lon="91.24415145255625247955322265625">
        <ele>1207.800048828125</ele>
        <time>2025-08-07T06:13:13.000Z</time>
        <extensions>
          <ns3:TrackPointExtension>
            <ns3:atemp>29.0</ns3:atemp>
          </ns3:TrackPointExtension>
        </extensions>
      </trkpt>
      <trkpt lat="46.13018296658992767333984375" lon="91.24433937482535839080810546875">
        <ele>1207.800048828125</ele>
        <time>2025-08-07T06:13:15.000Z</time>
        <extensions>
          <ns3:TrackPointExtension>
            <ns3:atemp>29.0</ns3:atemp>
          </ns3:TrackPointExtension>
        </extensions>
      </trkpt>
      <trkpt lat="46.12988314591348171234130859375" lon="91.245075725018978118896484375">
        <ele>1207.4000244140625</ele>
        <time>2025-08-07T06:13:23.000Z</time>
        <extensions>
          <ns3:TrackPointExtension>
            <ns3:atemp>29.0</ns3:atemp>
          </ns3:TrackPointExtension>
        </extensions>
      </trkpt>
      <trkpt lat="46.12984710372984409332275390625" lon="91.24517790041863918304443359375">
        <ele>1207.4000244140625</ele>
        <time>2025-08-07T06:13:24.000Z</time>
        <extensions>
          <ns3:TrackPointExtension>
            <ns3:atemp>29.0</ns3:atemp>
          </ns3:TrackPointExtension>
        </extensions>
      </trkpt>
      <trkpt lat="46.12965566106140613555908203125" lon="91.24563085846602916717529296875">
        <ele>1207</ele>
        <time>2025-08-07T06:13:29.000Z</time>
        <extensions>
          <ns3:TrackPointExtension>
            <ns3:atemp>29.0</ns3:atemp>
          </ns3:TrackPointExtension>
        </extensions>
      </trkpt>
      <trkpt lat="46.12958592362701892852783203125" lon="91.24581760726869106292724609375">
        <ele>1206.800048828125</ele>
        <time>2025-08-07T06:13:31.000Z</time>
        <extensions>
          <ns3:TrackPointExtension>
            <ns3:atemp>29.0</ns3:atemp>
          </ns3:TrackPointExtension>
        </extensions>
      </trkpt>
      <trkpt lat="46.12937964498996734619140625" lon="91.24640165828168392181396484375">
        <ele>1205.800048828125</ele>
        <time>2025-08-07T06:13:37.000Z</time>
        <extensions>
          <ns3:TrackPointExtension>
            <ns3:atemp>29.0</ns3:atemp>
          </ns3:TrackPointExtension>
        </extensions>
      </trkpt>
      <trkpt lat="46.12934268079698085784912109375" lon="91.2464981339871883392333984375">
        <ele>1205.800048828125</ele>
        <time>2025-08-07T06:13:38.000Z</time>
        <extensions>
          <ns3:TrackPointExtension>
            <ns3:atemp>29.0</ns3:atemp>
          </ns3:TrackPointExtension>
        </extensions>
      </trkpt>
      <trkpt lat="46.1290918104350566864013671875" lon="91.24722375534474849700927734375">
        <ele>1204.800048828125</ele>
        <time>2025-08-07T06:13:45.000Z</time>
        <extensions>
          <ns3:TrackPointExtension>
            <ns3:atemp>29.0</ns3:atemp>
          </ns3:TrackPointExtension>
        </extensions>
      </trkpt>
      <trkpt lat="46.1290586180984973907470703125" lon="91.247333474457263946533203125">
        <ele>1204.800048828125</ele>
        <time>2025-08-07T06:13:46.000Z</time>
        <extensions>
          <ns3:TrackPointExtension>
            <ns3:atemp>29.0</ns3:atemp>
          </ns3:TrackPointExtension>
        </extensions>
      </trkpt>
      <trkpt lat="46.1289379186928272247314453125" lon="91.2477835826575756072998046875">
        <ele>1203.5999755859375</ele>
        <time>2025-08-07T06:13:50.000Z</time>
        <extensions>
          <ns3:TrackPointExtension>
            <ns3:atemp>29.0</ns3:atemp>
          </ns3:TrackPointExtension>
        </extensions>
      </trkpt>
      <trkpt lat="46.1287840269505977630615234375" lon="91.24836872331798076629638671875">
        <ele>1202.800048828125</ele>
        <time>2025-08-07T06:13:55.000Z</time>
        <extensions>
          <ns3:TrackPointExtension>
            <ns3:atemp>29.0</ns3:atemp>
          </ns3:TrackPointExtension>
        </extensions>
      </trkpt>
      <trkpt lat="46.128749661147594451904296875" lon="91.24848657287657260894775390625">
        <ele>1202.5999755859375</ele>
        <time>2025-08-07T06:13:56.000Z</time>
        <extensions>
          <ns3:TrackPointExtension>
            <ns3:atemp>29.0</ns3:atemp>
          </ns3:TrackPointExtension>
        </extensions>
      </trkpt>
      <trkpt lat="46.12857674248516559600830078125" lon="91.2492158822715282440185546875">
        <ele>1201.800048828125</ele>
        <time>2025-08-07T06:14:02.000Z</time>
        <extensions>
          <ns3:TrackPointExtension>
            <ns3:atemp>29.0</ns3:atemp>
          </ns3:TrackPointExtension>
        </extensions>
      </trkpt>
      <trkpt lat="46.12852661870419979095458984375" lon="91.249468512833118438720703125">
        <ele>1201.199951171875</ele>
        <time>2025-08-07T06:14:04.000Z</time>
        <extensions>
          <ns3:TrackPointExtension>
            <ns3:atemp>29.0</ns3:atemp>
          </ns3:TrackPointExtension>
        </extensions>
      </trkpt>
      <trkpt lat="46.1284339986741542816162109375" lon="91.249981820583343505859375">
        <ele>1200.199951171875</ele>
        <time>2025-08-07T06:14:08.000Z</time>
        <extensions>
          <ns3:TrackPointExtension>
            <ns3:atemp>29.0</ns3:atemp>
          </ns3:TrackPointExtension>
        </extensions>
      </trkpt>
      <trkpt lat="46.12838563509285449981689453125" lon="91.2502401508390903472900390625">
        <ele>1200</ele>
        <time>2025-08-07T06:14:10.000Z</time>
        <extensions>
          <ns3:TrackPointExtension>
            <ns3:atemp>29.0</ns3:atemp>
          </ns3:TrackPointExtension>
        </extensions>
      </trkpt>
      <trkpt lat="46.12828505225479602813720703125" lon="91.25075907446444034576416015625">
        <ele>1199</ele>
        <time>2025-08-07T06:14:14.000Z</time>
        <extensions>
          <ns3:TrackPointExtension>
            <ns3:atemp>29.0</ns3:atemp>
          </ns3:TrackPointExtension>
        </extensions>
      </trkpt>
      <trkpt lat="46.1281570605933666229248046875" lon="91.251422502100467681884765625">
        <ele>1198</ele>
        <time>2025-08-07T06:14:19.000Z</time>
        <extensions>
          <ns3:TrackPointExtension>
            <ns3:atemp>29.0</ns3:atemp>
          </ns3:TrackPointExtension>
        </extensions>
      </trkpt>
      <trkpt lat="46.1281330883502960205078125" lon="91.25155552290380001068115234375">
        <ele>1197.800048828125</ele>
        <time>2025-08-07T06:14:20.000Z</time>
        <extensions>
          <ns3:TrackPointExtension>
            <ns3:atemp>29.0</ns3:atemp>
          </ns3:TrackPointExtension>
        </extensions>
      </trkpt>
      <trkpt lat="46.1279880814254283905029296875" lon="91.25236429274082183837890625">
        <ele>1196.4000244140625</ele>
        <time>2025-08-07T06:14:26.000Z</time>
        <extensions>
          <ns3:TrackPointExtension>
            <ns3:atemp>29.0</ns3:atemp>
          </ns3:TrackPointExtension>
        </extensions>
      </trkpt>
      <trkpt lat="46.1279227025806903839111328125" lon="91.25277324579656124114990234375">
        <ele>1195.199951171875</ele>
        <time>2025-08-07T06:14:29.000Z</time>
        <extensions>
          <ns3:TrackPointExtension>
            <ns3:atemp>29.0</ns3:atemp>
          </ns3:TrackPointExtension>
        </extensions>
      </trkpt>
      <trkpt lat="46.12776654772460460662841796875" lon="91.25360473059117794036865234375">
        <ele>1194.5999755859375</ele>
        <time>2025-08-07T06:14:35.000Z</time>
        <extensions>
          <ns3:TrackPointExtension>
            <ns3:atemp>29.0</ns3:atemp>
          </ns3:TrackPointExtension>
        </extensions>
      </trkpt>
      <trkpt lat="46.12771340645849704742431640625" lon="91.253880746662616729736328125">
        <ele>1194.199951171875</ele>
        <time>2025-08-07T06:14:37.000Z</time>
        <extensions>
          <ns3:TrackPointExtension>
            <ns3:atemp>29.0</ns3:atemp>
          </ns3:TrackPointExtension>
        </extensions>
      </trkpt>
      <trkpt lat="46.12768641673028469085693359375" lon="91.25402030535042285919189453125">
        <ele>1194</ele>
        <time>2025-08-07T06:14:38.000Z</time>
        <extensions>
          <ns3:TrackPointExtension>
            <ns3:atemp>29.0</ns3:atemp>
          </ns3:TrackPointExtension>
        </extensions>
      </trkpt>
      <trkpt lat="46.12761483527719974517822265625" lon="91.2544492073357105255126953125">
        <ele>1193</ele>
        <time>2025-08-07T06:14:41.000Z</time>
        <extensions>
          <ns3:TrackPointExtension>
            <ns3:atemp>29.0</ns3:atemp>
          </ns3:TrackPointExtension>
        </extensions>
      </trkpt>
      <trkpt lat="46.1274598538875579833984375" lon="91.2553065083920955657958984375">
        <ele>1192.199951171875</ele>
        <time>2025-08-07T06:14:47.000Z</time>
        <extensions>
          <ns3:TrackPointExtension>
            <ns3:atemp>29.0</ns3:atemp>
          </ns3:TrackPointExtension>
        </extensions>
      </trkpt>
      <trkpt lat="46.1274330317974090576171875" lon="91.25544992275536060333251953125">
        <ele>1192</ele>
        <time>2025-08-07T06:14:48.000Z</time>
        <extensions>
          <ns3:TrackPointExtension>
            <ns3:atemp>29.0</ns3:atemp>
          </ns3:TrackPointExtension>
        </extensions>
      </trkpt>
      <trkpt lat="46.127298586070537567138671875" lon="91.2561549246311187744140625">
        <ele>1190.800048828125</ele>
        <time>2025-08-07T06:14:53.000Z</time>
        <extensions>
          <ns3:TrackPointExtension>
            <ns3:atemp>29.0</ns3:atemp>
          </ns3:TrackPointExtension>
        </extensions>
      </trkpt>
      <trkpt lat="46.12722742371261119842529296875" lon="91.25658986158668994903564453125">
        <ele>1190.199951171875</ele>
        <time>2025-08-07T06:14:56.000Z</time>
        <extensions>
          <ns3:TrackPointExtension>
            <ns3:atemp>29.0</ns3:atemp>
          </ns3:TrackPointExtension>
        </extensions>
      </trkpt>
      <trkpt lat="46.1271465383470058441162109375" lon="91.25701532699167728424072265625">
        <ele>1189.4000244140625</ele>
        <time>2025-08-07T06:14:59.000Z</time>
        <extensions>
          <ns3:TrackPointExtension>
            <ns3:atemp>29.0</ns3:atemp>
          </ns3:TrackPointExtension>
        </extensions>
      </trkpt>
      <trkpt lat="46.12704436294734477996826171875" lon="91.25758898444473743438720703125">
        <ele>1188.199951171875</ele>
        <time>2025-08-07T06:15:03.000Z</time>
        <extensions>
          <ns3:TrackPointExtension>
            <ns3:atemp>29.0</ns3:atemp>
          </ns3:TrackPointExtension>
        </extensions>
      </trkpt>
      <trkpt lat="46.12697026692330837249755859375" lon="91.25802031718194484710693359375">
        <ele>1187.800048828125</ele>
        <time>2025-08-07T06:15:06.000Z</time>
        <extensions>
          <ns3:TrackPointExtension>
            <ns3:atemp>29.0</ns3:atemp>
          </ns3:TrackPointExtension>
        </extensions>
      </trkpt>
      <trkpt lat="46.12691410817205905914306640625" lon="91.25830764882266521453857421875">
        <ele>1187.199951171875</ele>
        <time>2025-08-07T06:15:08.000Z</time>
        <extensions>
          <ns3:TrackPointExtension>
            <ns3:atemp>29.0</ns3:atemp>
          </ns3:TrackPointExtension>
        </extensions>
      </trkpt>
      <trkpt lat="46.12680899910628795623779296875" lon="91.25889102928340435028076171875">
        <ele>1186</ele>
        <time>2025-08-07T06:15:12.000Z</time>
        <extensions>
          <ns3:TrackPointExtension>
            <ns3:atemp>29.0</ns3:atemp>
          </ns3:TrackPointExtension>
        </extensions>
      </trkpt>
      <trkpt lat="46.1266704462468624114990234375" lon="91.2596205063164234161376953125">
        <ele>1185.199951171875</ele>
        <time>2025-08-07T06:15:17.000Z</time>
        <extensions>
          <ns3:TrackPointExtension>
            <ns3:atemp>29.0</ns3:atemp>
          </ns3:TrackPointExtension>
        </extensions>
      </trkpt>
      <trkpt lat="46.1266426183283329010009765625" lon="91.25976509414613246917724609375">
        <ele>1185</ele>
        <time>2025-08-07T06:15:18.000Z</time>
        <extensions>
          <ns3:TrackPointExtension>
            <ns3:atemp>29.0</ns3:atemp>
          </ns3:TrackPointExtension>
        </extensions>
      </trkpt>
      <trkpt lat="46.1265886388719081878662109375" lon="91.2600556947290897369384765625">
        <ele>1184.5999755859375</ele>
        <time>2025-08-07T06:15:20.000Z</time>
        <extensions>
          <ns3:TrackPointExtension>
            <ns3:atemp>29.0</ns3:atemp>
          </ns3:TrackPointExtension>
        </extensions>
      </trkpt>
      <trkpt lat="46.12645545043051242828369140625" lon="91.26078818924725055694580078125">
        <ele>1184</ele>
        <time>2025-08-07T06:15:25.000Z</time>
        <extensions>
          <ns3:TrackPointExtension>
            <ns3:atemp>29.0</ns3:atemp>
          </ns3:TrackPointExtension>
        </extensions>
      </trkpt>
      <trkpt lat="46.12639912404119968414306640625" lon="91.26107878983020782470703125">
        <ele>1184</ele>
        <time>2025-08-07T06:15:27.000Z</time>
        <extensions>
          <ns3:TrackPointExtension>
            <ns3:atemp>29.0</ns3:atemp>
          </ns3:TrackPointExtension>
        </extensions>
      </trkpt>
      <trkpt lat="46.12622327171266078948974609375" lon="91.2619297206401824951171875">
        <ele>1182.800048828125</ele>
        <time>2025-08-07T06:15:33.000Z</time>
        <extensions>
          <ns3:TrackPointExtension>
            <ns3:atemp>29.0</ns3:atemp>
          </ns3:TrackPointExtension>
        </extensions>
      </trkpt>
      <trkpt lat="46.12614314071834087371826171875" lon="91.262346468865871429443359375">
        <ele>1182.199951171875</ele>
        <time>2025-08-07T06:15:36.000Z</time>
        <extensions>
          <ns3:TrackPointExtension>
            <ns3:atemp>29.0</ns3:atemp>
          </ns3:TrackPointExtension>
        </extensions>
      </trkpt>
      <trkpt lat="46.1260986328125" lon="91.26259515993297100067138671875">
        <ele>1181.5999755859375</ele>
        <time>2025-08-07T06:15:38.000Z</time>
        <extensions>
          <ns3:TrackPointExtension>
            <ns3:atemp>29.0</ns3:atemp>
          </ns3:TrackPointExtension>
        </extensions>
      </trkpt>
      <trkpt lat="46.1259395442903041839599609375" lon="91.2634439952671527862548828125">
        <ele>1180.4000244140625</ele>
        <time>2025-08-07T06:15:44.000Z</time>
        <extensions>
          <ns3:TrackPointExtension>
            <ns3:atemp>29.0</ns3:atemp>
          </ns3:TrackPointExtension>
        </extensions>
      </trkpt>
      <trkpt lat="46.12589185126125812530517578125" lon="91.26371833495795726776123046875">
        <ele>1180.199951171875</ele>
        <time>2025-08-07T06:15:46.000Z</time>
        <extensions>
          <ns3:TrackPointExtension>
            <ns3:atemp>29.0</ns3:atemp>
          </ns3:TrackPointExtension>
        </extensions>
      </trkpt>
      <trkpt lat="46.1257779411971569061279296875" lon="91.26440447755157947540283203125">
        <ele>1179.199951171875</ele>
        <time>2025-08-07T06:15:51.000Z</time>
        <extensions>
          <ns3:TrackPointExtension>
            <ns3:atemp>29.0</ns3:atemp>
          </ns3:TrackPointExtension>
        </extensions>
      </trkpt>
      <trkpt lat="46.1257018335163593292236328125" lon="91.26482910476624965667724609375">
        <ele>1178.4000244140625</ele>
        <time>2025-08-07T06:15:54.000Z</time>
        <extensions>
          <ns3:TrackPointExtension>
            <ns3:atemp>29.0</ns3:atemp>
          </ns3:TrackPointExtension>
        </extensions>
      </trkpt>
      <trkpt lat="46.125661432743072509765625" lon="91.2651116587221622467041015625">
        <ele>1178</ele>
        <time>2025-08-07T06:15:56.000Z</time>
        <extensions>
          <ns3:TrackPointExtension>
            <ns3:atemp>29.0</ns3:atemp>
          </ns3:TrackPointExtension>
        </extensions>
      </trkpt>
      <trkpt lat="46.12560468725860118865966796875" lon="91.2655284069478511810302734375">
        <ele>1177.5999755859375</ele>
        <time>2025-08-07T06:15:59.000Z</time>
        <extensions>
          <ns3:TrackPointExtension>
            <ns3:atemp>29.0</ns3:atemp>
          </ns3:TrackPointExtension>
        </extensions>
      </trkpt>
      <trkpt lat="46.12556579522788524627685546875" lon="91.2658070214092731475830078125">
        <ele>1177</ele>
        <time>2025-08-07T06:16:01.000Z</time>
        <extensions>
          <ns3:TrackPointExtension>
            <ns3:atemp>29.0</ns3:atemp>
          </ns3:TrackPointExtension>
        </extensions>
      </trkpt>
      <trkpt lat="46.12546822987496852874755859375" lon="91.26666340045630931854248046875">
        <ele>1175.800048828125</ele>
        <time>2025-08-07T06:16:07.000Z</time>
        <extensions>
          <ns3:TrackPointExtension>
            <ns3:atemp>29.0</ns3:atemp>
          </ns3:TrackPointExtension>
        </extensions>
      </trkpt>
      <trkpt lat="46.12539564259350299835205078125" lon="91.267401091754436492919921875">
        <ele>1174.5999755859375</ele>
        <time>2025-08-07T06:16:12.000Z</time>
        <extensions>
          <ns3:TrackPointExtension>
            <ns3:atemp>29.0</ns3:atemp>
          </ns3:TrackPointExtension>
        </extensions>
      </trkpt>
      <trkpt lat="46.12529824487864971160888671875" lon="91.26829233951866626739501953125">
        <ele>1173.800048828125</ele>
        <time>2025-08-07T06:16:18.000Z</time>
        <extensions>
          <ns3:TrackPointExtension>
            <ns3:atemp>29.0</ns3:atemp>
          </ns3:TrackPointExtension>
        </extensions>
      </trkpt>
      <trkpt lat="46.12527980469167232513427734375" lon="91.26844254322350025177001953125">
        <ele>1173.5999755859375</ele>
        <time>2025-08-07T06:16:19.000Z</time>
        <extensions>
          <ns3:TrackPointExtension>
            <ns3:atemp>29.0</ns3:atemp>
          </ns3:TrackPointExtension>
        </extensions>
      </trkpt>
      <trkpt lat="46.12517058849334716796875" lon="91.26934946514666080474853515625">
        <ele>1172.5999755859375</ele>
        <time>2025-08-07T06:16:25.000Z</time>
        <extensions>
          <ns3:TrackPointExtension>
            <ns3:atemp>29.0</ns3:atemp>
          </ns3:TrackPointExtension>
        </extensions>
      </trkpt>
      <trkpt lat="46.1250780522823333740234375" lon="91.27023844979703426361083984375">
        <ele>1171.800048828125</ele>
        <time>2025-08-07T06:16:31.000Z</time>
        <extensions>
          <ns3:TrackPointExtension>
            <ns3:atemp>29.0</ns3:atemp>
          </ns3:TrackPointExtension>
        </extensions>
      </trkpt>
      <trkpt lat="46.125041507184505462646484375" lon="91.27053131349384784698486328125">
        <ele>1171.5999755859375</ele>
        <time>2025-08-07T06:16:33.000Z</time>
        <extensions>
          <ns3:TrackPointExtension>
            <ns3:atemp>29.0</ns3:atemp>
          </ns3:TrackPointExtension>
        </extensions>
      </trkpt>
      <trkpt lat="46.1250218935310840606689453125" lon="91.27067514695227146148681640625">
        <ele>1171.4000244140625</ele>
        <time>2025-08-07T06:16:34.000Z</time>
        <extensions>
          <ns3:TrackPointExtension>
            <ns3:atemp>29.0</ns3:atemp>
          </ns3:TrackPointExtension>
        </extensions>
      </trkpt>
      <trkpt lat="46.12491779029369354248046875" lon="91.271543093025684356689453125">
        <ele>1170.800048828125</ele>
        <time>2025-08-07T06:16:40.000Z</time>
        <extensions>
          <ns3:TrackPointExtension>
            <ns3:atemp>29.0</ns3:atemp>
          </ns3:TrackPointExtension>
        </extensions>
      </trkpt>
      <trkpt lat="46.12486540339887142181396484375" lon="91.27196788787841796875">
        <ele>1170.4000244140625</ele>
        <time>2025-08-07T06:16:43.000Z</time>
        <extensions>
          <ns3:TrackPointExtension>
            <ns3:atemp>29.0</ns3:atemp>
          </ns3:TrackPointExtension>
        </extensions>
      </trkpt>
      <trkpt lat="46.1248190514743328094482421875" lon="91.27238698303699493408203125">
        <ele>1169.800048828125</ele>
        <time>2025-08-07T06:16:46.000Z</time>
        <extensions>
          <ns3:TrackPointExtension>
            <ns3:atemp>29.0</ns3:atemp>
          </ns3:TrackPointExtension>
        </extensions>
      </trkpt>
      <trkpt lat="46.1247550137341022491455078125" lon="91.2729279510676860809326171875">
        <ele>1169.4000244140625</ele>
        <time>2025-08-07T06:16:50.000Z</time>
        <extensions>
          <ns3:TrackPointExtension>
            <ns3:atemp>29.0</ns3:atemp>
          </ns3:TrackPointExtension>
        </extensions>
      </trkpt>
      <trkpt lat="46.1246638186275959014892578125" lon="91.27373211085796356201171875">
        <ele>1168.5999755859375</ele>
        <time>2025-08-07T06:16:56.000Z</time>
        <extensions>
          <ns3:TrackPointExtension>
            <ns3:atemp>29.0</ns3:atemp>
          </ns3:TrackPointExtension>
        </extensions>
      </trkpt>
      <trkpt lat="46.12463171593844890594482421875" lon="91.273995973169803619384765625">
        <ele>1168.4000244140625</ele>
        <time>2025-08-07T06:16:58.000Z</time>
        <extensions>
          <ns3:TrackPointExtension>
            <ns3:atemp>29.0</ns3:atemp>
          </ns3:TrackPointExtension>
        </extensions>
      </trkpt>
      <trkpt lat="46.124547310173511505126953125" lon="91.27478311769664287567138671875">
        <ele>1167.800048828125</ele>
        <time>2025-08-07T06:17:04.000Z</time>
        <extensions>
          <ns3:TrackPointExtension>
            <ns3:atemp>29.0</ns3:atemp>
          </ns3:TrackPointExtension>
        </extensions>
      </trkpt>
      <trkpt lat="46.1245159618556499481201171875" lon="91.2750398553907871246337890625">
        <ele>1167.5999755859375</ele>
        <time>2025-08-07T06:17:06.000Z</time>
        <extensions>
          <ns3:TrackPointExtension>
            <ns3:atemp>29.0</ns3:atemp>
          </ns3:TrackPointExtension>
        </extensions>
      </trkpt>
      <trkpt lat="46.12446642480790615081787109375" lon="91.27542366273701190948486328125">
        <ele>1167.4000244140625</ele>
        <time>2025-08-07T06:17:09.000Z</time>
        <extensions>
          <ns3:TrackPointExtension>
            <ns3:atemp>29.0</ns3:atemp>
          </ns3:TrackPointExtension>
        </extensions>
      </trkpt>
      <trkpt lat="46.12436936236917972564697265625" lon="91.27618943341076374053955078125">
        <ele>1166.5999755859375</ele>
        <time>2025-08-07T06:17:15.000Z</time>
        <extensions>
          <ns3:TrackPointExtension>
            <ns3:atemp>29.0</ns3:atemp>
          </ns3:TrackPointExtension>
        </extensions>
      </trkpt>
      <trkpt lat="46.12432443536818027496337890625" lon="91.27656913362443447113037109375">
        <ele>1166.4000244140625</ele>
        <time>2025-08-07T06:17:18.000Z</time>
        <extensions>
          <ns3:TrackPointExtension>
            <ns3:atemp>29.0</ns3:atemp>
          </ns3:TrackPointExtension>
        </extensions>
      </trkpt>
      <trkpt lat="46.1243107728660106658935546875" lon="91.27669461071491241455078125">
        <ele>1166.199951171875</ele>
        <time>2025-08-07T06:17:19.000Z</time>
        <extensions>
          <ns3:TrackPointExtension>
            <ns3:atemp>29.0</ns3:atemp>
          </ns3:TrackPointExtension>
        </extensions>
      </trkpt>
      <trkpt lat="46.12421228550374507904052734375" lon="91.27755694091320037841796875">
        <ele>1165.5999755859375</ele>
        <time>2025-08-07T06:17:26.000Z</time>
        <extensions>
          <ns3:TrackPointExtension>
            <ns3:atemp>29.0</ns3:atemp>
          </ns3:TrackPointExtension>
        </extensions>
      </trkpt>
      <trkpt lat="46.12415830604732036590576171875" lon="91.278025321662425994873046875">
        <ele>1165.5999755859375</ele>
        <time>2025-08-07T06:17:30.000Z</time>
        <extensions>
          <ns3:TrackPointExtension>
            <ns3:atemp>29.0</ns3:atemp>
          </ns3:TrackPointExtension>
        </extensions>
      </trkpt>
      <trkpt lat="46.1240767501294612884521484375" lon="91.2786953710019588470458984375">
        <ele>1165.4000244140625</ele>
        <time>2025-08-07T06:17:36.000Z</time>
        <extensions>
          <ns3:TrackPointExtension>
            <ns3:atemp>29.0</ns3:atemp>
          </ns3:TrackPointExtension>
        </extensions>
      </trkpt>
      <trkpt lat="46.12403593026101589202880859375" lon="91.27902050502598285675048828125">
        <ele>1165.199951171875</ele>
        <time>2025-08-07T06:17:39.000Z</time>
        <extensions>
          <ns3:TrackPointExtension>
            <ns3:atemp>29.0</ns3:atemp>
          </ns3:TrackPointExtension>
        </extensions>
      </trkpt>
      <trkpt lat="46.12397910095751285552978515625" lon="91.27944496460258960723876953125">
        <ele>1165.199951171875</ele>
        <time>2025-08-07T06:17:43.000Z</time>
        <extensions>
          <ns3:TrackPointExtension>
            <ns3:atemp>29.0</ns3:atemp>
          </ns3:TrackPointExtension>
        </extensions>
      </trkpt>
      <trkpt lat="46.1238876543939113616943359375" lon="91.28025121986865997314453125">
        <ele>1165.199951171875</ele>
        <time>2025-08-07T06:17:51.000Z</time>
        <extensions>
          <ns3:TrackPointExtension>
            <ns3:atemp>29.0</ns3:atemp>
          </ns3:TrackPointExtension>
        </extensions>
      </trkpt>
      <trkpt lat="46.1238537915050983428955078125" lon="91.28054098226130008697509765625">
        <ele>1164.800048828125</ele>
        <time>2025-08-07T06:17:54.000Z</time>
        <extensions>
          <ns3:TrackPointExtension>
            <ns3:atemp>29.0</ns3:atemp>
          </ns3:TrackPointExtension>
        </extensions>
      </trkpt>
      <trkpt lat="46.12376083619892597198486328125" lon="91.28137045539915561676025390625">
        <ele>1164.4000244140625</ele>
        <time>2025-08-07T06:18:03.000Z</time>
        <extensions>
          <ns3:TrackPointExtension>
            <ns3:atemp>29.0</ns3:atemp>
          </ns3:TrackPointExtension>
        </extensions>
      </trkpt>
      <trkpt lat="46.1237498559057712554931640625" lon="91.28146181814372539520263671875">
        <ele>1164.4000244140625</ele>
        <time>2025-08-07T06:18:04.000Z</time>
        <extensions>
          <ns3:TrackPointExtension>
            <ns3:atemp>29.0</ns3:atemp>
          </ns3:TrackPointExtension>
        </extensions>
      </trkpt>
      <trkpt lat="46.1236774362623691558837890625" lon="91.28205140121281147003173828125">
        <ele>1164.199951171875</ele>
        <time>2025-08-07T06:18:10.000Z</time>
        <extensions>
          <ns3:TrackPointExtension>
            <ns3:atemp>29.0</ns3:atemp>
          </ns3:TrackPointExtension>
        </extensions>
      </trkpt>
      <trkpt lat="46.123639047145843505859375" lon="91.2823641300201416015625">
        <ele>1164.199951171875</ele>
        <time>2025-08-07T06:18:13.000Z</time>
        <extensions>
          <ns3:TrackPointExtension>
            <ns3:atemp>29.0</ns3:atemp>
          </ns3:TrackPointExtension>
        </extensions>
      </trkpt>
      <trkpt lat="46.123546846210956573486328125" lon="91.28313048742711544036865234375">
        <ele>1164</ele>
        <time>2025-08-07T06:18:20.000Z</time>
        <extensions>
          <ns3:TrackPointExtension>
            <ns3:atemp>29.0</ns3:atemp>
          </ns3:TrackPointExtension>
        </extensions>
      </trkpt>
      <trkpt lat="46.12351826392114162445068359375" lon="91.283359229564666748046875">
        <ele>1164</ele>
        <time>2025-08-07T06:18:22.000Z</time>
        <extensions>
          <ns3:TrackPointExtension>
            <ns3:atemp>29.0</ns3:atemp>
          </ns3:TrackPointExtension>
        </extensions>
      </trkpt>
      <trkpt lat="46.12342421896755695343017578125" lon="91.284183003008365631103515625">
        <ele>1164</ele>
        <time>2025-08-07T06:18:29.000Z</time>
        <extensions>
          <ns3:TrackPointExtension>
            <ns3:atemp>29.0</ns3:atemp>
          </ns3:TrackPointExtension>
        </extensions>
      </trkpt>
      <trkpt lat="46.12340996973216533660888671875" lon="91.28429976291954517364501953125">
        <ele>1164</ele>
        <time>2025-08-07T06:18:30.000Z</time>
        <extensions>
          <ns3:TrackPointExtension>
            <ns3:atemp>29.0</ns3:atemp>
          </ns3:TrackPointExtension>
        </extensions>
      </trkpt>
      <trkpt lat="46.1233185231685638427734375" lon="91.285102665424346923828125">
        <ele>1164.199951171875</ele>
        <time>2025-08-07T06:18:37.000Z</time>
        <extensions>
          <ns3:TrackPointExtension>
            <ns3:atemp>29.0</ns3:atemp>
          </ns3:TrackPointExtension>
        </extensions>
      </trkpt>
      <trkpt lat="46.12327552400529384613037109375" lon="91.28543299622833728790283203125">
        <ele>1164.5999755859375</ele>
        <time>2025-08-07T06:18:40.000Z</time>
        <extensions>
          <ns3:TrackPointExtension>
            <ns3:atemp>29.0</ns3:atemp>
          </ns3:TrackPointExtension>
        </extensions>
      </trkpt>
      <trkpt lat="46.12318516708910465240478515625" lon="91.28628526814281940460205078125">
        <ele>1165.4000244140625</ele>
        <time>2025-08-07T06:18:48.000Z</time>
        <extensions>
          <ns3:TrackPointExtension>
            <ns3:atemp>29.0</ns3:atemp>
          </ns3:TrackPointExtension>
        </extensions>
      </trkpt>
      <trkpt lat="46.1231728456914424896240234375" lon="91.2863832525908946990966796875">
        <ele>1165.4000244140625</ele>
        <time>2025-08-07T06:18:49.000Z</time>
        <extensions>
          <ns3:TrackPointExtension>
            <ns3:atemp>29.0</ns3:atemp>
          </ns3:TrackPointExtension>
        </extensions>
      </trkpt>
      <trkpt lat="46.12310151569545269012451171875" lon="91.2870189361274242401123046875">
        <ele>1166.199951171875</ele>
        <time>2025-08-07T06:18:56.000Z</time>
        <extensions>
          <ns3:TrackPointExtension>
            <ns3:atemp>29.0</ns3:atemp>
          </ns3:TrackPointExtension>
        </extensions>
      </trkpt>
      <trkpt lat="46.123082153499126434326171875" lon="91.2872683815658092498779296875">
        <ele>1166.5999755859375</ele>
        <time>2025-08-07T06:18:59.000Z</time>
        <extensions>
          <ns3:TrackPointExtension>
            <ns3:atemp>29.0</ns3:atemp>
          </ns3:TrackPointExtension>
        </extensions>
      </trkpt>
      <trkpt lat="46.123036555945873260498046875" lon="91.28766216337680816650390625">
        <ele>1167.199951171875</ele>
        <time>2025-08-07T06:19:04.000Z</time>
        <extensions>
          <ns3:TrackPointExtension>
            <ns3:atemp>29.0</ns3:atemp>
          </ns3:TrackPointExtension>
        </extensions>
      </trkpt>
      <trkpt lat="46.12296841107308864593505859375" lon="91.2882435321807861328125">
        <ele>1167.5999755859375</ele>
        <time>2025-08-07T06:19:12.000Z</time>
        <extensions>
          <ns3:TrackPointExtension>
            <ns3:atemp>29.0</ns3:atemp>
          </ns3:TrackPointExtension>
        </extensions>
      </trkpt>
      <trkpt lat="46.12296111881732940673828125" lon="91.2883067317306995391845703125">
        <ele>1167.5999755859375</ele>
        <time>2025-08-07T06:19:13.000Z</time>
        <extensions>
          <ns3:TrackPointExtension>
            <ns3:atemp>29.0</ns3:atemp>
          </ns3:TrackPointExtension>
        </extensions>
      </trkpt>
      <trkpt lat="46.12289364449679851531982421875" lon="91.288911402225494384765625">
        <ele>1168</ele>
        <time>2025-08-07T06:19:22.000Z</time>
        <extensions>
          <ns3:TrackPointExtension>
            <ns3:atemp>29.0</ns3:atemp>
          </ns3:TrackPointExtension>
        </extensions>
      </trkpt>
      <trkpt lat="46.1228617094457149505615234375" lon="91.28928498364984989166259765625">
        <ele>1168.4000244140625</ele>
        <time>2025-08-07T06:19:28.000Z</time>
        <extensions>
          <ns3:TrackPointExtension>
            <ns3:atemp>29.0</ns3:atemp>
          </ns3:TrackPointExtension>
        </extensions>
      </trkpt>
      <trkpt lat="46.12284234724938869476318359375" lon="91.28940165974199771881103515625">
        <ele>1168.4000244140625</ele>
        <time>2025-08-07T06:19:30.000Z</time>
        <extensions>
          <ns3:TrackPointExtension>
            <ns3:atemp>29.0</ns3:atemp>
          </ns3:TrackPointExtension>
        </extensions>
      </trkpt>
      <trkpt lat="46.12277981825172901153564453125" lon="91.2898895703256130218505859375">
        <ele>1168.5999755859375</ele>
        <time>2025-08-07T06:19:38.000Z</time>
        <extensions>
          <ns3:TrackPointExtension>
            <ns3:atemp>29.0</ns3:atemp>
          </ns3:TrackPointExtension>
        </extensions>
      </trkpt>
      <trkpt lat="46.12276389263570308685302734375" lon="91.29001471213996410369873046875">
        <ele>1169</ele>
        <time>2025-08-07T06:19:40.000Z</time>
        <extensions>
          <ns3:TrackPointExtension>
            <ns3:atemp>29.0</ns3:atemp>
          </ns3:TrackPointExtension>
        </extensions>
      </trkpt>
      <trkpt lat="46.122698597609996795654296875" lon="91.290658526122570037841796875">
        <ele>1169.199951171875</ele>
        <time>2025-08-07T06:19:50.000Z</time>
        <extensions>
          <ns3:TrackPointExtension>
            <ns3:atemp>29.0</ns3:atemp>
          </ns3:TrackPointExtension>
        </extensions>
      </trkpt>
      <trkpt lat="46.12264151684939861297607421875" lon="91.2911777012050151824951171875">
        <ele>1169.4000244140625</ele>
        <time>2025-08-07T06:19:58.000Z</time>
        <extensions>
          <ns3:TrackPointExtension>
            <ns3:atemp>29.0</ns3:atemp>
          </ns3:TrackPointExtension>
        </extensions>
      </trkpt>
      <trkpt lat="46.1226050555706024169921875" lon="91.29148573614656925201416015625">
        <ele>1169.800048828125</ele>
        <time>2025-08-07T06:20:03.000Z</time>
        <extensions>
          <ns3:TrackPointExtension>
            <ns3:atemp>29.0</ns3:atemp>
          </ns3:TrackPointExtension>
        </extensions>
      </trkpt>
      <trkpt lat="46.12255719490349292755126953125" lon="91.2918328307569026947021484375">
        <ele>1170</ele>
        <time>2025-08-07T06:20:09.000Z</time>
        <extensions>
          <ns3:TrackPointExtension>
            <ns3:atemp>29.0</ns3:atemp>
          </ns3:TrackPointExtension>
        </extensions>
      </trkpt>
      <trkpt lat="46.12246817909181118011474609375" lon="91.2926100008189678192138671875">
        <ele>1170.5999755859375</ele>
        <time>2025-08-07T06:20:21.000Z</time>
        <extensions>
          <ns3:TrackPointExtension>
            <ns3:atemp>29.0</ns3:atemp>
          </ns3:TrackPointExtension>
        </extensions>
      </trkpt>
      <trkpt lat="46.12244286574423313140869140625" lon="91.29281544126570224761962890625">
        <ele>1170.800048828125</ele>
        <time>2025-08-07T06:20:24.000Z</time>
        <extensions>
          <ns3:TrackPointExtension>
            <ns3:atemp>29.0</ns3:atemp>
          </ns3:TrackPointExtension>
        </extensions>
      </trkpt>
      <trkpt lat="46.12238804809749126434326171875" lon="91.29327812232077121734619140625">
        <ele>1170.800048828125</ele>
        <time>2025-08-07T06:20:31.000Z</time>
        <extensions>
          <ns3:TrackPointExtension>
            <ns3:atemp>29.0</ns3:atemp>
          </ns3:TrackPointExtension>
        </extensions>
      </trkpt>
      <trkpt lat="46.1223502457141876220703125" lon="91.293623037636280059814453125">
        <ele>1171.4000244140625</ele>
        <time>2025-08-07T06:20:37.000Z</time>
        <extensions>
          <ns3:TrackPointExtension>
            <ns3:atemp>29.0</ns3:atemp>
          </ns3:TrackPointExtension>
        </extensions>
      </trkpt>
      <trkpt lat="46.12227723933756351470947265625" lon="91.29419267177581787109375">
        <ele>1171.5999755859375</ele>
        <time>2025-08-07T06:20:47.000Z</time>
        <extensions>
          <ns3:TrackPointExtension>
            <ns3:atemp>29.0</ns3:atemp>
          </ns3:TrackPointExtension>
        </extensions>
      </trkpt>
      <trkpt lat="46.12227137200534343719482421875" lon="91.29425092600286006927490234375">
        <ele>1171.800048828125</ele>
        <time>2025-08-07T06:20:48.000Z</time>
        <extensions>
          <ns3:TrackPointExtension>
            <ns3:atemp>29.0</ns3:atemp>
          </ns3:TrackPointExtension>
        </extensions>
      </trkpt>
      <trkpt lat="46.12222619354724884033203125" lon="91.29468695260584354400634765625">
        <ele>1172.5999755859375</ele>
        <time>2025-08-07T06:20:56.000Z</time>
        <extensions>
          <ns3:TrackPointExtension>
            <ns3:atemp>29.0</ns3:atemp>
          </ns3:TrackPointExtension>
        </extensions>
      </trkpt>
      <trkpt lat="46.12216408364474773406982421875" lon="91.29514284431934356689453125">
        <ele>1173</ele>
        <time>2025-08-07T06:21:04.000Z</time>
        <extensions>
          <ns3:TrackPointExtension>
            <ns3:atemp>29.0</ns3:atemp>
          </ns3:TrackPointExtension>
        </extensions>
      </trkpt>
      <trkpt lat="46.12215645611286163330078125" lon="91.295200176537036895751953125">
        <ele>1173</ele>
        <time>2025-08-07T06:21:05.000Z</time>
        <extensions>
          <ns3:TrackPointExtension>
            <ns3:atemp>29.0</ns3:atemp>
          </ns3:TrackPointExtension>
        </extensions>
      </trkpt>
      <trkpt lat="46.12209468148648738861083984375" lon="91.29571004770696163177490234375">
        <ele>1174</ele>
        <time>2025-08-07T06:21:14.000Z</time>
        <extensions>
          <ns3:TrackPointExtension>
            <ns3:atemp>29.0</ns3:atemp>
          </ns3:TrackPointExtension>
        </extensions>
      </trkpt>
      <trkpt lat="46.122089736163616180419921875" lon="91.29576251842081546783447265625">
        <ele>1174.199951171875</ele>
        <time>2025-08-07T06:21:15.000Z</time>
        <extensions>
          <ns3:TrackPointExtension>
            <ns3:atemp>29.0</ns3:atemp>
          </ns3:TrackPointExtension>
        </extensions>
      </trkpt>
      <trkpt lat="46.12206417135894298553466796875" lon="91.29605001769959926605224609375">
        <ele>1174.800048828125</ele>
        <time>2025-08-07T06:21:21.000Z</time>
        <extensions>
          <ns3:TrackPointExtension>
            <ns3:atemp>29.0</ns3:atemp>
          </ns3:TrackPointExtension>
        </extensions>
      </trkpt>
      <trkpt lat="46.12203148193657398223876953125" lon="91.2963773310184478759765625">
        <ele>1175.199951171875</ele>
        <time>2025-08-07T06:21:27.000Z</time>
        <extensions>
          <ns3:TrackPointExtension>
            <ns3:atemp>29.0</ns3:atemp>
          </ns3:TrackPointExtension>
        </extensions>
      </trkpt>
      <trkpt lat="46.12200868315994739532470703125" lon="91.29654429852962493896484375">
        <ele>1175.4000244140625</ele>
        <time>2025-08-07T06:21:30.000Z</time>
        <extensions>
          <ns3:TrackPointExtension>
            <ns3:atemp>29.0</ns3:atemp>
          </ns3:TrackPointExtension>
        </extensions>
      </trkpt>
      <trkpt lat="46.121963672339916229248046875" lon="91.29694755189120769500732421875">
        <ele>1175.800048828125</ele>
        <time>2025-08-07T06:21:38.000Z</time>
        <extensions>
          <ns3:TrackPointExtension>
            <ns3:atemp>29.0</ns3:atemp>
          </ns3:TrackPointExtension>
        </extensions>
      </trkpt>
      <trkpt lat="46.1219256184995174407958984375" lon="91.29721459932625293731689453125">
        <ele>1176.199951171875</ele>
        <time>2025-08-07T06:21:43.000Z</time>
        <extensions>
          <ns3:TrackPointExtension>
            <ns3:atemp>29.0</ns3:atemp>
          </ns3:TrackPointExtension>
        </extensions>
      </trkpt>
      <trkpt lat="46.1218981258571147918701171875" lon="91.29744627512991428375244140625">
        <ele>1176.5999755859375</ele>
        <time>2025-08-07T06:21:47.000Z</time>
        <extensions>
          <ns3:TrackPointExtension>
            <ns3:atemp>29.0</ns3:atemp>
          </ns3:TrackPointExtension>
        </extensions>
      </trkpt>
      <trkpt lat="46.12183853052556514739990234375" lon="91.29785682074725627899169921875">
        <ele>1177</ele>
        <time>2025-08-07T06:21:54.000Z</time>
        <extensions>
          <ns3:TrackPointExtension>
            <ns3:atemp>29.0</ns3:atemp>
          </ns3:TrackPointExtension>
        </extensions>
      </trkpt>
      <trkpt lat="46.12181053496897220611572265625" lon="91.2980327568948268890380859375">
        <ele>1177.199951171875</ele>
        <time>2025-08-07T06:21:57.000Z</time>
        <extensions>
          <ns3:TrackPointExtension>
            <ns3:atemp>29.0</ns3:atemp>
          </ns3:TrackPointExtension>
        </extensions>
      </trkpt>
      <trkpt lat="46.1217512749135494232177734375" lon="91.29852049984037876129150390625">
        <ele>1177.800048828125</ele>
        <time>2025-08-07T06:22:05.000Z</time>
        <extensions>
          <ns3:TrackPointExtension>
            <ns3:atemp>29.0</ns3:atemp>
          </ns3:TrackPointExtension>
        </extensions>
      </trkpt>
      <trkpt lat="46.1217321641743183135986328125" lon="91.29870691336691379547119140625">
        <ele>1178.199951171875</ele>
        <time>2025-08-07T06:22:08.000Z</time>
        <extensions>
          <ns3:TrackPointExtension>
            <ns3:atemp>29.0</ns3:atemp>
          </ns3:TrackPointExtension>
        </extensions>
      </trkpt>
      <trkpt lat="46.12168195657432079315185546875" lon="91.29910044372081756591796875">
        <ele>1178.5999755859375</ele>
        <time>2025-08-07T06:22:15.000Z</time>
        <extensions>
          <ns3:TrackPointExtension>
            <ns3:atemp>29.0</ns3:atemp>
          </ns3:TrackPointExtension>
        </extensions>
      </trkpt>
      <trkpt lat="46.12164088524878025054931640625" lon="91.29949782975018024444580078125">
        <ele>1178.800048828125</ele>
        <time>2025-08-07T06:22:22.000Z</time>
        <extensions>
          <ns3:TrackPointExtension>
            <ns3:atemp>29.0</ns3:atemp>
          </ns3:TrackPointExtension>
        </extensions>
      </trkpt>
      <trkpt lat="46.12156243063509464263916015625" lon="91.30008825100958347320556640625">
        <ele>1179.4000244140625</ele>
        <time>2025-08-07T06:22:32.000Z</time>
        <extensions>
          <ns3:TrackPointExtension>
            <ns3:atemp>29.0</ns3:atemp>
          </ns3:TrackPointExtension>
        </extensions>
      </trkpt>
      <trkpt lat="46.12149260938167572021484375" lon="91.30064078606665134429931640625">
        <ele>1180</ele>
        <time>2025-08-07T06:22:41.000Z</time>
        <extensions>
          <ns3:TrackPointExtension>
            <ns3:atemp>29.0</ns3:atemp>
          </ns3:TrackPointExtension>
        </extensions>
      </trkpt>
      <trkpt lat="46.12145480699837207794189453125" lon="91.301076896488666534423828125">
        <ele>1180.4000244140625</ele>
        <time>2025-08-07T06:22:48.000Z</time>
        <extensions>
          <ns3:TrackPointExtension>
            <ns3:atemp>29.0</ns3:atemp>
          </ns3:TrackPointExtension>
        </extensions>
      </trkpt>
      <trkpt lat="46.1214461736381053924560546875" lon="91.30114085040986537933349609375">
        <ele>1180.4000244140625</ele>
        <time>2025-08-07T06:22:49.000Z</time>
        <extensions>
          <ns3:TrackPointExtension>
            <ns3:atemp>29.0</ns3:atemp>
          </ns3:TrackPointExtension>
        </extensions>
      </trkpt>
      <trkpt lat="46.121384985744953155517578125" lon="91.3015886954963207244873046875">
        <ele>1181.4000244140625</ele>
        <time>2025-08-07T06:22:56.000Z</time>
        <extensions>
          <ns3:TrackPointExtension>
            <ns3:atemp>29.0</ns3:atemp>
          </ns3:TrackPointExtension>
        </extensions>
      </trkpt>
      <trkpt lat="46.12136461772024631500244140625" lon="91.3017888553440570831298828125">
        <ele>1181.800048828125</ele>
        <time>2025-08-07T06:22:59.000Z</time>
        <extensions>
          <ns3:TrackPointExtension>
            <ns3:atemp>29.0</ns3:atemp>
          </ns3:TrackPointExtension>
        </extensions>
      </trkpt>
      <trkpt lat="46.1213023401796817779541015625" lon="91.3023182563483715057373046875">
        <ele>1182.4000244140625</ele>
        <time>2025-08-07T06:23:08.000Z</time>
        <extensions>
          <ns3:TrackPointExtension>
            <ns3:atemp>29.0</ns3:atemp>
          </ns3:TrackPointExtension>
        </extensions>
      </trkpt>
      <trkpt lat="46.12128918059170246124267578125" lon="91.302425377070903778076171875">
        <ele>1182.4000244140625</ele>
        <time>2025-08-07T06:23:10.000Z</time>
        <extensions>
          <ns3:TrackPointExtension>
            <ns3:atemp>29.0</ns3:atemp>
          </ns3:TrackPointExtension>
        </extensions>
      </trkpt>
      <trkpt lat="46.12124542705714702606201171875" lon="91.302689574658870697021484375">
        <ele>1182.800048828125</ele>
        <time>2025-08-07T06:23:15.000Z</time>
        <extensions>
          <ns3:TrackPointExtension>
            <ns3:atemp>29.0</ns3:atemp>
          </ns3:TrackPointExtension>
        </extensions>
      </trkpt>
      <trkpt lat="46.121200583875179290771484375" lon="91.303223669528961181640625">
        <ele>1183.5999755859375</ele>
        <time>2025-08-07T06:23:24.000Z</time>
        <extensions>
          <ns3:TrackPointExtension>
            <ns3:atemp>29.0</ns3:atemp>
          </ns3:TrackPointExtension>
        </extensions>
      </trkpt>
      <trkpt lat="46.12112623639404773712158203125" lon="91.30377427674829959869384765625">
        <ele>1184.199951171875</ele>
        <time>2025-08-07T06:23:34.000Z</time>
        <extensions>
          <ns3:TrackPointExtension>
            <ns3:atemp>29.0</ns3:atemp>
          </ns3:TrackPointExtension>
        </extensions>
      </trkpt>
      <trkpt lat="46.1210699938237667083740234375" lon="91.30429881624877452850341796875">
        <ele>1184.5999755859375</ele>
        <time>2025-08-07T06:23:43.000Z</time>
        <extensions>
          <ns3:TrackPointExtension>
            <ns3:atemp>29.0</ns3:atemp>
          </ns3:TrackPointExtension>
        </extensions>
      </trkpt>
      <trkpt lat="46.12104602158069610595703125" lon="91.30453367717564105987548828125">
        <ele>1185</ele>
        <time>2025-08-07T06:23:47.000Z</time>
        <extensions>
          <ns3:TrackPointExtension>
            <ns3:atemp>29.0</ns3:atemp>
          </ns3:TrackPointExtension>
        </extensions>
      </trkpt>
      <trkpt lat="46.1209623701870441436767578125" lon="91.3051191531121730804443359375">
        <ele>1185.4000244140625</ele>
        <time>2025-08-07T06:23:57.000Z</time>
        <extensions>
          <ns3:TrackPointExtension>
            <ns3:atemp>29.0</ns3:atemp>
          </ns3:TrackPointExtension>
        </extensions>
      </trkpt>
      <trkpt lat="46.1208859272301197052001953125" lon="91.3057784736156463623046875">
        <ele>1185.5999755859375</ele>
        <time>2025-08-07T06:24:07.000Z</time>
        <extensions>
          <ns3:TrackPointExtension>
            <ns3:atemp>29.0</ns3:atemp>
          </ns3:TrackPointExtension>
        </extensions>
      </trkpt>
      <trkpt lat="46.12087905406951904296875" lon="91.30584896542131900787353515625">
        <ele>1185.800048828125</ele>
        <time>2025-08-07T06:24:08.000Z</time>
        <extensions>
          <ns3:TrackPointExtension>
            <ns3:atemp>29.0</ns3:atemp>
          </ns3:TrackPointExtension>
        </extensions>
      </trkpt>
      <trkpt lat="46.1208052933216094970703125" lon="91.30648582242429256439208984375">
        <ele>1186.199951171875</ele>
        <time>2025-08-07T06:24:17.000Z</time>
        <extensions>
          <ns3:TrackPointExtension>
            <ns3:atemp>29.0</ns3:atemp>
          </ns3:TrackPointExtension>
        </extensions>
      </trkpt>
      <trkpt lat="46.12071200273931026458740234375" lon="91.30732367746531963348388671875">
        <ele>1187</ele>
        <time>2025-08-07T06:24:28.000Z</time>
        <extensions>
          <ns3:TrackPointExtension>
            <ns3:atemp>29.0</ns3:atemp>
          </ns3:TrackPointExtension>
        </extensions>
      </trkpt>
      <trkpt lat="46.12061678431928157806396484375" lon="91.30811400711536407470703125">
        <ele>1187</ele>
        <time>2025-08-07T06:24:38.000Z</time>
        <extensions>
          <ns3:TrackPointExtension>
            <ns3:atemp>29.0</ns3:atemp>
          </ns3:TrackPointExtension>
        </extensions>
      </trkpt>
      <trkpt lat="46.12060789950191974639892578125" lon="91.3081956468522548675537109375">
        <ele>1187</ele>
        <time>2025-08-07T06:24:39.000Z</time>
        <extensions>
          <ns3:TrackPointExtension>
            <ns3:atemp>29.0</ns3:atemp>
          </ns3:TrackPointExtension>
        </extensions>
      </trkpt>
      <trkpt lat="46.1205087415874004364013671875" lon="91.30903174169361591339111328125">
        <ele>1187.199951171875</ele>
        <time>2025-08-07T06:24:49.000Z</time>
        <extensions>
          <ns3:TrackPointExtension>
            <ns3:atemp>29.0</ns3:atemp>
          </ns3:TrackPointExtension>
        </extensions>
      </trkpt>
      <trkpt lat="46.1204983480274677276611328125" lon="91.309115476906299591064453125">
        <ele>1187.199951171875</ele>
        <time>2025-08-07T06:24:50.000Z</time>
        <extensions>
          <ns3:TrackPointExtension>
            <ns3:atemp>29.0</ns3:atemp>
          </ns3:TrackPointExtension>
        </extensions>
      </trkpt>
      <trkpt lat="46.12041779793798923492431640625" lon="91.30986842326819896697998046875">
        <ele>1187.5999755859375</ele>
        <time>2025-08-07T06:24:59.000Z</time>
        <extensions>
          <ns3:TrackPointExtension>
            <ns3:atemp>29.0</ns3:atemp>
          </ns3:TrackPointExtension>
        </extensions>
      </trkpt>
      <trkpt lat="46.12034370191395282745361328125" lon="91.31049019284546375274658203125">
        <ele>1187.800048828125</ele>
        <time>2025-08-07T06:25:07.000Z</time>
        <extensions>
          <ns3:TrackPointExtension>
            <ns3:atemp>29.0</ns3:atemp>
          </ns3:TrackPointExtension>
        </extensions>
      </trkpt>
      <trkpt lat="46.12026122398674488067626953125" lon="91.31126551888883113861083984375">
        <ele>1187.199951171875</ele>
        <time>2025-08-07T06:25:17.000Z</time>
        <extensions>
          <ns3:TrackPointExtension>
            <ns3:atemp>29.0</ns3:atemp>
          </ns3:TrackPointExtension>
        </extensions>
      </trkpt>
      <trkpt lat="46.12018813379108905792236328125" lon="91.31204118020832538604736328125">
        <ele>1187</ele>
        <time>2025-08-07T06:25:27.000Z</time>
        <extensions>
          <ns3:TrackPointExtension>
            <ns3:atemp>29.0</ns3:atemp>
          </ns3:TrackPointExtension>
        </extensions>
      </trkpt>
      <trkpt lat="46.1201848648488521575927734375" lon="91.31211854517459869384765625">
        <ele>1187</ele>
        <time>2025-08-07T06:25:28.000Z</time>
        <extensions>
          <ns3:TrackPointExtension>
            <ns3:atemp>29.0</ns3:atemp>
          </ns3:TrackPointExtension>
        </extensions>
      </trkpt>
      <trkpt lat="46.1201240122318267822265625" lon="91.31278515793383121490478515625">
        <ele>1186.800048828125</ele>
        <time>2025-08-07T06:25:37.000Z</time>
        <extensions>
          <ns3:TrackPointExtension>
            <ns3:atemp>29.0</ns3:atemp>
          </ns3:TrackPointExtension>
        </extensions>
      </trkpt>
      <trkpt lat="46.12008620984852313995361328125" lon="91.3133666105568408966064453125">
        <ele>1186.4000244140625</ele>
        <time>2025-08-07T06:25:45.000Z</time>
        <extensions>
          <ns3:TrackPointExtension>
            <ns3:atemp>29.0</ns3:atemp>
          </ns3:TrackPointExtension>
        </extensions>
      </trkpt>
      <trkpt lat="46.1200381815433502197265625" lon="91.31407312117516994476318359375">
        <ele>1186.4000244140625</ele>
        <time>2025-08-07T06:25:55.000Z</time>
        <extensions>
          <ns3:TrackPointExtension>
            <ns3:atemp>29.0</ns3:atemp>
          </ns3:TrackPointExtension>
        </extensions>
      </trkpt>
      <trkpt lat="46.12001613713800907135009765625" lon="91.3146580941975116729736328125">
        <ele>1186.4000244140625</ele>
        <time>2025-08-07T06:26:04.000Z</time>
        <extensions>
          <ns3:TrackPointExtension>
            <ns3:atemp>29.0</ns3:atemp>
          </ns3:TrackPointExtension>
        </extensions>
      </trkpt>
      <trkpt lat="46.1199818551540374755859375" lon="91.31513535976409912109375">
        <ele>1186.4000244140625</ele>
        <time>2025-08-07T06:26:12.000Z</time>
        <extensions>
          <ns3:TrackPointExtension>
            <ns3:atemp>29.0</ns3:atemp>
          </ns3:TrackPointExtension>
        </extensions>
      </trkpt>
      <trkpt lat="46.11995712853968143463134765625" lon="91.31558370776474475860595703125">
        <ele>1186.4000244140625</ele>
        <time>2025-08-07T06:26:18.000Z</time>
        <extensions>
          <ns3:TrackPointExtension>
            <ns3:atemp>29.0</ns3:atemp>
          </ns3:TrackPointExtension>
        </extensions>
      </trkpt>
      <trkpt lat="46.119905747473239898681640625" lon="91.3163629733026027679443359375">
        <ele>1186.800048828125</ele>
        <time>2025-08-07T06:26:27.000Z</time>
        <extensions>
          <ns3:TrackPointExtension>
            <ns3:atemp>29.0</ns3:atemp>
          </ns3:TrackPointExtension>
        </extensions>
      </trkpt>
      <trkpt lat="46.1198573000729084014892578125" lon="91.317122876644134521484375">
        <ele>1186.800048828125</ele>
        <time>2025-08-07T06:26:35.000Z</time>
        <extensions>
          <ns3:TrackPointExtension>
            <ns3:atemp>29.0</ns3:atemp>
          </ns3:TrackPointExtension>
        </extensions>
      </trkpt>
      <trkpt lat="46.11982016824185848236083984375" lon="91.31789811886847019195556640625">
        <ele>1187.199951171875</ele>
        <time>2025-08-07T06:26:43.000Z</time>
        <extensions>
          <ns3:TrackPointExtension>
            <ns3:atemp>29.0</ns3:atemp>
          </ns3:TrackPointExtension>
        </extensions>
      </trkpt>
      <trkpt lat="46.11981597729027271270751953125" lon="91.3180844485759735107421875">
        <ele>1187.199951171875</ele>
        <time>2025-08-07T06:26:45.000Z</time>
        <extensions>
          <ns3:TrackPointExtension>
            <ns3:atemp>29.0</ns3:atemp>
          </ns3:TrackPointExtension>
        </extensions>
      </trkpt>
      <trkpt lat="46.11977599561214447021484375" lon="91.3187746144831180572509765625">
        <ele>1187.4000244140625</ele>
        <time>2025-08-07T06:26:53.000Z</time>
        <extensions>
          <ns3:TrackPointExtension>
            <ns3:atemp>29.0</ns3:atemp>
          </ns3:TrackPointExtension>
        </extensions>
      </trkpt>
      <trkpt lat="46.1197324097156524658203125" lon="91.3195561431348323822021484375">
        <ele>1187.4000244140625</ele>
        <time>2025-08-07T06:27:02.000Z</time>
        <extensions>
          <ns3:TrackPointExtension>
            <ns3:atemp>29.0</ns3:atemp>
          </ns3:TrackPointExtension>
        </extensions>
      </trkpt>
      <trkpt lat="46.11972897313535213470458984375" lon="91.319622360169887542724609375">
        <ele>1187.199951171875</ele>
        <time>2025-08-07T06:27:03.000Z</time>
        <extensions>
          <ns3:TrackPointExtension>
            <ns3:atemp>29.0</ns3:atemp>
          </ns3:TrackPointExtension>
        </extensions>
      </trkpt>
      <trkpt lat="46.11967884935438632965087890625" lon="91.3201985321938991546630859375">
        <ele>1187</ele>
        <time>2025-08-07T06:27:10.000Z</time>
        <extensions>
          <ns3:TrackPointExtension>
            <ns3:atemp>29.0</ns3:atemp>
          </ns3:TrackPointExtension>
        </extensions>
      </trkpt>
      <trkpt lat="46.1196685396134853363037109375" lon="91.3204644061625003814697265625">
        <ele>1187</ele>
        <time>2025-08-07T06:27:13.000Z</time>
        <extensions>
          <ns3:TrackPointExtension>
            <ns3:atemp>29.0</ns3:atemp>
          </ns3:TrackPointExtension>
        </extensions>
      </trkpt>
      <trkpt lat="46.1196236126124858856201171875" lon="91.3212700746953487396240234375">
        <ele>1186.800048828125</ele>
        <time>2025-08-07T06:27:22.000Z</time>
        <extensions>
          <ns3:TrackPointExtension>
            <ns3:atemp>29.0</ns3:atemp>
          </ns3:TrackPointExtension>
        </extensions>
      </trkpt>
      <trkpt lat="46.1195689626038074493408203125" lon="91.32212460972368717193603515625">
        <ele>1186.199951171875</ele>
        <time>2025-08-07T06:27:31.000Z</time>
        <extensions>
          <ns3:TrackPointExtension>
            <ns3:atemp>29.0</ns3:atemp>
          </ns3:TrackPointExtension>
        </extensions>
      </trkpt>
      <trkpt lat="46.11956334672868251800537109375" lon="91.3222266174852848052978515625">
        <ele>1186.199951171875</ele>
        <time>2025-08-07T06:27:32.000Z</time>
        <extensions>
          <ns3:TrackPointExtension>
            <ns3:atemp>29.0</ns3:atemp>
          </ns3:TrackPointExtension>
        </extensions>
      </trkpt>
      <trkpt lat="46.11953803338110446929931640625" lon="91.3226292841136455535888671875">
        <ele>1186</ele>
        <time>2025-08-07T06:27:36.000Z</time>
        <extensions>
          <ns3:TrackPointExtension>
            <ns3:atemp>29.0</ns3:atemp>
          </ns3:TrackPointExtension>
        </extensions>
      </trkpt>
      <trkpt lat="46.11949511803686618804931640625" lon="91.3233467750251293182373046875">
        <ele>1185.199951171875</ele>
        <time>2025-08-07T06:27:43.000Z</time>
        <extensions>
          <ns3:TrackPointExtension>
            <ns3:atemp>29.0</ns3:atemp>
          </ns3:TrackPointExtension>
        </extensions>
      </trkpt>
      <trkpt lat="46.11946360208094120025634765625" lon="91.32386662065982818603515625">
        <ele>1184.800048828125</ele>
        <time>2025-08-07T06:27:48.000Z</time>
        <extensions>
          <ns3:TrackPointExtension>
            <ns3:atemp>29.0</ns3:atemp>
          </ns3:TrackPointExtension>
        </extensions>
      </trkpt>
      <trkpt lat="46.11944030039012432098388671875" lon="91.32428705692291259765625">
        <ele>1184.4000244140625</ele>
        <time>2025-08-07T06:27:52.000Z</time>
        <extensions>
          <ns3:TrackPointExtension>
            <ns3:atemp>30.0</ns3:atemp>
          </ns3:TrackPointExtension>
        </extensions>
      </trkpt>
      <trkpt lat="46.119388081133365631103515625" lon="91.32513505406677722930908203125">
        <ele>1184.4000244140625</ele>
        <time>2025-08-07T06:28:00.000Z</time>
        <extensions>
          <ns3:TrackPointExtension>
            <ns3:atemp>30.0</ns3:atemp>
          </ns3:TrackPointExtension>
        </extensions>
      </trkpt>
      <trkpt lat="46.1193718202412128448486328125" lon="91.32545323111116886138916015625">
        <ele>1183.800048828125</ele>
        <time>2025-08-07T06:28:03.000Z</time>
        <extensions>
          <ns3:TrackPointExtension>
            <ns3:atemp>30.0</ns3:atemp>
          </ns3:TrackPointExtension>
        </extensions>
      </trkpt>
      <trkpt lat="46.11932178027927875518798828125" lon="91.326059997081756591796875">
        <ele>1183.5999755859375</ele>
        <time>2025-08-07T06:28:09.000Z</time>
        <extensions>
          <ns3:TrackPointExtension>
            <ns3:atemp>30.0</ns3:atemp>
          </ns3:TrackPointExtension>
        </extensions>
      </trkpt>
      <trkpt lat="46.11928607337176799774169921875" lon="91.32673935033380985260009765625">
        <ele>1184.199951171875</ele>
        <time>2025-08-07T06:28:16.000Z</time>
        <extensions>
          <ns3:TrackPointExtension>
            <ns3:atemp>30.0</ns3:atemp>
          </ns3:TrackPointExtension>
        </extensions>
      </trkpt>
      <trkpt lat="46.11923812888562679290771484375" lon="91.32755205966532230377197265625">
        <ele>1184.800048828125</ele>
        <time>2025-08-07T06:28:25.000Z</time>
        <extensions>
          <ns3:TrackPointExtension>
            <ns3:atemp>30.0</ns3:atemp>
          </ns3:TrackPointExtension>
        </extensions>
      </trkpt>
      <trkpt lat="46.119233854115009307861328125" lon="91.32763872854411602020263671875">
        <ele>1184.800048828125</ele>
        <time>2025-08-07T06:28:26.000Z</time>
        <extensions>
          <ns3:TrackPointExtension>
            <ns3:atemp>30.0</ns3:atemp>
          </ns3:TrackPointExtension>
        </extensions>
      </trkpt>
      <trkpt lat="46.11922287382185459136962890625" lon="91.3278106413781642913818359375">
        <ele>1184.800048828125</ele>
        <time>2025-08-07T06:28:28.000Z</time>
        <extensions>
          <ns3:TrackPointExtension>
            <ns3:atemp>30.0</ns3:atemp>
          </ns3:TrackPointExtension>
        </extensions>
      </trkpt>
      <trkpt lat="46.119187586009502410888671875" lon="91.32837407290935516357421875">
        <ele>1185.4000244140625</ele>
        <time>2025-08-07T06:28:35.000Z</time>
        <extensions>
          <ns3:TrackPointExtension>
            <ns3:atemp>30.0</ns3:atemp>
          </ns3:TrackPointExtension>
        </extensions>
      </trkpt>
      <trkpt lat="46.11914710141718387603759765625" lon="91.3289629854261875152587890625">
        <ele>1185.800048828125</ele>
        <time>2025-08-07T06:28:43.000Z</time>
        <extensions>
          <ns3:TrackPointExtension>
            <ns3:atemp>30.0</ns3:atemp>
          </ns3:TrackPointExtension>
        </extensions>
      </trkpt>
      <trkpt lat="46.11914190463721752166748046875" lon="91.3290394283831119537353515625">
        <ele>1186</ele>
        <time>2025-08-07T06:28:44.000Z</time>
        <extensions>
          <ns3:TrackPointExtension>
            <ns3:atemp>30.0</ns3:atemp>
          </ns3:TrackPointExtension>
        </extensions>
      </trkpt>
      <trkpt lat="46.11911256797611713409423828125" lon="91.3295071385800838470458984375">
        <ele>1187</ele>
        <time>2025-08-07T06:28:50.000Z</time>
        <extensions>
          <ns3:TrackPointExtension>
            <ns3:atemp>30.0</ns3:atemp>
          </ns3:TrackPointExtension>
        </extensions>
      </trkpt>
      <trkpt lat="46.11909605562686920166015625" lon="91.32974141277372837066650390625">
        <ele>1187.199951171875</ele>
        <time>2025-08-07T06:28:53.000Z</time>
        <extensions>
          <ns3:TrackPointExtension>
            <ns3:atemp>30.0</ns3:atemp>
          </ns3:TrackPointExtension>
        </extensions>
      </trkpt>
      <trkpt lat="46.1190564930438995361328125" lon="91.3304418884217739105224609375">
        <ele>1187.5999755859375</ele>
        <time>2025-08-07T06:29:03.000Z</time>
        <extensions>
          <ns3:TrackPointExtension>
            <ns3:atemp>30.0</ns3:atemp>
          </ns3:TrackPointExtension>
        </extensions>
      </trkpt>
      <trkpt lat="46.1190395615994930267333984375" lon="91.330728717148303985595703125">
        <ele>1188</ele>
        <time>2025-08-07T06:29:07.000Z</time>
        <extensions>
          <ns3:TrackPointExtension>
            <ns3:atemp>30.0</ns3:atemp>
          </ns3:TrackPointExtension>
        </extensions>
      </trkpt>
      <trkpt lat="46.1190097220242023468017578125" lon="91.33124596439301967620849609375">
        <ele>1188.5999755859375</ele>
        <time>2025-08-07T06:29:14.000Z</time>
        <extensions>
          <ns3:TrackPointExtension>
            <ns3:atemp>30.0</ns3:atemp>
          </ns3:TrackPointExtension>
        </extensions>
      </trkpt>
      <trkpt lat="46.11898600123822689056396484375" lon="91.33152122609317302703857421875">
        <ele>1188.5999755859375</ele>
        <time>2025-08-07T06:29:18.000Z</time>
        <extensions>
          <ns3:TrackPointExtension>
            <ns3:atemp>30.0</ns3:atemp>
          </ns3:TrackPointExtension>
        </extensions>
      </trkpt>
      <trkpt lat="46.11898600123822689056396484375" lon="91.33173496462404727935791015625">
        <ele>1188.5999755859375</ele>
        <time>2025-08-07T06:29:21.000Z</time>
        <extensions>
          <ns3:TrackPointExtension>
            <ns3:atemp>30.0</ns3:atemp>
          </ns3:TrackPointExtension>
        </extensions>
      </trkpt>
      <trkpt lat="46.1189554072916507720947265625" lon="91.3321102224290370941162109375">
        <ele>1189</ele>
        <time>2025-08-07T06:29:26.000Z</time>
        <extensions>
          <ns3:TrackPointExtension>
            <ns3:atemp>30.0</ns3:atemp>
          </ns3:TrackPointExtension>
        </extensions>
      </trkpt>
      <trkpt lat="46.1189384758472442626953125" lon="91.33241993375122547149658203125">
        <ele>1189.4000244140625</ele>
        <time>2025-08-07T06:29:30.000Z</time>
        <extensions>
          <ns3:TrackPointExtension>
            <ns3:atemp>30.0</ns3:atemp>
          </ns3:TrackPointExtension>
        </extensions>
      </trkpt>
      <trkpt lat="46.11890293657779693603515625" lon="91.33313055150210857391357421875">
        <ele>1189.800048828125</ele>
        <time>2025-08-07T06:29:39.000Z</time>
        <extensions>
          <ns3:TrackPointExtension>
            <ns3:atemp>30.0</ns3:atemp>
          </ns3:TrackPointExtension>
        </extensions>
      </trkpt>
      <trkpt lat="46.11888692714273929595947265625" lon="91.33336088620126247406005859375">
        <ele>1190.199951171875</ele>
        <time>2025-08-07T06:29:42.000Z</time>
        <extensions>
          <ns3:TrackPointExtension>
            <ns3:atemp>30.0</ns3:atemp>
          </ns3:TrackPointExtension>
        </extensions>
      </trkpt>
      <trkpt lat="46.11885038204491138458251953125" lon="91.33391710929572582244873046875">
        <ele>1190.800048828125</ele>
        <time>2025-08-07T06:29:50.000Z</time>
        <extensions>
          <ns3:TrackPointExtension>
            <ns3:atemp>30.0</ns3:atemp>
          </ns3:TrackPointExtension>
        </extensions>
      </trkpt>
      <trkpt lat="46.118813417851924896240234375" lon="91.3345532119274139404296875">
        <ele>1191.4000244140625</ele>
        <time>2025-08-07T06:29:59.000Z</time>
        <extensions>
          <ns3:TrackPointExtension>
            <ns3:atemp>30.0</ns3:atemp>
          </ns3:TrackPointExtension>
        </extensions>
      </trkpt>
      <trkpt lat="46.11880796961486339569091796875" lon="91.33462605066597461700439453125">
        <ele>1191.4000244140625</ele>
        <time>2025-08-07T06:30:00.000Z</time>
        <extensions>
          <ns3:TrackPointExtension>
            <ns3:atemp>30.0</ns3:atemp>
          </ns3:TrackPointExtension>
        </extensions>
      </trkpt>
      <trkpt lat="46.11876421608030796051025390625" lon="91.33520272560417652130126953125">
        <ele>1191.800048828125</ele>
        <time>2025-08-07T06:30:08.000Z</time>
        <extensions>
          <ns3:TrackPointExtension>
            <ns3:atemp>30.0</ns3:atemp>
          </ns3:TrackPointExtension>
        </extensions>
      </trkpt>
      <trkpt lat="46.1187212169170379638671875" lon="91.335802786052227020263671875">
        <ele>1192.199951171875</ele>
        <time>2025-08-07T06:30:17.000Z</time>
        <extensions>
          <ns3:TrackPointExtension>
            <ns3:atemp>30.0</ns3:atemp>
          </ns3:TrackPointExtension>
        </extensions>
      </trkpt>
      <trkpt lat="46.1186675727367401123046875" lon="91.336461603641510009765625">
        <ele>1192</ele>
        <time>2025-08-07T06:30:26.000Z</time>
        <extensions>
          <ns3:TrackPointExtension>
            <ns3:atemp>30.0</ns3:atemp>
          </ns3:TrackPointExtension>
        </extensions>
      </trkpt>
      <trkpt lat="46.11863664351403713226318359375" lon="91.33703568018972873687744140625">
        <ele>1192.199951171875</ele>
        <time>2025-08-07T06:30:34.000Z</time>
        <extensions>
          <ns3:TrackPointExtension>
            <ns3:atemp>30.0</ns3:atemp>
          </ns3:TrackPointExtension>
        </extensions>
      </trkpt>
      <trkpt lat="46.11863379366695880889892578125" lon="91.3371145538985729217529296875">
        <ele>1192.4000244140625</ele>
        <time>2025-08-07T06:30:35.000Z</time>
        <extensions>
          <ns3:TrackPointExtension>
            <ns3:atemp>30.0</ns3:atemp>
          </ns3:TrackPointExtension>
        </extensions>
      </trkpt>
      <trkpt lat="46.1186063848435878753662109375" lon="91.33765426464378833770751953125">
        <ele>1192.5999755859375</ele>
        <time>2025-08-07T06:30:42.000Z</time>
        <extensions>
          <ns3:TrackPointExtension>
            <ns3:atemp>30.0</ns3:atemp>
          </ns3:TrackPointExtension>
        </extensions>
      </trkpt>
      <trkpt lat="46.11855315975844860076904296875" lon="91.3383601047098636627197265625">
        <ele>1192.5999755859375</ele>
        <time>2025-08-07T06:30:51.000Z</time>
        <extensions>
          <ns3:TrackPointExtension>
            <ns3:atemp>30.0</ns3:atemp>
          </ns3:TrackPointExtension>
        </extensions>
      </trkpt>
      <trkpt lat="46.11849834211170673370361328125" lon="91.3389770127832889556884765625">
        <ele>1192.800048828125</ele>
        <time>2025-08-07T06:30:58.000Z</time>
        <extensions>
          <ns3:TrackPointExtension>
            <ns3:atemp>30.0</ns3:atemp>
          </ns3:TrackPointExtension>
        </extensions>
      </trkpt>
      <trkpt lat="46.11845442093908786773681640625" lon="91.3397887162864208221435546875">
        <ele>1193</ele>
        <time>2025-08-07T06:31:07.000Z</time>
        <extensions>
          <ns3:TrackPointExtension>
            <ns3:atemp>30.0</ns3:atemp>
          </ns3:TrackPointExtension>
        </extensions>
      </trkpt>
      <trkpt lat="46.1184404231607913970947265625" lon="91.3400410115718841552734375">
        <ele>1193.199951171875</ele>
        <time>2025-08-07T06:31:10.000Z</time>
        <extensions>
          <ns3:TrackPointExtension>
            <ns3:atemp>30.0</ns3:atemp>
          </ns3:TrackPointExtension>
        </extensions>
      </trkpt>
      <trkpt lat="46.11840664409101009368896484375" lon="91.3406701572239398956298828125">
        <ele>1193.199951171875</ele>
        <time>2025-08-07T06:31:18.000Z</time>
        <extensions>
          <ns3:TrackPointExtension>
            <ns3:atemp>30.0</ns3:atemp>
          </ns3:TrackPointExtension>
        </extensions>
      </trkpt>
      <trkpt lat="46.118388287723064422607421875" lon="91.3409028388559818267822265625">
        <ele>1193.4000244140625</ele>
        <time>2025-08-07T06:31:21.000Z</time>
        <extensions>
          <ns3:TrackPointExtension>
            <ns3:atemp>30.0</ns3:atemp>
          </ns3:TrackPointExtension>
        </extensions>
      </trkpt>
      <trkpt lat="46.11835132353007793426513671875" lon="91.341579593718051910400390625">
        <ele>1193.5999755859375</ele>
        <time>2025-08-07T06:31:29.000Z</time>
        <extensions>
          <ns3:TrackPointExtension>
            <ns3:atemp>30.0</ns3:atemp>
          </ns3:TrackPointExtension>
        </extensions>
      </trkpt>
      <trkpt lat="46.11831276677548885345458984375" lon="91.34235064499080181121826171875">
        <ele>1194</ele>
        <time>2025-08-07T06:31:39.000Z</time>
        <extensions>
          <ns3:TrackPointExtension>
            <ns3:atemp>30.0</ns3:atemp>
          </ns3:TrackPointExtension>
        </extensions>
      </trkpt>
      <trkpt lat="46.11828158609569072723388671875" lon="91.34293268434703350067138671875">
        <ele>1194</ele>
        <time>2025-08-07T06:31:47.000Z</time>
        <extensions>
          <ns3:TrackPointExtension>
            <ns3:atemp>30.0</ns3:atemp>
          </ns3:TrackPointExtension>
        </extensions>
      </trkpt>
      <trkpt lat="46.11823238432407379150390625" lon="91.34368957020342350006103515625">
        <ele>1194</ele>
        <time>2025-08-07T06:31:56.000Z</time>
        <extensions>
          <ns3:TrackPointExtension>
            <ns3:atemp>30.0</ns3:atemp>
          </ns3:TrackPointExtension>
        </extensions>
      </trkpt>
      <trkpt lat="46.11818603239953517913818359375" lon="91.34447797201573848724365234375">
        <ele>1194.199951171875</ele>
        <time>2025-08-07T06:32:06.000Z</time>
        <extensions>
          <ns3:TrackPointExtension>
            <ns3:atemp>30.0</ns3:atemp>
          </ns3:TrackPointExtension>
        </extensions>
      </trkpt>
      <trkpt lat="46.11813389696180820465087890625" lon="91.34528213180601596832275390625">
        <ele>1194.199951171875</ele>
        <time>2025-08-07T06:32:16.000Z</time>
        <extensions>
          <ns3:TrackPointExtension>
            <ns3:atemp>30.0</ns3:atemp>
          </ns3:TrackPointExtension>
        </extensions>
      </trkpt>
      <trkpt lat="46.11809466965496540069580078125" lon="91.34561405517160892486572265625">
        <ele>1194.4000244140625</ele>
        <time>2025-08-07T06:32:20.000Z</time>
        <extensions>
          <ns3:TrackPointExtension>
            <ns3:atemp>30.0</ns3:atemp>
          </ns3:TrackPointExtension>
        </extensions>
      </trkpt>
      <trkpt lat="46.11806851811707019805908203125" lon="91.3460546918213367462158203125">
        <ele>1194.5999755859375</ele>
        <time>2025-08-07T06:32:25.000Z</time>
        <extensions>
          <ns3:TrackPointExtension>
            <ns3:atemp>30.0</ns3:atemp>
          </ns3:TrackPointExtension>
        </extensions>
      </trkpt>
      <trkpt lat="46.1180474795401096343994140625" lon="91.34672784246504306793212890625">
        <ele>1195.4000244140625</ele>
        <time>2025-08-07T06:32:34.000Z</time>
        <extensions>
          <ns3:TrackPointExtension>
            <ns3:atemp>30.0</ns3:atemp>
          </ns3:TrackPointExtension>
        </extensions>
      </trkpt>
      <trkpt lat="46.11804555170238018035888671875" lon="91.3467912934720516204833984375">
        <ele>1195.4000244140625</ele>
        <time>2025-08-07T06:32:35.000Z</time>
        <extensions>
          <ns3:TrackPointExtension>
            <ns3:atemp>30.0</ns3:atemp>
          </ns3:TrackPointExtension>
        </extensions>
      </trkpt>
      <trkpt lat="46.118040271103382110595703125" lon="91.34685172699391841888427734375">
        <ele>1195.4000244140625</ele>
        <time>2025-08-07T06:32:36.000Z</time>
        <extensions>
          <ns3:TrackPointExtension>
            <ns3:atemp>30.0</ns3:atemp>
          </ns3:TrackPointExtension>
        </extensions>
      </trkpt>
      <trkpt lat="46.11802493222057819366455078125" lon="91.34708021767437458038330078125">
        <ele>1195.5999755859375</ele>
        <time>2025-08-07T06:32:40.000Z</time>
        <extensions>
          <ns3:TrackPointExtension>
            <ns3:atemp>30.0</ns3:atemp>
          </ns3:TrackPointExtension>
        </extensions>
      </trkpt>
      <trkpt lat="46.1179975233972072601318359375" lon="91.347500570118427276611328125">
        <ele>1196.199951171875</ele>
        <time>2025-08-07T06:32:48.000Z</time>
        <extensions>
          <ns3:TrackPointExtension>
            <ns3:atemp>30.0</ns3:atemp>
          </ns3:TrackPointExtension>
        </extensions>
      </trkpt>
      <trkpt lat="46.11798302270472049713134765625" lon="91.34770701639354228973388671875">
        <ele>1196.4000244140625</ele>
        <time>2025-08-07T06:32:52.000Z</time>
        <extensions>
          <ns3:TrackPointExtension>
            <ns3:atemp>30.0</ns3:atemp>
          </ns3:TrackPointExtension>
        </extensions>
      </trkpt>
      <trkpt lat="46.11796676181256771087646484375" lon="91.34799233637750148773193359375">
        <ele>1197</ele>
        <time>2025-08-07T06:32:57.000Z</time>
        <extensions>
          <ns3:TrackPointExtension>
            <ns3:atemp>30.0</ns3:atemp>
          </ns3:TrackPointExtension>
        </extensions>
      </trkpt>
      <trkpt lat="46.1179339885711669921875" lon="91.34850229136645793914794921875">
        <ele>1197.199951171875</ele>
        <time>2025-08-07T06:33:06.000Z</time>
        <extensions>
          <ns3:TrackPointExtension>
            <ns3:atemp>30.0</ns3:atemp>
          </ns3:TrackPointExtension>
        </extensions>
      </trkpt>
      <trkpt lat="46.11792250536382198333740234375" lon="91.3486614637076854705810546875">
        <ele>1197.5999755859375</ele>
        <time>2025-08-07T06:33:09.000Z</time>
        <extensions>
          <ns3:TrackPointExtension>
            <ns3:atemp>30.0</ns3:atemp>
          </ns3:TrackPointExtension>
        </extensions>
      </trkpt>
      <trkpt lat="46.117898114025592803955078125" lon="91.34903806261718273162841796875">
        <ele>1198</ele>
        <time>2025-08-07T06:33:15.000Z</time>
        <extensions>
          <ns3:TrackPointExtension>
            <ns3:atemp>30.0</ns3:atemp>
          </ns3:TrackPointExtension>
        </extensions>
      </trkpt>
      <trkpt lat="46.11785528250038623809814453125" lon="91.34956897236406803131103515625">
        <ele>1197.5999755859375</ele>
        <time>2025-08-07T06:33:23.000Z</time>
        <extensions>
          <ns3:TrackPointExtension>
            <ns3:atemp>30.0</ns3:atemp>
          </ns3:TrackPointExtension>
        </extensions>
      </trkpt>
      <trkpt lat="46.1178007163107395172119140625" lon="91.35017213411629199981689453125">
        <ele>1198</ele>
        <time>2025-08-07T06:33:32.000Z</time>
        <extensions>
          <ns3:TrackPointExtension>
            <ns3:atemp>30.0</ns3:atemp>
          </ns3:TrackPointExtension>
        </extensions>
      </trkpt>
      <trkpt lat="46.11778655089437961578369140625" lon="91.3503646664321422576904296875">
        <ele>1198</ele>
        <time>2025-08-07T06:33:35.000Z</time>
        <extensions>
          <ns3:TrackPointExtension>
            <ns3:atemp>30.0</ns3:atemp>
          </ns3:TrackPointExtension>
        </extensions>
      </trkpt>
      <trkpt lat="46.11779007129371166229248046875" lon="91.3505648262798786163330078125">
        <ele>1198</ele>
        <time>2025-08-07T06:33:38.000Z</time>
        <extensions>
          <ns3:TrackPointExtension>
            <ns3:atemp>30.0</ns3:atemp>
          </ns3:TrackPointExtension>
        </extensions>
      </trkpt>
      <trkpt lat="46.1177609860897064208984375" lon="91.350964643061161041259765625">
        <ele>1197.800048828125</ele>
        <time>2025-08-07T06:33:44.000Z</time>
        <extensions>
          <ns3:TrackPointExtension>
            <ns3:atemp>30.0</ns3:atemp>
          </ns3:TrackPointExtension>
        </extensions>
      </trkpt>
      <trkpt lat="46.1177189089357852935791015625" lon="91.35131827555596828460693359375">
        <ele>1197.5999755859375</ele>
        <time>2025-08-07T06:33:50.000Z</time>
        <extensions>
          <ns3:TrackPointExtension>
            <ns3:atemp>30.0</ns3:atemp>
          </ns3:TrackPointExtension>
        </extensions>
      </trkpt>
      <trkpt lat="46.1177132092416286468505859375" lon="91.3514496199786663055419921875">
        <ele>1197.5999755859375</ele>
        <time>2025-08-07T06:33:52.000Z</time>
        <extensions>
          <ns3:TrackPointExtension>
            <ns3:atemp>30.0</ns3:atemp>
          </ns3:TrackPointExtension>
        </extensions>
      </trkpt>
      <trkpt lat="46.117670126259326934814453125" lon="91.35201078839600086212158203125">
        <ele>1197.800048828125</ele>
        <time>2025-08-07T06:34:01.000Z</time>
        <extensions>
          <ns3:TrackPointExtension>
            <ns3:atemp>30.0</ns3:atemp>
          </ns3:TrackPointExtension>
        </extensions>
      </trkpt>
      <trkpt lat="46.1176582239568233489990234375" lon="91.3521138019859790802001953125">
        <ele>1198</ele>
        <time>2025-08-07T06:34:03.000Z</time>
        <extensions>
          <ns3:TrackPointExtension>
            <ns3:atemp>30.0</ns3:atemp>
          </ns3:TrackPointExtension>
        </extensions>
      </trkpt>
      <trkpt lat="46.11763098277151584625244140625" lon="91.3522505946457386016845703125">
        <ele>1198.199951171875</ele>
        <time>2025-08-07T06:34:06.000Z</time>
        <extensions>
          <ns3:TrackPointExtension>
            <ns3:atemp>30.0</ns3:atemp>
          </ns3:TrackPointExtension>
        </extensions>
      </trkpt>
      <trkpt lat="46.11760717816650867462158203125" lon="91.35259710252285003662109375">
        <ele>1198.199951171875</ele>
        <time>2025-08-07T06:34:13.000Z</time>
        <extensions>
          <ns3:TrackPointExtension>
            <ns3:atemp>30.0</ns3:atemp>
          </ns3:TrackPointExtension>
        </extensions>
      </trkpt>
      <trkpt lat="46.11757063306868076324462890625" lon="91.35281427763402462005615234375">
        <ele>1198.5999755859375</ele>
        <time>2025-08-07T06:34:17.000Z</time>
        <extensions>
          <ns3:TrackPointExtension>
            <ns3:atemp>30.0</ns3:atemp>
          </ns3:TrackPointExtension>
        </extensions>
      </trkpt>
      <trkpt lat="46.11756317317485809326171875" lon="91.3529224880039691925048828125">
        <ele>1198.800048828125</ele>
        <time>2025-08-07T06:34:19.000Z</time>
        <extensions>
          <ns3:TrackPointExtension>
            <ns3:atemp>30.0</ns3:atemp>
          </ns3:TrackPointExtension>
        </extensions>
      </trkpt>
      <trkpt lat="46.117528975009918212890625" lon="91.35349153541028499603271484375">
        <ele>1199.4000244140625</ele>
        <time>2025-08-07T06:34:29.000Z</time>
        <extensions>
          <ns3:TrackPointExtension>
            <ns3:atemp>30.0</ns3:atemp>
          </ns3:TrackPointExtension>
        </extensions>
      </trkpt>
      <trkpt lat="46.117509193718433380126953125" lon="91.35365766473114490509033203125">
        <ele>1199.5999755859375</ele>
        <time>2025-08-07T06:34:32.000Z</time>
        <extensions>
          <ns3:TrackPointExtension>
            <ns3:atemp>30.0</ns3:atemp>
          </ns3:TrackPointExtension>
        </extensions>
      </trkpt>
      <trkpt lat="46.1174758337438106536865234375" lon="91.35397785343229770660400390625">
        <ele>1199.800048828125</ele>
        <time>2025-08-07T06:34:38.000Z</time>
        <extensions>
          <ns3:TrackPointExtension>
            <ns3:atemp>30.0</ns3:atemp>
          </ns3:TrackPointExtension>
        </extensions>
      </trkpt>
      <trkpt lat="46.11742193810641765594482421875" lon="91.354472637176513671875">
        <ele>1199.800048828125</ele>
        <time>2025-08-07T06:34:47.000Z</time>
        <extensions>
          <ns3:TrackPointExtension>
            <ns3:atemp>30.0</ns3:atemp>
          </ns3:TrackPointExtension>
        </extensions>
      </trkpt>
      <trkpt lat="46.11737902276217937469482421875" lon="91.3548788242042064666748046875">
        <ele>1200</ele>
        <time>2025-08-07T06:34:54.000Z</time>
        <extensions>
          <ns3:TrackPointExtension>
            <ns3:atemp>30.0</ns3:atemp>
          </ns3:TrackPointExtension>
        </extensions>
      </trkpt>
      <trkpt lat="46.1173350177705287933349609375" lon="91.35542004369199275970458984375">
        <ele>1199.800048828125</ele>
        <time>2025-08-07T06:35:03.000Z</time>
        <extensions>
          <ns3:TrackPointExtension>
            <ns3:atemp>30.0</ns3:atemp>
          </ns3:TrackPointExtension>
        </extensions>
      </trkpt>
      <trkpt lat="46.11730643548071384429931640625" lon="91.355709135532379150390625">
        <ele>1200.199951171875</ele>
        <time>2025-08-07T06:35:08.000Z</time>
        <extensions>
          <ns3:TrackPointExtension>
            <ns3:atemp>30.0</ns3:atemp>
          </ns3:TrackPointExtension>
        </extensions>
      </trkpt>
      <trkpt lat="46.117318086326122283935546875" lon="91.35581868700683116912841796875">
        <ele>1200.199951171875</ele>
        <time>2025-08-07T06:35:10.000Z</time>
        <extensions>
          <ns3:TrackPointExtension>
            <ns3:atemp>30.0</ns3:atemp>
          </ns3:TrackPointExtension>
        </extensions>
      </trkpt>
      <trkpt lat="46.11732420511543750762939453125" lon="91.3558739237487316131591796875">
        <ele>1200.199951171875</ele>
        <time>2025-08-07T06:35:11.000Z</time>
        <extensions>
          <ns3:TrackPointExtension>
            <ns3:atemp>30.0</ns3:atemp>
          </ns3:TrackPointExtension>
        </extensions>
      </trkpt>
      <trkpt lat="46.1173095367848873138427734375" lon="91.3561072759330272674560546875">
        <ele>1200</ele>
        <time>2025-08-07T06:35:15.000Z</time>
        <extensions>
          <ns3:TrackPointExtension>
            <ns3:atemp>30.0</ns3:atemp>
          </ns3:TrackPointExtension>
        </extensions>
      </trkpt>
      <trkpt lat="46.11727483570575714111328125" lon="91.3565042428672313690185546875">
        <ele>1200.199951171875</ele>
        <time>2025-08-07T06:35:22.000Z</time>
        <extensions>
          <ns3:TrackPointExtension>
            <ns3:atemp>30.0</ns3:atemp>
          </ns3:TrackPointExtension>
        </extensions>
      </trkpt>
      <trkpt lat="46.1172716505825519561767578125" lon="91.3565580546855926513671875">
        <ele>1200.199951171875</ele>
        <time>2025-08-07T06:35:23.000Z</time>
        <extensions>
          <ns3:TrackPointExtension>
            <ns3:atemp>30.0</ns3:atemp>
          </ns3:TrackPointExtension>
        </extensions>
      </trkpt>
      <trkpt lat="46.11724541522562503814697265625" lon="91.35679635219275951385498046875">
        <ele>1200.199951171875</ele>
        <time>2025-08-07T06:35:28.000Z</time>
        <extensions>
          <ns3:TrackPointExtension>
            <ns3:atemp>30.0</ns3:atemp>
          </ns3:TrackPointExtension>
        </extensions>
      </trkpt>
      <trkpt lat="46.1172203533351421356201171875" lon="91.3571600429713726043701171875">
        <ele>1200.5999755859375</ele>
        <time>2025-08-07T06:35:35.000Z</time>
        <extensions>
          <ns3:TrackPointExtension>
            <ns3:atemp>30.0</ns3:atemp>
          </ns3:TrackPointExtension>
        </extensions>
      </trkpt>
      <trkpt lat="46.1171921901404857635498046875" lon="91.357526667416095733642578125">
        <ele>1201</ele>
        <time>2025-08-07T06:35:43.000Z</time>
        <extensions>
          <ns3:TrackPointExtension>
            <ns3:atemp>30.0</ns3:atemp>
          </ns3:TrackPointExtension>
        </extensions>
      </trkpt>
      <trkpt lat="46.11716109327971935272216796875" lon="91.35768927633762359619140625">
        <ele>1201.4000244140625</ele>
        <time>2025-08-07T06:35:48.000Z</time>
        <extensions>
          <ns3:TrackPointExtension>
            <ns3:atemp>30.0</ns3:atemp>
          </ns3:TrackPointExtension>
        </extensions>
      </trkpt>
      <trkpt lat="46.11713661812245845794677734375" lon="91.35793528519570827484130859375">
        <ele>1201.5999755859375</ele>
        <time>2025-08-07T06:35:54.000Z</time>
        <extensions>
          <ns3:TrackPointExtension>
            <ns3:atemp>30.0</ns3:atemp>
          </ns3:TrackPointExtension>
        </extensions>
      </trkpt>
      <trkpt lat="46.11713133752346038818359375" lon="91.357981972396373748779296875">
        <ele>1201.5999755859375</ele>
        <time>2025-08-07T06:35:55.000Z</time>
        <extensions>
          <ns3:TrackPointExtension>
            <ns3:atemp>30.0</ns3:atemp>
          </ns3:TrackPointExtension>
        </extensions>
      </trkpt>
      <trkpt lat="46.1171123944222927093505859375" lon="91.35807626880705356597900390625">
        <ele>1201.800048828125</ele>
        <time>2025-08-07T06:35:57.000Z</time>
        <extensions>
          <ns3:TrackPointExtension>
            <ns3:atemp>30.0</ns3:atemp>
          </ns3:TrackPointExtension>
        </extensions>
      </trkpt>
      <trkpt lat="46.1170852370560169219970703125" lon="91.358327306807041168212890625">
        <ele>1202.199951171875</ele>
        <time>2025-08-07T06:36:02.000Z</time>
        <extensions>
          <ns3:TrackPointExtension>
            <ns3:atemp>30.0</ns3:atemp>
          </ns3:TrackPointExtension>
        </extensions>
      </trkpt>
      <trkpt lat="46.11705548129975795745849609375" lon="91.35857633315026760101318359375">
        <ele>1202.5999755859375</ele>
        <time>2025-08-07T06:36:07.000Z</time>
        <extensions>
          <ns3:TrackPointExtension>
            <ns3:atemp>30.0</ns3:atemp>
          </ns3:TrackPointExtension>
        </extensions>
      </trkpt>
      <trkpt lat="46.11703720875084400177001953125" lon="91.358789987862110137939453125">
        <ele>1203</ele>
        <time>2025-08-07T06:36:12.000Z</time>
        <extensions>
          <ns3:TrackPointExtension>
            <ns3:atemp>30.0</ns3:atemp>
          </ns3:TrackPointExtension>
        </extensions>
      </trkpt>
      <trkpt lat="46.11701424233615398406982421875" lon="91.35912023484706878662109375">
        <ele>1203.5999755859375</ele>
        <time>2025-08-07T06:36:19.000Z</time>
        <extensions>
          <ns3:TrackPointExtension>
            <ns3:atemp>30.0</ns3:atemp>
          </ns3:TrackPointExtension>
        </extensions>
      </trkpt>
      <trkpt lat="46.1170099675655364990234375" lon="91.35916692204773426055908203125">
        <ele>1203.800048828125</ele>
        <time>2025-08-07T06:36:20.000Z</time>
        <extensions>
          <ns3:TrackPointExtension>
            <ns3:atemp>30.0</ns3:atemp>
          </ns3:TrackPointExtension>
        </extensions>
      </trkpt>
      <trkpt lat="46.11697954125702381134033203125" lon="91.35955701582133769989013671875">
        <ele>1204.4000244140625</ele>
        <time>2025-08-07T06:36:28.000Z</time>
        <extensions>
          <ns3:TrackPointExtension>
            <ns3:atemp>30.0</ns3:atemp>
          </ns3:TrackPointExtension>
        </extensions>
      </trkpt>
      <trkpt lat="46.11696814186871051788330078125" lon="91.3598008453845977783203125">
        <ele>1204.800048828125</ele>
        <time>2025-08-07T06:36:33.000Z</time>
        <extensions>
          <ns3:TrackPointExtension>
            <ns3:atemp>30.0</ns3:atemp>
          </ns3:TrackPointExtension>
        </extensions>
      </trkpt>
      <trkpt lat="46.11694903112947940826416015625" lon="91.35999740101397037506103515625">
        <ele>1205.199951171875</ele>
        <time>2025-08-07T06:36:37.000Z</time>
        <extensions>
          <ns3:TrackPointExtension>
            <ns3:atemp>30.0</ns3:atemp>
          </ns3:TrackPointExtension>
        </extensions>
      </trkpt>
      <trkpt lat="46.11690578050911426544189453125" lon="91.36039830744266510009765625">
        <ele>1205.800048828125</ele>
        <time>2025-08-07T06:36:45.000Z</time>
        <extensions>
          <ns3:TrackPointExtension>
            <ns3:atemp>30.0</ns3:atemp>
          </ns3:TrackPointExtension>
        </extensions>
      </trkpt>
      <trkpt lat="46.11690075136721134185791015625" lon="91.36044885031878948211669921875">
        <ele>1206</ele>
        <time>2025-08-07T06:36:46.000Z</time>
        <extensions>
          <ns3:TrackPointExtension>
            <ns3:atemp>30.0</ns3:atemp>
          </ns3:TrackPointExtension>
        </extensions>
      </trkpt>
      <trkpt lat="46.116883568465709686279296875" lon="91.36073836125433444976806640625">
        <ele>1206.5999755859375</ele>
        <time>2025-08-07T06:36:52.000Z</time>
        <extensions>
          <ns3:TrackPointExtension>
            <ns3:atemp>30.0</ns3:atemp>
          </ns3:TrackPointExtension>
        </extensions>
      </trkpt>
      <trkpt lat="46.1168713308870792388916015625" lon="91.360866017639636993408203125">
        <ele>1207</ele>
        <time>2025-08-07T06:36:55.000Z</time>
        <extensions>
          <ns3:TrackPointExtension>
            <ns3:atemp>30.0</ns3:atemp>
          </ns3:TrackPointExtension>
        </extensions>
      </trkpt>
      <trkpt lat="46.11685163341462612152099609375" lon="91.3610480725765228271484375">
        <ele>1207.199951171875</ele>
        <time>2025-08-07T06:36:59.000Z</time>
        <extensions>
          <ns3:TrackPointExtension>
            <ns3:atemp>30.0</ns3:atemp>
          </ns3:TrackPointExtension>
        </extensions>
      </trkpt>
      <trkpt lat="46.11681072972714900970458984375" lon="91.361486278474330902099609375">
        <ele>1208</ele>
        <time>2025-08-07T06:37:08.000Z</time>
        <extensions>
          <ns3:TrackPointExtension>
            <ns3:atemp>30.0</ns3:atemp>
          </ns3:TrackPointExtension>
        </extensions>
      </trkpt>
      <trkpt lat="46.11679966561496257781982421875" lon="91.3615866936743259429931640625">
        <ele>1208.199951171875</ele>
        <time>2025-08-07T06:37:10.000Z</time>
        <extensions>
          <ns3:TrackPointExtension>
            <ns3:atemp>30.0</ns3:atemp>
          </ns3:TrackPointExtension>
        </extensions>
      </trkpt>
      <trkpt lat="46.1167771182954311370849609375" lon="91.36199690401554107666015625">
        <ele>1208.800048828125</ele>
        <time>2025-08-07T06:37:19.000Z</time>
        <extensions>
          <ns3:TrackPointExtension>
            <ns3:atemp>30.0</ns3:atemp>
          </ns3:TrackPointExtension>
        </extensions>
      </trkpt>
      <trkpt lat="46.1167566664516925811767578125" lon="91.36224609799683094024658203125">
        <ele>1209</ele>
        <time>2025-08-07T06:37:24.000Z</time>
        <extensions>
          <ns3:TrackPointExtension>
            <ns3:atemp>30.0</ns3:atemp>
          </ns3:TrackPointExtension>
        </extensions>
      </trkpt>
      <trkpt lat="46.11673931591212749481201171875" lon="91.36255438439548015594482421875">
        <ele>1209.4000244140625</ele>
        <time>2025-08-07T06:37:30.000Z</time>
        <extensions>
          <ns3:TrackPointExtension>
            <ns3:atemp>30.0</ns3:atemp>
          </ns3:TrackPointExtension>
        </extensions>
      </trkpt>
      <trkpt lat="46.11670914106070995330810546875" lon="91.3627749122679233551025390625">
        <ele>1210.199951171875</ele>
        <time>2025-08-07T06:37:35.000Z</time>
        <extensions>
          <ns3:TrackPointExtension>
            <ns3:atemp>30.0</ns3:atemp>
          </ns3:TrackPointExtension>
        </extensions>
      </trkpt>
      <trkpt lat="46.11670629121363162994384765625" lon="91.362912543118000030517578125">
        <ele>1210.800048828125</ele>
        <time>2025-08-07T06:37:38.000Z</time>
        <extensions>
          <ns3:TrackPointExtension>
            <ns3:atemp>30.0</ns3:atemp>
          </ns3:TrackPointExtension>
        </extensions>
      </trkpt>
      <trkpt lat="46.11669547855854034423828125" lon="91.3631628267467021942138671875">
        <ele>1211.199951171875</ele>
        <time>2025-08-07T06:37:44.000Z</time>
        <extensions>
          <ns3:TrackPointExtension>
            <ns3:atemp>30.0</ns3:atemp>
          </ns3:TrackPointExtension>
        </extensions>
      </trkpt>
      <trkpt lat="46.1166912876069545745849609375" lon="91.3632550276815891265869140625">
        <ele>1211.5999755859375</ele>
        <time>2025-08-07T06:37:46.000Z</time>
        <extensions>
          <ns3:TrackPointExtension>
            <ns3:atemp>30.0</ns3:atemp>
          </ns3:TrackPointExtension>
        </extensions>
      </trkpt>
      <trkpt lat="46.11664376221597194671630859375" lon="91.36351863853633403778076171875">
        <ele>1212.199951171875</ele>
        <time>2025-08-07T06:37:52.000Z</time>
        <extensions>
          <ns3:TrackPointExtension>
            <ns3:atemp>30.0</ns3:atemp>
          </ns3:TrackPointExtension>
        </extensions>
      </trkpt>
      <trkpt lat="46.11663353629410266876220703125" lon="91.36363648809492588043212890625">
        <ele>1212.5999755859375</ele>
        <time>2025-08-07T06:37:55.000Z</time>
        <extensions>
          <ns3:TrackPointExtension>
            <ns3:atemp>30.0</ns3:atemp>
          </ns3:TrackPointExtension>
        </extensions>
      </trkpt>
      <trkpt lat="46.1166101507842540740966796875" lon="91.3639582693576812744140625">
        <ele>1213.4000244140625</ele>
        <time>2025-08-07T06:38:03.000Z</time>
        <extensions>
          <ns3:TrackPointExtension>
            <ns3:atemp>30.0</ns3:atemp>
          </ns3:TrackPointExtension>
        </extensions>
      </trkpt>
      <trkpt lat="46.11660185270011425018310546875" lon="91.3640020228922367095947265625">
        <ele>1213.4000244140625</ele>
        <time>2025-08-07T06:38:04.000Z</time>
        <extensions>
          <ns3:TrackPointExtension>
            <ns3:atemp>30.0</ns3:atemp>
          </ns3:TrackPointExtension>
        </extensions>
      </trkpt>
      <trkpt lat="46.1165457777678966522216796875" lon="91.36444165371358394622802734375">
        <ele>1214.199951171875</ele>
        <time>2025-08-07T06:38:13.000Z</time>
        <extensions>
          <ns3:TrackPointExtension>
            <ns3:atemp>30.0</ns3:atemp>
          </ns3:TrackPointExtension>
        </extensions>
      </trkpt>
      <trkpt lat="46.116526834666728973388671875" lon="91.3645941205322742462158203125">
        <ele>1214.4000244140625</ele>
        <time>2025-08-07T06:38:16.000Z</time>
        <extensions>
          <ns3:TrackPointExtension>
            <ns3:atemp>30.0</ns3:atemp>
          </ns3:TrackPointExtension>
        </extensions>
      </trkpt>
      <trkpt lat="46.11650529317557811737060546875" lon="91.3649518601596355438232421875">
        <ele>1215.199951171875</ele>
        <time>2025-08-07T06:38:23.000Z</time>
        <extensions>
          <ns3:TrackPointExtension>
            <ns3:atemp>30.0</ns3:atemp>
          </ns3:TrackPointExtension>
        </extensions>
      </trkpt>
      <trkpt lat="46.1164773814380168914794921875" lon="91.36527246795594692230224609375">
        <ele>1215.4000244140625</ele>
        <time>2025-08-07T06:38:29.000Z</time>
        <extensions>
          <ns3:TrackPointExtension>
            <ns3:atemp>30.0</ns3:atemp>
          </ns3:TrackPointExtension>
        </extensions>
      </trkpt>
      <trkpt lat="46.116444356739521026611328125" lon="91.365430466830730438232421875">
        <ele>1215.5999755859375</ele>
        <time>2025-08-07T06:38:32.000Z</time>
        <extensions>
          <ns3:TrackPointExtension>
            <ns3:atemp>30.0</ns3:atemp>
          </ns3:TrackPointExtension>
        </extensions>
      </trkpt>
      <trkpt lat="46.116412170231342315673828125" lon="91.3657692633569240570068359375">
        <ele>1216.5999755859375</ele>
        <time>2025-08-07T06:38:38.000Z</time>
        <extensions>
          <ns3:TrackPointExtension>
            <ns3:atemp>30.0</ns3:atemp>
          </ns3:TrackPointExtension>
        </extensions>
      </trkpt>
      <trkpt lat="46.1163744516670703887939453125" lon="91.366293467581272125244140625">
        <ele>1217.199951171875</ele>
        <time>2025-08-07T06:38:47.000Z</time>
        <extensions>
          <ns3:TrackPointExtension>
            <ns3:atemp>30.0</ns3:atemp>
          </ns3:TrackPointExtension>
        </extensions>
      </trkpt>
      <trkpt lat="46.11635307781398296356201171875" lon="91.36652807705104351043701171875">
        <ele>1217.5999755859375</ele>
        <time>2025-08-07T06:38:51.000Z</time>
        <extensions>
          <ns3:TrackPointExtension>
            <ns3:atemp>30.0</ns3:atemp>
          </ns3:TrackPointExtension>
        </extensions>
      </trkpt>
      <trkpt lat="46.11632826738059520721435546875" lon="91.36682295240461826324462890625">
        <ele>1218.4000244140625</ele>
        <time>2025-08-07T06:38:56.000Z</time>
        <extensions>
          <ns3:TrackPointExtension>
            <ns3:atemp>30.0</ns3:atemp>
          </ns3:TrackPointExtension>
        </extensions>
      </trkpt>
      <trkpt lat="46.11630060710012912750244140625" lon="91.367116235196590423583984375">
        <ele>1218.800048828125</ele>
        <time>2025-08-07T06:39:01.000Z</time>
        <extensions>
          <ns3:TrackPointExtension>
            <ns3:atemp>30.0</ns3:atemp>
          </ns3:TrackPointExtension>
        </extensions>
      </trkpt>
      <trkpt lat="46.1162681691348552703857421875" lon="91.36744447052478790283203125">
        <ele>1218.800048828125</ele>
        <time>2025-08-07T06:39:06.000Z</time>
        <extensions>
          <ns3:TrackPointExtension>
            <ns3:atemp>30.0</ns3:atemp>
          </ns3:TrackPointExtension>
        </extensions>
      </trkpt>
      <trkpt lat="46.116212345659732818603515625" lon="91.3680870272219181060791015625">
        <ele>1219</ele>
        <time>2025-08-07T06:39:15.000Z</time>
        <extensions>
          <ns3:TrackPointExtension>
            <ns3:atemp>30.0</ns3:atemp>
          </ns3:TrackPointExtension>
        </extensions>
      </trkpt>
      <trkpt lat="46.11617387272417545318603515625" lon="91.36854442767798900604248046875">
        <ele>1219</ele>
        <time>2025-08-07T06:39:21.000Z</time>
        <extensions>
          <ns3:TrackPointExtension>
            <ns3:atemp>30.0</ns3:atemp>
          </ns3:TrackPointExtension>
        </extensions>
      </trkpt>
      <trkpt lat="46.116143278777599334716796875" lon="91.36886880733072757720947265625">
        <ele>1219</ele>
        <time>2025-08-07T06:39:25.000Z</time>
        <extensions>
          <ns3:TrackPointExtension>
            <ns3:atemp>30.0</ns3:atemp>
          </ns3:TrackPointExtension>
        </extensions>
      </trkpt>
      <trkpt lat="46.1160944961011409759521484375" lon="91.3695635832846164703369140625">
        <ele>1219</ele>
        <time>2025-08-07T06:39:34.000Z</time>
        <extensions>
          <ns3:TrackPointExtension>
            <ns3:atemp>30.0</ns3:atemp>
          </ns3:TrackPointExtension>
        </extensions>
      </trkpt>
      <trkpt lat="46.11602299846708774566650390625" lon="91.37026439420878887176513671875">
        <ele>1219</ele>
        <time>2025-08-07T06:39:44.000Z</time>
        <extensions>
          <ns3:TrackPointExtension>
            <ns3:atemp>30.0</ns3:atemp>
          </ns3:TrackPointExtension>
        </extensions>
      </trkpt>
      <trkpt lat="46.11597421579062938690185546875" lon="91.37084157206118106842041015625">
        <ele>1218.800048828125</ele>
        <time>2025-08-07T06:39:52.000Z</time>
        <extensions>
          <ns3:TrackPointExtension>
            <ns3:atemp>30.0</ns3:atemp>
          </ns3:TrackPointExtension>
        </extensions>
      </trkpt>
      <trkpt lat="46.11593180336058139801025390625" lon="91.3713948614895343780517578125">
        <ele>1218</ele>
        <time>2025-08-07T06:39:59.000Z</time>
        <extensions>
          <ns3:TrackPointExtension>
            <ns3:atemp>30.0</ns3:atemp>
          </ns3:TrackPointExtension>
        </extensions>
      </trkpt>
      <trkpt lat="46.11591638065874576568603515625" lon="91.3715675286948680877685546875">
        <ele>1217.5999755859375</ele>
        <time>2025-08-07T06:40:01.000Z</time>
        <extensions>
          <ns3:TrackPointExtension>
            <ns3:atemp>30.0</ns3:atemp>
          </ns3:TrackPointExtension>
        </extensions>
      </trkpt>
      <trkpt lat="46.11588134430348873138427734375" lon="91.37193574570119380950927734375">
        <ele>1217.199951171875</ele>
        <time>2025-08-07T06:40:05.000Z</time>
        <extensions>
          <ns3:TrackPointExtension>
            <ns3:atemp>30.0</ns3:atemp>
          </ns3:TrackPointExtension>
        </extensions>
      </trkpt>
      <trkpt lat="46.11584127880632877349853515625" lon="91.3723396696150302886962890625">
        <ele>1216.5999755859375</ele>
        <time>2025-08-07T06:40:09.000Z</time>
        <extensions>
          <ns3:TrackPointExtension>
            <ns3:atemp>30.0</ns3:atemp>
          </ns3:TrackPointExtension>
        </extensions>
      </trkpt>
      <trkpt lat="46.11581311561167240142822265625" lon="91.37266363017261028289794921875">
        <ele>1215.800048828125</ele>
        <time>2025-08-07T06:40:12.000Z</time>
        <extensions>
          <ns3:TrackPointExtension>
            <ns3:atemp>30.0</ns3:atemp>
          </ns3:TrackPointExtension>
        </extensions>
      </trkpt>
      <trkpt lat="46.1157961003482341766357421875" lon="91.372893042862415313720703125">
        <ele>1215.4000244140625</ele>
        <time>2025-08-07T06:40:14.000Z</time>
        <extensions>
          <ns3:TrackPointExtension>
            <ns3:atemp>30.0</ns3:atemp>
          </ns3:TrackPointExtension>
        </extensions>
      </trkpt>
      <trkpt lat="46.11577154137194156646728515625" lon="91.37337491847574710845947265625">
        <ele>1214.4000244140625</ele>
        <time>2025-08-07T06:40:18.000Z</time>
        <extensions>
          <ns3:TrackPointExtension>
            <ns3:atemp>30.0</ns3:atemp>
          </ns3:TrackPointExtension>
        </extensions>
      </trkpt>
      <trkpt lat="46.11570012755692005157470703125" lon="91.37401412241160869598388671875">
        <ele>1213.199951171875</ele>
        <time>2025-08-07T06:40:23.000Z</time>
        <extensions>
          <ns3:TrackPointExtension>
            <ns3:atemp>30.0</ns3:atemp>
          </ns3:TrackPointExtension>
        </extensions>
      </trkpt>
      <trkpt lat="46.11568705178797245025634765625" lon="91.3741471432149410247802734375">
        <ele>1212.800048828125</ele>
        <time>2025-08-07T06:40:24.000Z</time>
        <extensions>
          <ns3:TrackPointExtension>
            <ns3:atemp>30.0</ns3:atemp>
          </ns3:TrackPointExtension>
        </extensions>
      </trkpt>
      <trkpt lat="46.11564933322370052337646484375" lon="91.374554336071014404296875">
        <ele>1212</ele>
        <time>2025-08-07T06:40:27.000Z</time>
        <extensions>
          <ns3:TrackPointExtension>
            <ns3:atemp>30.0</ns3:atemp>
          </ns3:TrackPointExtension>
        </extensions>
      </trkpt>
      <trkpt lat="46.115598119795322418212890625" lon="91.37511902488768100738525390625">
        <ele>1211</ele>
        <time>2025-08-07T06:40:31.000Z</time>
        <extensions>
          <ns3:TrackPointExtension>
            <ns3:atemp>30.0</ns3:atemp>
          </ns3:TrackPointExtension>
        </extensions>
      </trkpt>
      <trkpt lat="46.1155857145786285400390625" lon="91.3752656243741512298583984375">
        <ele>1210.800048828125</ele>
        <time>2025-08-07T06:40:32.000Z</time>
        <extensions>
          <ns3:TrackPointExtension>
            <ns3:atemp>30.0</ns3:atemp>
          </ns3:TrackPointExtension>
        </extensions>
      </trkpt>
      <trkpt lat="46.11553399823606014251708984375" lon="91.37586015276610851287841796875">
        <ele>1209.800048828125</ele>
        <time>2025-08-07T06:40:36.000Z</time>
        <extensions>
          <ns3:TrackPointExtension>
            <ns3:atemp>30.0</ns3:atemp>
          </ns3:TrackPointExtension>
        </extensions>
      </trkpt>
      <trkpt lat="46.1154973693192005157470703125" lon="91.37632149271667003631591796875">
        <ele>1209</ele>
        <time>2025-08-07T06:40:39.000Z</time>
        <extensions>
          <ns3:TrackPointExtension>
            <ns3:atemp>30.0</ns3:atemp>
          </ns3:TrackPointExtension>
        </extensions>
      </trkpt>
      <trkpt lat="46.11548488028347492218017578125" lon="91.37647957541048526763916015625">
        <ele>1208.5999755859375</ele>
        <time>2025-08-07T06:40:40.000Z</time>
        <extensions>
          <ns3:TrackPointExtension>
            <ns3:atemp>30.0</ns3:atemp>
          </ns3:TrackPointExtension>
        </extensions>
      </trkpt>
      <trkpt lat="46.11543073318898677825927734375" lon="91.37712866999208927154541015625">
        <ele>1207.5999755859375</ele>
        <time>2025-08-07T06:40:44.000Z</time>
        <extensions>
          <ns3:TrackPointExtension>
            <ns3:atemp>30.0</ns3:atemp>
          </ns3:TrackPointExtension>
        </extensions>
      </trkpt>
      <trkpt lat="46.11538614146411418914794921875" lon="91.37762370519340038299560546875">
        <ele>1206.5999755859375</ele>
        <time>2025-08-07T06:40:47.000Z</time>
        <extensions>
          <ns3:TrackPointExtension>
            <ns3:atemp>30.0</ns3:atemp>
          </ns3:TrackPointExtension>
        </extensions>
      </trkpt>
      <trkpt lat="46.11537323333323001861572265625" lon="91.37779184617102146148681640625">
        <ele>1206.199951171875</ele>
        <time>2025-08-07T06:40:48.000Z</time>
        <extensions>
          <ns3:TrackPointExtension>
            <ns3:atemp>30.0</ns3:atemp>
          </ns3:TrackPointExtension>
        </extensions>
      </trkpt>
      <trkpt lat="46.11532981507480144500732421875" lon="91.37829777784645557403564453125">
        <ele>1205.4000244140625</ele>
        <time>2025-08-07T06:40:51.000Z</time>
        <extensions>
          <ns3:TrackPointExtension>
            <ns3:atemp>30.0</ns3:atemp>
          </ns3:TrackPointExtension>
        </extensions>
      </trkpt>
      <trkpt lat="46.11525136046111583709716796875" lon="91.37911367230117321014404296875">
        <ele>1204.5999755859375</ele>
        <time>2025-08-07T06:40:56.000Z</time>
        <extensions>
          <ns3:TrackPointExtension>
            <ns3:atemp>30.0</ns3:atemp>
          </ns3:TrackPointExtension>
        </extensions>
      </trkpt>
      <trkpt lat="46.1152194254100322723388671875" lon="91.37942983768880367279052734375">
        <ele>1204.4000244140625</ele>
        <time>2025-08-07T06:40:58.000Z</time>
        <extensions>
          <ns3:TrackPointExtension>
            <ns3:atemp>30.0</ns3:atemp>
          </ns3:TrackPointExtension>
        </extensions>
      </trkpt>
      <trkpt lat="46.115152537822723388671875" lon="91.38017700053751468658447265625">
        <ele>1204.5999755859375</ele>
        <time>2025-08-07T06:41:03.000Z</time>
        <extensions>
          <ns3:TrackPointExtension>
            <ns3:atemp>30.0</ns3:atemp>
          </ns3:TrackPointExtension>
        </extensions>
      </trkpt>
      <trkpt lat="46.115081124007701873779296875" lon="91.38099943287670612335205078125">
        <ele>1205</ele>
        <time>2025-08-07T06:41:09.000Z</time>
        <extensions>
          <ns3:TrackPointExtension>
            <ns3:atemp>30.0</ns3:atemp>
          </ns3:TrackPointExtension>
        </extensions>
      </trkpt>
      <trkpt lat="46.11505622975528240203857421875" lon="91.381259523332118988037109375">
        <ele>1205</ele>
        <time>2025-08-07T06:41:11.000Z</time>
        <extensions>
          <ns3:TrackPointExtension>
            <ns3:atemp>30.0</ns3:atemp>
          </ns3:TrackPointExtension>
        </extensions>
      </trkpt>
      <trkpt lat="46.11497743986546993255615234375" lon="91.3820881582796573638916015625">
        <ele>1205.800048828125</ele>
        <time>2025-08-07T06:41:18.000Z</time>
        <extensions>
          <ns3:TrackPointExtension>
            <ns3:atemp>30.0</ns3:atemp>
          </ns3:TrackPointExtension>
        </extensions>
      </trkpt>
      <trkpt lat="46.11495598219335079193115234375" lon="91.38239904306828975677490234375">
        <ele>1206.4000244140625</ele>
        <time>2025-08-07T06:41:21.000Z</time>
        <extensions>
          <ns3:TrackPointExtension>
            <ns3:atemp>30.0</ns3:atemp>
          </ns3:TrackPointExtension>
        </extensions>
      </trkpt>
      <trkpt lat="46.11493938602507114410400390625" lon="91.38267279602587223052978515625">
        <ele>1206.800048828125</ele>
        <time>2025-08-07T06:41:24.000Z</time>
        <extensions>
          <ns3:TrackPointExtension>
            <ns3:atemp>30.0</ns3:atemp>
          </ns3:TrackPointExtension>
        </extensions>
      </trkpt>
      <trkpt lat="46.1149066127836704254150390625" lon="91.38298057951033115386962890625">
        <ele>1207.5999755859375</ele>
        <time>2025-08-07T06:41:28.000Z</time>
        <extensions>
          <ns3:TrackPointExtension>
            <ns3:atemp>30.0</ns3:atemp>
          </ns3:TrackPointExtension>
        </extensions>
      </trkpt>
      <trkpt lat="46.11489127390086650848388671875" lon="91.38311804272234439849853515625">
        <ele>1208</ele>
        <time>2025-08-07T06:41:30.000Z</time>
        <extensions>
          <ns3:TrackPointExtension>
            <ns3:atemp>30.0</ns3:atemp>
          </ns3:TrackPointExtension>
        </extensions>
      </trkpt>
      <trkpt lat="46.11487601883709430694580078125" lon="91.38331635855138301849365234375">
        <ele>1208.5999755859375</ele>
        <time>2025-08-07T06:41:33.000Z</time>
        <extensions>
          <ns3:TrackPointExtension>
            <ns3:atemp>29.0</ns3:atemp>
          </ns3:TrackPointExtension>
        </extensions>
      </trkpt>
      <trkpt lat="46.11485523171722888946533203125" lon="91.383571922779083251953125">
        <ele>1209.199951171875</ele>
        <time>2025-08-07T06:41:37.000Z</time>
        <extensions>
          <ns3:TrackPointExtension>
            <ns3:atemp>29.0</ns3:atemp>
          </ns3:TrackPointExtension>
        </extensions>
      </trkpt>
      <trkpt lat="46.114848442375659942626953125" lon="91.3836911134421825408935546875">
        <ele>1209.5999755859375</ele>
        <time>2025-08-07T06:41:39.000Z</time>
        <extensions>
          <ns3:TrackPointExtension>
            <ns3:atemp>29.0</ns3:atemp>
          </ns3:TrackPointExtension>
        </extensions>
      </trkpt>
      <trkpt lat="46.11482237465679645538330078125" lon="91.3840077817440032958984375">
        <ele>1210.4000244140625</ele>
        <time>2025-08-07T06:41:45.000Z</time>
        <extensions>
          <ns3:TrackPointExtension>
            <ns3:atemp>29.0</ns3:atemp>
          </ns3:TrackPointExtension>
        </extensions>
      </trkpt>
      <trkpt lat="46.11481432802975177764892578125" lon="91.3840595819056034088134765625">
        <ele>1210.5999755859375</ele>
        <time>2025-08-07T06:41:46.000Z</time>
        <extensions>
          <ns3:TrackPointExtension>
            <ns3:atemp>29.0</ns3:atemp>
          </ns3:TrackPointExtension>
        </extensions>
      </trkpt>
      <trkpt lat="46.11478264443576335906982421875" lon="91.38441472314298152923583984375">
        <ele>1211.199951171875</ele>
        <time>2025-08-07T06:41:53.000Z</time>
        <extensions>
          <ns3:TrackPointExtension>
            <ns3:atemp>29.0</ns3:atemp>
          </ns3:TrackPointExtension>
        </extensions>
      </trkpt>
      <trkpt lat="46.114774011075496673583984375" lon="91.3845702074468135833740234375">
        <ele>1211.5999755859375</ele>
        <time>2025-08-07T06:41:56.000Z</time>
        <extensions>
          <ns3:TrackPointExtension>
            <ns3:atemp>29.0</ns3:atemp>
          </ns3:TrackPointExtension>
        </extensions>
      </trkpt>
      <trkpt lat="46.11474291421473026275634765625" lon="91.3848929107189178466796875">
        <ele>1212.199951171875</ele>
        <time>2025-08-07T06:42:02.000Z</time>
        <extensions>
          <ns3:TrackPointExtension>
            <ns3:atemp>29.0</ns3:atemp>
          </ns3:TrackPointExtension>
        </extensions>
      </trkpt>
      <trkpt lat="46.1147366277873516082763671875" lon="91.38500581495463848114013671875">
        <ele>1212.5999755859375</ele>
        <time>2025-08-07T06:42:04.000Z</time>
        <extensions>
          <ns3:TrackPointExtension>
            <ns3:atemp>29.0</ns3:atemp>
          </ns3:TrackPointExtension>
        </extensions>
      </trkpt>
      <trkpt lat="46.114698238670825958251953125" lon="91.38545558787882328033447265625">
        <ele>1213</ele>
        <time>2025-08-07T06:42:12.000Z</time>
        <extensions>
          <ns3:TrackPointExtension>
            <ns3:atemp>29.0</ns3:atemp>
          </ns3:TrackPointExtension>
        </extensions>
      </trkpt>
      <trkpt lat="46.1146724224090576171875" lon="91.3858026824891567230224609375">
        <ele>1213.4000244140625</ele>
        <time>2025-08-07T06:42:19.000Z</time>
        <extensions>
          <ns3:TrackPointExtension>
            <ns3:atemp>29.0</ns3:atemp>
          </ns3:TrackPointExtension>
        </extensions>
      </trkpt>
      <trkpt lat="46.11465699970722198486328125" lon="91.38602337799966335296630859375">
        <ele>1213.5999755859375</ele>
        <time>2025-08-07T06:42:23.000Z</time>
        <extensions>
          <ns3:TrackPointExtension>
            <ns3:atemp>29.0</ns3:atemp>
          </ns3:TrackPointExtension>
        </extensions>
      </trkpt>
      <trkpt lat="46.11463746987283229827880859375" lon="91.38627047650516033172607421875">
        <ele>1213.800048828125</ele>
        <time>2025-08-07T06:42:28.000Z</time>
        <extensions>
          <ns3:TrackPointExtension>
            <ns3:atemp>29.0</ns3:atemp>
          </ns3:TrackPointExtension>
        </extensions>
      </trkpt>
      <trkpt lat="46.11460427753627300262451171875" lon="91.3866737298667430877685546875">
        <ele>1214</ele>
        <time>2025-08-07T06:42:36.000Z</time>
        <extensions>
          <ns3:TrackPointExtension>
            <ns3:atemp>29.0</ns3:atemp>
          </ns3:TrackPointExtension>
        </extensions>
      </trkpt>
      <trkpt lat="46.11454795114696025848388671875" lon="91.3871602155268192291259765625">
        <ele>1213.5999755859375</ele>
        <time>2025-08-07T06:42:44.000Z</time>
        <extensions>
          <ns3:TrackPointExtension>
            <ns3:atemp>29.0</ns3:atemp>
          </ns3:TrackPointExtension>
        </extensions>
      </trkpt>
      <trkpt lat="46.114495061337947845458984375" lon="91.38784795068204402923583984375">
        <ele>1213.199951171875</ele>
        <time>2025-08-07T06:42:55.000Z</time>
        <extensions>
          <ns3:TrackPointExtension>
            <ns3:atemp>29.0</ns3:atemp>
          </ns3:TrackPointExtension>
        </extensions>
      </trkpt>
      <trkpt lat="46.11444653011858463287353515625" lon="91.38845966197550296783447265625">
        <ele>1213</ele>
        <time>2025-08-07T06:43:04.000Z</time>
        <extensions>
          <ns3:TrackPointExtension>
            <ns3:atemp>29.0</ns3:atemp>
          </ns3:TrackPointExtension>
        </extensions>
      </trkpt>
      <trkpt lat="46.1144211329519748687744140625" lon="91.38880734331905841827392578125">
        <ele>1212.5999755859375</ele>
        <time>2025-08-07T06:43:09.000Z</time>
        <extensions>
          <ns3:TrackPointExtension>
            <ns3:atemp>29.0</ns3:atemp>
          </ns3:TrackPointExtension>
        </extensions>
      </trkpt>
      <trkpt lat="46.11439774744212627410888671875" lon="91.3890857063233852386474609375">
        <ele>1212.4000244140625</ele>
        <time>2025-08-07T06:43:13.000Z</time>
        <extensions>
          <ns3:TrackPointExtension>
            <ns3:atemp>29.0</ns3:atemp>
          </ns3:TrackPointExtension>
        </extensions>
      </trkpt>
      <trkpt lat="46.11434410326182842254638671875" lon="91.3897401653230190277099609375">
        <ele>1211.800048828125</ele>
        <time>2025-08-07T06:43:22.000Z</time>
        <extensions>
          <ns3:TrackPointExtension>
            <ns3:atemp>29.0</ns3:atemp>
          </ns3:TrackPointExtension>
        </extensions>
      </trkpt>
      <trkpt lat="46.1142769642174243927001953125" lon="91.390461511909961700439453125">
        <ele>1211.800048828125</ele>
        <time>2025-08-07T06:43:33.000Z</time>
        <extensions>
          <ns3:TrackPointExtension>
            <ns3:atemp>29.0</ns3:atemp>
          </ns3:TrackPointExtension>
        </extensions>
      </trkpt>
      <trkpt lat="46.11425693146884441375732421875" lon="91.3909002207219600677490234375">
        <ele>1212.5999755859375</ele>
        <time>2025-08-07T06:43:40.000Z</time>
        <extensions>
          <ns3:TrackPointExtension>
            <ns3:atemp>30.0</ns3:atemp>
          </ns3:TrackPointExtension>
        </extensions>
      </trkpt>
      <trkpt lat="46.11425240524113178253173828125" lon="91.39101882465183734893798828125">
        <ele>1212.800048828125</ele>
        <time>2025-08-07T06:43:42.000Z</time>
        <extensions>
          <ns3:TrackPointExtension>
            <ns3:atemp>30.0</ns3:atemp>
          </ns3:TrackPointExtension>
        </extensions>
      </trkpt>
      <trkpt lat="46.11420102417469024658203125" lon="91.39147848822176456451416015625">
        <ele>1213.4000244140625</ele>
        <time>2025-08-07T06:43:50.000Z</time>
        <extensions>
          <ns3:TrackPointExtension>
            <ns3:atemp>30.0</ns3:atemp>
          </ns3:TrackPointExtension>
        </extensions>
      </trkpt>
      <trkpt lat="46.11419809050858020782470703125" lon="91.39153003692626953125">
        <ele>1213.5999755859375</ele>
        <time>2025-08-07T06:43:51.000Z</time>
        <extensions>
          <ns3:TrackPointExtension>
            <ns3:atemp>30.0</ns3:atemp>
          </ns3:TrackPointExtension>
        </extensions>
      </trkpt>
      <trkpt lat="46.1141907982528209686279296875" lon="91.39168987981975078582763671875">
        <ele>1213.5999755859375</ele>
        <time>2025-08-07T06:43:54.000Z</time>
        <extensions>
          <ns3:TrackPointExtension>
            <ns3:atemp>30.0</ns3:atemp>
          </ns3:TrackPointExtension>
        </extensions>
      </trkpt>
      <trkpt lat="46.1141787283122539520263671875" lon="91.3918527401983737945556640625">
        <ele>1213.800048828125</ele>
        <time>2025-08-07T06:43:57.000Z</time>
        <extensions>
          <ns3:TrackPointExtension>
            <ns3:atemp>30.0</ns3:atemp>
          </ns3:TrackPointExtension>
        </extensions>
      </trkpt>
      <trkpt lat="46.1141284368932247161865234375" lon="91.39235774986445903778076171875">
        <ele>1214.199951171875</ele>
        <time>2025-08-07T06:44:06.000Z</time>
        <extensions>
          <ns3:TrackPointExtension>
            <ns3:atemp>30.0</ns3:atemp>
          </ns3:TrackPointExtension>
        </extensions>
      </trkpt>
      <trkpt lat="46.11411309801042079925537109375" lon="91.39253645204007625579833984375">
        <ele>1214.199951171875</ele>
        <time>2025-08-07T06:44:09.000Z</time>
        <extensions>
          <ns3:TrackPointExtension>
            <ns3:atemp>30.0</ns3:atemp>
          </ns3:TrackPointExtension>
        </extensions>
      </trkpt>
      <trkpt lat="46.11408912576735019683837890625" lon="91.39278053306043148040771484375">
        <ele>1214.199951171875</ele>
        <time>2025-08-07T06:44:13.000Z</time>
        <extensions>
          <ns3:TrackPointExtension>
            <ns3:atemp>30.0</ns3:atemp>
          </ns3:TrackPointExtension>
        </extensions>
      </trkpt>
      <trkpt lat="46.11409013159573078155517578125" lon="91.3928424753248691558837890625">
        <ele>1214.199951171875</ele>
        <time>2025-08-07T06:44:14.000Z</time>
        <extensions>
          <ns3:TrackPointExtension>
            <ns3:atemp>30.0</ns3:atemp>
          </ns3:TrackPointExtension>
        </extensions>
      </trkpt>
      <trkpt lat="46.114047132432460784912109375" lon="91.39334849081933498382568359375">
        <ele>1213.800048828125</ele>
        <time>2025-08-07T06:44:22.000Z</time>
        <extensions>
          <ns3:TrackPointExtension>
            <ns3:atemp>30.0</ns3:atemp>
          </ns3:TrackPointExtension>
        </extensions>
      </trkpt>
      <trkpt lat="46.113994158804416656494140625" lon="91.3939217291772365570068359375">
        <ele>1213.4000244140625</ele>
        <time>2025-08-07T06:44:30.000Z</time>
        <extensions>
          <ns3:TrackPointExtension>
            <ns3:atemp>30.0</ns3:atemp>
          </ns3:TrackPointExtension>
        </extensions>
      </trkpt>
      <trkpt lat="46.1139433644711971282958984375" lon="91.3946278207004070281982421875">
        <ele>1212.5999755859375</ele>
        <time>2025-08-07T06:44:39.000Z</time>
        <extensions>
          <ns3:TrackPointExtension>
            <ns3:atemp>30.0</ns3:atemp>
          </ns3:TrackPointExtension>
        </extensions>
      </trkpt>
      <trkpt lat="46.113872788846492767333984375" lon="91.395451761782169342041015625">
        <ele>1212.199951171875</ele>
        <time>2025-08-07T06:44:49.000Z</time>
        <extensions>
          <ns3:TrackPointExtension>
            <ns3:atemp>30.0</ns3:atemp>
          </ns3:TrackPointExtension>
        </extensions>
      </trkpt>
      <trkpt lat="46.1138199828565120697021484375" lon="91.396180652081966400146484375">
        <ele>1212.199951171875</ele>
        <time>2025-08-07T06:44:58.000Z</time>
        <extensions>
          <ns3:TrackPointExtension>
            <ns3:atemp>30.0</ns3:atemp>
          </ns3:TrackPointExtension>
        </extensions>
      </trkpt>
      <trkpt lat="46.11377857625484466552734375" lon="91.39672623015940189361572265625">
        <ele>1212.5999755859375</ele>
        <time>2025-08-07T06:45:06.000Z</time>
        <extensions>
          <ns3:TrackPointExtension>
            <ns3:atemp>30.0</ns3:atemp>
          </ns3:TrackPointExtension>
        </extensions>
      </trkpt>
      <trkpt lat="46.113742031157016754150390625" lon="91.39711867086589336395263671875">
        <ele>1212.5999755859375</ele>
        <time>2025-08-07T06:45:12.000Z</time>
        <extensions>
          <ns3:TrackPointExtension>
            <ns3:atemp>30.0</ns3:atemp>
          </ns3:TrackPointExtension>
        </extensions>
      </trkpt>
      <trkpt lat="46.11373792402446269989013671875" lon="91.3971832953393459320068359375">
        <ele>1212.5999755859375</ele>
        <time>2025-08-07T06:45:13.000Z</time>
        <extensions>
          <ns3:TrackPointExtension>
            <ns3:atemp>30.0</ns3:atemp>
          </ns3:TrackPointExtension>
        </extensions>
      </trkpt>
      <trkpt lat="46.11368679441511631011962890625" lon="91.3978146202862262725830078125">
        <ele>1213</ele>
        <time>2025-08-07T06:45:23.000Z</time>
        <extensions>
          <ns3:TrackPointExtension>
            <ns3:atemp>30.0</ns3:atemp>
          </ns3:TrackPointExtension>
        </extensions>
      </trkpt>
      <trkpt lat="46.11365511082112789154052734375" lon="91.39824829995632171630859375">
        <ele>1213.4000244140625</ele>
        <time>2025-08-07T06:45:31.000Z</time>
        <extensions>
          <ns3:TrackPointExtension>
            <ns3:atemp>30.0</ns3:atemp>
          </ns3:TrackPointExtension>
        </extensions>
      </trkpt>
      <trkpt lat="46.1136116087436676025390625" lon="91.3986553251743316650390625">
        <ele>1213.4000244140625</ele>
        <time>2025-08-07T06:45:39.000Z</time>
        <extensions>
          <ns3:TrackPointExtension>
            <ns3:atemp>30.0</ns3:atemp>
          </ns3:TrackPointExtension>
        </extensions>
      </trkpt>
      <trkpt lat="46.11360020935535430908203125" lon="91.398866213858127593994140625">
        <ele>1213.5999755859375</ele>
        <time>2025-08-07T06:45:43.000Z</time>
        <extensions>
          <ns3:TrackPointExtension>
            <ns3:atemp>30.0</ns3:atemp>
          </ns3:TrackPointExtension>
        </extensions>
      </trkpt>
      <trkpt lat="46.113573051989078521728515625" lon="91.3991346023976802825927734375">
        <ele>1213.800048828125</ele>
        <time>2025-08-07T06:45:48.000Z</time>
        <extensions>
          <ns3:TrackPointExtension>
            <ns3:atemp>30.0</ns3:atemp>
          </ns3:TrackPointExtension>
        </extensions>
      </trkpt>
      <trkpt lat="46.11356173641979694366455078125" lon="91.3995342515408992767333984375">
        <ele>1214</ele>
        <time>2025-08-07T06:45:55.000Z</time>
        <extensions>
          <ns3:TrackPointExtension>
            <ns3:atemp>30.0</ns3:atemp>
          </ns3:TrackPointExtension>
        </extensions>
      </trkpt>
      <trkpt lat="46.11350960098206996917724609375" lon="91.40000045299530029296875">
        <ele>1214.199951171875</ele>
        <time>2025-08-07T06:46:03.000Z</time>
        <extensions>
          <ns3:TrackPointExtension>
            <ns3:atemp>30.0</ns3:atemp>
          </ns3:TrackPointExtension>
        </extensions>
      </trkpt>
      <trkpt lat="46.11346609890460968017578125" lon="91.40050445683300495147705078125">
        <ele>1214.800048828125</ele>
        <time>2025-08-07T06:46:11.000Z</time>
        <extensions>
          <ns3:TrackPointExtension>
            <ns3:atemp>30.0</ns3:atemp>
          </ns3:TrackPointExtension>
        </extensions>
      </trkpt>
      <trkpt lat="46.1134533584117889404296875" lon="91.4006832428276538848876953125">
        <ele>1215</ele>
        <time>2025-08-07T06:46:14.000Z</time>
        <extensions>
          <ns3:TrackPointExtension>
            <ns3:atemp>30.0</ns3:atemp>
          </ns3:TrackPointExtension>
        </extensions>
      </trkpt>
      <trkpt lat="46.11342092044651508331298828125" lon="91.40108649618923664093017578125">
        <ele>1215.800048828125</ele>
        <time>2025-08-07T06:46:22.000Z</time>
        <extensions>
          <ns3:TrackPointExtension>
            <ns3:atemp>30.0</ns3:atemp>
          </ns3:TrackPointExtension>
        </extensions>
      </trkpt>
      <trkpt lat="46.113404072821140289306640625" lon="91.40137843787670135498046875">
        <ele>1216.800048828125</ele>
        <time>2025-08-07T06:46:29.000Z</time>
        <extensions>
          <ns3:TrackPointExtension>
            <ns3:atemp>30.0</ns3:atemp>
          </ns3:TrackPointExtension>
        </extensions>
      </trkpt>
      <trkpt lat="46.11340197734534740447998046875" lon="91.4014191739261150360107421875">
        <ele>1217</ele>
        <time>2025-08-07T06:46:30.000Z</time>
        <extensions>
          <ns3:TrackPointExtension>
            <ns3:atemp>30.0</ns3:atemp>
          </ns3:TrackPointExtension>
        </extensions>
      </trkpt>
      <trkpt lat="46.11336727626621723175048828125" lon="91.4017889834940433502197265625">
        <ele>1217.800048828125</ele>
        <time>2025-08-07T06:46:39.000Z</time>
        <extensions>
          <ns3:TrackPointExtension>
            <ns3:atemp>30.0</ns3:atemp>
          </ns3:TrackPointExtension>
        </extensions>
      </trkpt>
      <trkpt lat="46.11336207948625087738037109375" lon="91.401875317096710205078125">
        <ele>1218</ele>
        <time>2025-08-07T06:46:41.000Z</time>
        <extensions>
          <ns3:TrackPointExtension>
            <ns3:atemp>30.0</ns3:atemp>
          </ns3:TrackPointExtension>
        </extensions>
      </trkpt>
      <trkpt lat="46.11333173699676990509033203125" lon="91.40217983163893222808837890625">
        <ele>1218.5999755859375</ele>
        <time>2025-08-07T06:46:48.000Z</time>
        <extensions>
          <ns3:TrackPointExtension>
            <ns3:atemp>30.0</ns3:atemp>
          </ns3:TrackPointExtension>
        </extensions>
      </trkpt>
      <trkpt lat="46.11331027932465076446533203125" lon="91.4024504832923412322998046875">
        <ele>1219</ele>
        <time>2025-08-07T06:46:54.000Z</time>
        <extensions>
          <ns3:TrackPointExtension>
            <ns3:atemp>30.0</ns3:atemp>
          </ns3:TrackPointExtension>
        </extensions>
      </trkpt>
      <trkpt lat="46.1132991313934326171875" lon="91.4025876112282276153564453125">
        <ele>1219.4000244140625</ele>
        <time>2025-08-07T06:46:57.000Z</time>
        <extensions>
          <ns3:TrackPointExtension>
            <ns3:atemp>30.0</ns3:atemp>
          </ns3:TrackPointExtension>
        </extensions>
      </trkpt>
      <trkpt lat="46.11326493322849273681640625" lon="91.40301399864256381988525390625">
        <ele>1220</ele>
        <time>2025-08-07T06:47:06.000Z</time>
        <extensions>
          <ns3:TrackPointExtension>
            <ns3:atemp>30.0</ns3:atemp>
          </ns3:TrackPointExtension>
        </extensions>
      </trkpt>
      <trkpt lat="46.11325831152498722076416015625" lon="91.40311407856643199920654296875">
        <ele>1220.199951171875</ele>
        <time>2025-08-07T06:47:08.000Z</time>
        <extensions>
          <ns3:TrackPointExtension>
            <ns3:atemp>30.0</ns3:atemp>
          </ns3:TrackPointExtension>
        </extensions>
      </trkpt>
      <trkpt lat="46.113237440586090087890625" lon="91.40335832722485065460205078125">
        <ele>1220.5999755859375</ele>
        <time>2025-08-07T06:47:13.000Z</time>
        <extensions>
          <ns3:TrackPointExtension>
            <ns3:atemp>30.0</ns3:atemp>
          </ns3:TrackPointExtension>
        </extensions>
      </trkpt>
      <trkpt lat="46.11320332624018192291259765625" lon="91.40378211624920368194580078125">
        <ele>1221</ele>
        <time>2025-08-07T06:47:22.000Z</time>
        <extensions>
          <ns3:TrackPointExtension>
            <ns3:atemp>30.0</ns3:atemp>
          </ns3:TrackPointExtension>
        </extensions>
      </trkpt>
      <trkpt lat="46.11318790353834629058837890625" lon="91.40393097884953022003173828125">
        <ele>1221.199951171875</ele>
        <time>2025-08-07T06:47:25.000Z</time>
        <extensions>
          <ns3:TrackPointExtension>
            <ns3:atemp>30.0</ns3:atemp>
          </ns3:TrackPointExtension>
        </extensions>
      </trkpt>
      <trkpt lat="46.1131598241627216339111328125" lon="91.40430581755936145782470703125">
        <ele>1221.5999755859375</ele>
        <time>2025-08-07T06:47:32.000Z</time>
        <extensions>
          <ns3:TrackPointExtension>
            <ns3:atemp>30.0</ns3:atemp>
          </ns3:TrackPointExtension>
        </extensions>
      </trkpt>
      <trkpt lat="46.113118417561054229736328125" lon="91.404771767556667327880859375">
        <ele>1221.800048828125</ele>
        <time>2025-08-07T06:47:40.000Z</time>
        <extensions>
          <ns3:TrackPointExtension>
            <ns3:atemp>30.0</ns3:atemp>
          </ns3:TrackPointExtension>
        </extensions>
      </trkpt>
      <trkpt lat="46.1130699701607227325439453125" lon="91.4053730852901935577392578125">
        <ele>1221.800048828125</ele>
        <time>2025-08-07T06:47:49.000Z</time>
        <extensions>
          <ns3:TrackPointExtension>
            <ns3:atemp>30.0</ns3:atemp>
          </ns3:TrackPointExtension>
        </extensions>
      </trkpt>
      <trkpt lat="46.11302353441715240478515625" lon="91.40601756982505321502685546875">
        <ele>1221.800048828125</ele>
        <time>2025-08-07T06:47:58.000Z</time>
        <extensions>
          <ns3:TrackPointExtension>
            <ns3:atemp>30.0</ns3:atemp>
          </ns3:TrackPointExtension>
        </extensions>
      </trkpt>
      <trkpt lat="46.112968884408473968505859375" lon="91.40664353035390377044677734375">
        <ele>1222.199951171875</ele>
        <time>2025-08-07T06:48:07.000Z</time>
        <extensions>
          <ns3:TrackPointExtension>
            <ns3:atemp>30.0</ns3:atemp>
          </ns3:TrackPointExtension>
        </extensions>
      </trkpt>
      <trkpt lat="46.112944744527339935302734375" lon="91.40698693692684173583984375">
        <ele>1222.800048828125</ele>
        <time>2025-08-07T06:48:13.000Z</time>
        <extensions>
          <ns3:TrackPointExtension>
            <ns3:atemp>30.0</ns3:atemp>
          </ns3:TrackPointExtension>
        </extensions>
      </trkpt>
      <trkpt lat="46.11292622052133083343505859375" lon="91.40719271264970302581787109375">
        <ele>1223.199951171875</ele>
        <time>2025-08-07T06:48:17.000Z</time>
        <extensions>
          <ns3:TrackPointExtension>
            <ns3:atemp>30.0</ns3:atemp>
          </ns3:TrackPointExtension>
        </extensions>
      </trkpt>
      <trkpt lat="46.11290845088660717010498046875" lon="91.40740091912448406219482421875">
        <ele>1223.5999755859375</ele>
        <time>2025-08-07T06:48:21.000Z</time>
        <extensions>
          <ns3:TrackPointExtension>
            <ns3:atemp>30.0</ns3:atemp>
          </ns3:TrackPointExtension>
        </extensions>
      </trkpt>
      <trkpt lat="46.112864278256893157958984375" lon="91.40800190158188343048095703125">
        <ele>1224.199951171875</ele>
        <time>2025-08-07T06:48:31.000Z</time>
        <extensions>
          <ns3:TrackPointExtension>
            <ns3:atemp>30.0</ns3:atemp>
          </ns3:TrackPointExtension>
        </extensions>
      </trkpt>
      <trkpt lat="46.1128211952745914459228515625" lon="91.40860187821090221405029296875">
        <ele>1224.199951171875</ele>
        <time>2025-08-07T06:48:40.000Z</time>
        <extensions>
          <ns3:TrackPointExtension>
            <ns3:atemp>30.0</ns3:atemp>
          </ns3:TrackPointExtension>
        </extensions>
      </trkpt>
      <trkpt lat="46.11275875009596347808837890625" lon="91.40928248874843120574951171875">
        <ele>1223.800048828125</ele>
        <time>2025-08-07T06:48:50.000Z</time>
        <extensions>
          <ns3:TrackPointExtension>
            <ns3:atemp>30.0</ns3:atemp>
          </ns3:TrackPointExtension>
        </extensions>
      </trkpt>
      <trkpt lat="46.1127135716378688812255859375" lon="91.40985245816409587860107421875">
        <ele>1223.5999755859375</ele>
        <time>2025-08-07T06:48:57.000Z</time>
        <extensions>
          <ns3:TrackPointExtension>
            <ns3:atemp>30.0</ns3:atemp>
          </ns3:TrackPointExtension>
        </extensions>
      </trkpt>
      <trkpt lat="46.11265045590698719024658203125" lon="91.41067522577941417694091796875">
        <ele>1223</ele>
        <time>2025-08-07T06:49:06.000Z</time>
        <extensions>
          <ns3:TrackPointExtension>
            <ns3:atemp>30.0</ns3:atemp>
          </ns3:TrackPointExtension>
        </extensions>
      </trkpt>
      <trkpt lat="46.11259480006992816925048828125" lon="91.41146161593496799468994140625">
        <ele>1223.5999755859375</ele>
        <time>2025-08-07T06:49:15.000Z</time>
        <extensions>
          <ns3:TrackPointExtension>
            <ns3:atemp>30.0</ns3:atemp>
          </ns3:TrackPointExtension>
        </extensions>
      </trkpt>
      <trkpt lat="46.1125372163951396942138671875" lon="91.41204281710088253021240234375">
        <ele>1223.800048828125</ele>
        <time>2025-08-07T06:49:23.000Z</time>
        <extensions>
          <ns3:TrackPointExtension>
            <ns3:atemp>30.0</ns3:atemp>
          </ns3:TrackPointExtension>
        </extensions>
      </trkpt>
      <trkpt lat="46.1124802194535732269287109375" lon="91.41274220310151576995849609375">
        <ele>1223.4000244140625</ele>
        <time>2025-08-07T06:49:32.000Z</time>
        <extensions>
          <ns3:TrackPointExtension>
            <ns3:atemp>30.0</ns3:atemp>
          </ns3:TrackPointExtension>
        </extensions>
      </trkpt>
      <trkpt lat="46.1124145053327083587646484375" lon="91.41347092576324939727783203125">
        <ele>1222.4000244140625</ele>
        <time>2025-08-07T06:49:40.000Z</time>
        <extensions>
          <ns3:TrackPointExtension>
            <ns3:atemp>30.0</ns3:atemp>
          </ns3:TrackPointExtension>
        </extensions>
      </trkpt>
      <trkpt lat="46.112406961619853973388671875" lon="91.41357201151549816131591796875">
        <ele>1222.199951171875</ele>
        <time>2025-08-07T06:49:41.000Z</time>
        <extensions>
          <ns3:TrackPointExtension>
            <ns3:atemp>30.0</ns3:atemp>
          </ns3:TrackPointExtension>
        </extensions>
      </trkpt>
      <trkpt lat="46.11236463300883769989013671875" lon="91.414129994809627532958984375">
        <ele>1221</ele>
        <time>2025-08-07T06:49:46.000Z</time>
        <extensions>
          <ns3:TrackPointExtension>
            <ns3:atemp>30.0</ns3:atemp>
          </ns3:TrackPointExtension>
        </extensions>
      </trkpt>
      <trkpt lat="46.11235273070633411407470703125" lon="91.4142488501965999603271484375">
        <ele>1221</ele>
        <time>2025-08-07T06:49:47.000Z</time>
        <extensions>
          <ns3:TrackPointExtension>
            <ns3:atemp>30.0</ns3:atemp>
          </ns3:TrackPointExtension>
        </extensions>
      </trkpt>
      <trkpt lat="46.11231149174273014068603515625" lon="91.41473743133246898651123046875">
        <ele>1220</ele>
        <time>2025-08-07T06:49:51.000Z</time>
        <extensions>
          <ns3:TrackPointExtension>
            <ns3:atemp>30.0</ns3:atemp>
          </ns3:TrackPointExtension>
        </extensions>
      </trkpt>
      <trkpt lat="46.11226974986493587493896484375" lon="91.41523347236216068267822265625">
        <ele>1219.5999755859375</ele>
        <time>2025-08-07T06:49:55.000Z</time>
        <extensions>
          <ns3:TrackPointExtension>
            <ns3:atemp>30.0</ns3:atemp>
          </ns3:TrackPointExtension>
        </extensions>
      </trkpt>
      <trkpt lat="46.1122220568358898162841796875" lon="91.41582339070737361907958984375">
        <ele>1219</ele>
        <time>2025-08-07T06:50:00.000Z</time>
        <extensions>
          <ns3:TrackPointExtension>
            <ns3:atemp>30.0</ns3:atemp>
          </ns3:TrackPointExtension>
        </extensions>
      </trkpt>
      <trkpt lat="46.11218358390033245086669921875" lon="91.41626679338514804840087890625">
        <ele>1218.4000244140625</ele>
        <time>2025-08-07T06:50:04.000Z</time>
        <extensions>
          <ns3:TrackPointExtension>
            <ns3:atemp>30.0</ns3:atemp>
          </ns3:TrackPointExtension>
        </extensions>
      </trkpt>
      <trkpt lat="46.11212491057813167572021484375" lon="91.417084448039531707763671875">
        <ele>1218.199951171875</ele>
        <time>2025-08-07T06:50:12.000Z</time>
        <extensions>
          <ns3:TrackPointExtension>
            <ns3:atemp>30.0</ns3:atemp>
          </ns3:TrackPointExtension>
        </extensions>
      </trkpt>
      <trkpt lat="46.11211837269365787506103515625" lon="91.417179666459560394287109375">
        <ele>1218.199951171875</ele>
        <time>2025-08-07T06:50:13.000Z</time>
        <extensions>
          <ns3:TrackPointExtension>
            <ns3:atemp>30.0</ns3:atemp>
          </ns3:TrackPointExtension>
        </extensions>
      </trkpt>
      <trkpt lat="46.11205416731536388397216796875" lon="91.417899169027805328369140625">
        <ele>1218.199951171875</ele>
        <time>2025-08-07T06:50:21.000Z</time>
        <extensions>
          <ns3:TrackPointExtension>
            <ns3:atemp>30.0</ns3:atemp>
          </ns3:TrackPointExtension>
        </extensions>
      </trkpt>
      <trkpt lat="46.112012676894664764404296875" lon="91.41844340600073337554931640625">
        <ele>1218</ele>
        <time>2025-08-07T06:50:28.000Z</time>
        <extensions>
          <ns3:TrackPointExtension>
            <ns3:atemp>30.0</ns3:atemp>
          </ns3:TrackPointExtension>
        </extensions>
      </trkpt>
      <trkpt lat="46.1119699291884899139404296875" lon="91.41892788000404834747314453125">
        <ele>1218.5999755859375</ele>
        <time>2025-08-07T06:50:35.000Z</time>
        <extensions>
          <ns3:TrackPointExtension>
            <ns3:atemp>30.0</ns3:atemp>
          </ns3:TrackPointExtension>
        </extensions>
      </trkpt>
      <trkpt lat="46.11192860640585422515869140625" lon="91.41946666873991489410400390625">
        <ele>1219</ele>
        <time>2025-08-07T06:50:43.000Z</time>
        <extensions>
          <ns3:TrackPointExtension>
            <ns3:atemp>30.0</ns3:atemp>
          </ns3:TrackPointExtension>
        </extensions>
      </trkpt>
      <trkpt lat="46.11188284121453762054443359375" lon="91.42007368616759777069091796875">
        <ele>1219.4000244140625</ele>
        <time>2025-08-07T06:50:52.000Z</time>
        <extensions>
          <ns3:TrackPointExtension>
            <ns3:atemp>30.0</ns3:atemp>
          </ns3:TrackPointExtension>
        </extensions>
      </trkpt>
      <trkpt lat="46.11182685010135173797607421875" lon="91.42068305052816867828369140625">
        <ele>1219.800048828125</ele>
        <time>2025-08-07T06:51:02.000Z</time>
        <extensions>
          <ns3:TrackPointExtension>
            <ns3:atemp>30.0</ns3:atemp>
          </ns3:TrackPointExtension>
        </extensions>
      </trkpt>
      <trkpt lat="46.11180438660085201263427734375" lon="91.42095386981964111328125">
        <ele>1220</ele>
        <time>2025-08-07T06:51:07.000Z</time>
        <extensions>
          <ns3:TrackPointExtension>
            <ns3:atemp>30.0</ns3:atemp>
          </ns3:TrackPointExtension>
        </extensions>
      </trkpt>
      <trkpt lat="46.11179198138415813446044921875" lon="91.4210987091064453125">
        <ele>1220.199951171875</ele>
        <time>2025-08-07T06:51:10.000Z</time>
        <extensions>
          <ns3:TrackPointExtension>
            <ns3:atemp>30.0</ns3:atemp>
          </ns3:TrackPointExtension>
        </extensions>
      </trkpt>
      <trkpt lat="46.111789047718048095703125" lon="91.4211344160139560699462890625">
        <ele>1220.4000244140625</ele>
        <time>2025-08-07T06:51:13.000Z</time>
        <extensions>
          <ns3:TrackPointExtension>
            <ns3:atemp>30.0</ns3:atemp>
          </ns3:TrackPointExtension>
        </extensions>
      </trkpt>
      <trkpt lat="46.111789047718048095703125" lon="91.4211344160139560699462890625">
        <ele>1220.4000244140625</ele>
        <time>2025-08-07T06:51:14.000Z</time>
        <extensions>
          <ns3:TrackPointExtension>
            <ns3:atemp>30.0</ns3:atemp>
          </ns3:TrackPointExtension>
        </extensions>
      </trkpt>
      <trkpt lat="46.11178703606128692626953125" lon="91.42118495889008045196533203125">
        <ele>1217.199951171875</ele>
        <time>2025-08-07T06:56:18.000Z</time>
        <extensions>
          <ns3:TrackPointExtension>
            <ns3:atemp>31.0</ns3:atemp>
          </ns3:TrackPointExtension>
        </extensions>
      </trkpt>
      <trkpt lat="46.111792065203189849853515625" lon="91.4212406985461711883544921875">
        <ele>1217.199951171875</ele>
        <time>2025-08-07T06:56:20.000Z</time>
        <extensions>
          <ns3:TrackPointExtension>
            <ns3:atemp>31.0</ns3:atemp>
          </ns3:TrackPointExtension>
        </extensions>
      </trkpt>
      <trkpt lat="46.11177119426429271697998046875" lon="91.421479918062686920166015625">
        <ele>1217.5999755859375</ele>
        <time>2025-08-07T06:56:26.000Z</time>
        <extensions>
          <ns3:TrackPointExtension>
            <ns3:atemp>31.0</ns3:atemp>
          </ns3:TrackPointExtension>
        </extensions>
      </trkpt>
      <trkpt lat="46.11174286343157291412353515625" lon="91.4218140207231044769287109375">
        <ele>1217.800048828125</ele>
        <time>2025-08-07T06:56:33.000Z</time>
        <extensions>
          <ns3:TrackPointExtension>
            <ns3:atemp>31.0</ns3:atemp>
          </ns3:TrackPointExtension>
        </extensions>
      </trkpt>
      <trkpt lat="46.11171151511371135711669921875" lon="91.422174610197544097900390625">
        <ele>1218.199951171875</ele>
        <time>2025-08-07T06:56:40.000Z</time>
        <extensions>
          <ns3:TrackPointExtension>
            <ns3:atemp>31.0</ns3:atemp>
          </ns3:TrackPointExtension>
        </extensions>
      </trkpt>
      <trkpt lat="46.1116857826709747314453125" lon="91.422401256859302520751953125">
        <ele>1218.199951171875</ele>
        <time>2025-08-07T06:56:44.000Z</time>
        <extensions>
          <ns3:TrackPointExtension>
            <ns3:atemp>31.0</ns3:atemp>
          </ns3:TrackPointExtension>
        </extensions>
      </trkpt>
      <trkpt lat="46.1116715334355831146240234375" lon="91.4226310886442661285400390625">
        <ele>1218.4000244140625</ele>
        <time>2025-08-07T06:56:48.000Z</time>
        <extensions>
          <ns3:TrackPointExtension>
            <ns3:atemp>31.0</ns3:atemp>
          </ns3:TrackPointExtension>
        </extensions>
      </trkpt>
      <trkpt lat="46.11164730973541736602783203125" lon="91.42308228649199008941650390625">
        <ele>1218.800048828125</ele>
        <time>2025-08-07T06:56:57.000Z</time>
        <extensions>
          <ns3:TrackPointExtension>
            <ns3:atemp>31.0</ns3:atemp>
          </ns3:TrackPointExtension>
        </extensions>
      </trkpt>
      <trkpt lat="46.1115994490683078765869140625" lon="91.42358846962451934814453125">
        <ele>1219</ele>
        <time>2025-08-07T06:57:06.000Z</time>
        <extensions>
          <ns3:TrackPointExtension>
            <ns3:atemp>31.0</ns3:atemp>
          </ns3:TrackPointExtension>
        </extensions>
      </trkpt>
      <trkpt lat="46.1115669272840023040771484375" lon="91.42402173019945621490478515625">
        <ele>1219.4000244140625</ele>
        <time>2025-08-07T06:57:13.000Z</time>
        <extensions>
          <ns3:TrackPointExtension>
            <ns3:atemp>31.0</ns3:atemp>
          </ns3:TrackPointExtension>
        </extensions>
      </trkpt>
      <trkpt lat="46.111558713018894195556640625" lon="91.42407805658876895904541015625">
        <ele>1219.4000244140625</ele>
        <time>2025-08-07T06:57:14.000Z</time>
        <extensions>
          <ns3:TrackPointExtension>
            <ns3:atemp>31.0</ns3:atemp>
          </ns3:TrackPointExtension>
        </extensions>
      </trkpt>
      <trkpt lat="46.111509762704372406005859375" lon="91.42466965131461620330810546875">
        <ele>1219.800048828125</ele>
        <time>2025-08-07T06:57:24.000Z</time>
        <extensions>
          <ns3:TrackPointExtension>
            <ns3:atemp>31.0</ns3:atemp>
          </ns3:TrackPointExtension>
        </extensions>
      </trkpt>
      <trkpt lat="46.111459471285343170166015625" lon="91.42531581223011016845703125">
        <ele>1220</ele>
        <time>2025-08-07T06:57:34.000Z</time>
        <extensions>
          <ns3:TrackPointExtension>
            <ns3:atemp>31.0</ns3:atemp>
          </ns3:TrackPointExtension>
        </extensions>
      </trkpt>
      <trkpt lat="46.11140842549502849578857421875" lon="91.42588268034160137176513671875">
        <ele>1220.199951171875</ele>
        <time>2025-08-07T06:57:42.000Z</time>
        <extensions>
          <ns3:TrackPointExtension>
            <ns3:atemp>31.0</ns3:atemp>
          </ns3:TrackPointExtension>
        </extensions>
      </trkpt>
      <trkpt lat="46.111343801021575927734375" lon="91.42652372829616069793701171875">
        <ele>1219.5999755859375</ele>
        <time>2025-08-07T06:57:50.000Z</time>
        <extensions>
          <ns3:TrackPointExtension>
            <ns3:atemp>31.0</ns3:atemp>
          </ns3:TrackPointExtension>
        </extensions>
      </trkpt>
      <trkpt lat="46.11127934418618679046630859375" lon="91.42737708985805511474609375">
        <ele>1218.5999755859375</ele>
        <time>2025-08-07T06:57:59.000Z</time>
        <extensions>
          <ns3:TrackPointExtension>
            <ns3:atemp>31.0</ns3:atemp>
          </ns3:TrackPointExtension>
        </extensions>
      </trkpt>
      <trkpt lat="46.1112507618963718414306640625" lon="91.42768361605703830718994140625">
        <ele>1218.4000244140625</ele>
        <time>2025-08-07T06:58:02.000Z</time>
        <extensions>
          <ns3:TrackPointExtension>
            <ns3:atemp>31.0</ns3:atemp>
          </ns3:TrackPointExtension>
        </extensions>
      </trkpt>
      <trkpt lat="46.11121111549437046051025390625" lon="91.42810790799558162689208984375">
        <ele>1218.199951171875</ele>
        <time>2025-08-07T06:58:06.000Z</time>
        <extensions>
          <ns3:TrackPointExtension>
            <ns3:atemp>31.0</ns3:atemp>
          </ns3:TrackPointExtension>
        </extensions>
      </trkpt>
      <trkpt lat="46.1112041585147380828857421875" lon="91.42821259796619415283203125">
        <ele>1218.199951171875</ele>
        <time>2025-08-07T06:58:07.000Z</time>
        <extensions>
          <ns3:TrackPointExtension>
            <ns3:atemp>31.0</ns3:atemp>
          </ns3:TrackPointExtension>
        </extensions>
      </trkpt>
      <trkpt lat="46.111142635345458984375" lon="91.42901415936648845672607421875">
        <ele>1218.199951171875</ele>
        <time>2025-08-07T06:58:15.000Z</time>
        <extensions>
          <ns3:TrackPointExtension>
            <ns3:atemp>31.0</ns3:atemp>
          </ns3:TrackPointExtension>
        </extensions>
      </trkpt>
      <trkpt lat="46.11113953404128551483154296875" lon="91.42911407165229320526123046875">
        <ele>1218.199951171875</ele>
        <time>2025-08-07T06:58:16.000Z</time>
        <extensions>
          <ns3:TrackPointExtension>
            <ns3:atemp>31.0</ns3:atemp>
          </ns3:TrackPointExtension>
        </extensions>
      </trkpt>
      <trkpt lat="46.111072562634944915771484375" lon="91.42991848289966583251953125">
        <ele>1219</ele>
        <time>2025-08-07T06:58:25.000Z</time>
        <extensions>
          <ns3:TrackPointExtension>
            <ns3:atemp>31.0</ns3:atemp>
          </ns3:TrackPointExtension>
        </extensions>
      </trkpt>
      <trkpt lat="46.111041717231273651123046875" lon="91.43054653890430927276611328125">
        <ele>1218.5999755859375</ele>
        <time>2025-08-07T06:58:32.000Z</time>
        <extensions>
          <ns3:TrackPointExtension>
            <ns3:atemp>31.0</ns3:atemp>
          </ns3:TrackPointExtension>
        </extensions>
      </trkpt>
      <trkpt lat="46.11100961454212665557861328125" lon="91.4313636906445026397705078125">
        <ele>1219</ele>
        <time>2025-08-07T06:58:41.000Z</time>
        <extensions>
          <ns3:TrackPointExtension>
            <ns3:atemp>31.0</ns3:atemp>
          </ns3:TrackPointExtension>
        </extensions>
      </trkpt>
      <trkpt lat="46.11102662980556488037109375" lon="91.43222744576632976531982421875">
        <ele>1219.199951171875</ele>
        <time>2025-08-07T06:58:50.000Z</time>
        <extensions>
          <ns3:TrackPointExtension>
            <ns3:atemp>31.0</ns3:atemp>
          </ns3:TrackPointExtension>
        </extensions>
      </trkpt>
      <trkpt lat="46.11102604307234287261962890625" lon="91.4323198981583118438720703125">
        <ele>1219.4000244140625</ele>
        <time>2025-08-07T06:58:51.000Z</time>
        <extensions>
          <ns3:TrackPointExtension>
            <ns3:atemp>31.0</ns3:atemp>
          </ns3:TrackPointExtension>
        </extensions>
      </trkpt>
      <trkpt lat="46.11105772666633129119873046875" lon="91.4330789633095264434814453125">
        <ele>1220.199951171875</ele>
        <time>2025-08-07T06:59:00.000Z</time>
        <extensions>
          <ns3:TrackPointExtension>
            <ns3:atemp>31.0</ns3:atemp>
          </ns3:TrackPointExtension>
        </extensions>
      </trkpt>
      <trkpt lat="46.1110646836459636688232421875" lon="91.43315850757062435150146484375">
        <ele>1220.4000244140625</ele>
        <time>2025-08-07T06:59:01.000Z</time>
        <extensions>
          <ns3:TrackPointExtension>
            <ns3:atemp>31.0</ns3:atemp>
          </ns3:TrackPointExtension>
        </extensions>
      </trkpt>
      <trkpt lat="46.11110717989504337310791015625" lon="91.4336660318076610565185546875">
        <ele>1221.4000244140625</ele>
        <time>2025-08-07T06:59:08.000Z</time>
        <extensions>
          <ns3:TrackPointExtension>
            <ns3:atemp>31.0</ns3:atemp>
          </ns3:TrackPointExtension>
        </extensions>
      </trkpt>
      <trkpt lat="46.11111740581691265106201171875" lon="91.43380207009613513946533203125">
        <ele>1222</ele>
        <time>2025-08-07T06:59:10.000Z</time>
        <extensions>
          <ns3:TrackPointExtension>
            <ns3:atemp>31.0</ns3:atemp>
          </ns3:TrackPointExtension>
        </extensions>
      </trkpt>
      <trkpt lat="46.11113802529871463775634765625" lon="91.434062831103801727294921875">
        <ele>1222.4000244140625</ele>
        <time>2025-08-07T06:59:14.000Z</time>
        <extensions>
          <ns3:TrackPointExtension>
            <ns3:atemp>31.0</ns3:atemp>
          </ns3:TrackPointExtension>
        </extensions>
      </trkpt>
      <trkpt lat="46.11116702668368816375732421875" lon="91.434314958751201629638671875">
        <ele>1222.800048828125</ele>
        <time>2025-08-07T06:59:18.000Z</time>
        <extensions>
          <ns3:TrackPointExtension>
            <ns3:atemp>31.0</ns3:atemp>
          </ns3:TrackPointExtension>
        </extensions>
      </trkpt>
      <trkpt lat="46.11118295229971408843994140625" lon="91.4345028810203075408935546875">
        <ele>1223.4000244140625</ele>
        <time>2025-08-07T06:59:21.000Z</time>
        <extensions>
          <ns3:TrackPointExtension>
            <ns3:atemp>31.0</ns3:atemp>
          </ns3:TrackPointExtension>
        </extensions>
      </trkpt>
      <trkpt lat="46.11122435890138149261474609375" lon="91.43486858345568180084228515625">
        <ele>1224.5999755859375</ele>
        <time>2025-08-07T06:59:27.000Z</time>
        <extensions>
          <ns3:TrackPointExtension>
            <ns3:atemp>31.0</ns3:atemp>
          </ns3:TrackPointExtension>
        </extensions>
      </trkpt>
      <trkpt lat="46.11129426397383213043212890625" lon="91.43537501804530620574951171875">
        <ele>1225.5999755859375</ele>
        <time>2025-08-07T06:59:36.000Z</time>
        <extensions>
          <ns3:TrackPointExtension>
            <ns3:atemp>31.0</ns3:atemp>
          </ns3:TrackPointExtension>
        </extensions>
      </trkpt>
      <trkpt lat="46.1113040708005428314208984375" lon="91.43542983569204807281494140625">
        <ele>1225.5999755859375</ele>
        <time>2025-08-07T06:59:37.000Z</time>
        <extensions>
          <ns3:TrackPointExtension>
            <ns3:atemp>31.0</ns3:atemp>
          </ns3:TrackPointExtension>
        </extensions>
      </trkpt>
      <trkpt lat="46.11136986874043941497802734375" lon="91.43578271381556987762451171875">
        <ele>1226.199951171875</ele>
        <time>2025-08-07T06:59:45.000Z</time>
        <extensions>
          <ns3:TrackPointExtension>
            <ns3:atemp>31.0</ns3:atemp>
          </ns3:TrackPointExtension>
        </extensions>
      </trkpt>
      <trkpt lat="46.11140616238117218017578125" lon="91.435974575579166412353515625">
        <ele>1226.800048828125</ele>
        <time>2025-08-07T06:59:50.000Z</time>
        <extensions>
          <ns3:TrackPointExtension>
            <ns3:atemp>31.0</ns3:atemp>
          </ns3:TrackPointExtension>
        </extensions>
      </trkpt>
      <trkpt lat="46.11143030226230621337890625" lon="91.4360857196152210235595703125">
        <ele>1227.199951171875</ele>
        <time>2025-08-07T06:59:53.000Z</time>
        <extensions>
          <ns3:TrackPointExtension>
            <ns3:atemp>31.0</ns3:atemp>
          </ns3:TrackPointExtension>
        </extensions>
      </trkpt>
      <trkpt lat="46.1114593036472797393798828125" lon="91.436236761510372161865234375">
        <ele>1227.800048828125</ele>
        <time>2025-08-07T06:59:57.000Z</time>
        <extensions>
          <ns3:TrackPointExtension>
            <ns3:atemp>31.0</ns3:atemp>
          </ns3:TrackPointExtension>
        </extensions>
      </trkpt>
      <trkpt lat="46.11150364391505718231201171875" lon="91.4364173077046871185302734375">
        <ele>1228</ele>
        <time>2025-08-07T07:00:02.000Z</time>
        <extensions>
          <ns3:TrackPointExtension>
            <ns3:atemp>31.0</ns3:atemp>
          </ns3:TrackPointExtension>
        </extensions>
      </trkpt>
      <trkpt lat="46.1115558631718158721923828125" lon="91.4366815052926540374755859375">
        <ele>1228.4000244140625</ele>
        <time>2025-08-07T07:00:10.000Z</time>
        <extensions>
          <ns3:TrackPointExtension>
            <ns3:atemp>31.0</ns3:atemp>
          </ns3:TrackPointExtension>
        </extensions>
      </trkpt>
      <trkpt lat="46.1115987785160541534423828125" lon="91.43685794435441493988037109375">
        <ele>1228.800048828125</ele>
        <time>2025-08-07T07:00:15.000Z</time>
        <extensions>
          <ns3:TrackPointExtension>
            <ns3:atemp>31.0</ns3:atemp>
          </ns3:TrackPointExtension>
        </extensions>
      </trkpt>
      <trkpt lat="46.1116219125688076019287109375" lon="91.4369628019630908966064453125">
        <ele>1228.800048828125</ele>
        <time>2025-08-07T07:00:18.000Z</time>
        <extensions>
          <ns3:TrackPointExtension>
            <ns3:atemp>31.0</ns3:atemp>
          </ns3:TrackPointExtension>
        </extensions>
      </trkpt>
      <trkpt lat="46.111722998321056365966796875" lon="91.43742137588560581207275390625">
        <ele>1228.800048828125</ele>
        <time>2025-08-07T07:00:30.000Z</time>
        <extensions>
          <ns3:TrackPointExtension>
            <ns3:atemp>31.0</ns3:atemp>
          </ns3:TrackPointExtension>
        </extensions>
      </trkpt>
      <trkpt lat="46.11180715262889862060546875" lon="91.43775179050862789154052734375">
        <ele>1229.800048828125</ele>
        <time>2025-08-07T07:00:39.000Z</time>
        <extensions>
          <ns3:TrackPointExtension>
            <ns3:atemp>31.0</ns3:atemp>
          </ns3:TrackPointExtension>
        </extensions>
      </trkpt>
      <trkpt lat="46.11188434995710849761962890625" lon="91.43808656372129917144775390625">
        <ele>1230.199951171875</ele>
        <time>2025-08-07T07:00:48.000Z</time>
        <extensions>
          <ns3:TrackPointExtension>
            <ns3:atemp>31.0</ns3:atemp>
          </ns3:TrackPointExtension>
        </extensions>
      </trkpt>
      <trkpt lat="46.11192743293941020965576171875" lon="91.438269205391407012939453125">
        <ele>1231</ele>
        <time>2025-08-07T07:00:53.000Z</time>
        <extensions>
          <ns3:TrackPointExtension>
            <ns3:atemp>31.0</ns3:atemp>
          </ns3:TrackPointExtension>
        </extensions>
      </trkpt>
      <trkpt lat="46.1119746230542659759521484375" lon="91.438482105731964111328125">
        <ele>1231.199951171875</ele>
        <time>2025-08-07T07:00:59.000Z</time>
        <extensions>
          <ns3:TrackPointExtension>
            <ns3:atemp>31.0</ns3:atemp>
          </ns3:TrackPointExtension>
        </extensions>
      </trkpt>
      <trkpt lat="46.11201862804591655731201171875" lon="91.4386700280010700225830078125">
        <ele>1232</ele>
        <time>2025-08-07T07:01:04.000Z</time>
        <extensions>
          <ns3:TrackPointExtension>
            <ns3:atemp>31.0</ns3:atemp>
          </ns3:TrackPointExtension>
        </extensions>
      </trkpt>
      <trkpt lat="46.1120612919330596923828125" lon="91.438855938613414764404296875">
        <ele>1232.199951171875</ele>
        <time>2025-08-07T07:01:09.000Z</time>
        <extensions>
          <ns3:TrackPointExtension>
            <ns3:atemp>31.0</ns3:atemp>
          </ns3:TrackPointExtension>
        </extensions>
      </trkpt>
      <trkpt lat="46.11211267299950122833251953125" lon="91.4391057193279266357421875">
        <ele>1233</ele>
        <time>2025-08-07T07:01:16.000Z</time>
        <extensions>
          <ns3:TrackPointExtension>
            <ns3:atemp>31.0</ns3:atemp>
          </ns3:TrackPointExtension>
        </extensions>
      </trkpt>
      <trkpt lat="46.1121405847370624542236328125" lon="91.43921175040304660797119140625">
        <ele>1233.4000244140625</ele>
        <time>2025-08-07T07:01:19.000Z</time>
        <extensions>
          <ns3:TrackPointExtension>
            <ns3:atemp>31.0</ns3:atemp>
          </ns3:TrackPointExtension>
        </extensions>
      </trkpt>
      <trkpt lat="46.112219206988811492919921875" lon="91.43954501487314701080322265625">
        <ele>1233.800048828125</ele>
        <time>2025-08-07T07:01:28.000Z</time>
        <extensions>
          <ns3:TrackPointExtension>
            <ns3:atemp>31.0</ns3:atemp>
          </ns3:TrackPointExtension>
        </extensions>
      </trkpt>
      <trkpt lat="46.11226438544690608978271484375" lon="91.43978104926645755767822265625">
        <ele>1234</ele>
        <time>2025-08-07T07:01:34.000Z</time>
        <extensions>
          <ns3:TrackPointExtension>
            <ns3:atemp>31.0</ns3:atemp>
          </ns3:TrackPointExtension>
        </extensions>
      </trkpt>
      <trkpt lat="46.11230914480984210968017578125" lon="91.439983807504177093505859375">
        <ele>1234.4000244140625</ele>
        <time>2025-08-07T07:01:39.000Z</time>
        <extensions>
          <ns3:TrackPointExtension>
            <ns3:atemp>31.0</ns3:atemp>
          </ns3:TrackPointExtension>
        </extensions>
      </trkpt>
      <trkpt lat="46.11236899159848690032958984375" lon="91.44023291766643524169921875">
        <ele>1234.800048828125</ele>
        <time>2025-08-07T07:01:46.000Z</time>
        <extensions>
          <ns3:TrackPointExtension>
            <ns3:atemp>31.0</ns3:atemp>
          </ns3:TrackPointExtension>
        </extensions>
      </trkpt>
      <trkpt lat="46.11238843761384487152099609375" lon="91.44033928401768207550048828125">
        <ele>1235.199951171875</ele>
        <time>2025-08-07T07:01:49.000Z</time>
        <extensions>
          <ns3:TrackPointExtension>
            <ns3:atemp>31.0</ns3:atemp>
          </ns3:TrackPointExtension>
        </extensions>
      </trkpt>
      <trkpt lat="46.11242850311100482940673828125" lon="91.44048278219997882843017578125">
        <ele>1235.4000244140625</ele>
        <time>2025-08-07T07:01:53.000Z</time>
        <extensions>
          <ns3:TrackPointExtension>
            <ns3:atemp>31.0</ns3:atemp>
          </ns3:TrackPointExtension>
        </extensions>
      </trkpt>
      <trkpt lat="46.1125050298869609832763671875" lon="91.44079224206507205963134765625">
        <ele>1236.4000244140625</ele>
        <time>2025-08-07T07:02:01.000Z</time>
        <extensions>
          <ns3:TrackPointExtension>
            <ns3:atemp>31.0</ns3:atemp>
          </ns3:TrackPointExtension>
        </extensions>
      </trkpt>
      <trkpt lat="46.112547107040882110595703125" lon="91.441106311976909637451171875">
        <ele>1237.199951171875</ele>
        <time>2025-08-07T07:02:09.000Z</time>
        <extensions>
          <ns3:TrackPointExtension>
            <ns3:atemp>31.0</ns3:atemp>
          </ns3:TrackPointExtension>
        </extensions>
      </trkpt>
      <trkpt lat="46.11259999684989452362060546875" lon="91.44136640243232250213623046875">
        <ele>1237.4000244140625</ele>
        <time>2025-08-07T07:02:16.000Z</time>
        <extensions>
          <ns3:TrackPointExtension>
            <ns3:atemp>31.0</ns3:atemp>
          </ns3:TrackPointExtension>
        </extensions>
      </trkpt>
      <trkpt lat="46.1126860789954662322998046875" lon="91.44172850064933300018310546875">
        <ele>1237.5999755859375</ele>
        <time>2025-08-07T07:02:25.000Z</time>
        <extensions>
          <ns3:TrackPointExtension>
            <ns3:atemp>31.0</ns3:atemp>
          </ns3:TrackPointExtension>
        </extensions>
      </trkpt>
      <trkpt lat="46.1128017492592334747314453125" lon="91.44221766851842403411865234375">
        <ele>1238.5999755859375</ele>
        <time>2025-08-07T07:02:36.000Z</time>
        <extensions>
          <ns3:TrackPointExtension>
            <ns3:atemp>31.0</ns3:atemp>
          </ns3:TrackPointExtension>
        </extensions>
      </trkpt>
      <trkpt lat="46.11281340010464191436767578125" lon="91.44226511009037494659423828125">
        <ele>1238.5999755859375</ele>
        <time>2025-08-07T07:02:37.000Z</time>
        <extensions>
          <ns3:TrackPointExtension>
            <ns3:atemp>31.0</ns3:atemp>
          </ns3:TrackPointExtension>
        </extensions>
      </trkpt>
      <trkpt lat="46.11287676729261875152587890625" lon="91.442564763128757476806640625">
        <ele>1239.5999755859375</ele>
        <time>2025-08-07T07:02:43.000Z</time>
        <extensions>
          <ns3:TrackPointExtension>
            <ns3:atemp>31.0</ns3:atemp>
          </ns3:TrackPointExtension>
        </extensions>
      </trkpt>
      <trkpt lat="46.11290543340146541595458984375" lon="91.44271287135779857635498046875">
        <ele>1239.5999755859375</ele>
        <time>2025-08-07T07:02:46.000Z</time>
        <extensions>
          <ns3:TrackPointExtension>
            <ns3:atemp>31.0</ns3:atemp>
          </ns3:TrackPointExtension>
        </extensions>
      </trkpt>
      <trkpt lat="46.11301087774336338043212890625" lon="91.4431717805564403533935546875">
        <ele>1240.4000244140625</ele>
        <time>2025-08-07T07:02:55.000Z</time>
        <extensions>
          <ns3:TrackPointExtension>
            <ns3:atemp>31.0</ns3:atemp>
          </ns3:TrackPointExtension>
        </extensions>
      </trkpt>
      <trkpt lat="46.11304499208927154541015625" lon="91.4433266781270503997802734375">
        <ele>1240.5999755859375</ele>
        <time>2025-08-07T07:02:58.000Z</time>
        <extensions>
          <ns3:TrackPointExtension>
            <ns3:atemp>31.0</ns3:atemp>
          </ns3:TrackPointExtension>
        </extensions>
      </trkpt>
      <trkpt lat="46.11312688328325748443603515625" lon="91.44370369613170623779296875">
        <ele>1241.199951171875</ele>
        <time>2025-08-07T07:03:05.000Z</time>
        <extensions>
          <ns3:TrackPointExtension>
            <ns3:atemp>31.0</ns3:atemp>
          </ns3:TrackPointExtension>
        </extensions>
      </trkpt>
      <trkpt lat="46.11316611059010028839111328125" lon="91.4438587613403797149658203125">
        <ele>1241.800048828125</ele>
        <time>2025-08-07T07:03:08.000Z</time>
        <extensions>
          <ns3:TrackPointExtension>
            <ns3:atemp>31.0</ns3:atemp>
          </ns3:TrackPointExtension>
        </extensions>
      </trkpt>
      <trkpt lat="46.1132654361426830291748046875" lon="91.444233767688274383544921875">
        <ele>1242.800048828125</ele>
        <time>2025-08-07T07:03:16.000Z</time>
        <extensions>
          <ns3:TrackPointExtension>
            <ns3:atemp>31.0</ns3:atemp>
          </ns3:TrackPointExtension>
        </extensions>
      </trkpt>
      <trkpt lat="46.11327859573066234588623046875" lon="91.44428229890763759613037109375">
        <ele>1243</ele>
        <time>2025-08-07T07:03:17.000Z</time>
        <extensions>
          <ns3:TrackPointExtension>
            <ns3:atemp>31.0</ns3:atemp>
          </ns3:TrackPointExtension>
        </extensions>
      </trkpt>
      <trkpt lat="46.113418824970722198486328125" lon="91.44476853311061859130859375">
        <ele>1244</ele>
        <time>2025-08-07T07:03:27.000Z</time>
        <extensions>
          <ns3:TrackPointExtension>
            <ns3:atemp>31.0</ns3:atemp>
          </ns3:TrackPointExtension>
        </extensions>
      </trkpt>
      <trkpt lat="46.1135695315897464752197265625" lon="91.4452506601810455322265625">
        <ele>1244.5999755859375</ele>
        <time>2025-08-07T07:03:37.000Z</time>
        <extensions>
          <ns3:TrackPointExtension>
            <ns3:atemp>31.0</ns3:atemp>
          </ns3:TrackPointExtension>
        </extensions>
      </trkpt>
      <trkpt lat="46.11359677277505397796630859375" lon="91.445350907742977142333984375">
        <ele>1245</ele>
        <time>2025-08-07T07:03:39.000Z</time>
        <extensions>
          <ns3:TrackPointExtension>
            <ns3:atemp>31.0</ns3:atemp>
          </ns3:TrackPointExtension>
        </extensions>
      </trkpt>
      <trkpt lat="46.11370188184082508087158203125" lon="91.44575248472392559051513671875">
        <ele>1246</ele>
        <time>2025-08-07T07:03:47.000Z</time>
        <extensions>
          <ns3:TrackPointExtension>
            <ns3:atemp>31.0</ns3:atemp>
          </ns3:TrackPointExtension>
        </extensions>
      </trkpt>
      <trkpt lat="46.11379961483180522918701171875" lon="91.44605808891355991363525390625">
        <ele>1247.199951171875</ele>
        <time>2025-08-07T07:03:54.000Z</time>
        <extensions>
          <ns3:TrackPointExtension>
            <ns3:atemp>31.0</ns3:atemp>
          </ns3:TrackPointExtension>
        </extensions>
      </trkpt>
      <trkpt lat="46.11381151713430881500244140625" lon="91.44609798677265644073486328125">
        <ele>1247.4000244140625</ele>
        <time>2025-08-07T07:03:55.000Z</time>
        <extensions>
          <ns3:TrackPointExtension>
            <ns3:atemp>31.0</ns3:atemp>
          </ns3:TrackPointExtension>
        </extensions>
      </trkpt>
      <trkpt lat="46.11389315687119960784912109375" lon="91.446332596242427825927734375">
        <ele>1248.199951171875</ele>
        <time>2025-08-07T07:04:01.000Z</time>
        <extensions>
          <ns3:TrackPointExtension>
            <ns3:atemp>31.0</ns3:atemp>
          </ns3:TrackPointExtension>
        </extensions>
      </trkpt>
      <trkpt lat="46.1139175482094287872314453125" lon="91.446417756378650665283203125">
        <ele>1248.4000244140625</ele>
        <time>2025-08-07T07:04:03.000Z</time>
        <extensions>
          <ns3:TrackPointExtension>
            <ns3:atemp>31.0</ns3:atemp>
          </ns3:TrackPointExtension>
        </extensions>
      </trkpt>
      <trkpt lat="46.1140622198581695556640625" lon="91.44680592231452465057373046875">
        <ele>1249.199951171875</ele>
        <time>2025-08-07T07:04:12.000Z</time>
        <extensions>
          <ns3:TrackPointExtension>
            <ns3:atemp>32.0</ns3:atemp>
          </ns3:TrackPointExtension>
        </extensions>
      </trkpt>
      <trkpt lat="46.11420370638370513916015625" lon="91.4472234249114990234375">
        <ele>1250.199951171875</ele>
        <time>2025-08-07T07:04:21.000Z</time>
        <extensions>
          <ns3:TrackPointExtension>
            <ns3:atemp>32.0</ns3:atemp>
          </ns3:TrackPointExtension>
        </extensions>
      </trkpt>
      <trkpt lat="46.11422189511358737945556640625" lon="91.44726835191249847412109375">
        <ele>1250.4000244140625</ele>
        <time>2025-08-07T07:04:22.000Z</time>
        <extensions>
          <ns3:TrackPointExtension>
            <ns3:atemp>32.0</ns3:atemp>
          </ns3:TrackPointExtension>
        </extensions>
      </trkpt>
      <trkpt lat="46.11433647572994232177734375" lon="91.44760086201131343841552734375">
        <ele>1251</ele>
        <time>2025-08-07T07:04:29.000Z</time>
        <extensions>
          <ns3:TrackPointExtension>
            <ns3:atemp>32.0</ns3:atemp>
          </ns3:TrackPointExtension>
        </extensions>
      </trkpt>
      <trkpt lat="46.1143684946000576019287109375" lon="91.44769289530813694000244140625">
        <ele>1251.199951171875</ele>
        <time>2025-08-07T07:04:31.000Z</time>
        <extensions>
          <ns3:TrackPointExtension>
            <ns3:atemp>32.0</ns3:atemp>
          </ns3:TrackPointExtension>
        </extensions>
      </trkpt>
      <trkpt lat="46.1143845878541469573974609375" lon="91.44773731939494609832763671875">
        <ele>1251.4000244140625</ele>
        <time>2025-08-07T07:04:32.000Z</time>
        <extensions>
          <ns3:TrackPointExtension>
            <ns3:atemp>32.0</ns3:atemp>
          </ns3:TrackPointExtension>
        </extensions>
      </trkpt>
      <trkpt lat="46.11450436525046825408935546875" lon="91.44800822250545024871826171875">
        <ele>1251.800048828125</ele>
        <time>2025-08-07T07:04:39.000Z</time>
        <extensions>
          <ns3:TrackPointExtension>
            <ns3:atemp>32.0</ns3:atemp>
          </ns3:TrackPointExtension>
        </extensions>
      </trkpt>
      <trkpt lat="46.11461752094328403472900390625" lon="91.44830628298223018646240234375">
        <ele>1252.199951171875</ele>
        <time>2025-08-07T07:04:46.000Z</time>
        <extensions>
          <ns3:TrackPointExtension>
            <ns3:atemp>32.0</ns3:atemp>
          </ns3:TrackPointExtension>
        </extensions>
      </trkpt>
      <trkpt lat="46.1146523058414459228515625" lon="91.44838624633848667144775390625">
        <ele>1252.4000244140625</ele>
        <time>2025-08-07T07:04:48.000Z</time>
        <extensions>
          <ns3:TrackPointExtension>
            <ns3:atemp>32.0</ns3:atemp>
          </ns3:TrackPointExtension>
        </extensions>
      </trkpt>
      <trkpt lat="46.1148011684417724609375" lon="91.44870744086802005767822265625">
        <ele>1253.4000244140625</ele>
        <time>2025-08-07T07:04:56.000Z</time>
        <extensions>
          <ns3:TrackPointExtension>
            <ns3:atemp>32.0</ns3:atemp>
          </ns3:TrackPointExtension>
        </extensions>
      </trkpt>
      <trkpt lat="46.1148533038794994354248046875" lon="91.44883870147168636322021484375">
        <ele>1253.5999755859375</ele>
        <time>2025-08-07T07:04:59.000Z</time>
        <extensions>
          <ns3:TrackPointExtension>
            <ns3:atemp>32.0</ns3:atemp>
          </ns3:TrackPointExtension>
        </extensions>
      </trkpt>
      <trkpt lat="46.1149991489946842193603515625" lon="91.449187807738780975341796875">
        <ele>1254.199951171875</ele>
        <time>2025-08-07T07:05:07.000Z</time>
        <extensions>
          <ns3:TrackPointExtension>
            <ns3:atemp>32.0</ns3:atemp>
          </ns3:TrackPointExtension>
        </extensions>
      </trkpt>
      <trkpt lat="46.11509528942406177520751953125" lon="91.44940515048801898956298828125">
        <ele>1254.5999755859375</ele>
        <time>2025-08-07T07:05:12.000Z</time>
        <extensions>
          <ns3:TrackPointExtension>
            <ns3:atemp>32.0</ns3:atemp>
          </ns3:TrackPointExtension>
        </extensions>
      </trkpt>
      <trkpt lat="46.11516661942005157470703125" lon="91.4495852775871753692626953125">
        <ele>1254.800048828125</ele>
        <time>2025-08-07T07:05:16.000Z</time>
        <extensions>
          <ns3:TrackPointExtension>
            <ns3:atemp>32.0</ns3:atemp>
          </ns3:TrackPointExtension>
        </extensions>
      </trkpt>
      <trkpt lat="46.1153247021138668060302734375" lon="91.4499574340879917144775390625">
        <ele>1255.5999755859375</ele>
        <time>2025-08-07T07:05:24.000Z</time>
        <extensions>
          <ns3:TrackPointExtension>
            <ns3:atemp>32.0</ns3:atemp>
          </ns3:TrackPointExtension>
        </extensions>
      </trkpt>
      <trkpt lat="46.11536384560167789459228515625" lon="91.4500536583364009857177734375">
        <ele>1255.800048828125</ele>
        <time>2025-08-07T07:05:26.000Z</time>
        <extensions>
          <ns3:TrackPointExtension>
            <ns3:atemp>32.0</ns3:atemp>
          </ns3:TrackPointExtension>
        </extensions>
      </trkpt>
      <trkpt lat="46.11553433351218700408935546875" lon="91.45045079290866851806640625">
        <ele>1256.800048828125</ele>
        <time>2025-08-07T07:05:35.000Z</time>
        <extensions>
          <ns3:TrackPointExtension>
            <ns3:atemp>32.0</ns3:atemp>
          </ns3:TrackPointExtension>
        </extensions>
      </trkpt>
      <trkpt lat="46.11555294133722782135009765625" lon="91.45048876293003559112548828125">
        <ele>1256.800048828125</ele>
        <time>2025-08-07T07:05:36.000Z</time>
        <extensions>
          <ns3:TrackPointExtension>
            <ns3:atemp>32.0</ns3:atemp>
          </ns3:TrackPointExtension>
        </extensions>
      </trkpt>
      <trkpt lat="46.115648746490478515625" lon="91.45067987032234668731689453125">
        <ele>1257</ele>
        <time>2025-08-07T07:05:41.000Z</time>
        <extensions>
          <ns3:TrackPointExtension>
            <ns3:atemp>32.0</ns3:atemp>
          </ns3:TrackPointExtension>
        </extensions>
      </trkpt>
      <trkpt lat="46.115761734545230865478515625" lon="91.450989581644535064697265625">
        <ele>1257.800048828125</ele>
        <time>2025-08-07T07:05:48.000Z</time>
        <extensions>
          <ns3:TrackPointExtension>
            <ns3:atemp>32.0</ns3:atemp>
          </ns3:TrackPointExtension>
        </extensions>
      </trkpt>
      <trkpt lat="46.11577623523771762847900390625" lon="91.451033167541027069091796875">
        <ele>1258</ele>
        <time>2025-08-07T07:05:49.000Z</time>
        <extensions>
          <ns3:TrackPointExtension>
            <ns3:atemp>32.0</ns3:atemp>
          </ns3:TrackPointExtension>
        </extensions>
      </trkpt>
      <trkpt lat="46.115918643772602081298828125" lon="91.451359726488590240478515625">
        <ele>1258.800048828125</ele>
        <time>2025-08-07T07:05:57.000Z</time>
        <extensions>
          <ns3:TrackPointExtension>
            <ns3:atemp>32.0</ns3:atemp>
          </ns3:TrackPointExtension>
        </extensions>
      </trkpt>
      <trkpt lat="46.1159560270607471466064453125" lon="91.45144882611930370330810546875">
        <ele>1258.800048828125</ele>
        <time>2025-08-07T07:05:59.000Z</time>
        <extensions>
          <ns3:TrackPointExtension>
            <ns3:atemp>32.0</ns3:atemp>
          </ns3:TrackPointExtension>
        </extensions>
      </trkpt>
      <trkpt lat="46.11606247723102569580078125" lon="91.4516921527683734893798828125">
        <ele>1259.199951171875</ele>
        <time>2025-08-07T07:06:05.000Z</time>
        <extensions>
          <ns3:TrackPointExtension>
            <ns3:atemp>33.0</ns3:atemp>
          </ns3:TrackPointExtension>
        </extensions>
      </trkpt>
      <trkpt lat="46.11616934649646282196044921875" lon="91.45194017328321933746337890625">
        <ele>1259.800048828125</ele>
        <time>2025-08-07T07:06:12.000Z</time>
        <extensions>
          <ns3:TrackPointExtension>
            <ns3:atemp>33.0</ns3:atemp>
          </ns3:TrackPointExtension>
        </extensions>
      </trkpt>
      <trkpt lat="46.11620941199362277984619140625" lon="91.4520535804331302642822265625">
        <ele>1260</ele>
        <time>2025-08-07T07:06:15.000Z</time>
        <extensions>
          <ns3:TrackPointExtension>
            <ns3:atemp>33.0</ns3:atemp>
          </ns3:TrackPointExtension>
        </extensions>
      </trkpt>
      <trkpt lat="46.1162255890667438507080078125" lon="91.4520943164825439453125">
        <ele>1260</ele>
        <time>2025-08-07T07:06:16.000Z</time>
        <extensions>
          <ns3:TrackPointExtension>
            <ns3:atemp>33.0</ns3:atemp>
          </ns3:TrackPointExtension>
        </extensions>
      </trkpt>
      <trkpt lat="46.11630546860396862030029296875" lon="91.45228869281709194183349609375">
        <ele>1260.4000244140625</ele>
        <time>2025-08-07T07:06:21.000Z</time>
        <extensions>
          <ns3:TrackPointExtension>
            <ns3:atemp>33.0</ns3:atemp>
          </ns3:TrackPointExtension>
        </extensions>
      </trkpt>
      <trkpt lat="46.11639565788209438323974609375" lon="91.4524834044277667999267578125">
        <ele>1261</ele>
        <time>2025-08-07T07:06:26.000Z</time>
        <extensions>
          <ns3:TrackPointExtension>
            <ns3:atemp>33.0</ns3:atemp>
          </ns3:TrackPointExtension>
        </extensions>
      </trkpt>
      <trkpt lat="46.11651308834552764892578125" lon="91.4527613483369350433349609375">
        <ele>1261.5999755859375</ele>
        <time>2025-08-07T07:06:33.000Z</time>
        <extensions>
          <ns3:TrackPointExtension>
            <ns3:atemp>33.0</ns3:atemp>
          </ns3:TrackPointExtension>
        </extensions>
      </trkpt>
      <trkpt lat="46.116546280682086944580078125" lon="91.4528877474367618560791015625">
        <ele>1262</ele>
        <time>2025-08-07T07:06:36.000Z</time>
        <extensions>
          <ns3:TrackPointExtension>
            <ns3:atemp>33.0</ns3:atemp>
          </ns3:TrackPointExtension>
        </extensions>
      </trkpt>
      <trkpt lat="46.11661425791680812835693359375" lon="91.45304717123508453369140625">
        <ele>1262.4000244140625</ele>
        <time>2025-08-07T07:06:40.000Z</time>
        <extensions>
          <ns3:TrackPointExtension>
            <ns3:atemp>33.0</ns3:atemp>
          </ns3:TrackPointExtension>
        </extensions>
      </trkpt>
      <trkpt lat="46.11674518324434757232666015625" lon="91.4533187448978424072265625">
        <ele>1263</ele>
        <time>2025-08-07T07:06:47.000Z</time>
        <extensions>
          <ns3:TrackPointExtension>
            <ns3:atemp>33.0</ns3:atemp>
          </ns3:TrackPointExtension>
        </extensions>
      </trkpt>
      <trkpt lat="46.1167616955935955047607421875" lon="91.45335285924375057220458984375">
        <ele>1263.199951171875</ele>
        <time>2025-08-07T07:06:48.000Z</time>
        <extensions>
          <ns3:TrackPointExtension>
            <ns3:atemp>33.0</ns3:atemp>
          </ns3:TrackPointExtension>
        </extensions>
      </trkpt>
      <trkpt lat="46.11689354293048381805419921875" lon="91.45363801158964633941650390625">
        <ele>1264</ele>
        <time>2025-08-07T07:06:56.000Z</time>
        <extensions>
          <ns3:TrackPointExtension>
            <ns3:atemp>33.0</ns3:atemp>
          </ns3:TrackPointExtension>
        </extensions>
      </trkpt>
      <trkpt lat="46.1169125698506832122802734375" lon="91.45367371849715709686279296875">
        <ele>1264.199951171875</ele>
        <time>2025-08-07T07:06:57.000Z</time>
        <extensions>
          <ns3:TrackPointExtension>
            <ns3:atemp>33.0</ns3:atemp>
          </ns3:TrackPointExtension>
        </extensions>
      </trkpt>
      <trkpt lat="46.11707928590476512908935546875" lon="91.4538875408470630645751953125">
        <ele>1265</ele>
        <time>2025-08-07T07:07:04.000Z</time>
        <extensions>
          <ns3:TrackPointExtension>
            <ns3:atemp>33.0</ns3:atemp>
          </ns3:TrackPointExtension>
        </extensions>
      </trkpt>
      <trkpt lat="46.1171579919755458831787109375" lon="91.45396993495523929595947265625">
        <ele>1265.199951171875</ele>
        <time>2025-08-07T07:07:07.000Z</time>
        <extensions>
          <ns3:TrackPointExtension>
            <ns3:atemp>33.0</ns3:atemp>
          </ns3:TrackPointExtension>
        </extensions>
      </trkpt>
      <trkpt lat="46.1173360235989093780517578125" lon="91.4541031233966350555419921875">
        <ele>1265.5999755859375</ele>
        <time>2025-08-07T07:07:13.000Z</time>
        <extensions>
          <ns3:TrackPointExtension>
            <ns3:atemp>33.0</ns3:atemp>
          </ns3:TrackPointExtension>
        </extensions>
      </trkpt>
      <trkpt lat="46.11753559671342372894287109375" lon="91.45422809757292270660400390625">
        <ele>1266.199951171875</ele>
        <time>2025-08-07T07:07:21.000Z</time>
        <extensions>
          <ns3:TrackPointExtension>
            <ns3:atemp>33.0</ns3:atemp>
          </ns3:TrackPointExtension>
        </extensions>
      </trkpt>
      <trkpt lat="46.11758085899055004119873046875" lon="91.454255171120166778564453125">
        <ele>1266.4000244140625</ele>
        <time>2025-08-07T07:07:23.000Z</time>
        <extensions>
          <ns3:TrackPointExtension>
            <ns3:atemp>33.0</ns3:atemp>
          </ns3:TrackPointExtension>
        </extensions>
      </trkpt>
      <trkpt lat="46.1178567074239253997802734375" lon="91.45435214973986148834228515625">
        <ele>1267.199951171875</ele>
        <time>2025-08-07T07:07:34.000Z</time>
        <extensions>
          <ns3:TrackPointExtension>
            <ns3:atemp>33.0</ns3:atemp>
          </ns3:TrackPointExtension>
        </extensions>
      </trkpt>
      <trkpt lat="46.1178808473050594329833984375" lon="91.454364471137523651123046875">
        <ele>1267.4000244140625</ele>
        <time>2025-08-07T07:07:35.000Z</time>
        <extensions>
          <ns3:TrackPointExtension>
            <ns3:atemp>33.0</ns3:atemp>
          </ns3:TrackPointExtension>
        </extensions>
      </trkpt>
      <trkpt lat="46.11810891889035701751708984375" lon="91.45452666096389293670654296875">
        <ele>1268.4000244140625</ele>
        <time>2025-08-07T07:07:44.000Z</time>
        <extensions>
          <ns3:TrackPointExtension>
            <ns3:atemp>33.0</ns3:atemp>
          </ns3:TrackPointExtension>
        </extensions>
      </trkpt>
      <trkpt lat="46.11813540570437908172607421875" lon="91.454542838037014007568359375">
        <ele>1268.5999755859375</ele>
        <time>2025-08-07T07:07:45.000Z</time>
        <extensions>
          <ns3:TrackPointExtension>
            <ns3:atemp>33.0</ns3:atemp>
          </ns3:TrackPointExtension>
        </extensions>
      </trkpt>
      <trkpt lat="46.11829650588333606719970703125" lon="91.45464350469410419464111328125">
        <ele>1269.5999755859375</ele>
        <time>2025-08-07T07:07:51.000Z</time>
        <extensions>
          <ns3:TrackPointExtension>
            <ns3:atemp>33.0</ns3:atemp>
          </ns3:TrackPointExtension>
        </extensions>
      </trkpt>
      <trkpt lat="46.1183403432369232177734375" lon="91.45470050163567066192626953125">
        <ele>1270.199951171875</ele>
        <time>2025-08-07T07:07:53.000Z</time>
        <extensions>
          <ns3:TrackPointExtension>
            <ns3:atemp>33.0</ns3:atemp>
          </ns3:TrackPointExtension>
        </extensions>
      </trkpt>
      <trkpt lat="46.1183830909430980682373046875" lon="91.45476520992815494537353515625">
        <ele>1270.800048828125</ele>
        <time>2025-08-07T07:07:55.000Z</time>
        <extensions>
          <ns3:TrackPointExtension>
            <ns3:atemp>33.0</ns3:atemp>
          </ns3:TrackPointExtension>
        </extensions>
      </trkpt>
      <trkpt lat="46.11852717585861682891845703125" lon="91.455002166330814361572265625">
        <ele>1271</ele>
        <time>2025-08-07T07:08:02.000Z</time>
        <extensions>
          <ns3:TrackPointExtension>
            <ns3:atemp>33.0</ns3:atemp>
          </ns3:TrackPointExtension>
        </extensions>
      </trkpt>
      <trkpt lat="46.1186104081571102142333984375" lon="91.45528279244899749755859375">
        <ele>1271.5999755859375</ele>
        <time>2025-08-07T07:08:09.000Z</time>
        <extensions>
          <ns3:TrackPointExtension>
            <ns3:atemp>33.0</ns3:atemp>
          </ns3:TrackPointExtension>
        </extensions>
      </trkpt>
      <trkpt lat="46.1186197958886623382568359375" lon="91.45537910051643848419189453125">
        <ele>1271.800048828125</ele>
        <time>2025-08-07T07:08:11.000Z</time>
        <extensions>
          <ns3:TrackPointExtension>
            <ns3:atemp>33.0</ns3:atemp>
          </ns3:TrackPointExtension>
        </extensions>
      </trkpt>
      <trkpt lat="46.11865726299583911895751953125" lon="91.4556782506406307220458984375">
        <ele>1272.199951171875</ele>
        <time>2025-08-07T07:08:18.000Z</time>
        <extensions>
          <ns3:TrackPointExtension>
            <ns3:atemp>33.0</ns3:atemp>
          </ns3:TrackPointExtension>
        </extensions>
      </trkpt>
      <trkpt lat="46.1186596937477588653564453125" lon="91.45569291897118091583251953125">
        <ele>1273</ele>
        <time>2025-08-07T07:08:21.000Z</time>
        <extensions>
          <ns3:TrackPointExtension>
            <ns3:atemp>33.0</ns3:atemp>
          </ns3:TrackPointExtension>
        </extensions>
      </trkpt>
      <trkpt lat="46.1186707578599452972412109375" lon="91.455748490989208221435546875">
        <ele>1274.4000244140625</ele>
        <time>2025-08-07T07:11:00.000Z</time>
        <extensions>
          <ns3:TrackPointExtension>
            <ns3:atemp>32.0</ns3:atemp>
          </ns3:TrackPointExtension>
        </extensions>
      </trkpt>
      <trkpt lat="46.11867218278348445892333984375" lon="91.4558033086359500885009765625">
        <ele>1274</ele>
        <time>2025-08-07T07:11:04.000Z</time>
        <extensions>
          <ns3:TrackPointExtension>
            <ns3:atemp>32.0</ns3:atemp>
          </ns3:TrackPointExtension>
        </extensions>
      </trkpt>
      <trkpt lat="46.11868995241820812225341796875" lon="91.455868184566497802734375">
        <ele>1276</ele>
        <time>2025-08-07T07:11:41.000Z</time>
        <extensions>
          <ns3:TrackPointExtension>
            <ns3:atemp>32.0</ns3:atemp>
          </ns3:TrackPointExtension>
        </extensions>
      </trkpt>
      <trkpt lat="46.11870017834007740020751953125" lon="91.45595041103661060333251953125">
        <ele>1276</ele>
        <time>2025-08-07T07:11:43.000Z</time>
        <extensions>
          <ns3:TrackPointExtension>
            <ns3:atemp>32.0</ns3:atemp>
          </ns3:TrackPointExtension>
        </extensions>
      </trkpt>
      <trkpt lat="46.118741333484649658203125" lon="91.4562626369297504425048828125">
        <ele>1275.800048828125</ele>
        <time>2025-08-07T07:11:48.000Z</time>
        <extensions>
          <ns3:TrackPointExtension>
            <ns3:atemp>32.0</ns3:atemp>
          </ns3:TrackPointExtension>
        </extensions>
      </trkpt>
      <trkpt lat="46.1187948100268840789794921875" lon="91.45669941790401935577392578125">
        <ele>1275.4000244140625</ele>
        <time>2025-08-07T07:11:53.000Z</time>
        <extensions>
          <ns3:TrackPointExtension>
            <ns3:atemp>32.0</ns3:atemp>
          </ns3:TrackPointExtension>
        </extensions>
      </trkpt>
      <trkpt lat="46.11883579753339290618896484375" lon="91.4570052735507488250732421875">
        <ele>1274.800048828125</ele>
        <time>2025-08-07T07:11:56.000Z</time>
        <extensions>
          <ns3:TrackPointExtension>
            <ns3:atemp>32.0</ns3:atemp>
          </ns3:TrackPointExtension>
        </extensions>
      </trkpt>
      <trkpt lat="46.118881143629550933837890625" lon="91.45734407007694244384765625">
        <ele>1274.4000244140625</ele>
        <time>2025-08-07T07:11:59.000Z</time>
        <extensions>
          <ns3:TrackPointExtension>
            <ns3:atemp>32.0</ns3:atemp>
          </ns3:TrackPointExtension>
        </extensions>
      </trkpt>
      <trkpt lat="46.11892162822186946868896484375" lon="91.45758722908794879913330078125">
        <ele>1273.5999755859375</ele>
        <time>2025-08-07T07:12:01.000Z</time>
        <extensions>
          <ns3:TrackPointExtension>
            <ns3:atemp>32.0</ns3:atemp>
          </ns3:TrackPointExtension>
        </extensions>
      </trkpt>
      <trkpt lat="46.1189976520836353302001953125" lon="91.458099447190761566162109375">
        <ele>1273</ele>
        <time>2025-08-07T07:12:05.000Z</time>
        <extensions>
          <ns3:TrackPointExtension>
            <ns3:atemp>32.0</ns3:atemp>
          </ns3:TrackPointExtension>
        </extensions>
      </trkpt>
      <trkpt lat="46.11903704702854156494140625" lon="91.4583735354244709014892578125">
        <ele>1272.5999755859375</ele>
        <time>2025-08-07T07:12:07.000Z</time>
        <extensions>
          <ns3:TrackPointExtension>
            <ns3:atemp>32.0</ns3:atemp>
          </ns3:TrackPointExtension>
        </extensions>
      </trkpt>
      <trkpt lat="46.119133271276950836181640625" lon="91.45895431749522686004638671875">
        <ele>1271.199951171875</ele>
        <time>2025-08-07T07:12:11.000Z</time>
        <extensions>
          <ns3:TrackPointExtension>
            <ns3:atemp>32.0</ns3:atemp>
          </ns3:TrackPointExtension>
        </extensions>
      </trkpt>
      <trkpt lat="46.119255982339382171630859375" lon="91.45956904627382755279541015625">
        <ele>1269.5999755859375</ele>
        <time>2025-08-07T07:12:15.000Z</time>
        <extensions>
          <ns3:TrackPointExtension>
            <ns3:atemp>32.0</ns3:atemp>
          </ns3:TrackPointExtension>
        </extensions>
      </trkpt>
      <trkpt lat="46.11935220658779144287109375" lon="91.46005637012422084808349609375">
        <ele>1268.5999755859375</ele>
        <time>2025-08-07T07:12:18.000Z</time>
        <extensions>
          <ns3:TrackPointExtension>
            <ns3:atemp>32.0</ns3:atemp>
          </ns3:TrackPointExtension>
        </extensions>
      </trkpt>
      <trkpt lat="46.11938330344855785369873046875" lon="91.46022484637796878814697265625">
        <ele>1268.4000244140625</ele>
        <time>2025-08-07T07:12:19.000Z</time>
        <extensions>
          <ns3:TrackPointExtension>
            <ns3:atemp>32.0</ns3:atemp>
          </ns3:TrackPointExtension>
        </extensions>
      </trkpt>
      <trkpt lat="46.11953862011432647705078125" lon="91.4610671438276767730712890625">
        <ele>1267</ele>
        <time>2025-08-07T07:12:24.000Z</time>
        <extensions>
          <ns3:TrackPointExtension>
            <ns3:atemp>32.0</ns3:atemp>
          </ns3:TrackPointExtension>
        </extensions>
      </trkpt>
      <trkpt lat="46.119571812450885772705078125" lon="91.46124106831848621368408203125">
        <ele>1266.199951171875</ele>
        <time>2025-08-07T07:12:25.000Z</time>
        <extensions>
          <ns3:TrackPointExtension>
            <ns3:atemp>32.0</ns3:atemp>
          </ns3:TrackPointExtension>
        </extensions>
      </trkpt>
      <trkpt lat="46.119603328406810760498046875" lon="91.461417675018310546875">
        <ele>1265.800048828125</ele>
        <time>2025-08-07T07:12:26.000Z</time>
        <extensions>
          <ns3:TrackPointExtension>
            <ns3:atemp>32.0</ns3:atemp>
          </ns3:TrackPointExtension>
        </extensions>
      </trkpt>
      <trkpt lat="46.119679100811481475830078125" lon="91.46196174435317516326904296875">
        <ele>1264.5999755859375</ele>
        <time>2025-08-07T07:12:29.000Z</time>
        <extensions>
          <ns3:TrackPointExtension>
            <ns3:atemp>32.0</ns3:atemp>
          </ns3:TrackPointExtension>
        </extensions>
      </trkpt>
      <trkpt lat="46.11969678662717342376708984375" lon="91.462146230041980743408203125">
        <ele>1264.199951171875</ele>
        <time>2025-08-07T07:12:30.000Z</time>
        <extensions>
          <ns3:TrackPointExtension>
            <ns3:atemp>32.0</ns3:atemp>
          </ns3:TrackPointExtension>
        </extensions>
      </trkpt>
      <trkpt lat="46.11973618157207965850830078125" lon="91.462708823382854461669921875">
        <ele>1263.199951171875</ele>
        <time>2025-08-07T07:12:33.000Z</time>
        <extensions>
          <ns3:TrackPointExtension>
            <ns3:atemp>32.0</ns3:atemp>
          </ns3:TrackPointExtension>
        </extensions>
      </trkpt>
      <trkpt lat="46.11976216547191143035888671875" lon="91.46328239701688289642333984375">
        <ele>1262</ele>
        <time>2025-08-07T07:12:36.000Z</time>
        <extensions>
          <ns3:TrackPointExtension>
            <ns3:atemp>32.0</ns3:atemp>
          </ns3:TrackPointExtension>
        </extensions>
      </trkpt>
      <trkpt lat="46.11976920627057552337646484375" lon="91.46347886882722377777099609375">
        <ele>1261.5999755859375</ele>
        <time>2025-08-07T07:12:37.000Z</time>
        <extensions>
          <ns3:TrackPointExtension>
            <ns3:atemp>32.0</ns3:atemp>
          </ns3:TrackPointExtension>
        </extensions>
      </trkpt>
      <trkpt lat="46.1197748221457004547119140625" lon="91.4636776037514209747314453125">
        <ele>1260.5999755859375</ele>
        <time>2025-08-07T07:12:38.000Z</time>
        <extensions>
          <ns3:TrackPointExtension>
            <ns3:atemp>32.0</ns3:atemp>
          </ns3:TrackPointExtension>
        </extensions>
      </trkpt>
      <trkpt lat="46.1197738163173198699951171875" lon="91.46408068947494029998779296875">
        <ele>1259.5999755859375</ele>
        <time>2025-08-07T07:12:40.000Z</time>
        <extensions>
          <ns3:TrackPointExtension>
            <ns3:atemp>32.0</ns3:atemp>
          </ns3:TrackPointExtension>
        </extensions>
      </trkpt>
      <trkpt lat="46.11975713633000850677490234375" lon="91.46428026258945465087890625">
        <ele>1259.199951171875</ele>
        <time>2025-08-07T07:12:41.000Z</time>
        <extensions>
          <ns3:TrackPointExtension>
            <ns3:atemp>32.0</ns3:atemp>
          </ns3:TrackPointExtension>
        </extensions>
      </trkpt>
      <trkpt lat="46.11972981132566928863525390625" lon="91.464475728571414947509765625">
        <ele>1258.5999755859375</ele>
        <time>2025-08-07T07:12:42.000Z</time>
        <extensions>
          <ns3:TrackPointExtension>
            <ns3:atemp>32.0</ns3:atemp>
          </ns3:TrackPointExtension>
        </extensions>
      </trkpt>
      <trkpt lat="46.1195914261043071746826171875" lon="91.4650301076471805572509765625">
        <ele>1257.4000244140625</ele>
        <time>2025-08-07T07:12:45.000Z</time>
        <extensions>
          <ns3:TrackPointExtension>
            <ns3:atemp>32.0</ns3:atemp>
          </ns3:TrackPointExtension>
        </extensions>
      </trkpt>
      <trkpt lat="46.119529902935028076171875" lon="91.46520520560443401336669921875">
        <ele>1256.5999755859375</ele>
        <time>2025-08-07T07:12:46.000Z</time>
        <extensions>
          <ns3:TrackPointExtension>
            <ns3:atemp>32.0</ns3:atemp>
          </ns3:TrackPointExtension>
        </extensions>
      </trkpt>
      <trkpt lat="46.11946075223386287689208984375" lon="91.46537594497203826904296875">
        <ele>1256.199951171875</ele>
        <time>2025-08-07T07:12:47.000Z</time>
        <extensions>
          <ns3:TrackPointExtension>
            <ns3:atemp>32.0</ns3:atemp>
          </ns3:TrackPointExtension>
        </extensions>
      </trkpt>
      <trkpt lat="46.1193131469190120697021484375" lon="91.465707533061504364013671875">
        <ele>1254.800048828125</ele>
        <time>2025-08-07T07:12:49.000Z</time>
        <extensions>
          <ns3:TrackPointExtension>
            <ns3:atemp>32.0</ns3:atemp>
          </ns3:TrackPointExtension>
        </extensions>
      </trkpt>
      <trkpt lat="46.119168139994144439697265625" lon="91.466037444770336151123046875">
        <ele>1254</ele>
        <time>2025-08-07T07:12:51.000Z</time>
        <extensions>
          <ns3:TrackPointExtension>
            <ns3:atemp>32.0</ns3:atemp>
          </ns3:TrackPointExtension>
        </extensions>
      </trkpt>
      <trkpt lat="46.1190978996455669403076171875" lon="91.46620416082441806793212890625">
        <ele>1253.800048828125</ele>
        <time>2025-08-07T07:12:52.000Z</time>
        <extensions>
          <ns3:TrackPointExtension>
            <ns3:atemp>32.0</ns3:atemp>
          </ns3:TrackPointExtension>
        </extensions>
      </trkpt>
      <trkpt lat="46.11896135844290256500244140625" lon="91.4665378443896770477294921875">
        <ele>1252.5999755859375</ele>
        <time>2025-08-07T07:12:54.000Z</time>
        <extensions>
          <ns3:TrackPointExtension>
            <ns3:atemp>32.0</ns3:atemp>
          </ns3:TrackPointExtension>
        </extensions>
      </trkpt>
      <trkpt lat="46.118773184716701507568359375" lon="91.4670441113412380218505859375">
        <ele>1251.4000244140625</ele>
        <time>2025-08-07T07:12:57.000Z</time>
        <extensions>
          <ns3:TrackPointExtension>
            <ns3:atemp>32.0</ns3:atemp>
          </ns3:TrackPointExtension>
        </extensions>
      </trkpt>
      <trkpt lat="46.118657849729061126708984375" lon="91.46739472635090351104736328125">
        <ele>1250.4000244140625</ele>
        <time>2025-08-07T07:12:59.000Z</time>
        <extensions>
          <ns3:TrackPointExtension>
            <ns3:atemp>32.0</ns3:atemp>
          </ns3:TrackPointExtension>
        </extensions>
      </trkpt>
      <trkpt lat="46.11860923469066619873046875" lon="91.46757577545940876007080078125">
        <ele>1250</ele>
        <time>2025-08-07T07:13:00.000Z</time>
        <extensions>
          <ns3:TrackPointExtension>
            <ns3:atemp>32.0</ns3:atemp>
          </ns3:TrackPointExtension>
        </extensions>
      </trkpt>
      <trkpt lat="46.11851342953741550445556640625" lon="91.4679493568837642669677734375">
        <ele>1248.5999755859375</ele>
        <time>2025-08-07T07:13:02.000Z</time>
        <extensions>
          <ns3:TrackPointExtension>
            <ns3:atemp>32.0</ns3:atemp>
          </ns3:TrackPointExtension>
        </extensions>
      </trkpt>
      <trkpt lat="46.118376888334751129150390625" lon="91.4685241878032684326171875">
        <ele>1247.199951171875</ele>
        <time>2025-08-07T07:13:05.000Z</time>
        <extensions>
          <ns3:TrackPointExtension>
            <ns3:atemp>31.0</ns3:atemp>
          </ns3:TrackPointExtension>
        </extensions>
      </trkpt>
      <trkpt lat="46.1183331348001956939697265625" lon="91.46871755830943584442138671875">
        <ele>1246.800048828125</ele>
        <time>2025-08-07T07:13:06.000Z</time>
        <extensions>
          <ns3:TrackPointExtension>
            <ns3:atemp>31.0</ns3:atemp>
          </ns3:TrackPointExtension>
        </extensions>
      </trkpt>
      <trkpt lat="46.11824705265462398529052734375" lon="91.469105221331119537353515625">
        <ele>1246</ele>
        <time>2025-08-07T07:13:08.000Z</time>
        <extensions>
          <ns3:TrackPointExtension>
            <ns3:atemp>31.0</ns3:atemp>
          </ns3:TrackPointExtension>
        </extensions>
      </trkpt>
      <trkpt lat="46.11811813898384571075439453125" lon="91.46968466229736804962158203125">
        <ele>1244.5999755859375</ele>
        <time>2025-08-07T07:13:11.000Z</time>
        <extensions>
          <ns3:TrackPointExtension>
            <ns3:atemp>31.0</ns3:atemp>
          </ns3:TrackPointExtension>
        </extensions>
      </trkpt>
      <trkpt lat="46.11802761442959308624267578125" lon="91.47007442079484462738037109375">
        <ele>1243.199951171875</ele>
        <time>2025-08-07T07:13:13.000Z</time>
        <extensions>
          <ns3:TrackPointExtension>
            <ns3:atemp>31.0</ns3:atemp>
          </ns3:TrackPointExtension>
        </extensions>
      </trkpt>
      <trkpt lat="46.11792971380054950714111328125" lon="91.470459401607513427734375">
        <ele>1242.199951171875</ele>
        <time>2025-08-07T07:13:15.000Z</time>
        <extensions>
          <ns3:TrackPointExtension>
            <ns3:atemp>31.0</ns3:atemp>
          </ns3:TrackPointExtension>
        </extensions>
      </trkpt>
      <trkpt lat="46.117880009114742279052734375" lon="91.4706483297049999237060546875">
        <ele>1241.800048828125</ele>
        <time>2025-08-07T07:13:16.000Z</time>
        <extensions>
          <ns3:TrackPointExtension>
            <ns3:atemp>31.0</ns3:atemp>
          </ns3:TrackPointExtension>
        </extensions>
      </trkpt>
      <trkpt lat="46.1178298853337764739990234375" lon="91.4708367548882961273193359375">
        <ele>1241.199951171875</ele>
        <time>2025-08-07T07:13:17.000Z</time>
        <extensions>
          <ns3:TrackPointExtension>
            <ns3:atemp>31.0</ns3:atemp>
          </ns3:TrackPointExtension>
        </extensions>
      </trkpt>
      <trkpt lat="46.11773215234279632568359375" lon="91.4712102524936199188232421875">
        <ele>1240.199951171875</ele>
        <time>2025-08-07T07:13:19.000Z</time>
        <extensions>
          <ns3:TrackPointExtension>
            <ns3:atemp>31.0</ns3:atemp>
          </ns3:TrackPointExtension>
        </extensions>
      </trkpt>
      <trkpt lat="46.11757214181125164031982421875" lon="91.47175800986588001251220703125">
        <ele>1238.800048828125</ele>
        <time>2025-08-07T07:13:22.000Z</time>
        <extensions>
          <ns3:TrackPointExtension>
            <ns3:atemp>31.0</ns3:atemp>
          </ns3:TrackPointExtension>
        </extensions>
      </trkpt>
      <trkpt lat="46.11746518872678279876708984375" lon="91.4721201919019222259521484375">
        <ele>1238.199951171875</ele>
        <time>2025-08-07T07:13:24.000Z</time>
        <extensions>
          <ns3:TrackPointExtension>
            <ns3:atemp>31.0</ns3:atemp>
          </ns3:TrackPointExtension>
        </extensions>
      </trkpt>
      <trkpt lat="46.11740768887102603912353515625" lon="91.47229738533496856689453125">
        <ele>1237.5999755859375</ele>
        <time>2025-08-07T07:13:25.000Z</time>
        <extensions>
          <ns3:TrackPointExtension>
            <ns3:atemp>31.0</ns3:atemp>
          </ns3:TrackPointExtension>
        </extensions>
      </trkpt>
      <trkpt lat="46.117118932306766510009765625" lon="91.47315912880003452301025390625">
        <ele>1236.800048828125</ele>
        <time>2025-08-07T07:13:30.000Z</time>
        <extensions>
          <ns3:TrackPointExtension>
            <ns3:atemp>31.0</ns3:atemp>
          </ns3:TrackPointExtension>
        </extensions>
      </trkpt>
      <trkpt lat="46.1169444210827350616455078125" lon="91.47365198470652103424072265625">
        <ele>1236.800048828125</ele>
        <time>2025-08-07T07:13:33.000Z</time>
        <extensions>
          <ns3:TrackPointExtension>
            <ns3:atemp>31.0</ns3:atemp>
          </ns3:TrackPointExtension>
        </extensions>
      </trkpt>
      <trkpt lat="46.1167767830193042755126953125" lon="91.47413243539631366729736328125">
        <ele>1236.5999755859375</ele>
        <time>2025-08-07T07:13:36.000Z</time>
        <extensions>
          <ns3:TrackPointExtension>
            <ns3:atemp>31.0</ns3:atemp>
          </ns3:TrackPointExtension>
        </extensions>
      </trkpt>
      <trkpt lat="46.1166678182780742645263671875" lon="91.474451534450054168701171875">
        <ele>1235</ele>
        <time>2025-08-07T07:13:38.000Z</time>
        <extensions>
          <ns3:TrackPointExtension>
            <ns3:atemp>31.0</ns3:atemp>
          </ns3:TrackPointExtension>
        </extensions>
      </trkpt>
      <trkpt lat="46.11656002700328826904296875" lon="91.47477415390312671661376953125">
        <ele>1233.800048828125</ele>
        <time>2025-08-07T07:13:40.000Z</time>
        <extensions>
          <ns3:TrackPointExtension>
            <ns3:atemp>31.0</ns3:atemp>
          </ns3:TrackPointExtension>
        </extensions>
      </trkpt>
      <trkpt lat="46.116398759186267852783203125" lon="91.47526214830577373504638671875">
        <ele>1232.5999755859375</ele>
        <time>2025-08-07T07:13:43.000Z</time>
        <extensions>
          <ns3:TrackPointExtension>
            <ns3:atemp>31.0</ns3:atemp>
          </ns3:TrackPointExtension>
        </extensions>
      </trkpt>
      <trkpt lat="46.11623086966574192047119140625" lon="91.47576305083930492401123046875">
        <ele>1230.800048828125</ele>
        <time>2025-08-07T07:13:46.000Z</time>
        <extensions>
          <ns3:TrackPointExtension>
            <ns3:atemp>31.0</ns3:atemp>
          </ns3:TrackPointExtension>
        </extensions>
      </trkpt>
      <trkpt lat="46.116122491657733917236328125" lon="91.47610804997384548187255859375">
        <ele>1229</ele>
        <time>2025-08-07T07:13:48.000Z</time>
        <extensions>
          <ns3:TrackPointExtension>
            <ns3:atemp>31.0</ns3:atemp>
          </ns3:TrackPointExtension>
        </extensions>
      </trkpt>
      <trkpt lat="46.11601880751550197601318359375" lon="91.47646562196314334869384765625">
        <ele>1228.199951171875</ele>
        <time>2025-08-07T07:13:50.000Z</time>
        <extensions>
          <ns3:TrackPointExtension>
            <ns3:atemp>31.0</ns3:atemp>
          </ns3:TrackPointExtension>
        </extensions>
      </trkpt>
      <trkpt lat="46.1159680970013141632080078125" lon="91.47664767690002918243408203125">
        <ele>1227.800048828125</ele>
        <time>2025-08-07T07:13:51.000Z</time>
        <extensions>
          <ns3:TrackPointExtension>
            <ns3:atemp>31.0</ns3:atemp>
          </ns3:TrackPointExtension>
        </extensions>
      </trkpt>
      <trkpt lat="46.11577170901000499725341796875" lon="91.47739090025424957275390625">
        <ele>1227</ele>
        <time>2025-08-07T07:13:55.000Z</time>
        <extensions>
          <ns3:TrackPointExtension>
            <ns3:atemp>31.0</ns3:atemp>
          </ns3:TrackPointExtension>
        </extensions>
      </trkpt>
      <trkpt lat="46.11568068154156208038330078125" lon="91.47776381112635135650634765625">
        <ele>1226.800048828125</ele>
        <time>2025-08-07T07:13:57.000Z</time>
        <extensions>
          <ns3:TrackPointExtension>
            <ns3:atemp>31.0</ns3:atemp>
          </ns3:TrackPointExtension>
        </extensions>
      </trkpt>
      <trkpt lat="46.1155972816050052642822265625" lon="91.47813932038843631744384765625">
        <ele>1226.5999755859375</ele>
        <time>2025-08-07T07:13:59.000Z</time>
        <extensions>
          <ns3:TrackPointExtension>
            <ns3:atemp>31.0</ns3:atemp>
          </ns3:TrackPointExtension>
        </extensions>
      </trkpt>
      <trkpt lat="46.11546258442103862762451171875" lon="91.4788828790187835693359375">
        <ele>1225.199951171875</ele>
        <time>2025-08-07T07:14:03.000Z</time>
        <extensions>
          <ns3:TrackPointExtension>
            <ns3:atemp>31.0</ns3:atemp>
          </ns3:TrackPointExtension>
        </extensions>
      </trkpt>
      <trkpt lat="46.11542872153222560882568359375" lon="91.479068957269191741943359375">
        <ele>1224.800048828125</ele>
        <time>2025-08-07T07:14:04.000Z</time>
        <extensions>
          <ns3:TrackPointExtension>
            <ns3:atemp>31.0</ns3:atemp>
          </ns3:TrackPointExtension>
        </extensions>
      </trkpt>
      <trkpt lat="46.11536250449717044830322265625" lon="91.47943868301808834075927734375">
        <ele>1224</ele>
        <time>2025-08-07T07:14:06.000Z</time>
        <extensions>
          <ns3:TrackPointExtension>
            <ns3:atemp>31.0</ns3:atemp>
          </ns3:TrackPointExtension>
        </extensions>
      </trkpt>
      <trkpt lat="46.11530601046979427337646484375" lon="91.47981167770922183990478515625">
        <ele>1222.800048828125</ele>
        <time>2025-08-07T07:14:08.000Z</time>
        <extensions>
          <ns3:TrackPointExtension>
            <ns3:atemp>31.0</ns3:atemp>
          </ns3:TrackPointExtension>
        </extensions>
      </trkpt>
      <trkpt lat="46.11522562801837921142578125" lon="91.4803743548691272735595703125">
        <ele>1221.800048828125</ele>
        <time>2025-08-07T07:14:11.000Z</time>
        <extensions>
          <ns3:TrackPointExtension>
            <ns3:atemp>31.0</ns3:atemp>
          </ns3:TrackPointExtension>
        </extensions>
      </trkpt>
      <trkpt lat="46.11518271267414093017578125" lon="91.48074843920767307281494140625">
        <ele>1220.4000244140625</ele>
        <time>2025-08-07T07:14:13.000Z</time>
        <extensions>
          <ns3:TrackPointExtension>
            <ns3:atemp>31.0</ns3:atemp>
          </ns3:TrackPointExtension>
        </extensions>
      </trkpt>
      <trkpt lat="46.1151453293859958648681640625" lon="91.48112528957426548004150390625">
        <ele>1219.4000244140625</ele>
        <time>2025-08-07T07:14:15.000Z</time>
        <extensions>
          <ns3:TrackPointExtension>
            <ns3:atemp>31.0</ns3:atemp>
          </ns3:TrackPointExtension>
        </extensions>
      </trkpt>
      <trkpt lat="46.11511188559234142303466796875" lon="91.4815085940062999725341796875">
        <ele>1218</ele>
        <time>2025-08-07T07:14:17.000Z</time>
        <extensions>
          <ns3:TrackPointExtension>
            <ns3:atemp>31.0</ns3:atemp>
          </ns3:TrackPointExtension>
        </extensions>
      </trkpt>
      <trkpt lat="46.11506192944943904876708984375" lon="91.48209189064800739288330078125">
        <ele>1217</ele>
        <time>2025-08-07T07:14:20.000Z</time>
        <extensions>
          <ns3:TrackPointExtension>
            <ns3:atemp>31.0</ns3:atemp>
          </ns3:TrackPointExtension>
        </extensions>
      </trkpt>
      <trkpt lat="46.11500275321304798126220703125" lon="91.4828698150813579559326171875">
        <ele>1215.800048828125</ele>
        <time>2025-08-07T07:14:24.000Z</time>
        <extensions>
          <ns3:TrackPointExtension>
            <ns3:atemp>31.0</ns3:atemp>
          </ns3:TrackPointExtension>
        </extensions>
      </trkpt>
      <trkpt lat="46.11496084369719028472900390625" lon="91.483452022075653076171875">
        <ele>1214.800048828125</ele>
        <time>2025-08-07T07:14:27.000Z</time>
        <extensions>
          <ns3:TrackPointExtension>
            <ns3:atemp>31.0</ns3:atemp>
          </ns3:TrackPointExtension>
        </extensions>
      </trkpt>
      <trkpt lat="46.11491994000971317291259765625" lon="91.48402911610901355743408203125">
        <ele>1213.800048828125</ele>
        <time>2025-08-07T07:14:30.000Z</time>
        <extensions>
          <ns3:TrackPointExtension>
            <ns3:atemp>31.0</ns3:atemp>
          </ns3:TrackPointExtension>
        </extensions>
      </trkpt>
      <trkpt lat="46.11490351147949695587158203125" lon="91.48422089405357837677001953125">
        <ele>1213.4000244140625</ele>
        <time>2025-08-07T07:14:31.000Z</time>
        <extensions>
          <ns3:TrackPointExtension>
            <ns3:atemp>31.0</ns3:atemp>
          </ns3:TrackPointExtension>
        </extensions>
      </trkpt>
      <trkpt lat="46.11484232358634471893310546875" lon="91.48498314432799816131591796875">
        <ele>1212.199951171875</ele>
        <time>2025-08-07T07:14:35.000Z</time>
        <extensions>
          <ns3:TrackPointExtension>
            <ns3:atemp>31.0</ns3:atemp>
          </ns3:TrackPointExtension>
        </extensions>
      </trkpt>
      <trkpt lat="46.11478574573993682861328125" lon="91.4857347495853900909423828125">
        <ele>1211.4000244140625</ele>
        <time>2025-08-07T07:14:39.000Z</time>
        <extensions>
          <ns3:TrackPointExtension>
            <ns3:atemp>31.0</ns3:atemp>
          </ns3:TrackPointExtension>
        </extensions>
      </trkpt>
      <trkpt lat="46.1147570796310901641845703125" lon="91.486109755933284759521484375">
        <ele>1211.199951171875</ele>
        <time>2025-08-07T07:14:41.000Z</time>
        <extensions>
          <ns3:TrackPointExtension>
            <ns3:atemp>30.0</ns3:atemp>
          </ns3:TrackPointExtension>
        </extensions>
      </trkpt>
      <trkpt lat="46.11471542157232761383056640625" lon="91.486673019826412200927734375">
        <ele>1210</ele>
        <time>2025-08-07T07:14:44.000Z</time>
        <extensions>
          <ns3:TrackPointExtension>
            <ns3:atemp>30.0</ns3:atemp>
          </ns3:TrackPointExtension>
        </extensions>
      </trkpt>
      <trkpt lat="46.1146393977105617523193359375" lon="91.487587988376617431640625">
        <ele>1209.4000244140625</ele>
        <time>2025-08-07T07:14:49.000Z</time>
        <extensions>
          <ns3:TrackPointExtension>
            <ns3:atemp>30.0</ns3:atemp>
          </ns3:TrackPointExtension>
        </extensions>
      </trkpt>
      <trkpt lat="46.11461014486849308013916015625" lon="91.4879475720226764678955078125">
        <ele>1208.800048828125</ele>
        <time>2025-08-07T07:14:51.000Z</time>
        <extensions>
          <ns3:TrackPointExtension>
            <ns3:atemp>30.0</ns3:atemp>
          </ns3:TrackPointExtension>
        </extensions>
      </trkpt>
      <trkpt lat="46.11458768136799335479736328125" lon="91.48830623365938663482666015625">
        <ele>1207.4000244140625</ele>
        <time>2025-08-07T07:14:53.000Z</time>
        <extensions>
          <ns3:TrackPointExtension>
            <ns3:atemp>30.0</ns3:atemp>
          </ns3:TrackPointExtension>
        </extensions>
      </trkpt>
      <trkpt lat="46.1145663075149059295654296875" lon="91.48866548202931880950927734375">
        <ele>1206.4000244140625</ele>
        <time>2025-08-07T07:14:55.000Z</time>
        <extensions>
          <ns3:TrackPointExtension>
            <ns3:atemp>30.0</ns3:atemp>
          </ns3:TrackPointExtension>
        </extensions>
      </trkpt>
      <trkpt lat="46.11453303135931491851806640625" lon="91.48920846171677112579345703125">
        <ele>1205.5999755859375</ele>
        <time>2025-08-07T07:14:58.000Z</time>
        <extensions>
          <ns3:TrackPointExtension>
            <ns3:atemp>30.0</ns3:atemp>
          </ns3:TrackPointExtension>
        </extensions>
      </trkpt>
      <trkpt lat="46.1145223863422870635986328125" lon="91.489388756453990936279296875">
        <ele>1205.199951171875</ele>
        <time>2025-08-07T07:14:59.000Z</time>
        <extensions>
          <ns3:TrackPointExtension>
            <ns3:atemp>30.0</ns3:atemp>
          </ns3:TrackPointExtension>
        </extensions>
      </trkpt>
      <trkpt lat="46.11449229530990123748779296875" lon="91.4899320714175701141357421875">
        <ele>1204</ele>
        <time>2025-08-07T07:15:02.000Z</time>
        <extensions>
          <ns3:TrackPointExtension>
            <ns3:atemp>30.0</ns3:atemp>
          </ns3:TrackPointExtension>
        </extensions>
      </trkpt>
      <trkpt lat="46.1144618690013885498046875" lon="91.49066372774541378021240234375">
        <ele>1202.800048828125</ele>
        <time>2025-08-07T07:15:06.000Z</time>
        <extensions>
          <ns3:TrackPointExtension>
            <ns3:atemp>30.0</ns3:atemp>
          </ns3:TrackPointExtension>
        </extensions>
      </trkpt>
      <trkpt lat="46.11445323564112186431884765625" lon="91.4908468723297119140625">
        <ele>1202.4000244140625</ele>
        <time>2025-08-07T07:15:07.000Z</time>
        <extensions>
          <ns3:TrackPointExtension>
            <ns3:atemp>30.0</ns3:atemp>
          </ns3:TrackPointExtension>
        </extensions>
      </trkpt>
      <trkpt lat="46.11443613655865192413330078125" lon="91.491218693554401397705078125">
        <ele>1201.5999755859375</ele>
        <time>2025-08-07T07:15:09.000Z</time>
        <extensions>
          <ns3:TrackPointExtension>
            <ns3:atemp>30.0</ns3:atemp>
          </ns3:TrackPointExtension>
        </extensions>
      </trkpt>
      <trkpt lat="46.1144189536571502685546875" lon="91.4917858131229877471923828125">
        <ele>1200.4000244140625</ele>
        <time>2025-08-07T07:15:12.000Z</time>
        <extensions>
          <ns3:TrackPointExtension>
            <ns3:atemp>30.0</ns3:atemp>
          </ns3:TrackPointExtension>
        </extensions>
      </trkpt>
      <trkpt lat="46.11440344713628292083740234375" lon="91.49234849028289318084716796875">
        <ele>1199.4000244140625</ele>
        <time>2025-08-07T07:15:15.000Z</time>
        <extensions>
          <ns3:TrackPointExtension>
            <ns3:atemp>30.0</ns3:atemp>
          </ns3:TrackPointExtension>
        </extensions>
      </trkpt>
      <trkpt lat="46.11439573578536510467529296875" lon="91.492534987628459930419921875">
        <ele>1199</ele>
        <time>2025-08-07T07:15:16.000Z</time>
        <extensions>
          <ns3:TrackPointExtension>
            <ns3:atemp>30.0</ns3:atemp>
          </ns3:TrackPointExtension>
        </extensions>
      </trkpt>
      <trkpt lat="46.1143599450588226318359375" lon="91.4934571646153926849365234375">
        <ele>1197.800048828125</ele>
        <time>2025-08-07T07:15:21.000Z</time>
        <extensions>
          <ns3:TrackPointExtension>
            <ns3:atemp>30.0</ns3:atemp>
          </ns3:TrackPointExtension>
        </extensions>
      </trkpt>
      <trkpt lat="46.11435080878436565399169921875" lon="91.49400710128247737884521484375">
        <ele>1196.5999755859375</ele>
        <time>2025-08-07T07:15:24.000Z</time>
        <extensions>
          <ns3:TrackPointExtension>
            <ns3:atemp>30.0</ns3:atemp>
          </ns3:TrackPointExtension>
        </extensions>
      </trkpt>
      <trkpt lat="46.11433119513094425201416015625" lon="91.49474135600030422210693359375">
        <ele>1195.5999755859375</ele>
        <time>2025-08-07T07:15:28.000Z</time>
        <extensions>
          <ns3:TrackPointExtension>
            <ns3:atemp>30.0</ns3:atemp>
          </ns3:TrackPointExtension>
        </extensions>
      </trkpt>
      <trkpt lat="46.11430831253528594970703125" lon="91.495286263525485992431640625">
        <ele>1194.4000244140625</ele>
        <time>2025-08-07T07:15:31.000Z</time>
        <extensions>
          <ns3:TrackPointExtension>
            <ns3:atemp>30.0</ns3:atemp>
          </ns3:TrackPointExtension>
        </extensions>
      </trkpt>
      <trkpt lat="46.11430671997368335723876953125" lon="91.4954696595668792724609375">
        <ele>1193.800048828125</ele>
        <time>2025-08-07T07:15:32.000Z</time>
        <extensions>
          <ns3:TrackPointExtension>
            <ns3:atemp>30.0</ns3:atemp>
          </ns3:TrackPointExtension>
        </extensions>
      </trkpt>
      <trkpt lat="46.11429515294730663299560546875" lon="91.49583854712545871734619140625">
        <ele>1193.199951171875</ele>
        <time>2025-08-07T07:15:34.000Z</time>
        <extensions>
          <ns3:TrackPointExtension>
            <ns3:atemp>30.0</ns3:atemp>
          </ns3:TrackPointExtension>
        </extensions>
      </trkpt>
      <trkpt lat="46.11425106413662433624267578125" lon="91.4967472292482852935791015625">
        <ele>1192.4000244140625</ele>
        <time>2025-08-07T07:15:39.000Z</time>
        <extensions>
          <ns3:TrackPointExtension>
            <ns3:atemp>30.0</ns3:atemp>
          </ns3:TrackPointExtension>
        </extensions>
      </trkpt>
      <trkpt lat="46.11423564143478870391845703125" lon="91.4971110038459300994873046875">
        <ele>1192.199951171875</ele>
        <time>2025-08-07T07:15:41.000Z</time>
        <extensions>
          <ns3:TrackPointExtension>
            <ns3:atemp>30.0</ns3:atemp>
          </ns3:TrackPointExtension>
        </extensions>
      </trkpt>
      <trkpt lat="46.1142300255596637725830078125" lon="91.4972900412976741790771484375">
        <ele>1192.199951171875</ele>
        <time>2025-08-07T07:15:42.000Z</time>
        <extensions>
          <ns3:TrackPointExtension>
            <ns3:atemp>30.0</ns3:atemp>
          </ns3:TrackPointExtension>
        </extensions>
      </trkpt>
      <trkpt lat="46.114222817122936248779296875" lon="91.49781935848295688629150390625">
        <ele>1191</ele>
        <time>2025-08-07T07:15:45.000Z</time>
        <extensions>
          <ns3:TrackPointExtension>
            <ns3:atemp>30.0</ns3:atemp>
          </ns3:TrackPointExtension>
        </extensions>
      </trkpt>
      <trkpt lat="46.11420982517302036285400390625" lon="91.49851539172232151031494140625">
        <ele>1190.5999755859375</ele>
        <time>2025-08-07T07:15:49.000Z</time>
        <extensions>
          <ns3:TrackPointExtension>
            <ns3:atemp>30.0</ns3:atemp>
          </ns3:TrackPointExtension>
        </extensions>
      </trkpt>
      <trkpt lat="46.11416883766651153564453125" lon="91.4993560127913951873779296875">
        <ele>1189.800048828125</ele>
        <time>2025-08-07T07:15:54.000Z</time>
        <extensions>
          <ns3:TrackPointExtension>
            <ns3:atemp>30.0</ns3:atemp>
          </ns3:TrackPointExtension>
        </extensions>
      </trkpt>
      <trkpt lat="46.11415551044046878814697265625" lon="91.499687768518924713134765625">
        <ele>1189</ele>
        <time>2025-08-07T07:15:56.000Z</time>
        <extensions>
          <ns3:TrackPointExtension>
            <ns3:atemp>30.0</ns3:atemp>
          </ns3:TrackPointExtension>
        </extensions>
      </trkpt>
      <trkpt lat="46.11415115185081958770751953125" lon="91.49985305964946746826171875">
        <ele>1188.4000244140625</ele>
        <time>2025-08-07T07:15:57.000Z</time>
        <extensions>
          <ns3:TrackPointExtension>
            <ns3:atemp>30.0</ns3:atemp>
          </ns3:TrackPointExtension>
        </extensions>
      </trkpt>
      <trkpt lat="46.11411863006651401519775390625" lon="91.5006609074771404266357421875">
        <ele>1187.800048828125</ele>
        <time>2025-08-07T07:16:02.000Z</time>
        <extensions>
          <ns3:TrackPointExtension>
            <ns3:atemp>30.0</ns3:atemp>
          </ns3:TrackPointExtension>
        </extensions>
      </trkpt>
      <trkpt lat="46.1141059733927249908447265625" lon="91.50097631849348545074462890625">
        <ele>1187.5999755859375</ele>
        <time>2025-08-07T07:16:04.000Z</time>
        <extensions>
          <ns3:TrackPointExtension>
            <ns3:atemp>30.0</ns3:atemp>
          </ns3:TrackPointExtension>
        </extensions>
      </trkpt>
      <trkpt lat="46.11409884877502918243408203125" lon="91.50128779001533985137939453125">
        <ele>1187</ele>
        <time>2025-08-07T07:16:06.000Z</time>
        <extensions>
          <ns3:TrackPointExtension>
            <ns3:atemp>30.0</ns3:atemp>
          </ns3:TrackPointExtension>
        </extensions>
      </trkpt>
      <trkpt lat="46.11408661119639873504638671875" lon="91.5020459331572055816650390625">
        <ele>1185.800048828125</ele>
        <time>2025-08-07T07:16:11.000Z</time>
        <extensions>
          <ns3:TrackPointExtension>
            <ns3:atemp>30.0</ns3:atemp>
          </ns3:TrackPointExtension>
        </extensions>
      </trkpt>
      <trkpt lat="46.11408610828220844268798828125" lon="91.5021971426904201507568359375">
        <ele>1185.5999755859375</ele>
        <time>2025-08-07T07:16:12.000Z</time>
        <extensions>
          <ns3:TrackPointExtension>
            <ns3:atemp>30.0</ns3:atemp>
          </ns3:TrackPointExtension>
        </extensions>
      </trkpt>
      <trkpt lat="46.1140533350408077239990234375" lon="91.50308336131274700164794921875">
        <ele>1185.199951171875</ele>
        <time>2025-08-07T07:16:18.000Z</time>
        <extensions>
          <ns3:TrackPointExtension>
            <ns3:atemp>30.0</ns3:atemp>
          </ns3:TrackPointExtension>
        </extensions>
      </trkpt>
      <trkpt lat="46.11404470168054103851318359375" lon="91.50322602130472660064697265625">
        <ele>1185.199951171875</ele>
        <time>2025-08-07T07:16:19.000Z</time>
        <extensions>
          <ns3:TrackPointExtension>
            <ns3:atemp>30.0</ns3:atemp>
          </ns3:TrackPointExtension>
        </extensions>
      </trkpt>
      <trkpt lat="46.11402089707553386688232421875" lon="91.50365349836647510528564453125">
        <ele>1184.5999755859375</ele>
        <time>2025-08-07T07:16:22.000Z</time>
        <extensions>
          <ns3:TrackPointExtension>
            <ns3:atemp>30.0</ns3:atemp>
          </ns3:TrackPointExtension>
        </extensions>
      </trkpt>
      <trkpt lat="46.114001534879207611083984375" lon="91.50435556657612323760986328125">
        <ele>1184</ele>
        <time>2025-08-07T07:16:27.000Z</time>
        <extensions>
          <ns3:TrackPointExtension>
            <ns3:atemp>30.0</ns3:atemp>
          </ns3:TrackPointExtension>
        </extensions>
      </trkpt>
      <trkpt lat="46.11398912966251373291015625" lon="91.50462982244789600372314453125">
        <ele>1183.4000244140625</ele>
        <time>2025-08-07T07:16:29.000Z</time>
        <extensions>
          <ns3:TrackPointExtension>
            <ns3:atemp>30.0</ns3:atemp>
          </ns3:TrackPointExtension>
        </extensions>
      </trkpt>
      <trkpt lat="46.11396901309490203857421875" lon="91.5054352395236492156982421875">
        <ele>1182.4000244140625</ele>
        <time>2025-08-07T07:16:35.000Z</time>
        <extensions>
          <ns3:TrackPointExtension>
            <ns3:atemp>30.0</ns3:atemp>
          </ns3:TrackPointExtension>
        </extensions>
      </trkpt>
      <trkpt lat="46.11395895481109619140625" lon="91.50569566525518894195556640625">
        <ele>1182.199951171875</ele>
        <time>2025-08-07T07:16:37.000Z</time>
        <extensions>
          <ns3:TrackPointExtension>
            <ns3:atemp>30.0</ns3:atemp>
          </ns3:TrackPointExtension>
        </extensions>
      </trkpt>
      <trkpt lat="46.11393204890191555023193359375" lon="91.50656553916633129119873046875">
        <ele>1181.800048828125</ele>
        <time>2025-08-07T07:16:44.000Z</time>
        <extensions>
          <ns3:TrackPointExtension>
            <ns3:atemp>30.0</ns3:atemp>
          </ns3:TrackPointExtension>
        </extensions>
      </trkpt>
      <trkpt lat="46.113929450511932373046875" lon="91.50668196380138397216796875">
        <ele>1181.800048828125</ele>
        <time>2025-08-07T07:16:45.000Z</time>
        <extensions>
          <ns3:TrackPointExtension>
            <ns3:atemp>30.0</ns3:atemp>
          </ns3:TrackPointExtension>
        </extensions>
      </trkpt>
      <trkpt lat="46.11391696147620677947998046875" lon="91.50746273808181285858154296875">
        <ele>1182.5999755859375</ele>
        <time>2025-08-07T07:16:52.000Z</time>
        <extensions>
          <ns3:TrackPointExtension>
            <ns3:atemp>30.0</ns3:atemp>
          </ns3:TrackPointExtension>
        </extensions>
      </trkpt>
      <trkpt lat="46.113924086093902587890625" lon="91.50756835006177425384521484375">
        <ele>1182.4000244140625</ele>
        <time>2025-08-07T07:16:53.000Z</time>
        <extensions>
          <ns3:TrackPointExtension>
            <ns3:atemp>30.0</ns3:atemp>
          </ns3:TrackPointExtension>
        </extensions>
      </trkpt>
      <trkpt lat="46.11401771195232868194580078125" lon="91.50818123482167720794677734375">
        <ele>1181.800048828125</ele>
        <time>2025-08-07T07:16:59.000Z</time>
        <extensions>
          <ns3:TrackPointExtension>
            <ns3:atemp>30.0</ns3:atemp>
          </ns3:TrackPointExtension>
        </extensions>
      </trkpt>
      <trkpt lat="46.114150397479534149169921875" lon="91.508841812610626220703125">
        <ele>1182.199951171875</ele>
        <time>2025-08-07T07:17:06.000Z</time>
        <extensions>
          <ns3:TrackPointExtension>
            <ns3:atemp>30.0</ns3:atemp>
          </ns3:TrackPointExtension>
        </extensions>
      </trkpt>
      <trkpt lat="46.1143715120851993560791015625" lon="91.50960129685699939727783203125">
        <ele>1183.199951171875</ele>
        <time>2025-08-07T07:17:15.000Z</time>
        <extensions>
          <ns3:TrackPointExtension>
            <ns3:atemp>30.0</ns3:atemp>
          </ns3:TrackPointExtension>
        </extensions>
      </trkpt>
      <trkpt lat="46.11443563364446163177490234375" lon="91.5098441205918788909912109375">
        <ele>1183.5999755859375</ele>
        <time>2025-08-07T07:17:18.000Z</time>
        <extensions>
          <ns3:TrackPointExtension>
            <ns3:atemp>30.0</ns3:atemp>
          </ns3:TrackPointExtension>
        </extensions>
      </trkpt>
      <trkpt lat="46.11454694531857967376708984375" lon="91.51020647026598453521728515625">
        <ele>1184</ele>
        <time>2025-08-07T07:17:23.000Z</time>
        <extensions>
          <ns3:TrackPointExtension>
            <ns3:atemp>30.0</ns3:atemp>
          </ns3:TrackPointExtension>
        </extensions>
      </trkpt>
      <trkpt lat="46.11461919732391834259033203125" lon="91.5104658901691436767578125">
        <ele>1184.5999755859375</ele>
        <time>2025-08-07T07:17:27.000Z</time>
        <extensions>
          <ns3:TrackPointExtension>
            <ns3:atemp>30.0</ns3:atemp>
          </ns3:TrackPointExtension>
        </extensions>
      </trkpt>
      <trkpt lat="46.1146561615169048309326171875" lon="91.51058365590870380401611328125">
        <ele>1185</ele>
        <time>2025-08-07T07:17:29.000Z</time>
        <extensions>
          <ns3:TrackPointExtension>
            <ns3:atemp>30.0</ns3:atemp>
          </ns3:TrackPointExtension>
        </extensions>
      </trkpt>
      <trkpt lat="46.11468859948217868804931640625" lon="91.5106957219541072845458984375">
        <ele>1185.199951171875</ele>
        <time>2025-08-07T07:17:31.000Z</time>
        <extensions>
          <ns3:TrackPointExtension>
            <ns3:atemp>30.0</ns3:atemp>
          </ns3:TrackPointExtension>
        </extensions>
      </trkpt>
      <trkpt lat="46.11473587341606616973876953125" lon="91.51084584183990955352783203125">
        <ele>1185.5999755859375</ele>
        <time>2025-08-07T07:17:34.000Z</time>
        <extensions>
          <ns3:TrackPointExtension>
            <ns3:atemp>31.0</ns3:atemp>
          </ns3:TrackPointExtension>
        </extensions>
      </trkpt>
      <trkpt lat="46.11476822756230831146240234375" lon="91.51093251071870326995849609375">
        <ele>1185.5999755859375</ele>
        <time>2025-08-07T07:17:36.000Z</time>
        <extensions>
          <ns3:TrackPointExtension>
            <ns3:atemp>31.0</ns3:atemp>
          </ns3:TrackPointExtension>
        </extensions>
      </trkpt>
      <trkpt lat="46.11481927335262298583984375" lon="91.511065028607845306396484375">
        <ele>1186</ele>
        <time>2025-08-07T07:17:40.000Z</time>
        <extensions>
          <ns3:TrackPointExtension>
            <ns3:atemp>31.0</ns3:atemp>
          </ns3:TrackPointExtension>
        </extensions>
      </trkpt>
      <trkpt lat="46.11489093862473964691162109375" lon="91.51131589896976947784423828125">
        <ele>1186.4000244140625</ele>
        <time>2025-08-07T07:17:48.000Z</time>
        <extensions>
          <ns3:TrackPointExtension>
            <ns3:atemp>31.0</ns3:atemp>
          </ns3:TrackPointExtension>
        </extensions>
      </trkpt>
      <trkpt lat="46.1149508692324161529541015625" lon="91.51149057783186435699462890625">
        <ele>1186.800048828125</ele>
        <time>2025-08-07T07:17:54.000Z</time>
        <extensions>
          <ns3:TrackPointExtension>
            <ns3:atemp>31.0</ns3:atemp>
          </ns3:TrackPointExtension>
        </extensions>
      </trkpt>
      <trkpt lat="46.11498297192156314849853515625" lon="91.5116049908101558685302734375">
        <ele>1187.199951171875</ele>
        <time>2025-08-07T07:17:58.000Z</time>
        <extensions>
          <ns3:TrackPointExtension>
            <ns3:atemp>31.0</ns3:atemp>
          </ns3:TrackPointExtension>
        </extensions>
      </trkpt>
      <trkpt lat="46.11504952423274517059326171875" lon="91.51182107627391815185546875">
        <ele>1187.4000244140625</ele>
        <time>2025-08-07T07:18:06.000Z</time>
        <extensions>
          <ns3:TrackPointExtension>
            <ns3:atemp>31.0</ns3:atemp>
          </ns3:TrackPointExtension>
        </extensions>
      </trkpt>
      <trkpt lat="46.11510668881237506866455078125" lon="91.51202333159744739532470703125">
        <ele>1187.800048828125</ele>
        <time>2025-08-07T07:18:13.000Z</time>
        <extensions>
          <ns3:TrackPointExtension>
            <ns3:atemp>31.0</ns3:atemp>
          </ns3:TrackPointExtension>
        </extensions>
      </trkpt>
      <trkpt lat="46.115122027695178985595703125" lon="91.51207999326288700103759765625">
        <ele>1187.800048828125</ele>
        <time>2025-08-07T07:18:15.000Z</time>
        <extensions>
          <ns3:TrackPointExtension>
            <ns3:atemp>31.0</ns3:atemp>
          </ns3:TrackPointExtension>
        </extensions>
      </trkpt>
      <trkpt lat="46.11518246121704578399658203125" lon="91.5123166143894195556640625">
        <ele>1188.199951171875</ele>
        <time>2025-08-07T07:18:23.000Z</time>
        <extensions>
          <ns3:TrackPointExtension>
            <ns3:atemp>31.0</ns3:atemp>
          </ns3:TrackPointExtension>
        </extensions>
      </trkpt>
      <trkpt lat="46.1152398772537708282470703125" lon="91.51245013810694217681884765625">
        <ele>1188.4000244140625</ele>
        <time>2025-08-07T07:18:28.000Z</time>
        <extensions>
          <ns3:TrackPointExtension>
            <ns3:atemp>31.0</ns3:atemp>
          </ns3:TrackPointExtension>
        </extensions>
      </trkpt>
      <trkpt lat="46.11528354696929454803466796875" lon="91.5126527287065982818603515625">
        <ele>1188.4000244140625</ele>
        <time>2025-08-07T07:18:35.000Z</time>
        <extensions>
          <ns3:TrackPointExtension>
            <ns3:atemp>31.0</ns3:atemp>
          </ns3:TrackPointExtension>
        </extensions>
      </trkpt>
      <trkpt lat="46.1153394542634487152099609375" lon="91.51288197375833988189697265625">
        <ele>1188.5999755859375</ele>
        <time>2025-08-07T07:18:43.000Z</time>
        <extensions>
          <ns3:TrackPointExtension>
            <ns3:atemp>31.0</ns3:atemp>
          </ns3:TrackPointExtension>
        </extensions>
      </trkpt>
      <trkpt lat="46.11534632742404937744140625" lon="91.512913070619106292724609375">
        <ele>1188.800048828125</ele>
        <time>2025-08-07T07:18:44.000Z</time>
        <extensions>
          <ns3:TrackPointExtension>
            <ns3:atemp>31.0</ns3:atemp>
          </ns3:TrackPointExtension>
        </extensions>
      </trkpt>
      <trkpt lat="46.11541346646845340728759765625" lon="91.513173244893550872802734375">
        <ele>1189.199951171875</ele>
        <time>2025-08-07T07:18:53.000Z</time>
        <extensions>
          <ns3:TrackPointExtension>
            <ns3:atemp>31.0</ns3:atemp>
          </ns3:TrackPointExtension>
        </extensions>
      </trkpt>
      <trkpt lat="46.11548312008380889892578125" lon="91.513389162719249725341796875">
        <ele>1189.4000244140625</ele>
        <time>2025-08-07T07:19:01.000Z</time>
        <extensions>
          <ns3:TrackPointExtension>
            <ns3:atemp>31.0</ns3:atemp>
          </ns3:TrackPointExtension>
        </extensions>
      </trkpt>
      <trkpt lat="46.11556149087846279144287109375" lon="91.51367607526481151580810546875">
        <ele>1189.5999755859375</ele>
        <time>2025-08-07T07:19:10.000Z</time>
        <extensions>
          <ns3:TrackPointExtension>
            <ns3:atemp>31.0</ns3:atemp>
          </ns3:TrackPointExtension>
        </extensions>
      </trkpt>
      <trkpt lat="46.11562938429415225982666015625" lon="91.5139049850404262542724609375">
        <ele>1189.800048828125</ele>
        <time>2025-08-07T07:19:15.000Z</time>
        <extensions>
          <ns3:TrackPointExtension>
            <ns3:atemp>31.0</ns3:atemp>
          </ns3:TrackPointExtension>
        </extensions>
      </trkpt>
      <trkpt lat="46.1157411150634288787841796875" lon="91.514343358576297760009765625">
        <ele>1190.199951171875</ele>
        <time>2025-08-07T07:19:23.000Z</time>
        <extensions>
          <ns3:TrackPointExtension>
            <ns3:atemp>31.0</ns3:atemp>
          </ns3:TrackPointExtension>
        </extensions>
      </trkpt>
      <trkpt lat="46.11579869873821735382080078125" lon="91.51467000134289264678955078125">
        <ele>1190.4000244140625</ele>
        <time>2025-08-07T07:19:30.000Z</time>
        <extensions>
          <ns3:TrackPointExtension>
            <ns3:atemp>31.0</ns3:atemp>
          </ns3:TrackPointExtension>
        </extensions>
      </trkpt>
      <trkpt lat="46.11584446392953395843505859375" lon="91.5149827301502227783203125">
        <ele>1190.800048828125</ele>
        <time>2025-08-07T07:19:36.000Z</time>
        <extensions>
          <ns3:TrackPointExtension>
            <ns3:atemp>31.0</ns3:atemp>
          </ns3:TrackPointExtension>
        </extensions>
      </trkpt>
      <trkpt lat="46.115901209414005279541015625" lon="91.51548371650278568267822265625">
        <ele>1190.5999755859375</ele>
        <time>2025-08-07T07:19:44.000Z</time>
        <extensions>
          <ns3:TrackPointExtension>
            <ns3:atemp>31.0</ns3:atemp>
          </ns3:TrackPointExtension>
        </extensions>
      </trkpt>
      <trkpt lat="46.11595124937593936920166015625" lon="91.516010351479053497314453125">
        <ele>1190.199951171875</ele>
        <time>2025-08-07T07:19:52.000Z</time>
        <extensions>
          <ns3:TrackPointExtension>
            <ns3:atemp>31.0</ns3:atemp>
          </ns3:TrackPointExtension>
        </extensions>
      </trkpt>
      <trkpt lat="46.11598058603703975677490234375" lon="91.516581661999225616455078125">
        <ele>1189.4000244140625</ele>
        <time>2025-08-07T07:20:00.000Z</time>
        <extensions>
          <ns3:TrackPointExtension>
            <ns3:atemp>31.0</ns3:atemp>
          </ns3:TrackPointExtension>
        </extensions>
      </trkpt>
      <trkpt lat="46.116019897162914276123046875" lon="91.51718021370470523834228515625">
        <ele>1188.800048828125</ele>
        <time>2025-08-07T07:20:08.000Z</time>
        <extensions>
          <ns3:TrackPointExtension>
            <ns3:atemp>31.0</ns3:atemp>
          </ns3:TrackPointExtension>
        </extensions>
      </trkpt>
      <trkpt lat="46.11607991158962249755859375" lon="91.51795403100550174713134765625">
        <ele>1188.199951171875</ele>
        <time>2025-08-07T07:20:18.000Z</time>
        <extensions>
          <ns3:TrackPointExtension>
            <ns3:atemp>32.0</ns3:atemp>
          </ns3:TrackPointExtension>
        </extensions>
      </trkpt>
      <trkpt lat="46.11611804924905300140380859375" lon="91.518529951572418212890625">
        <ele>1188.199951171875</ele>
        <time>2025-08-07T07:20:25.000Z</time>
        <extensions>
          <ns3:TrackPointExtension>
            <ns3:atemp>32.0</ns3:atemp>
          </ns3:TrackPointExtension>
        </extensions>
      </trkpt>
      <trkpt lat="46.11617353744804859161376953125" lon="91.51927200146019458770751953125">
        <ele>1187.800048828125</ele>
        <time>2025-08-07T07:20:34.000Z</time>
        <extensions>
          <ns3:TrackPointExtension>
            <ns3:atemp>32.0</ns3:atemp>
          </ns3:TrackPointExtension>
        </extensions>
      </trkpt>
      <trkpt lat="46.11619063653051853179931640625" lon="91.52004866860806941986083984375">
        <ele>1187</ele>
        <time>2025-08-07T07:20:43.000Z</time>
        <extensions>
          <ns3:TrackPointExtension>
            <ns3:atemp>32.0</ns3:atemp>
          </ns3:TrackPointExtension>
        </extensions>
      </trkpt>
      <trkpt lat="46.1161866970360279083251953125" lon="91.52014195919036865234375">
        <ele>1186.800048828125</ele>
        <time>2025-08-07T07:20:44.000Z</time>
        <extensions>
          <ns3:TrackPointExtension>
            <ns3:atemp>32.0</ns3:atemp>
          </ns3:TrackPointExtension>
        </extensions>
      </trkpt>
      <trkpt lat="46.11614772118628025054931640625" lon="91.52073548175394535064697265625">
        <ele>1185.5999755859375</ele>
        <time>2025-08-07T07:20:50.000Z</time>
        <extensions>
          <ns3:TrackPointExtension>
            <ns3:atemp>32.0</ns3:atemp>
          </ns3:TrackPointExtension>
        </extensions>
      </trkpt>
      <trkpt lat="46.11612810753285884857177734375" lon="91.52094704098999500274658203125">
        <ele>1185.199951171875</ele>
        <time>2025-08-07T07:20:52.000Z</time>
        <extensions>
          <ns3:TrackPointExtension>
            <ns3:atemp>32.0</ns3:atemp>
          </ns3:TrackPointExtension>
        </extensions>
      </trkpt>
      <trkpt lat="46.1160800792276859283447265625" lon="91.5213960595428943634033203125">
        <ele>1184.4000244140625</ele>
        <time>2025-08-07T07:20:56.000Z</time>
        <extensions>
          <ns3:TrackPointExtension>
            <ns3:atemp>32.0</ns3:atemp>
          </ns3:TrackPointExtension>
        </extensions>
      </trkpt>
      <trkpt lat="46.1160284467041492462158203125" lon="91.521746255457401275634765625">
        <ele>1183.800048828125</ele>
        <time>2025-08-07T07:20:59.000Z</time>
        <extensions>
          <ns3:TrackPointExtension>
            <ns3:atemp>32.0</ns3:atemp>
          </ns3:TrackPointExtension>
        </extensions>
      </trkpt>
      <trkpt lat="46.1159902252256870269775390625" lon="91.5219827927649021148681640625">
        <ele>1183.4000244140625</ele>
        <time>2025-08-07T07:21:01.000Z</time>
        <extensions>
          <ns3:TrackPointExtension>
            <ns3:atemp>32.0</ns3:atemp>
          </ns3:TrackPointExtension>
        </extensions>
      </trkpt>
      <trkpt lat="46.11588008701801300048828125" lon="91.5226833522319793701171875">
        <ele>1182.5999755859375</ele>
        <time>2025-08-07T07:21:07.000Z</time>
        <extensions>
          <ns3:TrackPointExtension>
            <ns3:atemp>32.0</ns3:atemp>
          </ns3:TrackPointExtension>
        </extensions>
      </trkpt>
      <trkpt lat="46.11577489413321018218994140625" lon="91.52325055561959743499755859375">
        <ele>1182.199951171875</ele>
        <time>2025-08-07T07:21:12.000Z</time>
        <extensions>
          <ns3:TrackPointExtension>
            <ns3:atemp>32.0</ns3:atemp>
          </ns3:TrackPointExtension>
        </extensions>
      </trkpt>
      <trkpt lat="46.1157397739589214324951171875" lon="91.52347988449037075042724609375">
        <ele>1181.5999755859375</ele>
        <time>2025-08-07T07:21:14.000Z</time>
        <extensions>
          <ns3:TrackPointExtension>
            <ns3:atemp>32.0</ns3:atemp>
          </ns3:TrackPointExtension>
        </extensions>
      </trkpt>
      <trkpt lat="46.11568638123571872711181640625" lon="91.52382605709135532379150390625">
        <ele>1181.199951171875</ele>
        <time>2025-08-07T07:21:17.000Z</time>
        <extensions>
          <ns3:TrackPointExtension>
            <ns3:atemp>32.0</ns3:atemp>
          </ns3:TrackPointExtension>
        </extensions>
      </trkpt>
      <trkpt lat="46.11555956304073333740234375" lon="91.5246173925697803497314453125">
        <ele>1181</ele>
        <time>2025-08-07T07:21:24.000Z</time>
        <extensions>
          <ns3:TrackPointExtension>
            <ns3:atemp>32.0</ns3:atemp>
          </ns3:TrackPointExtension>
        </extensions>
      </trkpt>
      <trkpt lat="46.11550751142203807830810546875" lon="91.52493163011968135833740234375">
        <ele>1181.199951171875</ele>
        <time>2025-08-07T07:21:27.000Z</time>
        <extensions>
          <ns3:TrackPointExtension>
            <ns3:atemp>32.0</ns3:atemp>
          </ns3:TrackPointExtension>
        </extensions>
      </trkpt>
      <trkpt lat="46.11543073318898677825927734375" lon="91.52541291899979114532470703125">
        <ele>1181.199951171875</ele>
        <time>2025-08-07T07:21:32.000Z</time>
        <extensions>
          <ns3:TrackPointExtension>
            <ns3:atemp>32.0</ns3:atemp>
          </ns3:TrackPointExtension>
        </extensions>
      </trkpt>
      <trkpt lat="46.11535009928047657012939453125" lon="91.52592949569225311279296875">
        <ele>1181</ele>
        <time>2025-08-07T07:21:38.000Z</time>
        <extensions>
          <ns3:TrackPointExtension>
            <ns3:atemp>32.0</ns3:atemp>
          </ns3:TrackPointExtension>
        </extensions>
      </trkpt>
      <trkpt lat="46.1152539588510990142822265625" lon="91.52646191418170928955078125">
        <ele>1181.4000244140625</ele>
        <time>2025-08-07T07:21:45.000Z</time>
        <extensions>
          <ns3:TrackPointExtension>
            <ns3:atemp>32.0</ns3:atemp>
          </ns3:TrackPointExtension>
        </extensions>
      </trkpt>
      <trkpt lat="46.11517793498933315277099609375" lon="91.5270421095192432403564453125">
        <ele>1181.800048828125</ele>
        <time>2025-08-07T07:21:53.000Z</time>
        <extensions>
          <ns3:TrackPointExtension>
            <ns3:atemp>32.0</ns3:atemp>
          </ns3:TrackPointExtension>
        </extensions>
      </trkpt>
      <trkpt lat="46.1151245422661304473876953125" lon="91.5274032019078731536865234375">
        <ele>1182.199951171875</ele>
        <time>2025-08-07T07:21:58.000Z</time>
        <extensions>
          <ns3:TrackPointExtension>
            <ns3:atemp>32.0</ns3:atemp>
          </ns3:TrackPointExtension>
        </extensions>
      </trkpt>
      <trkpt lat="46.11508305184543132781982421875" lon="91.5276965685188770294189453125">
        <ele>1182.5999755859375</ele>
        <time>2025-08-07T07:22:02.000Z</time>
        <extensions>
          <ns3:TrackPointExtension>
            <ns3:atemp>32.0</ns3:atemp>
          </ns3:TrackPointExtension>
        </extensions>
      </trkpt>
      <trkpt lat="46.1149714887142181396484375" lon="91.5284060128033161163330078125">
        <ele>1182</ele>
        <time>2025-08-07T07:22:11.000Z</time>
        <extensions>
          <ns3:TrackPointExtension>
            <ns3:atemp>32.0</ns3:atemp>
          </ns3:TrackPointExtension>
        </extensions>
      </trkpt>
      <trkpt lat="46.11486017704010009765625" lon="91.5291114337742328643798828125">
        <ele>1182</ele>
        <time>2025-08-07T07:22:20.000Z</time>
        <extensions>
          <ns3:TrackPointExtension>
            <ns3:atemp>31.0</ns3:atemp>
          </ns3:TrackPointExtension>
        </extensions>
      </trkpt>
      <trkpt lat="46.11473855562508106231689453125" lon="91.529832780361175537109375">
        <ele>1181.199951171875</ele>
        <time>2025-08-07T07:22:29.000Z</time>
        <extensions>
          <ns3:TrackPointExtension>
            <ns3:atemp>31.0</ns3:atemp>
          </ns3:TrackPointExtension>
        </extensions>
      </trkpt>
      <trkpt lat="46.11472497694194316864013671875" lon="91.5299147553741931915283203125">
        <ele>1181</ele>
        <time>2025-08-07T07:22:30.000Z</time>
        <extensions>
          <ns3:TrackPointExtension>
            <ns3:atemp>31.0</ns3:atemp>
          </ns3:TrackPointExtension>
        </extensions>
      </trkpt>
      <trkpt lat="46.11464467830955982208251953125" lon="91.5304414741694927215576171875">
        <ele>1180</ele>
        <time>2025-08-07T07:22:36.000Z</time>
        <extensions>
          <ns3:TrackPointExtension>
            <ns3:atemp>31.0</ns3:atemp>
          </ns3:TrackPointExtension>
        </extensions>
      </trkpt>
      <trkpt lat="46.11461584456264972686767578125" lon="91.53062696568667888641357421875">
        <ele>1179.800048828125</ele>
        <time>2025-08-07T07:22:38.000Z</time>
        <extensions>
          <ns3:TrackPointExtension>
            <ns3:atemp>31.0</ns3:atemp>
          </ns3:TrackPointExtension>
        </extensions>
      </trkpt>
      <trkpt lat="46.1144798062741756439208984375" lon="91.53142441995441913604736328125">
        <ele>1178.800048828125</ele>
        <time>2025-08-07T07:22:46.000Z</time>
        <extensions>
          <ns3:TrackPointExtension>
            <ns3:atemp>31.0</ns3:atemp>
          </ns3:TrackPointExtension>
        </extensions>
      </trkpt>
      <trkpt lat="46.11434024758636951446533203125" lon="91.5320447646081447601318359375">
        <ele>1177.800048828125</ele>
        <time>2025-08-07T07:22:52.000Z</time>
        <extensions>
          <ns3:TrackPointExtension>
            <ns3:atemp>31.0</ns3:atemp>
          </ns3:TrackPointExtension>
        </extensions>
      </trkpt>
      <trkpt lat="46.11426539719104766845703125" lon="91.53234944678843021392822265625">
        <ele>1177.5999755859375</ele>
        <time>2025-08-07T07:22:55.000Z</time>
        <extensions>
          <ns3:TrackPointExtension>
            <ns3:atemp>31.0</ns3:atemp>
          </ns3:TrackPointExtension>
        </extensions>
      </trkpt>
      <trkpt lat="46.11404570750892162322998046875" lon="91.5331437997519969940185546875">
        <ele>1177.5999755859375</ele>
        <time>2025-08-07T07:23:03.000Z</time>
        <extensions>
          <ns3:TrackPointExtension>
            <ns3:atemp>31.0</ns3:atemp>
          </ns3:TrackPointExtension>
        </extensions>
      </trkpt>
      <trkpt lat="46.11401419155299663543701171875" lon="91.533238850533962249755859375">
        <ele>1177.5999755859375</ele>
        <time>2025-08-07T07:23:04.000Z</time>
        <extensions>
          <ns3:TrackPointExtension>
            <ns3:atemp>31.0</ns3:atemp>
          </ns3:TrackPointExtension>
        </extensions>
      </trkpt>
      <trkpt lat="46.113774888217449188232421875" lon="91.53401141054928302764892578125">
        <ele>1177.5999755859375</ele>
        <time>2025-08-07T07:23:12.000Z</time>
        <extensions>
          <ns3:TrackPointExtension>
            <ns3:atemp>31.0</ns3:atemp>
          </ns3:TrackPointExtension>
        </extensions>
      </trkpt>
      <trkpt lat="46.1135567910969257354736328125" lon="91.53475664556026458740234375">
        <ele>1177</ele>
        <time>2025-08-07T07:23:20.000Z</time>
        <extensions>
          <ns3:TrackPointExtension>
            <ns3:atemp>31.0</ns3:atemp>
          </ns3:TrackPointExtension>
        </extensions>
      </trkpt>
      <trkpt lat="46.11348931677639484405517578125" lon="91.535021848976612091064453125">
        <ele>1177</ele>
        <time>2025-08-07T07:23:23.000Z</time>
        <extensions>
          <ns3:TrackPointExtension>
            <ns3:atemp>31.0</ns3:atemp>
          </ns3:TrackPointExtension>
        </extensions>
      </trkpt>
      <trkpt lat="46.11333668231964111328125" lon="91.53563548810780048370361328125">
        <ele>1177</ele>
        <time>2025-08-07T07:23:30.000Z</time>
        <extensions>
          <ns3:TrackPointExtension>
            <ns3:atemp>31.0</ns3:atemp>
          </ns3:TrackPointExtension>
        </extensions>
      </trkpt>
      <trkpt lat="46.11315236426889896392822265625" lon="91.536418609321117401123046875">
        <ele>1177.199951171875</ele>
        <time>2025-08-07T07:23:39.000Z</time>
        <extensions>
          <ns3:TrackPointExtension>
            <ns3:atemp>31.0</ns3:atemp>
          </ns3:TrackPointExtension>
        </extensions>
      </trkpt>
      <trkpt lat="46.113087572157382965087890625" lon="91.536655984818935394287109375">
        <ele>1177.199951171875</ele>
        <time>2025-08-07T07:23:42.000Z</time>
        <extensions>
          <ns3:TrackPointExtension>
            <ns3:atemp>31.0</ns3:atemp>
          </ns3:TrackPointExtension>
        </extensions>
      </trkpt>
      <trkpt lat="46.11289202235639095306396484375" lon="91.53715680353343486785888671875">
        <ele>1177.800048828125</ele>
        <time>2025-08-07T07:23:49.000Z</time>
        <extensions>
          <ns3:TrackPointExtension>
            <ns3:atemp>31.0</ns3:atemp>
          </ns3:TrackPointExtension>
        </extensions>
      </trkpt>
      <trkpt lat="46.11277869902551174163818359375" lon="91.5373282134532928466796875">
        <ele>1178.4000244140625</ele>
        <time>2025-08-07T07:23:52.000Z</time>
        <extensions>
          <ns3:TrackPointExtension>
            <ns3:atemp>31.0</ns3:atemp>
          </ns3:TrackPointExtension>
        </extensions>
      </trkpt>
      <trkpt lat="46.1126723326742649078369140625" lon="91.53742737136781215667724609375">
        <ele>1178.800048828125</ele>
        <time>2025-08-07T07:23:54.000Z</time>
        <extensions>
          <ns3:TrackPointExtension>
            <ns3:atemp>31.0</ns3:atemp>
          </ns3:TrackPointExtension>
        </extensions>
      </trkpt>
      <trkpt lat="46.11261558718979358673095703125" lon="91.537470705807209014892578125">
        <ele>1179</ele>
        <time>2025-08-07T07:23:55.000Z</time>
        <extensions>
          <ns3:TrackPointExtension>
            <ns3:atemp>31.0</ns3:atemp>
          </ns3:TrackPointExtension>
        </extensions>
      </trkpt>
      <trkpt lat="46.11226849257946014404296875" lon="91.53771218843758106231689453125">
        <ele>1178.800048828125</ele>
        <time>2025-08-07T07:24:01.000Z</time>
        <extensions>
          <ns3:TrackPointExtension>
            <ns3:atemp>31.0</ns3:atemp>
          </ns3:TrackPointExtension>
        </extensions>
      </trkpt>
      <trkpt lat="46.11175862140953540802001953125" lon="91.5380830876529216766357421875">
        <ele>1178.199951171875</ele>
        <time>2025-08-07T07:24:11.000Z</time>
        <extensions>
          <ns3:TrackPointExtension>
            <ns3:atemp>31.0</ns3:atemp>
          </ns3:TrackPointExtension>
        </extensions>
      </trkpt>
      <trkpt lat="46.1116145364940166473388671875" lon="91.53817671351134777069091796875">
        <ele>1177.800048828125</ele>
        <time>2025-08-07T07:24:14.000Z</time>
        <extensions>
          <ns3:TrackPointExtension>
            <ns3:atemp>31.0</ns3:atemp>
          </ns3:TrackPointExtension>
        </extensions>
      </trkpt>
      <trkpt lat="46.11143432557582855224609375" lon="91.538296826183795928955078125">
        <ele>1177.800048828125</ele>
        <time>2025-08-07T07:24:18.000Z</time>
        <extensions>
          <ns3:TrackPointExtension>
            <ns3:atemp>31.0</ns3:atemp>
          </ns3:TrackPointExtension>
        </extensions>
      </trkpt>
      <trkpt lat="46.11139199696481227874755859375" lon="91.538323648273944854736328125">
        <ele>1177.800048828125</ele>
        <time>2025-08-07T07:24:19.000Z</time>
        <extensions>
          <ns3:TrackPointExtension>
            <ns3:atemp>31.0</ns3:atemp>
          </ns3:TrackPointExtension>
        </extensions>
      </trkpt>
      <trkpt lat="46.11110013909637928009033203125" lon="91.5385430864989757537841796875">
        <ele>1178.4000244140625</ele>
        <time>2025-08-07T07:24:26.000Z</time>
        <extensions>
          <ns3:TrackPointExtension>
            <ns3:atemp>31.0</ns3:atemp>
          </ns3:TrackPointExtension>
        </extensions>
      </trkpt>
      <trkpt lat="46.1106383800506591796875" lon="91.5388894267380237579345703125">
        <ele>1178.199951171875</ele>
        <time>2025-08-07T07:24:36.000Z</time>
        <extensions>
          <ns3:TrackPointExtension>
            <ns3:atemp>31.0</ns3:atemp>
          </ns3:TrackPointExtension>
        </extensions>
      </trkpt>
      <trkpt lat="46.1102107353508472442626953125" lon="91.53919461183249950408935546875">
        <ele>1178.199951171875</ele>
        <time>2025-08-07T07:24:46.000Z</time>
        <extensions>
          <ns3:TrackPointExtension>
            <ns3:atemp>31.0</ns3:atemp>
          </ns3:TrackPointExtension>
        </extensions>
      </trkpt>
      <trkpt lat="46.1098001897335052490234375" lon="91.5394902415573596954345703125">
        <ele>1178.4000244140625</ele>
        <time>2025-08-07T07:24:56.000Z</time>
        <extensions>
          <ns3:TrackPointExtension>
            <ns3:atemp>31.0</ns3:atemp>
          </ns3:TrackPointExtension>
        </extensions>
      </trkpt>
      <trkpt lat="46.10935050062835216522216796875" lon="91.53980967588722705841064453125">
        <ele>1178.4000244140625</ele>
        <time>2025-08-07T07:25:06.000Z</time>
        <extensions>
          <ns3:TrackPointExtension>
            <ns3:atemp>31.0</ns3:atemp>
          </ns3:TrackPointExtension>
        </extensions>
      </trkpt>
      <trkpt lat="46.10886468552052974700927734375" lon="91.54016305692493915557861328125">
        <ele>1178.5999755859375</ele>
        <time>2025-08-07T07:25:17.000Z</time>
        <extensions>
          <ns3:TrackPointExtension>
            <ns3:atemp>30.0</ns3:atemp>
          </ns3:TrackPointExtension>
        </extensions>
      </trkpt>
      <trkpt lat="46.10853762365877628326416015625" lon="91.54040764085948467254638671875">
        <ele>1178.199951171875</ele>
        <time>2025-08-07T07:25:25.000Z</time>
        <extensions>
          <ns3:TrackPointExtension>
            <ns3:atemp>30.0</ns3:atemp>
          </ns3:TrackPointExtension>
        </extensions>
      </trkpt>
      <trkpt lat="46.1081591807305812835693359375" lon="91.5406734310090541839599609375">
        <ele>1178.4000244140625</ele>
        <time>2025-08-07T07:25:34.000Z</time>
        <extensions>
          <ns3:TrackPointExtension>
            <ns3:atemp>30.0</ns3:atemp>
          </ns3:TrackPointExtension>
        </extensions>
      </trkpt>
      <trkpt lat="46.10779968090355396270751953125" lon="91.54094307683408260345458984375">
        <ele>1178.4000244140625</ele>
        <time>2025-08-07T07:25:43.000Z</time>
        <extensions>
          <ns3:TrackPointExtension>
            <ns3:atemp>30.0</ns3:atemp>
          </ns3:TrackPointExtension>
        </extensions>
      </trkpt>
      <trkpt lat="46.1075345613062381744384765625" lon="91.54113284312188625335693359375">
        <ele>1178.800048828125</ele>
        <time>2025-08-07T07:25:50.000Z</time>
        <extensions>
          <ns3:TrackPointExtension>
            <ns3:atemp>30.0</ns3:atemp>
          </ns3:TrackPointExtension>
        </extensions>
      </trkpt>
      <trkpt lat="46.10745686106383800506591796875" lon="91.54118699021637439727783203125">
        <ele>1179.199951171875</ele>
        <time>2025-08-07T07:25:52.000Z</time>
        <extensions>
          <ns3:TrackPointExtension>
            <ns3:atemp>30.0</ns3:atemp>
          </ns3:TrackPointExtension>
        </extensions>
      </trkpt>
      <trkpt lat="46.10729928128421306610107421875" lon="91.5413057617843151092529296875">
        <ele>1179.800048828125</ele>
        <time>2025-08-07T07:25:56.000Z</time>
        <extensions>
          <ns3:TrackPointExtension>
            <ns3:atemp>30.0</ns3:atemp>
          </ns3:TrackPointExtension>
        </extensions>
      </trkpt>
      <trkpt lat="46.10706777311861515045166015625" lon="91.54145822860300540924072265625">
        <ele>1181</ele>
        <time>2025-08-07T07:26:02.000Z</time>
        <extensions>
          <ns3:TrackPointExtension>
            <ns3:atemp>30.0</ns3:atemp>
          </ns3:TrackPointExtension>
        </extensions>
      </trkpt>
      <trkpt lat="46.107034496963024139404296875" lon="91.5414837934076786041259765625">
        <ele>1181.199951171875</ele>
        <time>2025-08-07T07:26:03.000Z</time>
        <extensions>
          <ns3:TrackPointExtension>
            <ns3:atemp>30.0</ns3:atemp>
          </ns3:TrackPointExtension>
        </extensions>
      </trkpt>
      <trkpt lat="46.10679150559008121490478515625" lon="91.5416762419044971466064453125">
        <ele>1181.800048828125</ele>
        <time>2025-08-07T07:26:10.000Z</time>
        <extensions>
          <ns3:TrackPointExtension>
            <ns3:atemp>30.0</ns3:atemp>
          </ns3:TrackPointExtension>
        </extensions>
      </trkpt>
      <trkpt lat="46.106495372951030731201171875" lon="91.5418881364166736602783203125">
        <ele>1182.199951171875</ele>
        <time>2025-08-07T07:26:18.000Z</time>
        <extensions>
          <ns3:TrackPointExtension>
            <ns3:atemp>30.0</ns3:atemp>
          </ns3:TrackPointExtension>
        </extensions>
      </trkpt>
      <trkpt lat="46.1064603365957736968994140625" lon="91.5419092588126659393310546875">
        <ele>1182.4000244140625</ele>
        <time>2025-08-07T07:26:19.000Z</time>
        <extensions>
          <ns3:TrackPointExtension>
            <ns3:atemp>30.0</ns3:atemp>
          </ns3:TrackPointExtension>
        </extensions>
      </trkpt>
      <trkpt lat="46.1063564009964466094970703125" lon="91.5419836901128292083740234375">
        <ele>1183.199951171875</ele>
        <time>2025-08-07T07:26:22.000Z</time>
        <extensions>
          <ns3:TrackPointExtension>
            <ns3:atemp>30.0</ns3:atemp>
          </ns3:TrackPointExtension>
        </extensions>
      </trkpt>
      <trkpt lat="46.10618750564754009246826171875" lon="91.5421132743358612060546875">
        <ele>1183.5999755859375</ele>
        <time>2025-08-07T07:26:27.000Z</time>
        <extensions>
          <ns3:TrackPointExtension>
            <ns3:atemp>30.0</ns3:atemp>
          </ns3:TrackPointExtension>
        </extensions>
      </trkpt>
      <trkpt lat="46.10602959059178829193115234375" lon="91.54223464429378509521484375">
        <ele>1184.4000244140625</ele>
        <time>2025-08-07T07:26:32.000Z</time>
        <extensions>
          <ns3:TrackPointExtension>
            <ns3:atemp>30.0</ns3:atemp>
          </ns3:TrackPointExtension>
        </extensions>
      </trkpt>
      <trkpt lat="46.105949543416500091552734375" lon="91.5422931499779224395751953125">
        <ele>1184.4000244140625</ele>
        <time>2025-08-07T07:26:35.000Z</time>
        <extensions>
          <ns3:TrackPointExtension>
            <ns3:atemp>30.0</ns3:atemp>
          </ns3:TrackPointExtension>
        </extensions>
      </trkpt>
      <trkpt lat="46.1057492159307003021240234375" lon="91.54244042001664638519287109375">
        <ele>1184.199951171875</ele>
        <time>2025-08-07T07:26:43.000Z</time>
        <extensions>
          <ns3:TrackPointExtension>
            <ns3:atemp>30.0</ns3:atemp>
          </ns3:TrackPointExtension>
        </extensions>
      </trkpt>
      <trkpt lat="46.10566665418446063995361328125" lon="91.54251761734485626220703125">
        <ele>1183</ele>
        <time>2025-08-07T07:26:47.000Z</time>
        <extensions>
          <ns3:TrackPointExtension>
            <ns3:atemp>30.0</ns3:atemp>
          </ns3:TrackPointExtension>
        </extensions>
      </trkpt>
      <trkpt lat="46.10561653040349483489990234375" lon="91.5425933897495269775390625">
        <ele>1182.4000244140625</ele>
        <time>2025-08-07T07:26:50.000Z</time>
        <extensions>
          <ns3:TrackPointExtension>
            <ns3:atemp>30.0</ns3:atemp>
          </ns3:TrackPointExtension>
        </extensions>
      </trkpt>
      <trkpt lat="46.10545375384390354156494140625" lon="91.542716436088085174560546875">
        <ele>1182.5999755859375</ele>
        <time>2025-08-07T07:26:57.000Z</time>
        <extensions>
          <ns3:TrackPointExtension>
            <ns3:atemp>30.0</ns3:atemp>
          </ns3:TrackPointExtension>
        </extensions>
      </trkpt>
      <trkpt lat="46.10527999699115753173828125" lon="91.54283286072313785552978515625">
        <ele>1182.800048828125</ele>
        <time>2025-08-07T07:27:05.000Z</time>
        <extensions>
          <ns3:TrackPointExtension>
            <ns3:atemp>30.0</ns3:atemp>
          </ns3:TrackPointExtension>
        </extensions>
      </trkpt>
      <trkpt lat="46.10516491346061229705810546875" lon="91.54292573221027851104736328125">
        <ele>1182.5999755859375</ele>
        <time>2025-08-07T07:27:09.000Z</time>
        <extensions>
          <ns3:TrackPointExtension>
            <ns3:atemp>30.0</ns3:atemp>
          </ns3:TrackPointExtension>
        </extensions>
      </trkpt>
      <trkpt lat="46.10498093068599700927734375" lon="91.543052382767200469970703125">
        <ele>1182.800048828125</ele>
        <time>2025-08-07T07:27:15.000Z</time>
        <extensions>
          <ns3:TrackPointExtension>
            <ns3:atemp>30.0</ns3:atemp>
          </ns3:TrackPointExtension>
        </extensions>
      </trkpt>
      <trkpt lat="46.1047738976776599884033203125" lon="91.543171070516109466552734375">
        <ele>1183.4000244140625</ele>
        <time>2025-08-07T07:27:21.000Z</time>
        <extensions>
          <ns3:TrackPointExtension>
            <ns3:atemp>30.0</ns3:atemp>
          </ns3:TrackPointExtension>
        </extensions>
      </trkpt>
      <trkpt lat="46.10473475418984889984130859375" lon="91.54320158064365386962890625">
        <ele>1183.5999755859375</ele>
        <time>2025-08-07T07:27:22.000Z</time>
        <extensions>
          <ns3:TrackPointExtension>
            <ns3:atemp>30.0</ns3:atemp>
          </ns3:TrackPointExtension>
        </extensions>
      </trkpt>
      <trkpt lat="46.104579605162143707275390625" lon="91.5433190949261188507080078125">
        <ele>1184.199951171875</ele>
        <time>2025-08-07T07:27:26.000Z</time>
        <extensions>
          <ns3:TrackPointExtension>
            <ns3:atemp>30.0</ns3:atemp>
          </ns3:TrackPointExtension>
        </extensions>
      </trkpt>
      <trkpt lat="46.10441423021256923675537109375" lon="91.543469130992889404296875">
        <ele>1185.5999755859375</ele>
        <time>2025-08-07T07:27:31.000Z</time>
        <extensions>
          <ns3:TrackPointExtension>
            <ns3:atemp>30.0</ns3:atemp>
          </ns3:TrackPointExtension>
        </extensions>
      </trkpt>
      <trkpt lat="46.10429822467267513275146484375" lon="91.543565690517425537109375">
        <ele>1184.800048828125</ele>
        <time>2025-08-07T07:27:35.000Z</time>
        <extensions>
          <ns3:TrackPointExtension>
            <ns3:atemp>30.0</ns3:atemp>
          </ns3:TrackPointExtension>
        </extensions>
      </trkpt>
      <trkpt lat="46.10413846559822559356689453125" lon="91.5436164848506450653076171875">
        <ele>1184.4000244140625</ele>
        <time>2025-08-07T07:27:39.000Z</time>
        <extensions>
          <ns3:TrackPointExtension>
            <ns3:atemp>30.0</ns3:atemp>
          </ns3:TrackPointExtension>
        </extensions>
      </trkpt>
      <trkpt lat="46.103971414268016815185546875" lon="91.543714217841625213623046875">
        <ele>1184.199951171875</ele>
        <time>2025-08-07T07:27:43.000Z</time>
        <extensions>
          <ns3:TrackPointExtension>
            <ns3:atemp>30.0</ns3:atemp>
          </ns3:TrackPointExtension>
        </extensions>
      </trkpt>
      <trkpt lat="46.10370419919490814208984375" lon="91.54389870353043079376220703125">
        <ele>1183</ele>
        <time>2025-08-07T07:27:49.000Z</time>
        <extensions>
          <ns3:TrackPointExtension>
            <ns3:atemp>30.0</ns3:atemp>
          </ns3:TrackPointExtension>
        </extensions>
      </trkpt>
      <trkpt lat="46.103561036288738250732421875" lon="91.5439961850643157958984375">
        <ele>1182.4000244140625</ele>
        <time>2025-08-07T07:27:52.000Z</time>
        <extensions>
          <ns3:TrackPointExtension>
            <ns3:atemp>30.0</ns3:atemp>
          </ns3:TrackPointExtension>
        </extensions>
      </trkpt>
      <trkpt lat="46.10346372239291667938232421875" lon="91.54405427165329456329345703125">
        <ele>1181.800048828125</ele>
        <time>2025-08-07T07:27:54.000Z</time>
        <extensions>
          <ns3:TrackPointExtension>
            <ns3:atemp>30.0</ns3:atemp>
          </ns3:TrackPointExtension>
        </extensions>
      </trkpt>
      <trkpt lat="46.10310598276555538177490234375" lon="91.54426163993775844573974609375">
        <ele>1181.199951171875</ele>
        <time>2025-08-07T07:28:01.000Z</time>
        <extensions>
          <ns3:TrackPointExtension>
            <ns3:atemp>30.0</ns3:atemp>
          </ns3:TrackPointExtension>
        </extensions>
      </trkpt>
      <trkpt lat="46.103001795709133148193359375" lon="91.5443153679370880126953125">
        <ele>1180.800048828125</ele>
        <time>2025-08-07T07:28:03.000Z</time>
        <extensions>
          <ns3:TrackPointExtension>
            <ns3:atemp>30.0</ns3:atemp>
          </ns3:TrackPointExtension>
        </extensions>
      </trkpt>
      <trkpt lat="46.10276618041098117828369140625" lon="91.54445509426295757293701171875">
        <ele>1179.800048828125</ele>
        <time>2025-08-07T07:28:08.000Z</time>
        <extensions>
          <ns3:TrackPointExtension>
            <ns3:atemp>30.0</ns3:atemp>
          </ns3:TrackPointExtension>
        </extensions>
      </trkpt>
      <trkpt lat="46.10272007994353771209716796875" lon="91.54448233544826507568359375">
        <ele>1179.199951171875</ele>
        <time>2025-08-07T07:28:09.000Z</time>
        <extensions>
          <ns3:TrackPointExtension>
            <ns3:atemp>30.0</ns3:atemp>
          </ns3:TrackPointExtension>
        </extensions>
      </trkpt>
      <trkpt lat="46.10267615877091884613037109375" lon="91.54450471512973308563232421875">
        <ele>1178.800048828125</ele>
        <time>2025-08-07T07:28:10.000Z</time>
        <extensions>
          <ns3:TrackPointExtension>
            <ns3:atemp>30.0</ns3:atemp>
          </ns3:TrackPointExtension>
        </extensions>
      </trkpt>
      <trkpt lat="46.10246577300131320953369140625" lon="91.544616781175136566162109375">
        <ele>1178</ele>
        <time>2025-08-07T07:28:15.000Z</time>
        <extensions>
          <ns3:TrackPointExtension>
            <ns3:atemp>30.0</ns3:atemp>
          </ns3:TrackPointExtension>
        </extensions>
      </trkpt>
      <trkpt lat="46.10242738388478755950927734375" lon="91.54464620165526866912841796875">
        <ele>1178</ele>
        <time>2025-08-07T07:28:16.000Z</time>
        <extensions>
          <ns3:TrackPointExtension>
            <ns3:atemp>30.0</ns3:atemp>
          </ns3:TrackPointExtension>
        </extensions>
      </trkpt>
      <trkpt lat="46.1023461632430553436279296875" lon="91.5447034500539302825927734375">
        <ele>1178</ele>
        <time>2025-08-07T07:28:18.000Z</time>
        <extensions>
          <ns3:TrackPointExtension>
            <ns3:atemp>30.0</ns3:atemp>
          </ns3:TrackPointExtension>
        </extensions>
      </trkpt>
      <trkpt lat="46.10218011774122714996337890625" lon="91.5447966568171977996826171875">
        <ele>1178</ele>
        <time>2025-08-07T07:28:22.000Z</time>
        <extensions>
          <ns3:TrackPointExtension>
            <ns3:atemp>30.0</ns3:atemp>
          </ns3:TrackPointExtension>
        </extensions>
      </trkpt>
      <trkpt lat="46.101926900446414947509765625" lon="91.54496605508029460906982421875">
        <ele>1178.199951171875</ele>
        <time>2025-08-07T07:28:29.000Z</time>
        <extensions>
          <ns3:TrackPointExtension>
            <ns3:atemp>30.0</ns3:atemp>
          </ns3:TrackPointExtension>
        </extensions>
      </trkpt>
      <trkpt lat="46.1016390658915042877197265625" lon="91.545217595994472503662109375">
        <ele>1178</ele>
        <time>2025-08-07T07:28:38.000Z</time>
        <extensions>
          <ns3:TrackPointExtension>
            <ns3:atemp>30.0</ns3:atemp>
          </ns3:TrackPointExtension>
        </extensions>
      </trkpt>
      <trkpt lat="46.1015096493065357208251953125" lon="91.54535095207393169403076171875">
        <ele>1177.800048828125</ele>
        <time>2025-08-07T07:28:42.000Z</time>
        <extensions>
          <ns3:TrackPointExtension>
            <ns3:atemp>30.0</ns3:atemp>
          </ns3:TrackPointExtension>
        </extensions>
      </trkpt>
      <trkpt lat="46.10134863294661045074462890625" lon="91.54553912580013275146484375">
        <ele>1177.5999755859375</ele>
        <time>2025-08-07T07:28:47.000Z</time>
        <extensions>
          <ns3:TrackPointExtension>
            <ns3:atemp>30.0</ns3:atemp>
          </ns3:TrackPointExtension>
        </extensions>
      </trkpt>
      <trkpt lat="46.1010603792965412139892578125" lon="91.5458738990128040313720703125">
        <ele>1177.4000244140625</ele>
        <time>2025-08-07T07:28:56.000Z</time>
        <extensions>
          <ns3:TrackPointExtension>
            <ns3:atemp>30.0</ns3:atemp>
          </ns3:TrackPointExtension>
        </extensions>
      </trkpt>
      <trkpt lat="46.10077262856066226959228515625" lon="91.5462088398635387420654296875">
        <ele>1177.4000244140625</ele>
        <time>2025-08-07T07:29:05.000Z</time>
        <extensions>
          <ns3:TrackPointExtension>
            <ns3:atemp>30.0</ns3:atemp>
          </ns3:TrackPointExtension>
        </extensions>
      </trkpt>
      <trkpt lat="46.1005450598895549774169921875" lon="91.54646406881511211395263671875">
        <ele>1177.5999755859375</ele>
        <time>2025-08-07T07:29:12.000Z</time>
        <extensions>
          <ns3:TrackPointExtension>
            <ns3:atemp>30.0</ns3:atemp>
          </ns3:TrackPointExtension>
        </extensions>
      </trkpt>
      <trkpt lat="46.10023803077638149261474609375" lon="91.5468415059149265289306640625">
        <ele>1177.4000244140625</ele>
        <time>2025-08-07T07:29:21.000Z</time>
        <extensions>
          <ns3:TrackPointExtension>
            <ns3:atemp>30.0</ns3:atemp>
          </ns3:TrackPointExtension>
        </extensions>
      </trkpt>
      <trkpt lat="46.100178770720958709716796875" lon="91.54692188836634159088134765625">
        <ele>1177.4000244140625</ele>
        <time>2025-08-07T07:29:23.000Z</time>
        <extensions>
          <ns3:TrackPointExtension>
            <ns3:atemp>30.0</ns3:atemp>
          </ns3:TrackPointExtension>
        </extensions>
      </trkpt>
      <trkpt lat="46.10007584095001220703125" lon="91.54712808318436145782470703125">
        <ele>1177.4000244140625</ele>
        <time>2025-08-07T07:29:27.000Z</time>
        <extensions>
          <ns3:TrackPointExtension>
            <ns3:atemp>30.0</ns3:atemp>
          </ns3:TrackPointExtension>
        </extensions>
      </trkpt>
      <trkpt lat="46.09981231391429901123046875" lon="91.54762932099401950836181640625">
        <ele>1177.4000244140625</ele>
        <time>2025-08-07T07:29:36.000Z</time>
        <extensions>
          <ns3:TrackPointExtension>
            <ns3:atemp>30.0</ns3:atemp>
          </ns3:TrackPointExtension>
        </extensions>
      </trkpt>
      <trkpt lat="46.0996005870401859283447265625" lon="91.54804858379065990447998046875">
        <ele>1177.4000244140625</ele>
        <time>2025-08-07T07:29:43.000Z</time>
        <extensions>
          <ns3:TrackPointExtension>
            <ns3:atemp>30.0</ns3:atemp>
          </ns3:TrackPointExtension>
        </extensions>
      </trkpt>
      <trkpt lat="46.0994074679911136627197265625" lon="91.548452675342559814453125">
        <ele>1177.4000244140625</ele>
        <time>2025-08-07T07:29:49.000Z</time>
        <extensions>
          <ns3:TrackPointExtension>
            <ns3:atemp>30.0</ns3:atemp>
          </ns3:TrackPointExtension>
        </extensions>
      </trkpt>
      <trkpt lat="46.09907747246325016021728515625" lon="91.5491223894059658050537109375">
        <ele>1177.199951171875</ele>
        <time>2025-08-07T07:29:59.000Z</time>
        <extensions>
          <ns3:TrackPointExtension>
            <ns3:atemp>30.0</ns3:atemp>
          </ns3:TrackPointExtension>
        </extensions>
      </trkpt>
      <trkpt lat="46.0990416817367076873779296875" lon="91.5491944737732410430908203125">
        <ele>1177.199951171875</ele>
        <time>2025-08-07T07:30:00.000Z</time>
        <extensions>
          <ns3:TrackPointExtension>
            <ns3:atemp>30.0</ns3:atemp>
          </ns3:TrackPointExtension>
        </extensions>
      </trkpt>
      <trkpt lat="46.09875963069498538970947265625" lon="91.549800820648670196533203125">
        <ele>1177</ele>
        <time>2025-08-07T07:30:09.000Z</time>
        <extensions>
          <ns3:TrackPointExtension>
            <ns3:atemp>30.0</ns3:atemp>
          </ns3:TrackPointExtension>
        </extensions>
      </trkpt>
      <trkpt lat="46.09869651496410369873046875" lon="91.5499109588563442230224609375">
        <ele>1177</ele>
        <time>2025-08-07T07:30:11.000Z</time>
        <extensions>
          <ns3:TrackPointExtension>
            <ns3:atemp>30.0</ns3:atemp>
          </ns3:TrackPointExtension>
        </extensions>
      </trkpt>
      <trkpt lat="46.0985163040459156036376953125" lon="91.5502650104463100433349609375">
        <ele>1177</ele>
        <time>2025-08-07T07:30:17.000Z</time>
        <extensions>
          <ns3:TrackPointExtension>
            <ns3:atemp>30.0</ns3:atemp>
          </ns3:TrackPointExtension>
        </extensions>
      </trkpt>
      <trkpt lat="46.09825529158115386962890625" lon="91.5508141927421092987060546875">
        <ele>1177.4000244140625</ele>
        <time>2025-08-07T07:30:26.000Z</time>
        <extensions>
          <ns3:TrackPointExtension>
            <ns3:atemp>30.0</ns3:atemp>
          </ns3:TrackPointExtension>
        </extensions>
      </trkpt>
      <trkpt lat="46.09805135987699031829833984375" lon="91.55122163705527782440185546875">
        <ele>1178</ele>
        <time>2025-08-07T07:30:33.000Z</time>
        <extensions>
          <ns3:TrackPointExtension>
            <ns3:atemp>30.0</ns3:atemp>
          </ns3:TrackPointExtension>
        </extensions>
      </trkpt>
      <trkpt lat="46.09786913730204105377197265625" lon="91.551586501300334930419921875">
        <ele>1178.800048828125</ele>
        <time>2025-08-07T07:30:40.000Z</time>
        <extensions>
          <ns3:TrackPointExtension>
            <ns3:atemp>30.0</ns3:atemp>
          </ns3:TrackPointExtension>
        </extensions>
      </trkpt>
      <trkpt lat="46.09781532548367977142333984375" lon="91.55169169418513774871826171875">
        <ele>1179.4000244140625</ele>
        <time>2025-08-07T07:30:42.000Z</time>
        <extensions>
          <ns3:TrackPointExtension>
            <ns3:atemp>30.0</ns3:atemp>
          </ns3:TrackPointExtension>
        </extensions>
      </trkpt>
      <trkpt lat="46.09749681316316127777099609375" lon="91.5522029064595699310302734375">
        <ele>1178.5999755859375</ele>
        <time>2025-08-07T07:30:52.000Z</time>
        <extensions>
          <ns3:TrackPointExtension>
            <ns3:atemp>30.0</ns3:atemp>
          </ns3:TrackPointExtension>
        </extensions>
      </trkpt>
      <trkpt lat="46.09728701412677764892578125" lon="91.55249434523284435272216796875">
        <ele>1178.800048828125</ele>
        <time>2025-08-07T07:30:58.000Z</time>
        <extensions>
          <ns3:TrackPointExtension>
            <ns3:atemp>30.0</ns3:atemp>
          </ns3:TrackPointExtension>
        </extensions>
      </trkpt>
      <trkpt lat="46.097229011356830596923828125" lon="91.552548743784427642822265625">
        <ele>1178.5999755859375</ele>
        <time>2025-08-07T07:31:00.000Z</time>
        <extensions>
          <ns3:TrackPointExtension>
            <ns3:atemp>30.0</ns3:atemp>
          </ns3:TrackPointExtension>
        </extensions>
      </trkpt>
      <trkpt lat="46.0971000976860523223876953125" lon="91.552673466503620147705078125">
        <ele>1178.5999755859375</ele>
        <time>2025-08-07T07:31:05.000Z</time>
        <extensions>
          <ns3:TrackPointExtension>
            <ns3:atemp>30.0</ns3:atemp>
          </ns3:TrackPointExtension>
        </extensions>
      </trkpt>
      <trkpt lat="46.0969562642276287078857421875" lon="91.55271143652498722076416015625">
        <ele>1178.4000244140625</ele>
        <time>2025-08-07T07:31:10.000Z</time>
        <extensions>
          <ns3:TrackPointExtension>
            <ns3:atemp>30.0</ns3:atemp>
          </ns3:TrackPointExtension>
        </extensions>
      </trkpt>
      <trkpt lat="46.09693564474582672119140625" lon="91.5527118556201457977294921875">
        <ele>1178.4000244140625</ele>
        <time>2025-08-07T07:31:14.000Z</time>
        <extensions>
          <ns3:TrackPointExtension>
            <ns3:atemp>30.0</ns3:atemp>
          </ns3:TrackPointExtension>
        </extensions>
      </trkpt>
      <trkpt lat="46.09689197503030300140380859375" lon="91.5526880510151386260986328125">
        <ele>1178</ele>
        <time>2025-08-07T07:32:27.000Z</time>
        <extensions>
          <ns3:TrackPointExtension>
            <ns3:atemp>30.0</ns3:atemp>
          </ns3:TrackPointExtension>
        </extensions>
      </trkpt>
      <trkpt lat="46.09684201888740062713623046875" lon="91.5526290424168109893798828125">
        <ele>1178</ele>
        <time>2025-08-07T07:32:30.000Z</time>
        <extensions>
          <ns3:TrackPointExtension>
            <ns3:atemp>30.0</ns3:atemp>
          </ns3:TrackPointExtension>
        </extensions>
      </trkpt>
      <trkpt lat="46.09673238359391689300537109375" lon="91.552399881184101104736328125">
        <ele>1178</ele>
        <time>2025-08-07T07:32:37.000Z</time>
        <extensions>
          <ns3:TrackPointExtension>
            <ns3:atemp>30.0</ns3:atemp>
          </ns3:TrackPointExtension>
        </extensions>
      </trkpt>
      <trkpt lat="46.0966977663338184356689453125" lon="91.55232134275138378143310546875">
        <ele>1177.800048828125</ele>
        <time>2025-08-07T07:32:39.000Z</time>
        <extensions>
          <ns3:TrackPointExtension>
            <ns3:atemp>30.0</ns3:atemp>
          </ns3:TrackPointExtension>
        </extensions>
      </trkpt>
      <trkpt lat="46.09661780297756195068359375" lon="91.55211389064788818359375">
        <ele>1177.199951171875</ele>
        <time>2025-08-07T07:32:44.000Z</time>
        <extensions>
          <ns3:TrackPointExtension>
            <ns3:atemp>30.0</ns3:atemp>
          </ns3:TrackPointExtension>
        </extensions>
      </trkpt>
      <trkpt lat="46.096451841294765472412109375" lon="91.55170996673405170440673828125">
        <ele>1177</ele>
        <time>2025-08-07T07:32:53.000Z</time>
        <extensions>
          <ns3:TrackPointExtension>
            <ns3:atemp>30.0</ns3:atemp>
          </ns3:TrackPointExtension>
        </extensions>
      </trkpt>
      <trkpt lat="46.0964315570890903472900390625" lon="91.5516631118953227996826171875">
        <ele>1176.800048828125</ele>
        <time>2025-08-07T07:32:54.000Z</time>
        <extensions>
          <ns3:TrackPointExtension>
            <ns3:atemp>30.0</ns3:atemp>
          </ns3:TrackPointExtension>
        </extensions>
      </trkpt>
      <trkpt lat="46.09626199118793010711669921875" lon="91.55123873613774776458740234375">
        <ele>1176.4000244140625</ele>
        <time>2025-08-07T07:33:03.000Z</time>
        <extensions>
          <ns3:TrackPointExtension>
            <ns3:atemp>30.0</ns3:atemp>
          </ns3:TrackPointExtension>
        </extensions>
      </trkpt>
      <trkpt lat="46.096177585422992706298828125" lon="91.55099800787866115570068359375">
        <ele>1175.5999755859375</ele>
        <time>2025-08-07T07:33:09.000Z</time>
        <extensions>
          <ns3:TrackPointExtension>
            <ns3:atemp>30.0</ns3:atemp>
          </ns3:TrackPointExtension>
        </extensions>
      </trkpt>
      <trkpt lat="46.0961636714637279510498046875" lon="91.550960540771484375">
        <ele>1175.4000244140625</ele>
        <time>2025-08-07T07:33:10.000Z</time>
        <extensions>
          <ns3:TrackPointExtension>
            <ns3:atemp>30.0</ns3:atemp>
          </ns3:TrackPointExtension>
        </extensions>
      </trkpt>
      <trkpt lat="46.0960312373936176300048828125" lon="91.55072207562625408172607421875">
        <ele>1175.199951171875</ele>
        <time>2025-08-07T07:33:19.000Z</time>
        <extensions>
          <ns3:TrackPointExtension>
            <ns3:atemp>30.0</ns3:atemp>
          </ns3:TrackPointExtension>
        </extensions>
      </trkpt>
      <trkpt lat="46.09593249857425689697265625" lon="91.55058159492909908294677734375">
        <ele>1175</ele>
        <time>2025-08-07T07:33:25.000Z</time>
        <extensions>
          <ns3:TrackPointExtension>
            <ns3:atemp>30.0</ns3:atemp>
          </ns3:TrackPointExtension>
        </extensions>
      </trkpt>
      <trkpt lat="46.09585999511182308197021484375" lon="91.55037087388336658477783203125">
        <ele>1175</ele>
        <time>2025-08-07T07:33:30.000Z</time>
        <extensions>
          <ns3:TrackPointExtension>
            <ns3:atemp>30.0</ns3:atemp>
          </ns3:TrackPointExtension>
        </extensions>
      </trkpt>
      <trkpt lat="46.095821522176265716552734375" lon="91.550286971032619476318359375">
        <ele>1175</ele>
        <time>2025-08-07T07:33:32.000Z</time>
        <extensions>
          <ns3:TrackPointExtension>
            <ns3:atemp>30.0</ns3:atemp>
          </ns3:TrackPointExtension>
        </extensions>
      </trkpt>
      <trkpt lat="46.0957331769168376922607421875" lon="91.5500700473785400390625">
        <ele>1175</ele>
        <time>2025-08-07T07:33:38.000Z</time>
        <extensions>
          <ns3:TrackPointExtension>
            <ns3:atemp>30.0</ns3:atemp>
          </ns3:TrackPointExtension>
        </extensions>
      </trkpt>
      <trkpt lat="46.09563502483069896697998046875" lon="91.549808196723461151123046875">
        <ele>1174.5999755859375</ele>
        <time>2025-08-07T07:33:45.000Z</time>
        <extensions>
          <ns3:TrackPointExtension>
            <ns3:atemp>30.0</ns3:atemp>
          </ns3:TrackPointExtension>
        </extensions>
      </trkpt>
      <trkpt lat="46.09560635872185230255126953125" lon="91.5497218631207942962646484375">
        <ele>1174.5999755859375</ele>
        <time>2025-08-07T07:33:47.000Z</time>
        <extensions>
          <ns3:TrackPointExtension>
            <ns3:atemp>30.0</ns3:atemp>
          </ns3:TrackPointExtension>
        </extensions>
      </trkpt>
      <trkpt lat="46.09553108923137187957763671875" lon="91.549601666629314422607421875">
        <ele>1174.4000244140625</ele>
        <time>2025-08-07T07:33:51.000Z</time>
        <extensions>
          <ns3:TrackPointExtension>
            <ns3:atemp>30.0</ns3:atemp>
          </ns3:TrackPointExtension>
        </extensions>
      </trkpt>
      <trkpt lat="46.095494963228702545166015625" lon="91.54948440380394458770751953125">
        <ele>1174.199951171875</ele>
        <time>2025-08-07T07:33:55.000Z</time>
        <extensions>
          <ns3:TrackPointExtension>
            <ns3:atemp>30.0</ns3:atemp>
          </ns3:TrackPointExtension>
        </extensions>
      </trkpt>
      <trkpt lat="46.09539982862770557403564453125" lon="91.54919908381998538970947265625">
        <ele>1174.199951171875</ele>
        <time>2025-08-07T07:34:01.000Z</time>
        <extensions>
          <ns3:TrackPointExtension>
            <ns3:atemp>30.0</ns3:atemp>
          </ns3:TrackPointExtension>
        </extensions>
      </trkpt>
      <trkpt lat="46.0952309332787990570068359375" lon="91.54879239387810230255126953125">
        <ele>1174.5999755859375</ele>
        <time>2025-08-07T07:34:09.000Z</time>
        <extensions>
          <ns3:TrackPointExtension>
            <ns3:atemp>30.0</ns3:atemp>
          </ns3:TrackPointExtension>
        </extensions>
      </trkpt>
      <trkpt lat="46.0950515605509281158447265625" lon="91.54835301451385021209716796875">
        <ele>1174.199951171875</ele>
        <time>2025-08-07T07:34:18.000Z</time>
        <extensions>
          <ns3:TrackPointExtension>
            <ns3:atemp>30.0</ns3:atemp>
          </ns3:TrackPointExtension>
        </extensions>
      </trkpt>
      <trkpt lat="46.09478459693491458892822265625" lon="91.54769805260002613067626953125">
        <ele>1173.800048828125</ele>
        <time>2025-08-07T07:34:31.000Z</time>
        <extensions>
          <ns3:TrackPointExtension>
            <ns3:atemp>31.0</ns3:atemp>
          </ns3:TrackPointExtension>
        </extensions>
      </trkpt>
      <trkpt lat="46.09460757113993167877197265625" lon="91.54725381173193454742431640625">
        <ele>1173.800048828125</ele>
        <time>2025-08-07T07:34:40.000Z</time>
        <extensions>
          <ns3:TrackPointExtension>
            <ns3:atemp>31.0</ns3:atemp>
          </ns3:TrackPointExtension>
        </extensions>
      </trkpt>
      <trkpt lat="46.0945491492748260498046875" lon="91.5471155941486358642578125">
        <ele>1173.4000244140625</ele>
        <time>2025-08-07T07:34:43.000Z</time>
        <extensions>
          <ns3:TrackPointExtension>
            <ns3:atemp>31.0</ns3:atemp>
          </ns3:TrackPointExtension>
        </extensions>
      </trkpt>
      <trkpt lat="46.09443071298301219940185546875" lon="91.54683907516300678253173828125">
        <ele>1173.4000244140625</ele>
        <time>2025-08-07T07:34:49.000Z</time>
        <extensions>
          <ns3:TrackPointExtension>
            <ns3:atemp>31.0</ns3:atemp>
          </ns3:TrackPointExtension>
        </extensions>
      </trkpt>
      <trkpt lat="46.09428235329687595367431640625" lon="91.54648183844983577728271484375">
        <ele>1172.800048828125</ele>
        <time>2025-08-07T07:34:57.000Z</time>
        <extensions>
          <ns3:TrackPointExtension>
            <ns3:atemp>31.0</ns3:atemp>
          </ns3:TrackPointExtension>
        </extensions>
      </trkpt>
      <trkpt lat="46.09425008296966552734375" lon="91.54630213044583797454833984375">
        <ele>1173</ele>
        <time>2025-08-07T07:35:02.000Z</time>
        <extensions>
          <ns3:TrackPointExtension>
            <ns3:atemp>31.0</ns3:atemp>
          </ns3:TrackPointExtension>
        </extensions>
      </trkpt>
      <trkpt lat="46.09422250650823116302490234375" lon="91.54622711241245269775390625">
        <ele>1173</ele>
        <time>2025-08-07T07:35:06.000Z</time>
        <extensions>
          <ns3:TrackPointExtension>
            <ns3:atemp>31.0</ns3:atemp>
          </ns3:TrackPointExtension>
        </extensions>
      </trkpt>
      <trkpt lat="46.0941536910831928253173828125" lon="91.5461035631597042083740234375">
        <ele>1173</ele>
        <time>2025-08-07T07:35:12.000Z</time>
        <extensions>
          <ns3:TrackPointExtension>
            <ns3:atemp>31.0</ns3:atemp>
          </ns3:TrackPointExtension>
        </extensions>
      </trkpt>
      <trkpt lat="46.0940457321703433990478515625" lon="91.5458175726234912872314453125">
        <ele>1173</ele>
        <time>2025-08-07T07:35:19.000Z</time>
        <extensions>
          <ns3:TrackPointExtension>
            <ns3:atemp>31.0</ns3:atemp>
          </ns3:TrackPointExtension>
        </extensions>
      </trkpt>
      <trkpt lat="46.093867532908916473388671875" lon="91.5453917719423770904541015625">
        <ele>1172.800048828125</ele>
        <time>2025-08-07T07:35:28.000Z</time>
        <extensions>
          <ns3:TrackPointExtension>
            <ns3:atemp>31.0</ns3:atemp>
          </ns3:TrackPointExtension>
        </extensions>
      </trkpt>
      <trkpt lat="46.0936980508267879486083984375" lon="91.54498835094273090362548828125">
        <ele>1172.5999755859375</ele>
        <time>2025-08-07T07:35:36.000Z</time>
        <extensions>
          <ns3:TrackPointExtension>
            <ns3:atemp>31.0</ns3:atemp>
          </ns3:TrackPointExtension>
        </extensions>
      </trkpt>
      <trkpt lat="46.09355363063514232635498046875" lon="91.54467402957379817962646484375">
        <ele>1172.5999755859375</ele>
        <time>2025-08-07T07:35:42.000Z</time>
        <extensions>
          <ns3:TrackPointExtension>
            <ns3:atemp>31.0</ns3:atemp>
          </ns3:TrackPointExtension>
        </extensions>
      </trkpt>
      <trkpt lat="46.0935257188975811004638671875" lon="91.544632203876972198486328125">
        <ele>1172.5999755859375</ele>
        <time>2025-08-07T07:35:43.000Z</time>
        <extensions>
          <ns3:TrackPointExtension>
            <ns3:atemp>31.0</ns3:atemp>
          </ns3:TrackPointExtension>
        </extensions>
      </trkpt>
      <trkpt lat="46.09346880577504634857177734375" lon="91.544559113681316375732421875">
        <ele>1172.5999755859375</ele>
        <time>2025-08-07T07:35:45.000Z</time>
        <extensions>
          <ns3:TrackPointExtension>
            <ns3:atemp>31.0</ns3:atemp>
          </ns3:TrackPointExtension>
        </extensions>
      </trkpt>
      <trkpt lat="46.0934134013950824737548828125" lon="91.5444151125848293304443359375">
        <ele>1172.5999755859375</ele>
        <time>2025-08-07T07:35:48.000Z</time>
        <extensions>
          <ns3:TrackPointExtension>
            <ns3:atemp>31.0</ns3:atemp>
          </ns3:TrackPointExtension>
        </extensions>
      </trkpt>
      <trkpt lat="46.0934097133576869964599609375" lon="91.5443601273000240325927734375">
        <ele>1172.5999755859375</ele>
        <time>2025-08-07T07:35:49.000Z</time>
        <extensions>
          <ns3:TrackPointExtension>
            <ns3:atemp>31.0</ns3:atemp>
          </ns3:TrackPointExtension>
        </extensions>
      </trkpt>
      <trkpt lat="46.0934227891266345977783203125" lon="91.5443162061274051666259765625">
        <ele>1172.4000244140625</ele>
        <time>2025-08-07T07:35:50.000Z</time>
        <extensions>
          <ns3:TrackPointExtension>
            <ns3:atemp>31.0</ns3:atemp>
          </ns3:TrackPointExtension>
        </extensions>
      </trkpt>
      <trkpt lat="46.09343930147588253021240234375" lon="91.5442778170108795166015625">
        <ele>1172.4000244140625</ele>
        <time>2025-08-07T07:35:51.000Z</time>
        <extensions>
          <ns3:TrackPointExtension>
            <ns3:atemp>31.0</ns3:atemp>
          </ns3:TrackPointExtension>
        </extensions>
      </trkpt>
      <trkpt lat="46.09347115270793437957763671875" lon="91.54409064911305904388427734375">
        <ele>1172.199951171875</ele>
        <time>2025-08-07T07:35:56.000Z</time>
        <extensions>
          <ns3:TrackPointExtension>
            <ns3:atemp>31.0</ns3:atemp>
          </ns3:TrackPointExtension>
        </extensions>
      </trkpt>
      <trkpt lat="46.093478612601757049560546875" lon="91.54396944679319858551025390625">
        <ele>1172</ele>
        <time>2025-08-07T07:36:00.000Z</time>
        <extensions>
          <ns3:TrackPointExtension>
            <ns3:atemp>31.0</ns3:atemp>
          </ns3:TrackPointExtension>
        </extensions>
      </trkpt>
      <trkpt lat="46.09348640777170658111572265625" lon="91.54395251534879207611083984375">
        <ele>1172</ele>
        <time>2025-08-07T07:36:01.000Z</time>
        <extensions>
          <ns3:TrackPointExtension>
            <ns3:atemp>31.0</ns3:atemp>
          </ns3:TrackPointExtension>
        </extensions>
      </trkpt>
      <trkpt lat="46.09348858706653118133544921875" lon="91.54394731856882572174072265625">
        <ele>1171.5999755859375</ele>
        <time>2025-08-07T07:36:05.000Z</time>
        <extensions>
          <ns3:TrackPointExtension>
            <ns3:atemp>31.0</ns3:atemp>
          </ns3:TrackPointExtension>
        </extensions>
      </trkpt>
      <trkpt lat="46.09348322264850139617919921875" lon="91.54405477456748485565185546875">
        <ele>1176.800048828125</ele>
        <time>2025-08-07T07:42:00.000Z</time>
        <extensions>
          <ns3:TrackPointExtension>
            <ns3:atemp>30.0</ns3:atemp>
          </ns3:TrackPointExtension>
        </extensions>
      </trkpt>
      <trkpt lat="46.0934717394411563873291015625" lon="91.54413809068500995635986328125">
        <ele>1176.800048828125</ele>
        <time>2025-08-07T07:42:02.000Z</time>
        <extensions>
          <ns3:TrackPointExtension>
            <ns3:atemp>30.0</ns3:atemp>
          </ns3:TrackPointExtension>
        </extensions>
      </trkpt>
      <trkpt lat="46.09345103614032268524169921875" lon="91.54432903043925762176513671875">
        <ele>1176.5999755859375</ele>
        <time>2025-08-07T07:42:07.000Z</time>
        <extensions>
          <ns3:TrackPointExtension>
            <ns3:atemp>30.0</ns3:atemp>
          </ns3:TrackPointExtension>
        </extensions>
      </trkpt>
      <trkpt lat="46.09352714382112026214599609375" lon="91.5444892086088657379150390625">
        <ele>1177.199951171875</ele>
        <time>2025-08-07T07:42:12.000Z</time>
        <extensions>
          <ns3:TrackPointExtension>
            <ns3:atemp>30.0</ns3:atemp>
          </ns3:TrackPointExtension>
        </extensions>
      </trkpt>
      <trkpt lat="46.09360576607286930084228515625" lon="91.544707305729389190673828125">
        <ele>1177.5999755859375</ele>
        <time>2025-08-07T07:42:18.000Z</time>
        <extensions>
          <ns3:TrackPointExtension>
            <ns3:atemp>30.0</ns3:atemp>
          </ns3:TrackPointExtension>
        </extensions>
      </trkpt>
      <trkpt lat="46.093703918159008026123046875" lon="91.54502120800316333770751953125">
        <ele>1177.5999755859375</ele>
        <time>2025-08-07T07:42:25.000Z</time>
        <extensions>
          <ns3:TrackPointExtension>
            <ns3:atemp>30.0</ns3:atemp>
          </ns3:TrackPointExtension>
        </extensions>
      </trkpt>
      <trkpt lat="46.093816570937633514404296875" lon="91.545366458594799041748046875">
        <ele>1177.800048828125</ele>
        <time>2025-08-07T07:42:32.000Z</time>
        <extensions>
          <ns3:TrackPointExtension>
            <ns3:atemp>30.0</ns3:atemp>
          </ns3:TrackPointExtension>
        </extensions>
      </trkpt>
      <trkpt lat="46.09383165836334228515625" lon="91.54542102478444576263427734375">
        <ele>1177.800048828125</ele>
        <time>2025-08-07T07:42:33.000Z</time>
        <extensions>
          <ns3:TrackPointExtension>
            <ns3:atemp>30.0</ns3:atemp>
          </ns3:TrackPointExtension>
        </extensions>
      </trkpt>
      <trkpt lat="46.093937940895557403564453125" lon="91.545680277049541473388671875">
        <ele>1177.4000244140625</ele>
        <time>2025-08-07T07:42:38.000Z</time>
        <extensions>
          <ns3:TrackPointExtension>
            <ns3:atemp>30.0</ns3:atemp>
          </ns3:TrackPointExtension>
        </extensions>
      </trkpt>
      <trkpt lat="46.09408219344913959503173828125" lon="91.545974649488925933837890625">
        <ele>1177.199951171875</ele>
        <time>2025-08-07T07:42:44.000Z</time>
        <extensions>
          <ns3:TrackPointExtension>
            <ns3:atemp>30.0</ns3:atemp>
          </ns3:TrackPointExtension>
        </extensions>
      </trkpt>
      <trkpt lat="46.0941717959940433502197265625" lon="91.54614170081913471221923828125">
        <ele>1177</ele>
        <time>2025-08-07T07:42:48.000Z</time>
        <extensions>
          <ns3:TrackPointExtension>
            <ns3:atemp>30.0</ns3:atemp>
          </ns3:TrackPointExtension>
        </extensions>
      </trkpt>
      <trkpt lat="46.09421630389988422393798828125" lon="91.54619668610394001007080078125">
        <ele>1177</ele>
        <time>2025-08-07T07:42:50.000Z</time>
        <extensions>
          <ns3:TrackPointExtension>
            <ns3:atemp>30.0</ns3:atemp>
          </ns3:TrackPointExtension>
        </extensions>
      </trkpt>
      <trkpt lat="46.094241701066493988037109375" lon="91.5461950935423374176025390625">
        <ele>1177</ele>
        <time>2025-08-07T07:42:51.000Z</time>
        <extensions>
          <ns3:TrackPointExtension>
            <ns3:atemp>30.0</ns3:atemp>
          </ns3:TrackPointExtension>
        </extensions>
      </trkpt>
      <trkpt lat="46.0943008773028850555419921875" lon="91.54607824981212615966796875">
        <ele>1176.800048828125</ele>
        <time>2025-08-07T07:42:55.000Z</time>
        <extensions>
          <ns3:TrackPointExtension>
            <ns3:atemp>30.0</ns3:atemp>
          </ns3:TrackPointExtension>
        </extensions>
      </trkpt>
      <trkpt lat="46.09432996250689029693603515625" lon="91.54598730616271495819091796875">
        <ele>1176.5999755859375</ele>
        <time>2025-08-07T07:42:58.000Z</time>
        <extensions>
          <ns3:TrackPointExtension>
            <ns3:atemp>30.0</ns3:atemp>
          </ns3:TrackPointExtension>
        </extensions>
      </trkpt>
      <trkpt lat="46.0943561978638172149658203125" lon="91.54594606719911098480224609375">
        <ele>1176.4000244140625</ele>
        <time>2025-08-07T07:43:00.000Z</time>
        <extensions>
          <ns3:TrackPointExtension>
            <ns3:atemp>30.0</ns3:atemp>
          </ns3:TrackPointExtension>
        </extensions>
      </trkpt>
      <trkpt lat="46.09435929916799068450927734375" lon="91.5459429658949375152587890625">
        <ele>1176</ele>
        <time>2025-08-07T07:43:03.000Z</time>
        <extensions>
          <ns3:TrackPointExtension>
            <ns3:atemp>30.0</ns3:atemp>
          </ns3:TrackPointExtension>
        </extensions>
      </trkpt>
      <trkpt lat="46.0943265259265899658203125" lon="91.54599417932331562042236328125">
        <ele>1176.4000244140625</ele>
        <time>2025-08-07T08:05:49.000Z</time>
        <extensions>
          <ns3:TrackPointExtension>
            <ns3:atemp>29.0</ns3:atemp>
          </ns3:TrackPointExtension>
        </extensions>
      </trkpt>
      <trkpt lat="46.09428453259170055389404296875" lon="91.54612845741212368011474609375">
        <ele>1176.800048828125</ele>
        <time>2025-08-07T08:05:54.000Z</time>
        <extensions>
          <ns3:TrackPointExtension>
            <ns3:atemp>29.0</ns3:atemp>
          </ns3:TrackPointExtension>
        </extensions>
      </trkpt>
      <trkpt lat="46.09425502829253673553466796875" lon="91.54617455787956714630126953125">
        <ele>1177</ele>
        <time>2025-08-07T08:05:56.000Z</time>
        <extensions>
          <ns3:TrackPointExtension>
            <ns3:atemp>29.0</ns3:atemp>
          </ns3:TrackPointExtension>
        </extensions>
      </trkpt>
      <trkpt lat="46.094209849834442138671875" lon="91.54617078602313995361328125">
        <ele>1177.199951171875</ele>
        <time>2025-08-07T08:05:58.000Z</time>
        <extensions>
          <ns3:TrackPointExtension>
            <ns3:atemp>29.0</ns3:atemp>
          </ns3:TrackPointExtension>
        </extensions>
      </trkpt>
      <trkpt lat="46.094133742153644561767578125" lon="91.5460522659122943878173828125">
        <ele>1177.199951171875</ele>
        <time>2025-08-07T08:06:02.000Z</time>
        <extensions>
          <ns3:TrackPointExtension>
            <ns3:atemp>29.0</ns3:atemp>
          </ns3:TrackPointExtension>
        </extensions>
      </trkpt>
      <trkpt lat="46.09400390647351741790771484375" lon="91.5457039140164852142333984375">
        <ele>1177.4000244140625</ele>
        <time>2025-08-07T08:06:10.000Z</time>
        <extensions>
          <ns3:TrackPointExtension>
            <ns3:atemp>29.0</ns3:atemp>
          </ns3:TrackPointExtension>
        </extensions>
      </trkpt>
      <trkpt lat="46.09383945353329181671142578125" lon="91.5453015826642513275146484375">
        <ele>1177.199951171875</ele>
        <time>2025-08-07T08:06:18.000Z</time>
        <extensions>
          <ns3:TrackPointExtension>
            <ns3:atemp>29.0</ns3:atemp>
          </ns3:TrackPointExtension>
        </extensions>
      </trkpt>
      <trkpt lat="46.0936336778104305267333984375" lon="91.54487125575542449951171875">
        <ele>1177</ele>
        <time>2025-08-07T08:06:26.000Z</time>
        <extensions>
          <ns3:TrackPointExtension>
            <ns3:atemp>29.0</ns3:atemp>
          </ns3:TrackPointExtension>
        </extensions>
      </trkpt>
      <trkpt lat="46.0935609228909015655517578125" lon="91.54458694159984588623046875">
        <ele>1177</ele>
        <time>2025-08-07T08:06:31.000Z</time>
        <extensions>
          <ns3:TrackPointExtension>
            <ns3:atemp>29.0</ns3:atemp>
          </ns3:TrackPointExtension>
        </extensions>
      </trkpt>
      <trkpt lat="46.09353996813297271728515625" lon="91.5445405058562755584716796875">
        <ele>1177</ele>
        <time>2025-08-07T08:06:32.000Z</time>
        <extensions>
          <ns3:TrackPointExtension>
            <ns3:atemp>29.0</ns3:atemp>
          </ns3:TrackPointExtension>
        </extensions>
      </trkpt>
      <trkpt lat="46.0934950411319732666015625" lon="91.54444838874042034149169921875">
        <ele>1176.800048828125</ele>
        <time>2025-08-07T08:06:34.000Z</time>
        <extensions>
          <ns3:TrackPointExtension>
            <ns3:atemp>29.0</ns3:atemp>
          </ns3:TrackPointExtension>
        </extensions>
      </trkpt>
      <trkpt lat="46.09347760677337646484375" lon="91.5443985164165496826171875">
        <ele>1176.800048828125</ele>
        <time>2025-08-07T08:06:35.000Z</time>
        <extensions>
          <ns3:TrackPointExtension>
            <ns3:atemp>29.0</ns3:atemp>
          </ns3:TrackPointExtension>
        </extensions>
      </trkpt>
      <trkpt lat="46.09346377663314342498779296875" lon="91.54434277676045894622802734375">
        <ele>1176.800048828125</ele>
        <time>2025-08-07T08:06:36.000Z</time>
        <extensions>
          <ns3:TrackPointExtension>
            <ns3:atemp>29.0</ns3:atemp>
          </ns3:TrackPointExtension>
        </extensions>
      </trkpt>
      <trkpt lat="46.09340242110192775726318359375" lon="91.54419626109302043914794921875">
        <ele>1176.5999755859375</ele>
        <time>2025-08-07T08:06:39.000Z</time>
        <extensions>
          <ns3:TrackPointExtension>
            <ns3:atemp>29.0</ns3:atemp>
          </ns3:TrackPointExtension>
        </extensions>
      </trkpt>
      <trkpt lat="46.09321785159409046173095703125" lon="91.54387271963059902191162109375">
        <ele>1176.4000244140625</ele>
        <time>2025-08-07T08:06:46.000Z</time>
        <extensions>
          <ns3:TrackPointExtension>
            <ns3:atemp>29.0</ns3:atemp>
          </ns3:TrackPointExtension>
        </extensions>
      </trkpt>
      <trkpt lat="46.09310452826321125030517578125" lon="91.54358153231441974639892578125">
        <ele>1176</ele>
        <time>2025-08-07T08:06:51.000Z</time>
        <extensions>
          <ns3:TrackPointExtension>
            <ns3:atemp>29.0</ns3:atemp>
          </ns3:TrackPointExtension>
        </extensions>
      </trkpt>
      <trkpt lat="46.0930801369249820709228515625" lon="91.54352000914514064788818359375">
        <ele>1176</ele>
        <time>2025-08-07T08:06:52.000Z</time>
        <extensions>
          <ns3:TrackPointExtension>
            <ns3:atemp>29.0</ns3:atemp>
          </ns3:TrackPointExtension>
        </extensions>
      </trkpt>
      <trkpt lat="46.093043424189090728759765625" lon="91.543405763804912567138671875">
        <ele>1176</ele>
        <time>2025-08-07T08:06:54.000Z</time>
        <extensions>
          <ns3:TrackPointExtension>
            <ns3:atemp>29.0</ns3:atemp>
          </ns3:TrackPointExtension>
        </extensions>
      </trkpt>
      <trkpt lat="46.09297142364084720611572265625" lon="91.54321507550776004791259765625">
        <ele>1176.4000244140625</ele>
        <time>2025-08-07T08:06:57.000Z</time>
        <extensions>
          <ns3:TrackPointExtension>
            <ns3:atemp>29.0</ns3:atemp>
          </ns3:TrackPointExtension>
        </extensions>
      </trkpt>
      <trkpt lat="46.09281267039477825164794921875" lon="91.542793549597263336181640625">
        <ele>1175.4000244140625</ele>
        <time>2025-08-07T08:07:03.000Z</time>
        <extensions>
          <ns3:TrackPointExtension>
            <ns3:atemp>29.0</ns3:atemp>
          </ns3:TrackPointExtension>
        </extensions>
      </trkpt>
      <trkpt lat="46.09273036010563373565673828125" lon="91.54259414412081241607666015625">
        <ele>1175.199951171875</ele>
        <time>2025-08-07T08:07:06.000Z</time>
        <extensions>
          <ns3:TrackPointExtension>
            <ns3:atemp>29.0</ns3:atemp>
          </ns3:TrackPointExtension>
        </extensions>
      </trkpt>
      <trkpt lat="46.0926620475947856903076171875" lon="91.54249339364469051361083984375">
        <ele>1175.199951171875</ele>
        <time>2025-08-07T08:07:08.000Z</time>
        <extensions>
          <ns3:TrackPointExtension>
            <ns3:atemp>29.0</ns3:atemp>
          </ns3:TrackPointExtension>
        </extensions>
      </trkpt>
      <trkpt lat="46.09262441284954547882080078125" lon="91.54244980774819850921630859375">
        <ele>1175.199951171875</ele>
        <time>2025-08-07T08:07:09.000Z</time>
        <extensions>
          <ns3:TrackPointExtension>
            <ns3:atemp>29.0</ns3:atemp>
          </ns3:TrackPointExtension>
        </extensions>
      </trkpt>
      <trkpt lat="46.092545203864574432373046875" lon="91.54237453825771808624267578125">
        <ele>1175.199951171875</ele>
        <time>2025-08-07T08:07:11.000Z</time>
        <extensions>
          <ns3:TrackPointExtension>
            <ns3:atemp>29.0</ns3:atemp>
          </ns3:TrackPointExtension>
        </extensions>
      </trkpt>
      <trkpt lat="46.092500947415828704833984375" lon="91.54232810251414775848388671875">
        <ele>1174.800048828125</ele>
        <time>2025-08-07T08:07:12.000Z</time>
        <extensions>
          <ns3:TrackPointExtension>
            <ns3:atemp>29.0</ns3:atemp>
          </ns3:TrackPointExtension>
        </extensions>
      </trkpt>
      <trkpt lat="46.0924303717911243438720703125" lon="91.54227529652416706085205078125">
        <ele>1174.4000244140625</ele>
        <time>2025-08-07T08:07:14.000Z</time>
        <extensions>
          <ns3:TrackPointExtension>
            <ns3:atemp>29.0</ns3:atemp>
          </ns3:TrackPointExtension>
        </extensions>
      </trkpt>
      <trkpt lat="46.09232760965824127197265625" lon="91.542278230190277099609375">
        <ele>1174.199951171875</ele>
        <time>2025-08-07T08:07:16.000Z</time>
        <extensions>
          <ns3:TrackPointExtension>
            <ns3:atemp>29.0</ns3:atemp>
          </ns3:TrackPointExtension>
        </extensions>
      </trkpt>
      <trkpt lat="46.09204656444489955902099609375" lon="91.54244461096823215484619140625">
        <ele>1174</ele>
        <time>2025-08-07T08:07:22.000Z</time>
        <extensions>
          <ns3:TrackPointExtension>
            <ns3:atemp>29.0</ns3:atemp>
          </ns3:TrackPointExtension>
        </extensions>
      </trkpt>
      <trkpt lat="46.09192435629665851593017578125" lon="91.54253044165670871734619140625">
        <ele>1174</ele>
        <time>2025-08-07T08:07:25.000Z</time>
        <extensions>
          <ns3:TrackPointExtension>
            <ns3:atemp>29.0</ns3:atemp>
          </ns3:TrackPointExtension>
        </extensions>
      </trkpt>
      <trkpt lat="46.0918235220015048980712890625" lon="91.5426552481949329376220703125">
        <ele>1174</ele>
        <time>2025-08-07T08:07:28.000Z</time>
        <extensions>
          <ns3:TrackPointExtension>
            <ns3:atemp>29.0</ns3:atemp>
          </ns3:TrackPointExtension>
        </extensions>
      </trkpt>
      <trkpt lat="46.0916961170732975006103515625" lon="91.54283923096954822540283203125">
        <ele>1173.800048828125</ele>
        <time>2025-08-07T08:07:33.000Z</time>
        <extensions>
          <ns3:TrackPointExtension>
            <ns3:atemp>29.0</ns3:atemp>
          </ns3:TrackPointExtension>
        </extensions>
      </trkpt>
      <trkpt lat="46.09154985286295413970947265625" lon="91.5429890155792236328125">
        <ele>1174</ele>
        <time>2025-08-07T08:07:39.000Z</time>
        <extensions>
          <ns3:TrackPointExtension>
            <ns3:atemp>29.0</ns3:atemp>
          </ns3:TrackPointExtension>
        </extensions>
      </trkpt>
      <trkpt lat="46.09145631082355976104736328125" lon="91.543152295053005218505859375">
        <ele>1174</ele>
        <time>2025-08-07T08:07:44.000Z</time>
        <extensions>
          <ns3:TrackPointExtension>
            <ns3:atemp>29.0</ns3:atemp>
          </ns3:TrackPointExtension>
        </extensions>
      </trkpt>
      <trkpt lat="46.0914061032235622406005859375" lon="91.543266288936138153076171875">
        <ele>1173.5999755859375</ele>
        <time>2025-08-07T08:07:49.000Z</time>
        <extensions>
          <ns3:TrackPointExtension>
            <ns3:atemp>29.0</ns3:atemp>
          </ns3:TrackPointExtension>
        </extensions>
      </trkpt>
      <trkpt lat="46.09140283428132534027099609375" lon="91.54329252429306507110595703125">
        <ele>1173.5999755859375</ele>
        <time>2025-08-07T08:07:53.000Z</time>
        <extensions>
          <ns3:TrackPointExtension>
            <ns3:atemp>29.0</ns3:atemp>
          </ns3:TrackPointExtension>
        </extensions>
      </trkpt>
      <trkpt lat="46.09134281985461711883544921875" lon="91.543279699981212615966796875">
        <ele>1173.199951171875</ele>
        <time>2025-08-07T08:08:29.000Z</time>
        <extensions>
          <ns3:TrackPointExtension>
            <ns3:atemp>29.0</ns3:atemp>
          </ns3:TrackPointExtension>
        </extensions>
      </trkpt>
      <trkpt lat="46.0912290774285793304443359375" lon="91.54336452484130859375">
        <ele>1173.199951171875</ele>
        <time>2025-08-07T08:08:33.000Z</time>
        <extensions>
          <ns3:TrackPointExtension>
            <ns3:atemp>29.0</ns3:atemp>
          </ns3:TrackPointExtension>
        </extensions>
      </trkpt>
      <trkpt lat="46.09101575799286365509033203125" lon="91.54361740685999393463134765625">
        <ele>1173</ele>
        <time>2025-08-07T08:08:40.000Z</time>
        <extensions>
          <ns3:TrackPointExtension>
            <ns3:atemp>30.0</ns3:atemp>
          </ns3:TrackPointExtension>
        </extensions>
      </trkpt>
      <trkpt lat="46.090784333646297454833984375" lon="91.5438890643417835235595703125">
        <ele>1173.4000244140625</ele>
        <time>2025-08-07T08:08:47.000Z</time>
        <extensions>
          <ns3:TrackPointExtension>
            <ns3:atemp>30.0</ns3:atemp>
          </ns3:TrackPointExtension>
        </extensions>
      </trkpt>
      <trkpt lat="46.09062868170440196990966796875" lon="91.54416658915579319000244140625">
        <ele>1173.4000244140625</ele>
        <time>2025-08-07T08:08:54.000Z</time>
        <extensions>
          <ns3:TrackPointExtension>
            <ns3:atemp>30.0</ns3:atemp>
          </ns3:TrackPointExtension>
        </extensions>
      </trkpt>
      <trkpt lat="46.090399436652660369873046875" lon="91.544490046799182891845703125">
        <ele>1173.4000244140625</ele>
        <time>2025-08-07T08:09:02.000Z</time>
        <extensions>
          <ns3:TrackPointExtension>
            <ns3:atemp>30.0</ns3:atemp>
          </ns3:TrackPointExtension>
        </extensions>
      </trkpt>
      <trkpt lat="46.09017538838088512420654296875" lon="91.54483898542821407318115234375">
        <ele>1173.4000244140625</ele>
        <time>2025-08-07T08:09:11.000Z</time>
        <extensions>
          <ns3:TrackPointExtension>
            <ns3:atemp>30.0</ns3:atemp>
          </ns3:TrackPointExtension>
        </extensions>
      </trkpt>
      <trkpt lat="46.08998830430209636688232421875" lon="91.545132435858249664306640625">
        <ele>1172.5999755859375</ele>
        <time>2025-08-07T08:09:19.000Z</time>
        <extensions>
          <ns3:TrackPointExtension>
            <ns3:atemp>30.0</ns3:atemp>
          </ns3:TrackPointExtension>
        </extensions>
      </trkpt>
      <trkpt lat="46.08987766318023204803466796875" lon="91.54535363428294658660888671875">
        <ele>1172.800048828125</ele>
        <time>2025-08-07T08:09:24.000Z</time>
        <extensions>
          <ns3:TrackPointExtension>
            <ns3:atemp>30.0</ns3:atemp>
          </ns3:TrackPointExtension>
        </extensions>
      </trkpt>
      <trkpt lat="46.08989610336720943450927734375" lon="91.54553049243986606597900390625">
        <ele>1172.5999755859375</ele>
        <time>2025-08-07T08:09:28.000Z</time>
        <extensions>
          <ns3:TrackPointExtension>
            <ns3:atemp>30.0</ns3:atemp>
          </ns3:TrackPointExtension>
        </extensions>
      </trkpt>
      <trkpt lat="46.09004949219524860382080078125" lon="91.54579821042716503143310546875">
        <ele>1172.199951171875</ele>
        <time>2025-08-07T08:09:35.000Z</time>
        <extensions>
          <ns3:TrackPointExtension>
            <ns3:atemp>30.0</ns3:atemp>
          </ns3:TrackPointExtension>
        </extensions>
      </trkpt>
      <trkpt lat="46.09028317965567111968994140625" lon="91.54608428478240966796875">
        <ele>1172.4000244140625</ele>
        <time>2025-08-07T08:09:44.000Z</time>
        <extensions>
          <ns3:TrackPointExtension>
            <ns3:atemp>30.0</ns3:atemp>
          </ns3:TrackPointExtension>
        </extensions>
      </trkpt>
      <trkpt lat="46.09043522737920284271240234375" lon="91.54631017707288265228271484375">
        <ele>1172.199951171875</ele>
        <time>2025-08-07T08:09:50.000Z</time>
        <extensions>
          <ns3:TrackPointExtension>
            <ns3:atemp>30.0</ns3:atemp>
          </ns3:TrackPointExtension>
        </extensions>
      </trkpt>
      <trkpt lat="46.09048803336918354034423828125" lon="91.5463831834495067596435546875">
        <ele>1172.199951171875</ele>
        <time>2025-08-07T08:09:52.000Z</time>
        <extensions>
          <ns3:TrackPointExtension>
            <ns3:atemp>30.0</ns3:atemp>
          </ns3:TrackPointExtension>
        </extensions>
      </trkpt>
      <trkpt lat="46.0906948149204254150390625" lon="91.54667437076568603515625">
        <ele>1172.199951171875</ele>
        <time>2025-08-07T08:10:00.000Z</time>
        <extensions>
          <ns3:TrackPointExtension>
            <ns3:atemp>30.0</ns3:atemp>
          </ns3:TrackPointExtension>
        </extensions>
      </trkpt>
      <trkpt lat="46.09097351320087909698486328125" lon="91.54704778455197811126708984375">
        <ele>1172.5999755859375</ele>
        <time>2025-08-07T08:10:10.000Z</time>
        <extensions>
          <ns3:TrackPointExtension>
            <ns3:atemp>30.0</ns3:atemp>
          </ns3:TrackPointExtension>
        </extensions>
      </trkpt>
      <trkpt lat="46.09118289314210414886474609375" lon="91.54732882976531982421875">
        <ele>1172.5999755859375</ele>
        <time>2025-08-07T08:10:19.000Z</time>
        <extensions>
          <ns3:TrackPointExtension>
            <ns3:atemp>30.0</ns3:atemp>
          </ns3:TrackPointExtension>
        </extensions>
      </trkpt>
      <trkpt lat="46.09132823534309864044189453125" lon="91.54758565127849578857421875">
        <ele>1172.800048828125</ele>
        <time>2025-08-07T08:10:28.000Z</time>
        <extensions>
          <ns3:TrackPointExtension>
            <ns3:atemp>30.0</ns3:atemp>
          </ns3:TrackPointExtension>
        </extensions>
      </trkpt>
      <trkpt lat="46.091350950300693511962890625" lon="91.5476520359516143798828125">
        <ele>1173</ele>
        <time>2025-08-07T08:10:33.000Z</time>
        <extensions>
          <ns3:TrackPointExtension>
            <ns3:atemp>30.0</ns3:atemp>
          </ns3:TrackPointExtension>
        </extensions>
      </trkpt>
      <trkpt lat="46.091350950300693511962890625" lon="91.5476520359516143798828125">
        <ele>1173.4000244140625</ele>
        <time>2025-08-07T08:10:34.000Z</time>
        <extensions>
          <ns3:TrackPointExtension>
            <ns3:atemp>30.0</ns3:atemp>
          </ns3:TrackPointExtension>
        </extensions>
      </trkpt>
      <trkpt lat="46.0913497768342494964599609375" lon="91.54765538871288299560546875">
        <ele>1173.5999755859375</ele>
        <time>2025-08-07T08:10:35.000Z</time>
        <extensions>
          <ns3:TrackPointExtension>
            <ns3:atemp>30.0</ns3:atemp>
          </ns3:TrackPointExtension>
        </extensions>
      </trkpt>
    </trkseg>
  </trk>
</gpx>
